solid OpenSCAD_Model
  facet normal 0.0618158 -0.998088 0
    outer loop
      vertex -93.8009 -145.147 -1
      vertex -93.591 -145.134 0.2
      vertex -93.8009 -145.147 0.2
    endloop
  endfacet
  facet normal 0.0618158 -0.998088 0
    outer loop
      vertex -93.591 -145.134 0.2
      vertex -93.8009 -145.147 -1
      vertex -93.591 -145.134 -1
    endloop
  endfacet
  facet normal -0.982533 -0.186086 0
    outer loop
      vertex -170.534 -135.912 -1
      vertex -170.584 -135.648 0.2
      vertex -170.584 -135.648 -1
    endloop
  endfacet
  facet normal -0.982533 -0.186086 0
    outer loop
      vertex -170.584 -135.648 0.2
      vertex -170.534 -135.912 -1
      vertex -170.534 -135.912 0.2
    endloop
  endfacet
  facet normal 0.0178225 -0.999841 0
    outer loop
      vertex -93.9692 -145.15 -1
      vertex -93.8009 -145.147 0.2
      vertex -93.9692 -145.15 0.2
    endloop
  endfacet
  facet normal 0.0178225 -0.999841 0
    outer loop
      vertex -93.8009 -145.147 0.2
      vertex -93.9692 -145.15 -1
      vertex -93.8009 -145.147 -1
    endloop
  endfacet
  facet normal 0.00653581 0.999979 -0
    outer loop
      vertex -93.9694 -75.3436 -1
      vertex -94 -75.3434 0.2
      vertex -93.9694 -75.3436 0.2
    endloop
  endfacet
  facet normal 0.00653581 0.999979 0
    outer loop
      vertex -94 -75.3434 0.2
      vertex -93.9694 -75.3436 -1
      vertex -94 -75.3434 -1
    endloop
  endfacet
  facet normal 0 -1 0
    outer loop
      vertex -94 -145.15 -1
      vertex -93.9692 -145.15 0.2
      vertex -94 -145.15 0.2
    endloop
  endfacet
  facet normal 0 -1 -0
    outer loop
      vertex -93.9692 -145.15 0.2
      vertex -94 -145.15 -1
      vertex -93.9692 -145.15 -1
    endloop
  endfacet
  facet normal -0.95199 -0.30613 0
    outer loop
      vertex -170.359 -136.529 -1
      vertex -170.441 -136.274 0.2
      vertex -170.441 -136.274 -1
    endloop
  endfacet
  facet normal -0.95199 -0.30613 0
    outer loop
      vertex -170.441 -136.274 0.2
      vertex -170.359 -136.529 -1
      vertex -170.359 -136.529 0.2
    endloop
  endfacet
  facet normal 0 -1 0
    outer loop
      vertex -160.692 -145.15 -1
      vertex -94 -145.15 0.2
      vertex -160.692 -145.15 0.2
    endloop
  endfacet
  facet normal 0 -1 -0
    outer loop
      vertex -94 -145.15 0.2
      vertex -160.692 -145.15 -1
      vertex -94 -145.15 -1
    endloop
  endfacet
  facet normal -0.98552 0.169561 0
    outer loop
      vertex -170.597 -88.4992 -1
      vertex -170.556 -88.2609 0.2
      vertex -170.556 -88.2609 -1
    endloop
  endfacet
  facet normal -0.98552 0.169561 0
    outer loop
      vertex -170.556 -88.2609 0.2
      vertex -170.597 -88.4992 -1
      vertex -170.597 -88.4992 0.2
    endloop
  endfacet
  facet normal -0.400611 -0.916248 0
    outer loop
      vertex -162.865 -144.669 -1
      vertex -162.634 -144.77 0.2
      vertex -162.865 -144.669 0.2
    endloop
  endfacet
  facet normal -0.400611 -0.916248 -0
    outer loop
      vertex -162.634 -144.77 0.2
      vertex -162.865 -144.669 -1
      vertex -162.634 -144.77 -1
    endloop
  endfacet
  facet normal 0.781824 0.623499 0
    outer loop
      vertex -89.8704 -77.4154 0.2
      vertex -90.0803 -77.1522 -1
      vertex -90.0803 -77.1522 0.2
    endloop
  endfacet
  facet normal 0.781824 0.623499 0
    outer loop
      vertex -90.0803 -77.1522 -1
      vertex -89.8704 -77.4154 0.2
      vertex -89.8704 -77.4154 -1
    endloop
  endfacet
  facet normal -1 0 0
    outer loop
      vertex -170.65 -134.822 -1
      vertex -170.65 -89.2421 0.2
      vertex -170.65 -89.2421 -1
    endloop
  endfacet
  facet normal -1 -0 0
    outer loop
      vertex -170.65 -89.2421 0.2
      vertex -170.65 -134.822 -1
      vertex -170.65 -134.822 0.2
    endloop
  endfacet
  facet normal -1 0 0
    outer loop
      vertex -170.65 -89.2421 -1
      vertex -170.65 -89.2113 0.2
      vertex -170.65 -89.2113 -1
    endloop
  endfacet
  facet normal -1 -0 0
    outer loop
      vertex -170.65 -89.2113 0.2
      vertex -170.65 -89.2421 -1
      vertex -170.65 -89.2421 0.2
    endloop
  endfacet
  facet normal -0.998078 0.0619628 0
    outer loop
      vertex -170.647 -89.043 -1
      vertex -170.634 -88.8336 0.2
      vertex -170.634 -88.8336 -1
    endloop
  endfacet
  facet normal -0.998078 0.0619628 0
    outer loop
      vertex -170.634 -88.8336 0.2
      vertex -170.647 -89.043 -1
      vertex -170.647 -89.043 0.2
    endloop
  endfacet
  facet normal -0.554044 -0.832487 0
    outer loop
      vertex -163.691 -144.187 -1
      vertex -163.398 -144.382 0.2
      vertex -163.691 -144.187 0.2
    endloop
  endfacet
  facet normal -0.554044 -0.832487 -0
    outer loop
      vertex -163.398 -144.382 0.2
      vertex -163.691 -144.187 -1
      vertex -163.398 -144.382 -1
    endloop
  endfacet
  facet normal -0.484939 0.874548 0
    outer loop
      vertex -159.143 -75.9289 -1
      vertex -159.354 -76.0459 0.2
      vertex -159.143 -75.9289 0.2
    endloop
  endfacet
  facet normal -0.484939 0.874548 0
    outer loop
      vertex -159.354 -76.0459 0.2
      vertex -159.143 -75.9289 -1
      vertex -159.354 -76.0459 -1
    endloop
  endfacet
  facet normal 0.222712 -0.974884 0
    outer loop
      vertex -93.0188 -145.056 -1
      vertex -92.6905 -144.981 0.2
      vertex -93.0188 -145.056 0.2
    endloop
  endfacet
  facet normal 0.222712 -0.974884 0
    outer loop
      vertex -92.6905 -144.981 0.2
      vertex -93.0188 -145.056 -1
      vertex -92.6905 -144.981 -1
    endloop
  endfacet
  facet normal 0.433735 -0.90104 0
    outer loop
      vertex -91.9179 -144.711 -1
      vertex -91.6146 -144.565 0.2
      vertex -91.9179 -144.711 0.2
    endloop
  endfacet
  facet normal 0.433735 -0.90104 0
    outer loop
      vertex -91.6146 -144.565 0.2
      vertex -91.9179 -144.711 -1
      vertex -91.6146 -144.565 -1
    endloop
  endfacet
  facet normal -0.999873 -0.0159554 0
    outer loop
      vertex -170.647 -135.043 -1
      vertex -170.65 -134.855 0.2
      vertex -170.65 -134.855 -1
    endloop
  endfacet
  facet normal -0.999873 -0.0159554 0
    outer loop
      vertex -170.65 -134.855 0.2
      vertex -170.647 -135.043 -1
      vertex -170.647 -135.043 0.2
    endloop
  endfacet
  facet normal -0.961587 0.274501 0
    outer loop
      vertex -170.481 -87.9328 -1
      vertex -170.415 -87.7016 0.2
      vertex -170.415 -87.7016 -1
    endloop
  endfacet
  facet normal -0.961587 0.274501 0
    outer loop
      vertex -170.415 -87.7016 0.2
      vertex -170.481 -87.9328 -1
      vertex -170.481 -87.9328 0.2
    endloop
  endfacet
  facet normal -0.112162 0.99369 0
    outer loop
      vertex -157.166 -75.3592 -1
      vertex -157.5 -75.3969 0.2
      vertex -157.166 -75.3592 0.2
    endloop
  endfacet
  facet normal -0.112162 0.99369 0
    outer loop
      vertex -157.5 -75.3969 0.2
      vertex -157.166 -75.3592 -1
      vertex -157.5 -75.3969 -1
    endloop
  endfacet
  facet normal -0.718027 0.696016 0
    outer loop
      vertex -169.281 -85.7437 -1
      vertex -169.164 -85.623 0.2
      vertex -169.164 -85.623 -1
    endloop
  endfacet
  facet normal -0.718027 0.696016 0
    outer loop
      vertex -169.164 -85.623 0.2
      vertex -169.281 -85.7437 -1
      vertex -169.281 -85.7437 0.2
    endloop
  endfacet
  facet normal -0.00689639 0.999976 0
    outer loop
      vertex -156.757 -75.3434 -1
      vertex -156.786 -75.3436 0.2
      vertex -156.757 -75.3434 0.2
    endloop
  endfacet
  facet normal -0.00689639 0.999976 0
    outer loop
      vertex -156.786 -75.3436 0.2
      vertex -156.757 -75.3434 -1
      vertex -156.786 -75.3436 -1
    endloop
  endfacet
  facet normal -0.737154 -0.675725 0
    outer loop
      vertex -169.274 -138.326 -1
      vertex -169.296 -138.302 0.2
      vertex -169.296 -138.302 -1
    endloop
  endfacet
  facet normal -0.737154 -0.675725 0
    outer loop
      vertex -169.296 -138.302 0.2
      vertex -169.274 -138.326 -1
      vertex -169.274 -138.326 0.2
    endloop
  endfacet
  facet normal -0.732804 -0.68044 0
    outer loop
      vertex -164.466 -143.504 -1
      vertex -169.274 -138.326 0.2
      vertex -169.274 -138.326 -1
    endloop
  endfacet
  facet normal -0.732804 -0.68044 0
    outer loop
      vertex -169.274 -138.326 0.2
      vertex -164.466 -143.504 -1
      vertex -164.466 -143.504 0.2
    endloop
  endfacet
  facet normal 0.329742 -0.944071 0
    outer loop
      vertex -92.4587 -144.914 -1
      vertex -92.1409 -144.803 0.2
      vertex -92.4587 -144.914 0.2
    endloop
  endfacet
  facet normal 0.329742 -0.944071 0
    outer loop
      vertex -92.1409 -144.803 0.2
      vertex -92.4587 -144.914 -1
      vertex -92.1409 -144.803 -1
    endloop
  endfacet
  facet normal -0.232515 -0.972593 0
    outer loop
      vertex -162.062 -144.965 -1
      vertex -161.719 -145.047 0.2
      vertex -162.062 -144.965 0.2
    endloop
  endfacet
  facet normal -0.232515 -0.972593 -0
    outer loop
      vertex -161.719 -145.047 0.2
      vertex -162.062 -144.965 -1
      vertex -161.719 -145.047 -1
    endloop
  endfacet
  facet normal -0.33035 0.943858 0
    outer loop
      vertex -158.299 -75.5792 -1
      vertex -158.617 -75.6905 0.2
      vertex -158.299 -75.5792 0.2
    endloop
  endfacet
  facet normal -0.33035 0.943858 0
    outer loop
      vertex -158.617 -75.6905 0.2
      vertex -158.299 -75.5792 -1
      vertex -158.617 -75.6905 -1
    endloop
  endfacet
  facet normal -0.062938 -0.998017 0
    outer loop
      vertex -161.121 -145.133 -1
      vertex -160.899 -145.147 0.2
      vertex -161.121 -145.133 0.2
    endloop
  endfacet
  facet normal -0.062938 -0.998017 -0
    outer loop
      vertex -160.899 -145.147 0.2
      vertex -161.121 -145.133 -1
      vertex -160.899 -145.147 -1
    endloop
  endfacet
  facet normal -0.119145 -0.992877 0
    outer loop
      vertex -161.471 -145.091 -1
      vertex -161.121 -145.133 0.2
      vertex -161.471 -145.091 0.2
    endloop
  endfacet
  facet normal -0.119145 -0.992877 -0
    outer loop
      vertex -161.121 -145.133 0.2
      vertex -161.471 -145.091 -1
      vertex -161.121 -145.133 -1
    endloop
  endfacet
  facet normal -0.974855 0.222841 0
    outer loop
      vertex -170.556 -88.2609 -1
      vertex -170.481 -87.9328 0.2
      vertex -170.481 -87.9328 -1
    endloop
  endfacet
  facet normal -0.974855 0.222841 0
    outer loop
      vertex -170.481 -87.9328 0.2
      vertex -170.556 -88.2609 -1
      vertex -170.556 -88.2609 0.2
    endloop
  endfacet
  facet normal 0.943858 -0.33035 0
    outer loop
      vertex -89.1969 -141.859 0.2
      vertex -89.0856 -141.541 -1
      vertex -89.0856 -141.541 0.2
    endloop
  endfacet
  facet normal 0.943858 -0.33035 0
    outer loop
      vertex -89.0856 -141.541 -1
      vertex -89.1969 -141.859 0.2
      vertex -89.1969 -141.859 -1
    endloop
  endfacet
  facet normal 1 -0 0
    outer loop
      vertex -88.85 -140 0.2
      vertex -88.85 -80.4934 -1
      vertex -88.85 -80.4934 0.2
    endloop
  endfacet
  facet normal 1 0 0
    outer loop
      vertex -88.85 -80.4934 -1
      vertex -88.85 -140 0.2
      vertex -88.85 -140 -1
    endloop
  endfacet
  facet normal -0.506328 -0.862341 0
    outer loop
      vertex -163.398 -144.382 -1
      vertex -163.18 -144.51 0.2
      vertex -163.398 -144.382 0.2
    endloop
  endfacet
  facet normal -0.506328 -0.862341 -0
    outer loop
      vertex -163.18 -144.51 0.2
      vertex -163.398 -144.382 -1
      vertex -163.18 -144.51 -1
    endloop
  endfacet
  facet normal 0.846694 -0.53208 0
    outer loop
      vertex -89.7308 -142.881 0.2
      vertex -89.5517 -142.596 -1
      vertex -89.5517 -142.596 0.2
    endloop
  endfacet
  facet normal 0.846694 -0.53208 0
    outer loop
      vertex -89.5517 -142.596 -1
      vertex -89.7308 -142.881 0.2
      vertex -89.7308 -142.881 -1
    endloop
  endfacet
  facet normal -0.723869 -0.689938 0
    outer loop
      vertex -164.322 -143.655 -1
      vertex -164.444 -143.527 0.2
      vertex -164.444 -143.527 -1
    endloop
  endfacet
  facet normal -0.723869 -0.689938 0
    outer loop
      vertex -164.444 -143.527 0.2
      vertex -164.322 -143.655 -1
      vertex -164.322 -143.655 0.2
    endloop
  endfacet
  facet normal 0.875602 -0.483033 0
    outer loop
      vertex -89.5517 -142.596 0.2
      vertex -89.4353 -142.385 -1
      vertex -89.4353 -142.385 0.2
    endloop
  endfacet
  facet normal 0.875602 -0.483033 0
    outer loop
      vertex -89.4353 -142.385 -1
      vertex -89.5517 -142.596 0.2
      vertex -89.5517 -142.596 -1
    endloop
  endfacet
  facet normal -0.167074 0.985944 0
    outer loop
      vertex -157.5 -75.3969 -1
      vertex -157.739 -75.4374 0.2
      vertex -157.5 -75.3969 0.2
    endloop
  endfacet
  facet normal -0.167074 0.985944 0
    outer loop
      vertex -157.739 -75.4374 0.2
      vertex -157.5 -75.3969 -1
      vertex -157.739 -75.4374 -1
    endloop
  endfacet
  facet normal 0.999907 0.0136648 0
    outer loop
      vertex -88.8502 -80.4642 0.2
      vertex -88.8525 -80.2959 -1
      vertex -88.8525 -80.2959 0.2
    endloop
  endfacet
  facet normal 0.999907 0.0136648 0
    outer loop
      vertex -88.8525 -80.2959 -1
      vertex -88.8502 -80.4642 0.2
      vertex -88.8502 -80.4642 -1
    endloop
  endfacet
  facet normal 0.666238 0.745739 -0
    outer loop
      vertex -90.479 -76.7344 -1
      vertex -90.6591 -76.5735 0.2
      vertex -90.479 -76.7344 0.2
    endloop
  endfacet
  facet normal 0.666238 0.745739 0
    outer loop
      vertex -90.6591 -76.5735 0.2
      vertex -90.479 -76.7344 -1
      vertex -90.6591 -76.5735 -1
    endloop
  endfacet
  facet normal -0.345837 -0.938295 0
    outer loop
      vertex -162.634 -144.77 -1
      vertex -162.303 -144.892 0.2
      vertex -162.634 -144.77 0.2
    endloop
  endfacet
  facet normal -0.345837 -0.938295 -0
    outer loop
      vertex -162.303 -144.892 0.2
      vertex -162.634 -144.77 -1
      vertex -162.303 -144.892 -1
    endloop
  endfacet
  facet normal 0 1 -0
    outer loop
      vertex -94 -75.3434 -1
      vertex -156.757 -75.3434 0.2
      vertex -94 -75.3434 0.2
    endloop
  endfacet
  facet normal 0 1 0
    outer loop
      vertex -156.757 -75.3434 0.2
      vertex -94 -75.3434 -1
      vertex -156.757 -75.3434 -1
    endloop
  endfacet
  facet normal 0.999898 -0.0142843 0
    outer loop
      vertex -88.8526 -140.199 0.2
      vertex -88.8502 -140.031 -1
      vertex -88.8502 -140.031 0.2
    endloop
  endfacet
  facet normal 0.999898 -0.0142843 0
    outer loop
      vertex -88.8502 -140.031 -1
      vertex -88.8526 -140.199 0.2
      vertex -88.8526 -140.199 -1
    endloop
  endfacet
  facet normal 0.999979 -0.00645148 0
    outer loop
      vertex -88.8502 -140.031 0.2
      vertex -88.85 -140 -1
      vertex -88.85 -140 0.2
    endloop
  endfacet
  facet normal 0.999979 -0.00645148 0
    outer loop
      vertex -88.85 -140 -1
      vertex -88.8502 -140.031 0.2
      vertex -88.8502 -140.031 -1
    endloop
  endfacet
  facet normal 0.0142588 0.999898 -0
    outer loop
      vertex -93.8011 -75.346 -1
      vertex -93.9694 -75.3436 0.2
      vertex -93.8011 -75.346 0.2
    endloop
  endfacet
  facet normal 0.0142588 0.999898 0
    outer loop
      vertex -93.9694 -75.3436 0.2
      vertex -93.8011 -75.346 -1
      vertex -93.9694 -75.3436 -1
    endloop
  endfacet
  facet normal 0.815577 0.578649 0
    outer loop
      vertex -89.7307 -77.6123 0.2
      vertex -89.8704 -77.4154 -1
      vertex -89.8704 -77.4154 0.2
    endloop
  endfacet
  facet normal 0.815577 0.578649 0
    outer loop
      vertex -89.8704 -77.4154 -1
      vertex -89.7307 -77.6123 0.2
      vertex -89.7307 -77.6123 -1
    endloop
  endfacet
  facet normal -0.993934 0.109975 0
    outer loop
      vertex -170.634 -88.8336 -1
      vertex -170.597 -88.4992 0.2
      vertex -170.597 -88.4992 -1
    endloop
  endfacet
  facet normal -0.993934 0.109975 0
    outer loop
      vertex -170.597 -88.4992 0.2
      vertex -170.634 -88.8336 -1
      vertex -170.634 -88.8336 0.2
    endloop
  endfacet
  facet normal 0.382462 0.923971 -0
    outer loop
      vertex -91.9185 -75.7823 -1
      vertex -92.141 -75.6902 0.2
      vertex -91.9185 -75.7823 0.2
    endloop
  endfacet
  facet normal 0.382462 0.923971 0
    outer loop
      vertex -92.141 -75.6902 0.2
      vertex -91.9185 -75.7823 -1
      vertex -92.141 -75.6902 -1
    endloop
  endfacet
  facet normal -0.684092 -0.729396 0
    outer loop
      vertex -164.322 -143.655 -1
      vertex -164.161 -143.806 0.2
      vertex -164.322 -143.655 0.2
    endloop
  endfacet
  facet normal -0.684092 -0.729396 -0
    outer loop
      vertex -164.161 -143.806 0.2
      vertex -164.322 -143.655 -1
      vertex -164.161 -143.806 -1
    endloop
  endfacet
  facet normal -0.943111 0.332478 0
    outer loop
      vertex -170.415 -87.7016 -1
      vertex -170.303 -87.3839 0.2
      vertex -170.303 -87.3839 -1
    endloop
  endfacet
  facet normal -0.943111 0.332478 0
    outer loop
      vertex -170.303 -87.3839 0.2
      vertex -170.415 -87.7016 -1
      vertex -170.415 -87.7016 0.2
    endloop
  endfacet
  facet normal -1 0 0
    outer loop
      vertex -170.65 -134.855 -1
      vertex -170.65 -134.822 0.2
      vertex -170.65 -134.822 -1
    endloop
  endfacet
  facet normal -1 -0 0
    outer loop
      vertex -170.65 -134.822 0.2
      vertex -170.65 -134.855 -1
      vertex -170.65 -134.855 0.2
    endloop
  endfacet
  facet normal 0.576716 -0.816945 0
    outer loop
      vertex -91.119 -144.269 -1
      vertex -90.9221 -144.13 0.2
      vertex -91.119 -144.269 0.2
    endloop
  endfacet
  facet normal 0.576716 -0.816945 0
    outer loop
      vertex -90.9221 -144.13 0.2
      vertex -91.119 -144.269 -1
      vertex -90.9221 -144.13 -1
    endloop
  endfacet
  facet normal -0.999841 0.0178225 0
    outer loop
      vertex -170.65 -89.2113 -1
      vertex -170.647 -89.043 0.2
      vertex -170.647 -89.043 -1
    endloop
  endfacet
  facet normal -0.999841 0.0178225 0
    outer loop
      vertex -170.647 -89.043 0.2
      vertex -170.65 -89.2113 -1
      vertex -170.65 -89.2113 0.2
    endloop
  endfacet
  facet normal 0.974934 0.222494 0
    outer loop
      vertex -88.9439 -79.5121 0.2
      vertex -89.0188 -79.1839 -1
      vertex -89.0188 -79.1839 0.2
    endloop
  endfacet
  facet normal 0.974934 0.222494 0
    outer loop
      vertex -89.0188 -79.1839 -1
      vertex -88.9439 -79.5121 0.2
      vertex -88.9439 -79.5121 -1
    endloop
  endfacet
  facet normal 0.623499 0.781824 -0
    outer loop
      vertex -90.6591 -76.5735 -1
      vertex -90.9223 -76.3636 0.2
      vertex -90.6591 -76.5735 0.2
    endloop
  endfacet
  facet normal 0.623499 0.781824 0
    outer loop
      vertex -90.9223 -76.3636 0.2
      vertex -90.6591 -76.5735 -1
      vertex -90.9223 -76.3636 -1
    endloop
  endfacet
  facet normal -0.649623 -0.760257 0
    outer loop
      vertex -164.161 -143.806 -1
      vertex -163.893 -144.035 0.2
      vertex -164.161 -143.806 0.2
    endloop
  endfacet
  facet normal -0.649623 -0.760257 -0
    outer loop
      vertex -163.893 -144.035 0.2
      vertex -164.161 -143.806 -1
      vertex -163.893 -144.035 -1
    endloop
  endfacet
  facet normal 0.900756 -0.434325 0
    outer loop
      vertex -89.4353 -142.385 0.2
      vertex -89.2892 -142.082 -1
      vertex -89.2892 -142.082 0.2
    endloop
  endfacet
  facet normal 0.900756 -0.434325 0
    outer loop
      vertex -89.2892 -142.082 -1
      vertex -89.4353 -142.385 0.2
      vertex -89.4353 -142.385 -1
    endloop
  endfacet
  facet normal 0.875329 0.483527 0
    outer loop
      vertex -89.4351 -78.1083 0.2
      vertex -89.5516 -77.8974 -1
      vertex -89.5516 -77.8974 0.2
    endloop
  endfacet
  facet normal 0.875329 0.483527 0
    outer loop
      vertex -89.5516 -77.8974 -1
      vertex -89.4351 -78.1083 0.2
      vertex -89.4351 -78.1083 -1
    endloop
  endfacet
  facet normal -0.450611 -0.89272 0
    outer loop
      vertex -163.18 -144.51 -1
      vertex -162.865 -144.669 0.2
      vertex -163.18 -144.51 0.2
    endloop
  endfacet
  facet normal -0.450611 -0.89272 -0
    outer loop
      vertex -162.865 -144.669 0.2
      vertex -163.18 -144.51 -1
      vertex -162.865 -144.669 -1
    endloop
  endfacet
  facet normal -0.0136082 0.999907 0
    outer loop
      vertex -156.786 -75.3436 -1
      vertex -156.955 -75.3459 0.2
      vertex -156.786 -75.3436 0.2
    endloop
  endfacet
  facet normal -0.0136082 0.999907 0
    outer loop
      vertex -156.955 -75.3459 0.2
      vertex -156.786 -75.3436 -1
      vertex -156.955 -75.3459 -1
    endloop
  endfacet
  facet normal -0.0169467 -0.999856 0
    outer loop
      vertex -160.899 -145.147 -1
      vertex -160.722 -145.15 0.2
      vertex -160.899 -145.147 0.2
    endloop
  endfacet
  facet normal -0.0169467 -0.999856 -0
    outer loop
      vertex -160.722 -145.15 0.2
      vertex -160.899 -145.147 -1
      vertex -160.722 -145.15 -1
    endloop
  endfacet
  facet normal 0 -1 0
    outer loop
      vertex -160.722 -145.15 -1
      vertex -160.692 -145.15 0.2
      vertex -160.722 -145.15 0.2
    endloop
  endfacet
  facet normal 0 -1 -0
    outer loop
      vertex -160.692 -145.15 0.2
      vertex -160.722 -145.15 -1
      vertex -160.692 -145.15 -1
    endloop
  endfacet
  facet normal -0.816114 0.57789 0
    outer loop
      vertex -169.77 -86.3618 -1
      vertex -169.631 -86.1655 0.2
      vertex -169.631 -86.1655 -1
    endloop
  endfacet
  facet normal -0.816114 0.57789 0
    outer loop
      vertex -169.631 -86.1655 0.2
      vertex -169.77 -86.3618 -1
      vertex -169.77 -86.3618 0.2
    endloop
  endfacet
  facet normal -0.27669 0.960959 0
    outer loop
      vertex -158.067 -75.5124 -1
      vertex -158.299 -75.5792 0.2
      vertex -158.067 -75.5124 0.2
    endloop
  endfacet
  facet normal -0.27669 0.960959 0
    outer loop
      vertex -158.299 -75.5792 0.2
      vertex -158.067 -75.5124 -1
      vertex -158.299 -75.5792 -1
    endloop
  endfacet
  facet normal -0.811382 -0.584516 0
    outer loop
      vertex -169.569 -137.98 -1
      vertex -169.788 -137.676 0.2
      vertex -169.788 -137.676 -1
    endloop
  endfacet
  facet normal -0.811382 -0.584516 0
    outer loop
      vertex -169.788 -137.676 0.2
      vertex -169.569 -137.98 -1
      vertex -169.569 -137.98 0.2
    endloop
  endfacet
  facet normal -0.0629083 0.998019 0
    outer loop
      vertex -156.955 -75.3459 -1
      vertex -157.166 -75.3592 0.2
      vertex -156.955 -75.3459 0.2
    endloop
  endfacet
  facet normal -0.0629083 0.998019 0
    outer loop
      vertex -157.166 -75.3592 0.2
      vertex -156.955 -75.3459 -1
      vertex -157.166 -75.3592 -1
    endloop
  endfacet
  facet normal -0.713746 0.700405 0
    outer loop
      vertex -169.164 -85.623 -1
      vertex -169.143 -85.6016 0.2
      vertex -169.143 -85.6016 -1
    endloop
  endfacet
  facet normal -0.713746 0.700405 0
    outer loop
      vertex -169.143 -85.6016 0.2
      vertex -169.164 -85.623 -1
      vertex -169.164 -85.623 0.2
    endloop
  endfacet
  facet normal 0.0631767 0.998002 -0
    outer loop
      vertex -93.591 -75.3593 -1
      vertex -93.8011 -75.346 0.2
      vertex -93.591 -75.3593 0.2
    endloop
  endfacet
  facet normal 0.0631767 0.998002 0
    outer loop
      vertex -93.8011 -75.346 0.2
      vertex -93.591 -75.3593 -1
      vertex -93.8011 -75.346 -1
    endloop
  endfacet
  facet normal 0.98578 -0.16804 0
    outer loop
      vertex -88.944 -140.981 0.2
      vertex -88.9036 -140.744 -1
      vertex -88.9036 -140.744 0.2
    endloop
  endfacet
  facet normal 0.98578 -0.16804 0
    outer loop
      vertex -88.9036 -140.744 -1
      vertex -88.944 -140.981 0.2
      vertex -88.944 -140.981 -1
    endloop
  endfacet
  facet normal -0.707333 0.70688 0
    outer loop
      vertex -169.143 -85.6016 -1
      vertex -160.4 -76.853 0.2
      vertex -160.4 -76.853 -1
    endloop
  endfacet
  facet normal -0.707333 0.70688 0
    outer loop
      vertex -160.4 -76.853 0.2
      vertex -169.143 -85.6016 -1
      vertex -169.143 -85.6016 0.2
    endloop
  endfacet
  facet normal 0.707107 0.707107 0
    outer loop
      vertex -90.2409 -76.9725 0.2
      vertex -90.479 -76.7344 -1
      vertex -90.479 -76.7344 0.2
    endloop
  endfacet
  facet normal 0.707107 0.707107 0
    outer loop
      vertex -90.479 -76.7344 -1
      vertex -90.2409 -76.9725 0.2
      vertex -90.2409 -76.9725 -1
    endloop
  endfacet
  facet normal 0.960942 0.276748 0
    outer loop
      vertex -89.0188 -79.1839 0.2
      vertex -89.0855 -78.9523 -1
      vertex -89.0855 -78.9523 0.2
    endloop
  endfacet
  facet normal 0.960942 0.276748 0
    outer loop
      vertex -89.0855 -78.9523 -1
      vertex -89.0188 -79.1839 0.2
      vertex -89.0188 -79.1839 -1
    endloop
  endfacet
  facet normal -0.77962 -0.626252 0
    outer loop
      vertex -169.422 -138.163 -1
      vertex -169.569 -137.98 0.2
      vertex -169.569 -137.98 -1
    endloop
  endfacet
  facet normal -0.77962 -0.626252 0
    outer loop
      vertex -169.569 -137.98 0.2
      vertex -169.422 -138.163 -1
      vertex -169.422 -138.163 0.2
    endloop
  endfacet
  facet normal 0.11193 0.993716 -0
    outer loop
      vertex -93.2563 -75.397 -1
      vertex -93.591 -75.3593 0.2
      vertex -93.2563 -75.397 0.2
    endloop
  endfacet
  facet normal 0.11193 0.993716 0
    outer loop
      vertex -93.591 -75.3593 0.2
      vertex -93.2563 -75.397 -1
      vertex -93.591 -75.3593 -1
    endloop
  endfacet
  facet normal -0.722642 -0.691223 0
    outer loop
      vertex -164.444 -143.527 -1
      vertex -164.466 -143.504 0.2
      vertex -164.466 -143.504 -1
    endloop
  endfacet
  facet normal -0.722642 -0.691223 0
    outer loop
      vertex -164.466 -143.504 0.2
      vertex -164.444 -143.527 -1
      vertex -164.444 -143.527 0.2
    endloop
  endfacet
  facet normal 0.483711 0.875228 -0
    outer loop
      vertex -91.4035 -76.0453 -1
      vertex -91.6152 -75.9283 0.2
      vertex -91.4035 -76.0453 0.2
    endloop
  endfacet
  facet normal 0.483711 0.875228 0
    outer loop
      vertex -91.6152 -75.9283 0.2
      vertex -91.4035 -76.0453 -1
      vertex -91.6152 -75.9283 -1
    endloop
  endfacet
  facet normal 0.961069 -0.276307 0
    outer loop
      vertex -89.0856 -141.541 0.2
      vertex -89.0189 -141.309 -1
      vertex -89.0189 -141.309 0.2
    endloop
  endfacet
  facet normal 0.961069 -0.276307 0
    outer loop
      vertex -89.0189 -141.309 -1
      vertex -89.0856 -141.541 0.2
      vertex -89.0856 -141.541 -1
    endloop
  endfacet
  facet normal -0.688749 0.724999 0
    outer loop
      vertex -160.378 -76.8321 -1
      vertex -160.4 -76.853 0.2
      vertex -160.378 -76.8321 0.2
    endloop
  endfacet
  facet normal -0.688749 0.724999 0
    outer loop
      vertex -160.4 -76.853 0.2
      vertex -160.378 -76.8321 -1
      vertex -160.4 -76.853 -1
    endloop
  endfacet
  facet normal -0.740904 -0.671611 0
    outer loop
      vertex -169.296 -138.302 -1
      vertex -169.422 -138.163 0.2
      vertex -169.422 -138.163 -1
    endloop
  endfacet
  facet normal -0.740904 -0.671611 0
    outer loop
      vertex -169.422 -138.163 0.2
      vertex -169.296 -138.302 -1
      vertex -169.296 -138.302 0.2
    endloop
  endfacet
  facet normal -0.601265 -0.79905 0
    outer loop
      vertex -163.893 -144.035 -1
      vertex -163.691 -144.187 0.2
      vertex -163.893 -144.035 0.2
    endloop
  endfacet
  facet normal -0.601265 -0.79905 -0
    outer loop
      vertex -163.691 -144.187 0.2
      vertex -163.893 -144.035 -1
      vertex -163.691 -144.187 -1
    endloop
  endfacet
  facet normal -0.383552 0.923519 0
    outer loop
      vertex -158.617 -75.6905 -1
      vertex -158.839 -75.7827 0.2
      vertex -158.617 -75.6905 0.2
    endloop
  endfacet
  facet normal -0.383552 0.923519 0
    outer loop
      vertex -158.839 -75.7827 0.2
      vertex -158.617 -75.6905 -1
      vertex -158.839 -75.7827 -1
    endloop
  endfacet
  facet normal 0.433735 0.90104 -0
    outer loop
      vertex -91.6152 -75.9283 -1
      vertex -91.9185 -75.7823 0.2
      vertex -91.6152 -75.9283 0.2
    endloop
  endfacet
  facet normal 0.433735 0.90104 0
    outer loop
      vertex -91.9185 -75.7823 0.2
      vertex -91.6152 -75.9283 -1
      vertex -91.9185 -75.7823 -1
    endloop
  endfacet
  facet normal -0.931401 -0.363996 0
    outer loop
      vertex -170.223 -136.877 -1
      vertex -170.359 -136.529 0.2
      vertex -170.359 -136.529 -1
    endloop
  endfacet
  facet normal -0.931401 -0.363996 0
    outer loop
      vertex -170.359 -136.529 0.2
      vertex -170.223 -136.877 -1
      vertex -170.223 -136.877 0.2
    endloop
  endfacet
  facet normal 0.532159 0.846644 -0
    outer loop
      vertex -91.1184 -76.2245 -1
      vertex -91.4035 -76.0453 0.2
      vertex -91.1184 -76.2245 0.2
    endloop
  endfacet
  facet normal 0.532159 0.846644 0
    outer loop
      vertex -91.4035 -76.0453 0.2
      vertex -91.1184 -76.2245 -1
      vertex -91.4035 -76.0453 -1
    endloop
  endfacet
  facet normal -0.9243 0.381668 0
    outer loop
      vertex -170.303 -87.3839 -1
      vertex -170.211 -87.1611 0.2
      vertex -170.211 -87.1611 -1
    endloop
  endfacet
  facet normal -0.9243 0.381668 0
    outer loop
      vertex -170.211 -87.1611 0.2
      vertex -170.303 -87.3839 -1
      vertex -170.303 -87.3839 0.2
    endloop
  endfacet
  facet normal 0.706958 -0.707255 0
    outer loop
      vertex -90.4791 -143.759 0.2
      vertex -90.241 -143.521 -1
      vertex -90.241 -143.521 0.2
    endloop
  endfacet
  facet normal 0.706958 -0.707255 0
    outer loop
      vertex -90.241 -143.521 -1
      vertex -90.4791 -143.759 0.2
      vertex -90.4791 -143.759 -1
    endloop
  endfacet
  facet normal -0.876304 0.481759 0
    outer loop
      vertex -170.065 -86.8578 -1
      vertex -169.949 -86.6468 0.2
      vertex -169.949 -86.6468 -1
    endloop
  endfacet
  facet normal -0.876304 0.481759 0
    outer loop
      vertex -169.949 -86.6468 0.2
      vertex -170.065 -86.8578 -1
      vertex -170.065 -86.8578 0.2
    endloop
  endfacet
  facet normal 0.846778 0.531946 0
    outer loop
      vertex -89.5516 -77.8974 0.2
      vertex -89.7307 -77.6123 -1
      vertex -89.7307 -77.6123 0.2
    endloop
  endfacet
  facet normal 0.846778 0.531946 0
    outer loop
      vertex -89.7307 -77.6123 -1
      vertex -89.5516 -77.8974 0.2
      vertex -89.5516 -77.8974 -1
    endloop
  endfacet
  facet normal -0.222906 0.97484 0
    outer loop
      vertex -157.739 -75.4374 -1
      vertex -158.067 -75.5124 0.2
      vertex -157.739 -75.4374 0.2
    endloop
  endfacet
  facet normal -0.222906 0.97484 0
    outer loop
      vertex -158.067 -75.5124 0.2
      vertex -157.739 -75.4374 -1
      vertex -158.067 -75.5124 -1
    endloop
  endfacet
  facet normal 0.57856 0.81564 -0
    outer loop
      vertex -90.9223 -76.3636 -1
      vertex -91.1184 -76.2245 0.2
      vertex -90.9223 -76.3636 0.2
    endloop
  endfacet
  facet normal 0.57856 0.81564 0
    outer loop
      vertex -91.1184 -76.2245 0.2
      vertex -90.9223 -76.3636 -1
      vertex -91.1184 -76.2245 -1
    endloop
  endfacet
  facet normal 0.330271 0.943886 -0
    outer loop
      vertex -92.141 -75.6902 -1
      vertex -92.4588 -75.579 0.2
      vertex -92.141 -75.6902 0.2
    endloop
  endfacet
  facet normal 0.330271 0.943886 0
    outer loop
      vertex -92.4588 -75.579 0.2
      vertex -92.141 -75.6902 -1
      vertex -92.4588 -75.579 -1
    endloop
  endfacet
  facet normal -0.433406 0.901199 0
    outer loop
      vertex -158.839 -75.7827 -1
      vertex -159.143 -75.9289 0.2
      vertex -158.839 -75.7827 0.2
    endloop
  endfacet
  facet normal -0.433406 0.901199 0
    outer loop
      vertex -159.143 -75.9289 0.2
      vertex -158.839 -75.7827 -1
      vertex -159.143 -75.9289 -1
    endloop
  endfacet
  facet normal 0.993712 0.111963 0
    outer loop
      vertex -88.8658 -80.0843 0.2
      vertex -88.9035 -79.7497 -1
      vertex -88.9035 -79.7497 0.2
    endloop
  endfacet
  facet normal 0.993712 0.111963 0
    outer loop
      vertex -88.9035 -79.7497 -1
      vertex -88.8658 -80.0843 0.2
      vertex -88.8658 -80.0843 -1
    endloop
  endfacet
  facet normal 0.999977 0.00684915 0
    outer loop
      vertex -88.85 -80.4934 0.2
      vertex -88.8502 -80.4642 -1
      vertex -88.8502 -80.4642 0.2
    endloop
  endfacet
  facet normal 0.999977 0.00684915 0
    outer loop
      vertex -88.8502 -80.4642 -1
      vertex -88.85 -80.4934 0.2
      vertex -88.85 -80.4934 -1
    endloop
  endfacet
  facet normal -0.699625 0.71451 0
    outer loop
      vertex -160.258 -76.7146 -1
      vertex -160.378 -76.8321 0.2
      vertex -160.258 -76.7146 0.2
    endloop
  endfacet
  facet normal -0.699625 0.71451 0
    outer loop
      vertex -160.378 -76.8321 0.2
      vertex -160.258 -76.7146 -1
      vertex -160.378 -76.8321 -1
    endloop
  endfacet
  facet normal -0.905325 -0.42472 0
    outer loop
      vertex -170.109 -137.12 -1
      vertex -170.223 -136.877 0.2
      vertex -170.223 -136.877 -1
    endloop
  endfacet
  facet normal -0.905325 -0.42472 0
    outer loop
      vertex -170.223 -136.877 0.2
      vertex -170.109 -137.12 -1
      vertex -170.109 -137.12 0.2
    endloop
  endfacet
  facet normal -0.7497 0.661778 0
    outer loop
      vertex -169.421 -85.9023 -1
      vertex -169.281 -85.7437 0.2
      vertex -169.281 -85.7437 -1
    endloop
  endfacet
  facet normal -0.7497 0.661778 0
    outer loop
      vertex -169.281 -85.7437 0.2
      vertex -169.421 -85.9023 -1
      vertex -169.421 -85.9023 0.2
    endloop
  endfacet
  facet normal -0.289897 -0.957058 0
    outer loop
      vertex -162.303 -144.892 -1
      vertex -162.062 -144.965 0.2
      vertex -162.303 -144.892 0.2
    endloop
  endfacet
  facet normal -0.289897 -0.957058 -0
    outer loop
      vertex -162.062 -144.965 0.2
      vertex -162.303 -144.892 -1
      vertex -162.062 -144.965 -1
    endloop
  endfacet
  facet normal 0.667085 -0.744981 0
    outer loop
      vertex -90.6589 -143.92 -1
      vertex -90.4791 -143.759 0.2
      vertex -90.6589 -143.92 0.2
    endloop
  endfacet
  facet normal 0.667085 -0.744981 0
    outer loop
      vertex -90.4791 -143.759 0.2
      vertex -90.6589 -143.92 -1
      vertex -90.4791 -143.759 -1
    endloop
  endfacet
  facet normal -0.847788 -0.530335 0
    outer loop
      vertex -169.788 -137.676 -1
      vertex -169.93 -137.449 0.2
      vertex -169.93 -137.449 -1
    endloop
  endfacet
  facet normal -0.847788 -0.530335 0
    outer loop
      vertex -169.93 -137.449 0.2
      vertex -169.788 -137.676 -1
      vertex -169.788 -137.676 0.2
    endloop
  endfacet
  facet normal 0.531733 -0.846912 0
    outer loop
      vertex -91.4041 -144.448 -1
      vertex -91.119 -144.269 0.2
      vertex -91.4041 -144.448 0.2
    endloop
  endfacet
  facet normal 0.531733 -0.846912 0
    outer loop
      vertex -91.119 -144.269 0.2
      vertex -91.4041 -144.448 -1
      vertex -91.119 -144.269 -1
    endloop
  endfacet
  facet normal 0.993727 -0.111831 0
    outer loop
      vertex -88.9036 -140.744 0.2
      vertex -88.8659 -140.409 -1
      vertex -88.8659 -140.409 0.2
    endloop
  endfacet
  facet normal 0.993727 -0.111831 0
    outer loop
      vertex -88.8659 -140.409 -1
      vertex -88.9036 -140.744 0.2
      vertex -88.9036 -140.744 -1
    endloop
  endfacet
  facet normal 0.923981 -0.382437 0
    outer loop
      vertex -89.2892 -142.082 0.2
      vertex -89.1969 -141.859 -1
      vertex -89.1969 -141.859 0.2
    endloop
  endfacet
  facet normal 0.923981 -0.382437 0
    outer loop
      vertex -89.1969 -141.859 -1
      vertex -89.2892 -142.082 0.2
      vertex -89.2892 -142.082 -1
    endloop
  endfacet
  facet normal 0.815715 -0.578454 0
    outer loop
      vertex -89.8705 -143.078 0.2
      vertex -89.7308 -142.881 -1
      vertex -89.7308 -142.881 0.2
    endloop
  endfacet
  facet normal 0.815715 -0.578454 0
    outer loop
      vertex -89.7308 -142.881 -1
      vertex -89.8705 -143.078 0.2
      vertex -89.8705 -143.078 -1
    endloop
  endfacet
  facet normal 0 0 1
    outer loop
      vertex -153.494 -92.1043 0.2
      vertex -148.231 -92.1043 0.2
      vertex -153.494 -90.2957 0.2
    endloop
  endfacet
  facet normal 0 0 1
    outer loop
      vertex -148.231 -92.1043 0.2
      vertex -153.494 -92.1043 0.2
      vertex -153.475 -92.2 0.2
    endloop
  endfacet
  facet normal -0 0 1
    outer loop
      vertex -153.548 -90.3768 0.2
      vertex -153.494 -92.1043 0.2
      vertex -153.494 -90.2957 0.2
    endloop
  endfacet
  facet normal 0 0 1
    outer loop
      vertex -153.548 -90.3768 0.2
      vertex -153.548 -92.0232 0.2
      vertex -153.494 -92.1043 0.2
    endloop
  endfacet
  facet normal -0 0 1
    outer loop
      vertex -153.629 -90.431 0.2
      vertex -153.548 -92.0232 0.2
      vertex -153.548 -90.3768 0.2
    endloop
  endfacet
  facet normal 0 0 1
    outer loop
      vertex -153.629 -90.431 0.2
      vertex -153.629 -91.969 0.2
      vertex -153.548 -92.0232 0.2
    endloop
  endfacet
  facet normal -0 0 1
    outer loop
      vertex -153.725 -90.45 0.2
      vertex -153.629 -91.969 0.2
      vertex -153.629 -90.431 0.2
    endloop
  endfacet
  facet normal 0 0 1
    outer loop
      vertex -153.725 -90.45 0.2
      vertex -153.725 -91.95 0.2
      vertex -153.629 -91.969 0.2
    endloop
  endfacet
  facet normal -0 0 1
    outer loop
      vertex -155.025 -90.45 0.2
      vertex -153.725 -91.95 0.2
      vertex -153.725 -90.45 0.2
    endloop
  endfacet
  facet normal 0 0 1
    outer loop
      vertex -155.025 -90.45 0.2
      vertex -155.025 -91.95 0.2
      vertex -153.725 -91.95 0.2
    endloop
  endfacet
  facet normal 0 0 1
    outer loop
      vertex -155.121 -90.431 0.2
      vertex -155.025 -91.95 0.2
      vertex -155.025 -90.45 0.2
    endloop
  endfacet
  facet normal 0 0 1
    outer loop
      vertex -155.121 -90.431 0.2
      vertex -155.121 -91.969 0.2
      vertex -155.025 -91.95 0.2
    endloop
  endfacet
  facet normal 0 0 1
    outer loop
      vertex -155.202 -90.3768 0.2
      vertex -155.121 -91.969 0.2
      vertex -155.121 -90.431 0.2
    endloop
  endfacet
  facet normal 0 0 1
    outer loop
      vertex -155.202 -90.3768 0.2
      vertex -155.202 -92.0232 0.2
      vertex -155.121 -91.969 0.2
    endloop
  endfacet
  facet normal 0 0 1
    outer loop
      vertex -155.256 -90.2957 0.2
      vertex -155.202 -92.0232 0.2
      vertex -155.202 -90.3768 0.2
    endloop
  endfacet
  facet normal 0 0 1
    outer loop
      vertex -155.256 -90.2957 0.2
      vertex -155.256 -92.1043 0.2
      vertex -155.202 -92.0232 0.2
    endloop
  endfacet
  facet normal 0 0 1
    outer loop
      vertex -155.275 -90.2 0.2
      vertex -155.256 -92.1043 0.2
      vertex -155.256 -90.2957 0.2
    endloop
  endfacet
  facet normal 0 0 1
    outer loop
      vertex -155.256 -92.1043 0.2
      vertex -155.275 -90.2 0.2
      vertex -155.275 -92.2 0.2
    endloop
  endfacet
  facet normal 0 0 1
    outer loop
      vertex -146.469 -92.1043 0.2
      vertex -141.231 -92.1043 0.2
      vertex -146.469 -90.2957 0.2
    endloop
  endfacet
  facet normal 0 0 1
    outer loop
      vertex -141.231 -92.1043 0.2
      vertex -146.469 -92.1043 0.2
      vertex -146.45 -92.2 0.2
    endloop
  endfacet
  facet normal -0 0 1
    outer loop
      vertex -146.523 -90.3768 0.2
      vertex -146.469 -92.1043 0.2
      vertex -146.469 -90.2957 0.2
    endloop
  endfacet
  facet normal 0 0 1
    outer loop
      vertex -146.523 -90.3768 0.2
      vertex -146.523 -92.0232 0.2
      vertex -146.469 -92.1043 0.2
    endloop
  endfacet
  facet normal -0 0 1
    outer loop
      vertex -146.604 -90.431 0.2
      vertex -146.523 -92.0232 0.2
      vertex -146.523 -90.3768 0.2
    endloop
  endfacet
  facet normal 0 0 1
    outer loop
      vertex -146.604 -90.431 0.2
      vertex -146.604 -91.969 0.2
      vertex -146.523 -92.0232 0.2
    endloop
  endfacet
  facet normal -0 0 1
    outer loop
      vertex -146.7 -90.45 0.2
      vertex -146.604 -91.969 0.2
      vertex -146.604 -90.431 0.2
    endloop
  endfacet
  facet normal 0 0 1
    outer loop
      vertex -146.7 -90.45 0.2
      vertex -146.7 -91.95 0.2
      vertex -146.604 -91.969 0.2
    endloop
  endfacet
  facet normal -0 0 1
    outer loop
      vertex -148 -90.45 0.2
      vertex -146.7 -91.95 0.2
      vertex -146.7 -90.45 0.2
    endloop
  endfacet
  facet normal 0 0 1
    outer loop
      vertex -148 -90.45 0.2
      vertex -148 -91.95 0.2
      vertex -146.7 -91.95 0.2
    endloop
  endfacet
  facet normal 0 0 1
    outer loop
      vertex -148.096 -90.431 0.2
      vertex -148 -91.95 0.2
      vertex -148 -90.45 0.2
    endloop
  endfacet
  facet normal 0 0 1
    outer loop
      vertex -148.096 -90.431 0.2
      vertex -148.096 -91.969 0.2
      vertex -148 -91.95 0.2
    endloop
  endfacet
  facet normal 0 0 1
    outer loop
      vertex -148.177 -90.3768 0.2
      vertex -148.096 -91.969 0.2
      vertex -148.096 -90.431 0.2
    endloop
  endfacet
  facet normal 0 0 1
    outer loop
      vertex -148.177 -90.3768 0.2
      vertex -148.177 -92.0232 0.2
      vertex -148.096 -91.969 0.2
    endloop
  endfacet
  facet normal 0 0 1
    outer loop
      vertex -148.231 -90.2957 0.2
      vertex -148.177 -92.0232 0.2
      vertex -148.177 -90.3768 0.2
    endloop
  endfacet
  facet normal 0 0 1
    outer loop
      vertex -148.231 -90.2957 0.2
      vertex -148.231 -92.1043 0.2
      vertex -148.177 -92.0232 0.2
    endloop
  endfacet
  facet normal -0 0 1
    outer loop
      vertex -153.475 -90.2 0.2
      vertex -148.231 -90.2957 0.2
      vertex -148.25 -90.2 0.2
    endloop
  endfacet
  facet normal 0 0 1
    outer loop
      vertex -153.494 -90.2957 0.2
      vertex -148.231 -90.2957 0.2
      vertex -153.475 -90.2 0.2
    endloop
  endfacet
  facet normal 0 0 1
    outer loop
      vertex -139.469 -92.1043 0.2
      vertex -134.231 -92.1043 0.2
      vertex -139.469 -90.2957 0.2
    endloop
  endfacet
  facet normal 0 0 1
    outer loop
      vertex -134.231 -92.1043 0.2
      vertex -139.469 -92.1043 0.2
      vertex -139.45 -92.2 0.2
    endloop
  endfacet
  facet normal -0 0 1
    outer loop
      vertex -139.523 -90.3768 0.2
      vertex -139.469 -92.1043 0.2
      vertex -139.469 -90.2957 0.2
    endloop
  endfacet
  facet normal 0 0 1
    outer loop
      vertex -139.523 -90.3768 0.2
      vertex -139.523 -92.0232 0.2
      vertex -139.469 -92.1043 0.2
    endloop
  endfacet
  facet normal -0 0 1
    outer loop
      vertex -139.604 -90.431 0.2
      vertex -139.523 -92.0232 0.2
      vertex -139.523 -90.3768 0.2
    endloop
  endfacet
  facet normal 0 0 1
    outer loop
      vertex -139.604 -90.431 0.2
      vertex -139.604 -91.969 0.2
      vertex -139.523 -92.0232 0.2
    endloop
  endfacet
  facet normal -0 0 1
    outer loop
      vertex -139.7 -90.45 0.2
      vertex -139.604 -91.969 0.2
      vertex -139.604 -90.431 0.2
    endloop
  endfacet
  facet normal 0 0 1
    outer loop
      vertex -139.7 -90.45 0.2
      vertex -139.7 -91.95 0.2
      vertex -139.604 -91.969 0.2
    endloop
  endfacet
  facet normal -0 0 1
    outer loop
      vertex -141 -90.45 0.2
      vertex -139.7 -91.95 0.2
      vertex -139.7 -90.45 0.2
    endloop
  endfacet
  facet normal 0 0 1
    outer loop
      vertex -141 -90.45 0.2
      vertex -141 -91.95 0.2
      vertex -139.7 -91.95 0.2
    endloop
  endfacet
  facet normal 0 0 1
    outer loop
      vertex -141.096 -90.431 0.2
      vertex -141 -91.95 0.2
      vertex -141 -90.45 0.2
    endloop
  endfacet
  facet normal 0 0 1
    outer loop
      vertex -141.096 -90.431 0.2
      vertex -141.096 -91.969 0.2
      vertex -141 -91.95 0.2
    endloop
  endfacet
  facet normal 0 0 1
    outer loop
      vertex -141.177 -90.3768 0.2
      vertex -141.096 -91.969 0.2
      vertex -141.096 -90.431 0.2
    endloop
  endfacet
  facet normal 0 0 1
    outer loop
      vertex -141.177 -90.3768 0.2
      vertex -141.177 -92.0232 0.2
      vertex -141.096 -91.969 0.2
    endloop
  endfacet
  facet normal 0 0 1
    outer loop
      vertex -141.231 -90.2957 0.2
      vertex -141.177 -92.0232 0.2
      vertex -141.177 -90.3768 0.2
    endloop
  endfacet
  facet normal 0 0 1
    outer loop
      vertex -141.231 -90.2957 0.2
      vertex -141.231 -92.1043 0.2
      vertex -141.177 -92.0232 0.2
    endloop
  endfacet
  facet normal -0 0 1
    outer loop
      vertex -146.45 -90.2 0.2
      vertex -141.231 -90.2957 0.2
      vertex -141.25 -90.2 0.2
    endloop
  endfacet
  facet normal 0 0 1
    outer loop
      vertex -146.469 -90.2957 0.2
      vertex -141.231 -90.2957 0.2
      vertex -146.45 -90.2 0.2
    endloop
  endfacet
  facet normal 0 0 1
    outer loop
      vertex -132.469 -92.1043 0.2
      vertex -127.231 -92.1043 0.2
      vertex -132.469 -90.2957 0.2
    endloop
  endfacet
  facet normal 0 0 1
    outer loop
      vertex -127.231 -92.1043 0.2
      vertex -132.469 -92.1043 0.2
      vertex -132.45 -92.2 0.2
    endloop
  endfacet
  facet normal -0 0 1
    outer loop
      vertex -132.523 -90.3768 0.2
      vertex -132.469 -92.1043 0.2
      vertex -132.469 -90.2957 0.2
    endloop
  endfacet
  facet normal 0 0 1
    outer loop
      vertex -132.523 -90.3768 0.2
      vertex -132.523 -92.0232 0.2
      vertex -132.469 -92.1043 0.2
    endloop
  endfacet
  facet normal -0 0 1
    outer loop
      vertex -132.604 -90.431 0.2
      vertex -132.523 -92.0232 0.2
      vertex -132.523 -90.3768 0.2
    endloop
  endfacet
  facet normal 0 0 1
    outer loop
      vertex -132.604 -90.431 0.2
      vertex -132.604 -91.969 0.2
      vertex -132.523 -92.0232 0.2
    endloop
  endfacet
  facet normal -0 0 1
    outer loop
      vertex -132.7 -90.45 0.2
      vertex -132.604 -91.969 0.2
      vertex -132.604 -90.431 0.2
    endloop
  endfacet
  facet normal 0 0 1
    outer loop
      vertex -132.7 -90.45 0.2
      vertex -132.7 -91.95 0.2
      vertex -132.604 -91.969 0.2
    endloop
  endfacet
  facet normal -0 0 1
    outer loop
      vertex -134 -90.45 0.2
      vertex -132.7 -91.95 0.2
      vertex -132.7 -90.45 0.2
    endloop
  endfacet
  facet normal 0 0 1
    outer loop
      vertex -134 -90.45 0.2
      vertex -134 -91.95 0.2
      vertex -132.7 -91.95 0.2
    endloop
  endfacet
  facet normal 0 0 1
    outer loop
      vertex -134.096 -90.431 0.2
      vertex -134 -91.95 0.2
      vertex -134 -90.45 0.2
    endloop
  endfacet
  facet normal 0 0 1
    outer loop
      vertex -134.096 -90.431 0.2
      vertex -134.096 -91.969 0.2
      vertex -134 -91.95 0.2
    endloop
  endfacet
  facet normal 0 0 1
    outer loop
      vertex -134.177 -90.3768 0.2
      vertex -134.096 -91.969 0.2
      vertex -134.096 -90.431 0.2
    endloop
  endfacet
  facet normal 0 0 1
    outer loop
      vertex -134.177 -90.3768 0.2
      vertex -134.177 -92.0232 0.2
      vertex -134.096 -91.969 0.2
    endloop
  endfacet
  facet normal 0 0 1
    outer loop
      vertex -134.231 -90.2957 0.2
      vertex -134.177 -92.0232 0.2
      vertex -134.177 -90.3768 0.2
    endloop
  endfacet
  facet normal 0 0 1
    outer loop
      vertex -134.231 -90.2957 0.2
      vertex -134.231 -92.1043 0.2
      vertex -134.177 -92.0232 0.2
    endloop
  endfacet
  facet normal -0 0 1
    outer loop
      vertex -139.45 -90.2 0.2
      vertex -134.231 -90.2957 0.2
      vertex -134.25 -90.2 0.2
    endloop
  endfacet
  facet normal 0 0 1
    outer loop
      vertex -139.469 -90.2957 0.2
      vertex -134.231 -90.2957 0.2
      vertex -139.45 -90.2 0.2
    endloop
  endfacet
  facet normal 0 0 1
    outer loop
      vertex -127.542 -108.857 0.2
      vertex -128.778 -108.857 0.2
      vertex -127.542 -109.903 0.2
    endloop
  endfacet
  facet normal 0 0 1
    outer loop
      vertex -127.542 -109.903 0.2
      vertex -128.724 -109.984 0.2
      vertex -128.705 -110.08 0.2
    endloop
  endfacet
  facet normal 0 0 1
    outer loop
      vertex -128.778 -109.903 0.2
      vertex -127.542 -109.903 0.2
      vertex -128.778 -108.857 0.2
    endloop
  endfacet
  facet normal 0 0 1
    outer loop
      vertex -127.542 -109.903 0.2
      vertex -128.778 -109.903 0.2
      vertex -128.724 -109.984 0.2
    endloop
  endfacet
  facet normal -0 0 1
    outer loop
      vertex -128.859 -108.911 0.2
      vertex -128.778 -109.903 0.2
      vertex -128.778 -108.857 0.2
    endloop
  endfacet
  facet normal 0 0 1
    outer loop
      vertex -128.859 -108.911 0.2
      vertex -128.859 -109.849 0.2
      vertex -128.778 -109.903 0.2
    endloop
  endfacet
  facet normal -0 0 1
    outer loop
      vertex -128.955 -108.93 0.2
      vertex -128.859 -109.849 0.2
      vertex -128.859 -108.911 0.2
    endloop
  endfacet
  facet normal 0 0 1
    outer loop
      vertex -128.955 -108.93 0.2
      vertex -128.955 -109.83 0.2
      vertex -128.859 -109.849 0.2
    endloop
  endfacet
  facet normal -0 0 1
    outer loop
      vertex -129.905 -108.93 0.2
      vertex -128.955 -109.83 0.2
      vertex -128.955 -108.93 0.2
    endloop
  endfacet
  facet normal 0 0 1
    outer loop
      vertex -129.905 -108.93 0.2
      vertex -129.905 -109.83 0.2
      vertex -128.955 -109.83 0.2
    endloop
  endfacet
  facet normal 0 0 1
    outer loop
      vertex -130.001 -108.911 0.2
      vertex -129.905 -109.83 0.2
      vertex -129.905 -108.93 0.2
    endloop
  endfacet
  facet normal 0 0 1
    outer loop
      vertex -130.001 -108.911 0.2
      vertex -130.001 -109.849 0.2
      vertex -129.905 -109.83 0.2
    endloop
  endfacet
  facet normal 0 0 1
    outer loop
      vertex -130.082 -108.857 0.2
      vertex -130.001 -109.849 0.2
      vertex -130.001 -108.911 0.2
    endloop
  endfacet
  facet normal 0 0 1
    outer loop
      vertex -130.082 -108.857 0.2
      vertex -130.082 -109.903 0.2
      vertex -130.001 -109.849 0.2
    endloop
  endfacet
  facet normal 0 0 1
    outer loop
      vertex -130.136 -108.776 0.2
      vertex -130.082 -109.903 0.2
      vertex -130.082 -108.857 0.2
    endloop
  endfacet
  facet normal 0 0 1
    outer loop
      vertex -130.136 -108.776 0.2
      vertex -130.136 -109.984 0.2
      vertex -130.082 -109.903 0.2
    endloop
  endfacet
  facet normal 0 0 1
    outer loop
      vertex -130.155 -108.68 0.2
      vertex -130.136 -109.984 0.2
      vertex -130.136 -108.776 0.2
    endloop
  endfacet
  facet normal 0 0 1
    outer loop
      vertex -130.136 -109.984 0.2
      vertex -130.155 -108.68 0.2
      vertex -130.155 -110.08 0.2
    endloop
  endfacet
  facet normal 0 0 1
    outer loop
      vertex -125.002 -108.857 0.2
      vertex -126.238 -108.857 0.2
      vertex -125.002 -109.903 0.2
    endloop
  endfacet
  facet normal 0 0 1
    outer loop
      vertex -125.002 -109.903 0.2
      vertex -126.184 -109.984 0.2
      vertex -126.165 -110.08 0.2
    endloop
  endfacet
  facet normal 0 0 1
    outer loop
      vertex -126.238 -109.903 0.2
      vertex -125.002 -109.903 0.2
      vertex -126.238 -108.857 0.2
    endloop
  endfacet
  facet normal 0 0 1
    outer loop
      vertex -125.002 -109.903 0.2
      vertex -126.238 -109.903 0.2
      vertex -126.184 -109.984 0.2
    endloop
  endfacet
  facet normal -0 0 1
    outer loop
      vertex -126.319 -108.911 0.2
      vertex -126.238 -109.903 0.2
      vertex -126.238 -108.857 0.2
    endloop
  endfacet
  facet normal 0 0 1
    outer loop
      vertex -126.319 -108.911 0.2
      vertex -126.319 -109.849 0.2
      vertex -126.238 -109.903 0.2
    endloop
  endfacet
  facet normal -0 0 1
    outer loop
      vertex -126.415 -108.93 0.2
      vertex -126.319 -109.849 0.2
      vertex -126.319 -108.911 0.2
    endloop
  endfacet
  facet normal 0 0 1
    outer loop
      vertex -126.415 -108.93 0.2
      vertex -126.415 -109.83 0.2
      vertex -126.319 -109.849 0.2
    endloop
  endfacet
  facet normal -0 0 1
    outer loop
      vertex -127.365 -108.93 0.2
      vertex -126.415 -109.83 0.2
      vertex -126.415 -108.93 0.2
    endloop
  endfacet
  facet normal 0 0 1
    outer loop
      vertex -127.365 -108.93 0.2
      vertex -127.365 -109.83 0.2
      vertex -126.415 -109.83 0.2
    endloop
  endfacet
  facet normal 0 0 1
    outer loop
      vertex -127.461 -108.911 0.2
      vertex -127.365 -109.83 0.2
      vertex -127.365 -108.93 0.2
    endloop
  endfacet
  facet normal 0 0 1
    outer loop
      vertex -127.461 -108.911 0.2
      vertex -127.461 -109.849 0.2
      vertex -127.365 -109.83 0.2
    endloop
  endfacet
  facet normal 0 0 1
    outer loop
      vertex -127.542 -108.857 0.2
      vertex -127.461 -109.849 0.2
      vertex -127.461 -108.911 0.2
    endloop
  endfacet
  facet normal 0 0 1
    outer loop
      vertex -127.542 -108.857 0.2
      vertex -127.542 -109.903 0.2
      vertex -127.461 -109.849 0.2
    endloop
  endfacet
  facet normal 0 0 1
    outer loop
      vertex -128.724 -108.776 0.2
      vertex -127.596 -108.776 0.2
      vertex -128.705 -108.68 0.2
    endloop
  endfacet
  facet normal 0 0 1
    outer loop
      vertex -127.596 -108.776 0.2
      vertex -128.724 -108.776 0.2
      vertex -127.542 -108.857 0.2
    endloop
  endfacet
  facet normal -0 0 1
    outer loop
      vertex -128.705 -108.68 0.2
      vertex -127.596 -108.776 0.2
      vertex -127.615 -108.68 0.2
    endloop
  endfacet
  facet normal 0 0 1
    outer loop
      vertex -128.778 -108.857 0.2
      vertex -127.542 -108.857 0.2
      vertex -128.724 -108.776 0.2
    endloop
  endfacet
  facet normal 0 0 1
    outer loop
      vertex -125.056 -108.084 0.2
      vertex -126.184 -108.084 0.2
      vertex -126.165 -108.18 0.2
    endloop
  endfacet
  facet normal 0 0 1
    outer loop
      vertex -124.921 -107.949 0.2
      vertex -126.238 -108.003 0.2
      vertex -126.184 -108.084 0.2
    endloop
  endfacet
  facet normal 0 0 1
    outer loop
      vertex -124.921 -107.949 0.2
      vertex -126.319 -107.949 0.2
      vertex -126.238 -108.003 0.2
    endloop
  endfacet
  facet normal 0 0 1
    outer loop
      vertex -124.921 -107.949 0.2
      vertex -126.415 -107.93 0.2
      vertex -126.319 -107.949 0.2
    endloop
  endfacet
  facet normal -0 0 1
    outer loop
      vertex -127 -95.45 0.2
      vertex -126.415 -107.93 0.2
      vertex -125.7 -95.45 0.2
    endloop
  endfacet
  facet normal 0 0 1
    outer loop
      vertex -128.955 -107.93 0.2
      vertex -127 -95.45 0.2
      vertex -127.096 -95.431 0.2
    endloop
  endfacet
  facet normal 0 0 1
    outer loop
      vertex -132.604 -95.431 0.2
      vertex -127.096 -95.431 0.2
      vertex -127.177 -95.3768 0.2
    endloop
  endfacet
  facet normal 0 0 1
    outer loop
      vertex -132.523 -95.3768 0.2
      vertex -127.177 -95.3768 0.2
      vertex -127.231 -95.2957 0.2
    endloop
  endfacet
  facet normal 0 0 1
    outer loop
      vertex -132.469 -95.2957 0.2
      vertex -127.231 -95.2957 0.2
      vertex -127.25 -95.2 0.2
    endloop
  endfacet
  facet normal 0 0 1
    outer loop
      vertex -127 -95.45 0.2
      vertex -127.365 -107.93 0.2
      vertex -126.415 -107.93 0.2
    endloop
  endfacet
  facet normal 0 0 1
    outer loop
      vertex -125.469 -92.1043 0.2
      vertex -120.231 -92.1043 0.2
      vertex -125.469 -90.2957 0.2
    endloop
  endfacet
  facet normal 0 0 1
    outer loop
      vertex -120.231 -92.1043 0.2
      vertex -125.469 -92.1043 0.2
      vertex -125.45 -92.2 0.2
    endloop
  endfacet
  facet normal -0 0 1
    outer loop
      vertex -125.523 -90.3768 0.2
      vertex -125.469 -92.1043 0.2
      vertex -125.469 -90.2957 0.2
    endloop
  endfacet
  facet normal 0 0 1
    outer loop
      vertex -125.523 -90.3768 0.2
      vertex -125.523 -92.0232 0.2
      vertex -125.469 -92.1043 0.2
    endloop
  endfacet
  facet normal -0 0 1
    outer loop
      vertex -125.604 -90.431 0.2
      vertex -125.523 -92.0232 0.2
      vertex -125.523 -90.3768 0.2
    endloop
  endfacet
  facet normal 0 0 1
    outer loop
      vertex -125.604 -90.431 0.2
      vertex -125.604 -91.969 0.2
      vertex -125.523 -92.0232 0.2
    endloop
  endfacet
  facet normal -0 0 1
    outer loop
      vertex -125.7 -90.45 0.2
      vertex -125.604 -91.969 0.2
      vertex -125.604 -90.431 0.2
    endloop
  endfacet
  facet normal 0 0 1
    outer loop
      vertex -125.7 -90.45 0.2
      vertex -125.7 -91.95 0.2
      vertex -125.604 -91.969 0.2
    endloop
  endfacet
  facet normal -0 0 1
    outer loop
      vertex -127 -90.45 0.2
      vertex -125.7 -91.95 0.2
      vertex -125.7 -90.45 0.2
    endloop
  endfacet
  facet normal 0 0 1
    outer loop
      vertex -127 -90.45 0.2
      vertex -127 -91.95 0.2
      vertex -125.7 -91.95 0.2
    endloop
  endfacet
  facet normal 0 0 1
    outer loop
      vertex -127.096 -90.431 0.2
      vertex -127 -91.95 0.2
      vertex -127 -90.45 0.2
    endloop
  endfacet
  facet normal 0 0 1
    outer loop
      vertex -127.096 -90.431 0.2
      vertex -127.096 -91.969 0.2
      vertex -127 -91.95 0.2
    endloop
  endfacet
  facet normal 0 0 1
    outer loop
      vertex -127.177 -90.3768 0.2
      vertex -127.096 -91.969 0.2
      vertex -127.096 -90.431 0.2
    endloop
  endfacet
  facet normal 0 0 1
    outer loop
      vertex -127.177 -90.3768 0.2
      vertex -127.177 -92.0232 0.2
      vertex -127.096 -91.969 0.2
    endloop
  endfacet
  facet normal 0 0 1
    outer loop
      vertex -127.231 -90.2957 0.2
      vertex -127.177 -92.0232 0.2
      vertex -127.177 -90.3768 0.2
    endloop
  endfacet
  facet normal 0 0 1
    outer loop
      vertex -127.231 -90.2957 0.2
      vertex -127.231 -92.1043 0.2
      vertex -127.177 -92.0232 0.2
    endloop
  endfacet
  facet normal -0 0 1
    outer loop
      vertex -132.45 -90.2 0.2
      vertex -127.231 -90.2957 0.2
      vertex -127.25 -90.2 0.2
    endloop
  endfacet
  facet normal 0 0 1
    outer loop
      vertex -132.469 -90.2957 0.2
      vertex -127.231 -90.2957 0.2
      vertex -132.45 -90.2 0.2
    endloop
  endfacet
  facet normal 0 0 1
    outer loop
      vertex -122.462 -108.857 0.2
      vertex -123.698 -108.857 0.2
      vertex -122.462 -109.903 0.2
    endloop
  endfacet
  facet normal 0 0 1
    outer loop
      vertex -122.462 -109.903 0.2
      vertex -123.644 -109.984 0.2
      vertex -123.625 -110.08 0.2
    endloop
  endfacet
  facet normal 0 0 1
    outer loop
      vertex -123.698 -109.903 0.2
      vertex -122.462 -109.903 0.2
      vertex -123.698 -108.857 0.2
    endloop
  endfacet
  facet normal 0 0 1
    outer loop
      vertex -122.462 -109.903 0.2
      vertex -123.698 -109.903 0.2
      vertex -123.644 -109.984 0.2
    endloop
  endfacet
  facet normal -0 0 1
    outer loop
      vertex -123.779 -108.911 0.2
      vertex -123.698 -109.903 0.2
      vertex -123.698 -108.857 0.2
    endloop
  endfacet
  facet normal 0 0 1
    outer loop
      vertex -123.779 -108.911 0.2
      vertex -123.779 -109.849 0.2
      vertex -123.698 -109.903 0.2
    endloop
  endfacet
  facet normal -0 0 1
    outer loop
      vertex -123.875 -108.93 0.2
      vertex -123.779 -109.849 0.2
      vertex -123.779 -108.911 0.2
    endloop
  endfacet
  facet normal 0 0 1
    outer loop
      vertex -123.875 -108.93 0.2
      vertex -123.875 -109.83 0.2
      vertex -123.779 -109.849 0.2
    endloop
  endfacet
  facet normal -0 0 1
    outer loop
      vertex -124.825 -108.93 0.2
      vertex -123.875 -109.83 0.2
      vertex -123.875 -108.93 0.2
    endloop
  endfacet
  facet normal 0 0 1
    outer loop
      vertex -124.825 -108.93 0.2
      vertex -124.825 -109.83 0.2
      vertex -123.875 -109.83 0.2
    endloop
  endfacet
  facet normal 0 0 1
    outer loop
      vertex -124.921 -108.911 0.2
      vertex -124.825 -109.83 0.2
      vertex -124.825 -108.93 0.2
    endloop
  endfacet
  facet normal 0 0 1
    outer loop
      vertex -124.921 -108.911 0.2
      vertex -124.921 -109.849 0.2
      vertex -124.825 -109.83 0.2
    endloop
  endfacet
  facet normal 0 0 1
    outer loop
      vertex -125.002 -108.857 0.2
      vertex -124.921 -109.849 0.2
      vertex -124.921 -108.911 0.2
    endloop
  endfacet
  facet normal 0 0 1
    outer loop
      vertex -125.002 -108.857 0.2
      vertex -125.002 -109.903 0.2
      vertex -124.921 -109.849 0.2
    endloop
  endfacet
  facet normal 0 0 1
    outer loop
      vertex -126.184 -108.776 0.2
      vertex -125.056 -108.776 0.2
      vertex -126.165 -108.68 0.2
    endloop
  endfacet
  facet normal 0 0 1
    outer loop
      vertex -125.056 -108.776 0.2
      vertex -126.184 -108.776 0.2
      vertex -125.002 -108.857 0.2
    endloop
  endfacet
  facet normal -0 0 1
    outer loop
      vertex -126.165 -108.68 0.2
      vertex -125.056 -108.776 0.2
      vertex -125.075 -108.68 0.2
    endloop
  endfacet
  facet normal 0 0 1
    outer loop
      vertex -126.238 -108.857 0.2
      vertex -125.002 -108.857 0.2
      vertex -126.184 -108.776 0.2
    endloop
  endfacet
  facet normal 0 0 1
    outer loop
      vertex -119.922 -108.857 0.2
      vertex -121.158 -108.857 0.2
      vertex -119.922 -109.903 0.2
    endloop
  endfacet
  facet normal 0 0 1
    outer loop
      vertex -119.922 -109.903 0.2
      vertex -121.104 -109.984 0.2
      vertex -121.085 -110.08 0.2
    endloop
  endfacet
  facet normal 0 0 1
    outer loop
      vertex -121.158 -109.903 0.2
      vertex -119.922 -109.903 0.2
      vertex -121.158 -108.857 0.2
    endloop
  endfacet
  facet normal 0 0 1
    outer loop
      vertex -119.922 -109.903 0.2
      vertex -121.158 -109.903 0.2
      vertex -121.104 -109.984 0.2
    endloop
  endfacet
  facet normal -0 0 1
    outer loop
      vertex -121.239 -108.911 0.2
      vertex -121.158 -109.903 0.2
      vertex -121.158 -108.857 0.2
    endloop
  endfacet
  facet normal 0 0 1
    outer loop
      vertex -121.239 -108.911 0.2
      vertex -121.239 -109.849 0.2
      vertex -121.158 -109.903 0.2
    endloop
  endfacet
  facet normal -0 0 1
    outer loop
      vertex -121.335 -108.93 0.2
      vertex -121.239 -109.849 0.2
      vertex -121.239 -108.911 0.2
    endloop
  endfacet
  facet normal 0 0 1
    outer loop
      vertex -121.335 -108.93 0.2
      vertex -121.335 -109.83 0.2
      vertex -121.239 -109.849 0.2
    endloop
  endfacet
  facet normal -0 0 1
    outer loop
      vertex -122.285 -108.93 0.2
      vertex -121.335 -109.83 0.2
      vertex -121.335 -108.93 0.2
    endloop
  endfacet
  facet normal 0 0 1
    outer loop
      vertex -122.285 -108.93 0.2
      vertex -122.285 -109.83 0.2
      vertex -121.335 -109.83 0.2
    endloop
  endfacet
  facet normal 0 0 1
    outer loop
      vertex -122.381 -108.911 0.2
      vertex -122.285 -109.83 0.2
      vertex -122.285 -108.93 0.2
    endloop
  endfacet
  facet normal 0 0 1
    outer loop
      vertex -122.381 -108.911 0.2
      vertex -122.381 -109.849 0.2
      vertex -122.285 -109.83 0.2
    endloop
  endfacet
  facet normal 0 0 1
    outer loop
      vertex -122.462 -108.857 0.2
      vertex -122.381 -109.849 0.2
      vertex -122.381 -108.911 0.2
    endloop
  endfacet
  facet normal 0 0 1
    outer loop
      vertex -122.462 -108.857 0.2
      vertex -122.462 -109.903 0.2
      vertex -122.381 -109.849 0.2
    endloop
  endfacet
  facet normal 0 0 1
    outer loop
      vertex -123.644 -108.776 0.2
      vertex -122.516 -108.776 0.2
      vertex -123.625 -108.68 0.2
    endloop
  endfacet
  facet normal 0 0 1
    outer loop
      vertex -122.516 -108.776 0.2
      vertex -123.644 -108.776 0.2
      vertex -122.462 -108.857 0.2
    endloop
  endfacet
  facet normal -0 0 1
    outer loop
      vertex -123.625 -108.68 0.2
      vertex -122.516 -108.776 0.2
      vertex -122.535 -108.68 0.2
    endloop
  endfacet
  facet normal 0 0 1
    outer loop
      vertex -123.698 -108.857 0.2
      vertex -122.462 -108.857 0.2
      vertex -123.644 -108.776 0.2
    endloop
  endfacet
  facet normal 0 0 1
    outer loop
      vertex -117.382 -108.857 0.2
      vertex -118.618 -108.857 0.2
      vertex -117.382 -109.903 0.2
    endloop
  endfacet
  facet normal 0 0 1
    outer loop
      vertex -117.382 -109.903 0.2
      vertex -118.564 -109.984 0.2
      vertex -118.545 -110.08 0.2
    endloop
  endfacet
  facet normal 0 0 1
    outer loop
      vertex -118.618 -109.903 0.2
      vertex -117.382 -109.903 0.2
      vertex -118.618 -108.857 0.2
    endloop
  endfacet
  facet normal 0 0 1
    outer loop
      vertex -117.382 -109.903 0.2
      vertex -118.618 -109.903 0.2
      vertex -118.564 -109.984 0.2
    endloop
  endfacet
  facet normal -0 0 1
    outer loop
      vertex -118.699 -108.911 0.2
      vertex -118.618 -109.903 0.2
      vertex -118.618 -108.857 0.2
    endloop
  endfacet
  facet normal 0 0 1
    outer loop
      vertex -118.699 -108.911 0.2
      vertex -118.699 -109.849 0.2
      vertex -118.618 -109.903 0.2
    endloop
  endfacet
  facet normal -0 0 1
    outer loop
      vertex -118.795 -108.93 0.2
      vertex -118.699 -109.849 0.2
      vertex -118.699 -108.911 0.2
    endloop
  endfacet
  facet normal 0 0 1
    outer loop
      vertex -118.795 -108.93 0.2
      vertex -118.795 -109.83 0.2
      vertex -118.699 -109.849 0.2
    endloop
  endfacet
  facet normal -0 0 1
    outer loop
      vertex -119.745 -108.93 0.2
      vertex -118.795 -109.83 0.2
      vertex -118.795 -108.93 0.2
    endloop
  endfacet
  facet normal 0 0 1
    outer loop
      vertex -119.745 -108.93 0.2
      vertex -119.745 -109.83 0.2
      vertex -118.795 -109.83 0.2
    endloop
  endfacet
  facet normal 0 0 1
    outer loop
      vertex -119.841 -108.911 0.2
      vertex -119.745 -109.83 0.2
      vertex -119.745 -108.93 0.2
    endloop
  endfacet
  facet normal 0 0 1
    outer loop
      vertex -119.841 -108.911 0.2
      vertex -119.841 -109.849 0.2
      vertex -119.745 -109.83 0.2
    endloop
  endfacet
  facet normal 0 0 1
    outer loop
      vertex -119.922 -108.857 0.2
      vertex -119.841 -109.849 0.2
      vertex -119.841 -108.911 0.2
    endloop
  endfacet
  facet normal 0 0 1
    outer loop
      vertex -119.922 -108.857 0.2
      vertex -119.922 -109.903 0.2
      vertex -119.841 -109.849 0.2
    endloop
  endfacet
  facet normal 0 0 1
    outer loop
      vertex -121.104 -108.776 0.2
      vertex -119.976 -108.776 0.2
      vertex -121.085 -108.68 0.2
    endloop
  endfacet
  facet normal 0 0 1
    outer loop
      vertex -119.976 -108.776 0.2
      vertex -121.104 -108.776 0.2
      vertex -119.922 -108.857 0.2
    endloop
  endfacet
  facet normal -0 0 1
    outer loop
      vertex -121.085 -108.68 0.2
      vertex -119.976 -108.776 0.2
      vertex -119.995 -108.68 0.2
    endloop
  endfacet
  facet normal 0 0 1
    outer loop
      vertex -121.158 -108.857 0.2
      vertex -119.922 -108.857 0.2
      vertex -121.104 -108.776 0.2
    endloop
  endfacet
  facet normal 0 0 1
    outer loop
      vertex -117.436 -108.084 0.2
      vertex -118.564 -108.084 0.2
      vertex -118.545 -108.18 0.2
    endloop
  endfacet
  facet normal 0 0 1
    outer loop
      vertex -118.795 -107.93 0.2
      vertex -117.205 -107.93 0.2
      vertex -118.7 -95.45 0.2
    endloop
  endfacet
  facet normal 0 0 1
    outer loop
      vertex -117.301 -107.949 0.2
      vertex -118.618 -108.003 0.2
      vertex -118.564 -108.084 0.2
    endloop
  endfacet
  facet normal 0 0 1
    outer loop
      vertex -117.301 -107.949 0.2
      vertex -118.699 -107.949 0.2
      vertex -118.618 -108.003 0.2
    endloop
  endfacet
  facet normal 0 0 1
    outer loop
      vertex -117.205 -107.93 0.2
      vertex -118.795 -107.93 0.2
      vertex -117.301 -107.949 0.2
    endloop
  endfacet
  facet normal 0 0 1
    outer loop
      vertex -117.301 -107.949 0.2
      vertex -118.795 -107.93 0.2
      vertex -118.699 -107.949 0.2
    endloop
  endfacet
  facet normal 0 0 1
    outer loop
      vertex -118.7 -95.45 0.2
      vertex -119.745 -107.93 0.2
      vertex -118.795 -107.93 0.2
    endloop
  endfacet
  facet normal -0 0 1
    outer loop
      vertex -120 -95.45 0.2
      vertex -119.745 -107.93 0.2
      vertex -118.7 -95.45 0.2
    endloop
  endfacet
  facet normal 0 0 1
    outer loop
      vertex -119.745 -107.93 0.2
      vertex -120 -95.45 0.2
      vertex -119.841 -107.949 0.2
    endloop
  endfacet
  facet normal 0 0 1
    outer loop
      vertex -120.096 -95.431 0.2
      vertex -119.841 -107.949 0.2
      vertex -120 -95.45 0.2
    endloop
  endfacet
  facet normal 0 0 1
    outer loop
      vertex -121.085 -108.18 0.2
      vertex -119.841 -107.949 0.2
      vertex -120.096 -95.431 0.2
    endloop
  endfacet
  facet normal 0 0 1
    outer loop
      vertex -121.085 -108.68 0.2
      vertex -119.995 -108.68 0.2
      vertex -119.995 -108.18 0.2
    endloop
  endfacet
  facet normal 0 0 1
    outer loop
      vertex -119.922 -109.903 0.2
      vertex -121.085 -110.08 0.2
      vertex -119.976 -109.984 0.2
    endloop
  endfacet
  facet normal 0 0 1
    outer loop
      vertex -119.976 -108.084 0.2
      vertex -121.085 -108.18 0.2
      vertex -119.995 -108.18 0.2
    endloop
  endfacet
  facet normal 0 0 1
    outer loop
      vertex -119.922 -108.003 0.2
      vertex -121.085 -108.18 0.2
      vertex -119.976 -108.084 0.2
    endloop
  endfacet
  facet normal 0 0 1
    outer loop
      vertex -118.469 -92.1043 0.2
      vertex -113.256 -90.3457 0.2
      vertex -118.469 -90.2957 0.2
    endloop
  endfacet
  facet normal 0 0 1
    outer loop
      vertex -113.256 -90.3457 0.2
      vertex -118.469 -92.1043 0.2
      vertex -118.45 -92.2 0.2
    endloop
  endfacet
  facet normal -0 0 1
    outer loop
      vertex -118.523 -90.3768 0.2
      vertex -118.469 -92.1043 0.2
      vertex -118.469 -90.2957 0.2
    endloop
  endfacet
  facet normal 0 0 1
    outer loop
      vertex -118.523 -90.3768 0.2
      vertex -118.523 -92.0232 0.2
      vertex -118.469 -92.1043 0.2
    endloop
  endfacet
  facet normal -0 0 1
    outer loop
      vertex -118.604 -90.431 0.2
      vertex -118.523 -92.0232 0.2
      vertex -118.523 -90.3768 0.2
    endloop
  endfacet
  facet normal 0 0 1
    outer loop
      vertex -118.604 -90.431 0.2
      vertex -118.604 -91.969 0.2
      vertex -118.523 -92.0232 0.2
    endloop
  endfacet
  facet normal -0 0 1
    outer loop
      vertex -118.7 -90.45 0.2
      vertex -118.604 -91.969 0.2
      vertex -118.604 -90.431 0.2
    endloop
  endfacet
  facet normal 0 0 1
    outer loop
      vertex -118.7 -90.45 0.2
      vertex -118.7 -91.95 0.2
      vertex -118.604 -91.969 0.2
    endloop
  endfacet
  facet normal -0 0 1
    outer loop
      vertex -120 -90.45 0.2
      vertex -118.7 -91.95 0.2
      vertex -118.7 -90.45 0.2
    endloop
  endfacet
  facet normal 0 0 1
    outer loop
      vertex -120 -90.45 0.2
      vertex -120 -91.95 0.2
      vertex -118.7 -91.95 0.2
    endloop
  endfacet
  facet normal 0 0 1
    outer loop
      vertex -120.096 -90.431 0.2
      vertex -120 -91.95 0.2
      vertex -120 -90.45 0.2
    endloop
  endfacet
  facet normal 0 0 1
    outer loop
      vertex -120.096 -90.431 0.2
      vertex -120.096 -91.969 0.2
      vertex -120 -91.95 0.2
    endloop
  endfacet
  facet normal 0 0 1
    outer loop
      vertex -120.177 -90.3768 0.2
      vertex -120.096 -91.969 0.2
      vertex -120.096 -90.431 0.2
    endloop
  endfacet
  facet normal 0 0 1
    outer loop
      vertex -120.177 -90.3768 0.2
      vertex -120.177 -92.0232 0.2
      vertex -120.096 -91.969 0.2
    endloop
  endfacet
  facet normal 0 0 1
    outer loop
      vertex -120.231 -90.2957 0.2
      vertex -120.177 -92.0232 0.2
      vertex -120.177 -90.3768 0.2
    endloop
  endfacet
  facet normal 0 0 1
    outer loop
      vertex -120.231 -90.2957 0.2
      vertex -120.231 -92.1043 0.2
      vertex -120.177 -92.0232 0.2
    endloop
  endfacet
  facet normal -0 0 1
    outer loop
      vertex -125.45 -90.2 0.2
      vertex -120.231 -90.2957 0.2
      vertex -120.25 -90.2 0.2
    endloop
  endfacet
  facet normal 0 0 1
    outer loop
      vertex -125.469 -90.2957 0.2
      vertex -120.231 -90.2957 0.2
      vertex -125.45 -90.2 0.2
    endloop
  endfacet
  facet normal 0 0 1
    outer loop
      vertex -114.842 -108.857 0.2
      vertex -116.078 -108.857 0.2
      vertex -114.842 -109.903 0.2
    endloop
  endfacet
  facet normal 0 0 1
    outer loop
      vertex -114.842 -109.903 0.2
      vertex -116.024 -109.984 0.2
      vertex -116.005 -110.08 0.2
    endloop
  endfacet
  facet normal 0 0 1
    outer loop
      vertex -116.078 -109.903 0.2
      vertex -114.842 -109.903 0.2
      vertex -116.078 -108.857 0.2
    endloop
  endfacet
  facet normal 0 0 1
    outer loop
      vertex -114.842 -109.903 0.2
      vertex -116.078 -109.903 0.2
      vertex -116.024 -109.984 0.2
    endloop
  endfacet
  facet normal -0 0 1
    outer loop
      vertex -116.159 -108.911 0.2
      vertex -116.078 -109.903 0.2
      vertex -116.078 -108.857 0.2
    endloop
  endfacet
  facet normal 0 0 1
    outer loop
      vertex -116.159 -108.911 0.2
      vertex -116.159 -109.849 0.2
      vertex -116.078 -109.903 0.2
    endloop
  endfacet
  facet normal -0 0 1
    outer loop
      vertex -116.255 -108.93 0.2
      vertex -116.159 -109.849 0.2
      vertex -116.159 -108.911 0.2
    endloop
  endfacet
  facet normal 0 0 1
    outer loop
      vertex -116.255 -108.93 0.2
      vertex -116.255 -109.83 0.2
      vertex -116.159 -109.849 0.2
    endloop
  endfacet
  facet normal -0 0 1
    outer loop
      vertex -117.205 -108.93 0.2
      vertex -116.255 -109.83 0.2
      vertex -116.255 -108.93 0.2
    endloop
  endfacet
  facet normal 0 0 1
    outer loop
      vertex -117.205 -108.93 0.2
      vertex -117.205 -109.83 0.2
      vertex -116.255 -109.83 0.2
    endloop
  endfacet
  facet normal 0 0 1
    outer loop
      vertex -117.301 -108.911 0.2
      vertex -117.205 -109.83 0.2
      vertex -117.205 -108.93 0.2
    endloop
  endfacet
  facet normal 0 0 1
    outer loop
      vertex -117.301 -108.911 0.2
      vertex -117.301 -109.849 0.2
      vertex -117.205 -109.83 0.2
    endloop
  endfacet
  facet normal 0 0 1
    outer loop
      vertex -117.382 -108.857 0.2
      vertex -117.301 -109.849 0.2
      vertex -117.301 -108.911 0.2
    endloop
  endfacet
  facet normal 0 0 1
    outer loop
      vertex -117.382 -108.857 0.2
      vertex -117.382 -109.903 0.2
      vertex -117.301 -109.849 0.2
    endloop
  endfacet
  facet normal 0 0 1
    outer loop
      vertex -118.564 -108.776 0.2
      vertex -117.436 -108.776 0.2
      vertex -118.545 -108.68 0.2
    endloop
  endfacet
  facet normal 0 0 1
    outer loop
      vertex -117.436 -108.776 0.2
      vertex -118.564 -108.776 0.2
      vertex -117.382 -108.857 0.2
    endloop
  endfacet
  facet normal -0 0 1
    outer loop
      vertex -118.545 -108.68 0.2
      vertex -117.436 -108.776 0.2
      vertex -117.455 -108.68 0.2
    endloop
  endfacet
  facet normal 0 0 1
    outer loop
      vertex -118.618 -108.857 0.2
      vertex -117.382 -108.857 0.2
      vertex -118.564 -108.776 0.2
    endloop
  endfacet
  facet normal 0 0 1
    outer loop
      vertex -112.375 -110.08 0.2
      vertex -113.465 -110.08 0.2
      vertex -112.375 -110.58 0.2
    endloop
  endfacet
  facet normal 0 0 1
    outer loop
      vertex -112.302 -109.903 0.2
      vertex -113.484 -109.984 0.2
      vertex -113.465 -110.08 0.2
    endloop
  endfacet
  facet normal 0 0 1
    outer loop
      vertex -113.538 -109.903 0.2
      vertex -112.302 -109.903 0.2
      vertex -113.538 -108.857 0.2
    endloop
  endfacet
  facet normal 0 0 1
    outer loop
      vertex -112.302 -109.903 0.2
      vertex -113.538 -109.903 0.2
      vertex -113.484 -109.984 0.2
    endloop
  endfacet
  facet normal -0 0 1
    outer loop
      vertex -113.619 -108.911 0.2
      vertex -113.538 -109.903 0.2
      vertex -113.538 -108.857 0.2
    endloop
  endfacet
  facet normal 0 0 1
    outer loop
      vertex -113.619 -108.911 0.2
      vertex -113.619 -109.849 0.2
      vertex -113.538 -109.903 0.2
    endloop
  endfacet
  facet normal -0 0 1
    outer loop
      vertex -113.715 -108.93 0.2
      vertex -113.619 -109.849 0.2
      vertex -113.619 -108.911 0.2
    endloop
  endfacet
  facet normal 0 0 1
    outer loop
      vertex -113.715 -108.93 0.2
      vertex -113.715 -109.83 0.2
      vertex -113.619 -109.849 0.2
    endloop
  endfacet
  facet normal -0 0 1
    outer loop
      vertex -114.665 -108.93 0.2
      vertex -113.715 -109.83 0.2
      vertex -113.715 -108.93 0.2
    endloop
  endfacet
  facet normal 0 0 1
    outer loop
      vertex -114.665 -108.93 0.2
      vertex -114.665 -109.83 0.2
      vertex -113.715 -109.83 0.2
    endloop
  endfacet
  facet normal 0 0 1
    outer loop
      vertex -114.761 -108.911 0.2
      vertex -114.665 -109.83 0.2
      vertex -114.665 -108.93 0.2
    endloop
  endfacet
  facet normal 0 0 1
    outer loop
      vertex -114.761 -108.911 0.2
      vertex -114.761 -109.849 0.2
      vertex -114.665 -109.83 0.2
    endloop
  endfacet
  facet normal 0 0 1
    outer loop
      vertex -114.842 -108.857 0.2
      vertex -114.761 -109.849 0.2
      vertex -114.761 -108.911 0.2
    endloop
  endfacet
  facet normal 0 0 1
    outer loop
      vertex -114.842 -108.857 0.2
      vertex -114.842 -109.903 0.2
      vertex -114.761 -109.849 0.2
    endloop
  endfacet
  facet normal 0 0 1
    outer loop
      vertex -116.024 -108.776 0.2
      vertex -114.896 -108.776 0.2
      vertex -116.005 -108.68 0.2
    endloop
  endfacet
  facet normal 0 0 1
    outer loop
      vertex -114.896 -108.776 0.2
      vertex -116.024 -108.776 0.2
      vertex -114.842 -108.857 0.2
    endloop
  endfacet
  facet normal -0 0 1
    outer loop
      vertex -116.005 -108.68 0.2
      vertex -114.896 -108.776 0.2
      vertex -114.915 -108.68 0.2
    endloop
  endfacet
  facet normal 0 0 1
    outer loop
      vertex -116.078 -108.857 0.2
      vertex -114.842 -108.857 0.2
      vertex -116.024 -108.776 0.2
    endloop
  endfacet
  facet normal 0 0 1
    outer loop
      vertex -111.494 -92.1543 0.2
      vertex -106.231 -90.3957 0.2
      vertex -111.494 -90.3457 0.2
    endloop
  endfacet
  facet normal 0 0 1
    outer loop
      vertex -106.231 -90.3957 0.2
      vertex -111.494 -92.1543 0.2
      vertex -111.475 -92.25 0.2
    endloop
  endfacet
  facet normal -0 0 1
    outer loop
      vertex -111.548 -90.4268 0.2
      vertex -111.494 -92.1543 0.2
      vertex -111.494 -90.3457 0.2
    endloop
  endfacet
  facet normal 0 0 1
    outer loop
      vertex -111.548 -90.4268 0.2
      vertex -111.548 -92.0732 0.2
      vertex -111.494 -92.1543 0.2
    endloop
  endfacet
  facet normal -0 0 1
    outer loop
      vertex -111.629 -90.481 0.2
      vertex -111.548 -92.0732 0.2
      vertex -111.548 -90.4268 0.2
    endloop
  endfacet
  facet normal 0 0 1
    outer loop
      vertex -111.629 -90.481 0.2
      vertex -111.629 -92.019 0.2
      vertex -111.548 -92.0732 0.2
    endloop
  endfacet
  facet normal -0 0 1
    outer loop
      vertex -111.725 -90.5 0.2
      vertex -111.629 -92.019 0.2
      vertex -111.629 -90.481 0.2
    endloop
  endfacet
  facet normal 0 0 1
    outer loop
      vertex -111.725 -90.5 0.2
      vertex -111.725 -92 0.2
      vertex -111.629 -92.019 0.2
    endloop
  endfacet
  facet normal -0 0 1
    outer loop
      vertex -113.025 -90.5 0.2
      vertex -111.725 -92 0.2
      vertex -111.725 -90.5 0.2
    endloop
  endfacet
  facet normal 0 0 1
    outer loop
      vertex -113.025 -90.5 0.2
      vertex -113.025 -92 0.2
      vertex -111.725 -92 0.2
    endloop
  endfacet
  facet normal 0 0 1
    outer loop
      vertex -113.121 -90.481 0.2
      vertex -113.025 -92 0.2
      vertex -113.025 -90.5 0.2
    endloop
  endfacet
  facet normal 0 0 1
    outer loop
      vertex -113.121 -90.481 0.2
      vertex -113.121 -92.019 0.2
      vertex -113.025 -92 0.2
    endloop
  endfacet
  facet normal 0 0 1
    outer loop
      vertex -113.202 -90.4268 0.2
      vertex -113.121 -92.019 0.2
      vertex -113.121 -90.481 0.2
    endloop
  endfacet
  facet normal 0 0 1
    outer loop
      vertex -113.202 -90.4268 0.2
      vertex -113.202 -92.0732 0.2
      vertex -113.121 -92.019 0.2
    endloop
  endfacet
  facet normal 0 0 1
    outer loop
      vertex -113.256 -90.3457 0.2
      vertex -113.202 -92.0732 0.2
      vertex -113.202 -90.4268 0.2
    endloop
  endfacet
  facet normal 0 0 1
    outer loop
      vertex -113.256 -90.3457 0.2
      vertex -113.256 -92.1543 0.2
      vertex -113.202 -92.0732 0.2
    endloop
  endfacet
  facet normal 0 0 1
    outer loop
      vertex -118.469 -90.2957 0.2
      vertex -113.275 -90.25 0.2
      vertex -118.45 -90.2 0.2
    endloop
  endfacet
  facet normal 0 0 1
    outer loop
      vertex -113.256 -90.3457 0.2
      vertex -118.45 -92.2 0.2
      vertex -113.256 -92.1543 0.2
    endloop
  endfacet
  facet normal 0 0 1
    outer loop
      vertex -109.762 -108.857 0.2
      vertex -110.998 -108.857 0.2
      vertex -109.762 -109.903 0.2
    endloop
  endfacet
  facet normal 0 0 1
    outer loop
      vertex -109.762 -109.903 0.2
      vertex -110.944 -109.984 0.2
      vertex -110.925 -110.08 0.2
    endloop
  endfacet
  facet normal 0 0 1
    outer loop
      vertex -110.998 -109.903 0.2
      vertex -109.762 -109.903 0.2
      vertex -110.998 -108.857 0.2
    endloop
  endfacet
  facet normal 0 0 1
    outer loop
      vertex -109.762 -109.903 0.2
      vertex -110.998 -109.903 0.2
      vertex -110.944 -109.984 0.2
    endloop
  endfacet
  facet normal -0 0 1
    outer loop
      vertex -111.079 -108.911 0.2
      vertex -110.998 -109.903 0.2
      vertex -110.998 -108.857 0.2
    endloop
  endfacet
  facet normal 0 0 1
    outer loop
      vertex -111.079 -108.911 0.2
      vertex -111.079 -109.849 0.2
      vertex -110.998 -109.903 0.2
    endloop
  endfacet
  facet normal -0 0 1
    outer loop
      vertex -111.175 -108.93 0.2
      vertex -111.079 -109.849 0.2
      vertex -111.079 -108.911 0.2
    endloop
  endfacet
  facet normal 0 0 1
    outer loop
      vertex -111.175 -108.93 0.2
      vertex -111.175 -109.83 0.2
      vertex -111.079 -109.849 0.2
    endloop
  endfacet
  facet normal -0 0 1
    outer loop
      vertex -112.125 -108.93 0.2
      vertex -111.175 -109.83 0.2
      vertex -111.175 -108.93 0.2
    endloop
  endfacet
  facet normal 0 0 1
    outer loop
      vertex -112.125 -108.93 0.2
      vertex -112.125 -109.83 0.2
      vertex -111.175 -109.83 0.2
    endloop
  endfacet
  facet normal 0 0 1
    outer loop
      vertex -112.221 -108.911 0.2
      vertex -112.125 -109.83 0.2
      vertex -112.125 -108.93 0.2
    endloop
  endfacet
  facet normal 0 0 1
    outer loop
      vertex -112.221 -108.911 0.2
      vertex -112.221 -109.849 0.2
      vertex -112.125 -109.83 0.2
    endloop
  endfacet
  facet normal 0 0 1
    outer loop
      vertex -112.302 -108.857 0.2
      vertex -112.221 -109.849 0.2
      vertex -112.221 -108.911 0.2
    endloop
  endfacet
  facet normal 0 0 1
    outer loop
      vertex -112.302 -108.857 0.2
      vertex -112.302 -109.903 0.2
      vertex -112.221 -109.849 0.2
    endloop
  endfacet
  facet normal -0 0 1
    outer loop
      vertex -113.484 -108.776 0.2
      vertex -112.302 -108.857 0.2
      vertex -112.356 -108.776 0.2
    endloop
  endfacet
  facet normal 0 0 1
    outer loop
      vertex -113.538 -108.857 0.2
      vertex -112.302 -108.857 0.2
      vertex -113.484 -108.776 0.2
    endloop
  endfacet
  facet normal 0 0 1
    outer loop
      vertex -113.484 -108.776 0.2
      vertex -112.356 -108.776 0.2
      vertex -112.375 -108.68 0.2
    endloop
  endfacet
  facet normal 0 0 1
    outer loop
      vertex -112.302 -108.857 0.2
      vertex -113.538 -108.857 0.2
      vertex -112.302 -109.903 0.2
    endloop
  endfacet
  facet normal -0 0 1
    outer loop
      vertex -108.404 -108.776 0.2
      vertex -108.385 -110.08 0.2
      vertex -108.385 -108.68 0.2
    endloop
  endfacet
  facet normal 0 0 1
    outer loop
      vertex -108.404 -108.776 0.2
      vertex -108.404 -109.984 0.2
      vertex -108.385 -110.08 0.2
    endloop
  endfacet
  facet normal -0 0 1
    outer loop
      vertex -108.458 -108.857 0.2
      vertex -108.404 -109.984 0.2
      vertex -108.404 -108.776 0.2
    endloop
  endfacet
  facet normal 0 0 1
    outer loop
      vertex -108.458 -108.857 0.2
      vertex -108.458 -109.903 0.2
      vertex -108.404 -109.984 0.2
    endloop
  endfacet
  facet normal -0 0 1
    outer loop
      vertex -108.539 -108.911 0.2
      vertex -108.458 -109.903 0.2
      vertex -108.458 -108.857 0.2
    endloop
  endfacet
  facet normal 0 0 1
    outer loop
      vertex -108.539 -108.911 0.2
      vertex -108.539 -109.849 0.2
      vertex -108.458 -109.903 0.2
    endloop
  endfacet
  facet normal -0 0 1
    outer loop
      vertex -108.635 -108.93 0.2
      vertex -108.539 -109.849 0.2
      vertex -108.539 -108.911 0.2
    endloop
  endfacet
  facet normal 0 0 1
    outer loop
      vertex -108.635 -108.93 0.2
      vertex -108.635 -109.83 0.2
      vertex -108.539 -109.849 0.2
    endloop
  endfacet
  facet normal -0 0 1
    outer loop
      vertex -109.585 -108.93 0.2
      vertex -108.635 -109.83 0.2
      vertex -108.635 -108.93 0.2
    endloop
  endfacet
  facet normal 0 0 1
    outer loop
      vertex -109.585 -108.93 0.2
      vertex -109.585 -109.83 0.2
      vertex -108.635 -109.83 0.2
    endloop
  endfacet
  facet normal 0 0 1
    outer loop
      vertex -109.681 -108.911 0.2
      vertex -109.585 -109.83 0.2
      vertex -109.585 -108.93 0.2
    endloop
  endfacet
  facet normal 0 0 1
    outer loop
      vertex -109.681 -108.911 0.2
      vertex -109.681 -109.849 0.2
      vertex -109.585 -109.83 0.2
    endloop
  endfacet
  facet normal 0 0 1
    outer loop
      vertex -109.762 -108.857 0.2
      vertex -109.681 -109.849 0.2
      vertex -109.681 -108.911 0.2
    endloop
  endfacet
  facet normal 0 0 1
    outer loop
      vertex -109.762 -108.857 0.2
      vertex -109.762 -109.903 0.2
      vertex -109.681 -109.849 0.2
    endloop
  endfacet
  facet normal 0 0 1
    outer loop
      vertex -110.944 -108.776 0.2
      vertex -109.816 -108.776 0.2
      vertex -110.925 -108.68 0.2
    endloop
  endfacet
  facet normal 0 0 1
    outer loop
      vertex -109.816 -108.776 0.2
      vertex -110.944 -108.776 0.2
      vertex -109.762 -108.857 0.2
    endloop
  endfacet
  facet normal -0 0 1
    outer loop
      vertex -110.925 -108.68 0.2
      vertex -109.816 -108.776 0.2
      vertex -109.835 -108.68 0.2
    endloop
  endfacet
  facet normal 0 0 1
    outer loop
      vertex -110.998 -108.857 0.2
      vertex -109.762 -108.857 0.2
      vertex -110.944 -108.776 0.2
    endloop
  endfacet
  facet normal 0 0 1
    outer loop
      vertex -104.469 -92.2043 0.2
      vertex -99.156 -92.1543 0.2
      vertex -104.469 -90.3957 0.2
    endloop
  endfacet
  facet normal 0 0 1
    outer loop
      vertex -99.156 -92.1543 0.2
      vertex -104.469 -92.2043 0.2
      vertex -104.45 -92.3 0.2
    endloop
  endfacet
  facet normal -0 0 1
    outer loop
      vertex -104.523 -90.4768 0.2
      vertex -104.469 -92.2043 0.2
      vertex -104.469 -90.3957 0.2
    endloop
  endfacet
  facet normal 0 0 1
    outer loop
      vertex -104.523 -90.4768 0.2
      vertex -104.523 -92.1232 0.2
      vertex -104.469 -92.2043 0.2
    endloop
  endfacet
  facet normal -0 0 1
    outer loop
      vertex -104.604 -90.531 0.2
      vertex -104.523 -92.1232 0.2
      vertex -104.523 -90.4768 0.2
    endloop
  endfacet
  facet normal 0 0 1
    outer loop
      vertex -104.604 -90.531 0.2
      vertex -104.604 -92.069 0.2
      vertex -104.523 -92.1232 0.2
    endloop
  endfacet
  facet normal -0 0 1
    outer loop
      vertex -104.7 -90.55 0.2
      vertex -104.604 -92.069 0.2
      vertex -104.604 -90.531 0.2
    endloop
  endfacet
  facet normal 0 0 1
    outer loop
      vertex -104.7 -90.55 0.2
      vertex -104.7 -92.05 0.2
      vertex -104.604 -92.069 0.2
    endloop
  endfacet
  facet normal -0 0 1
    outer loop
      vertex -106 -90.55 0.2
      vertex -104.7 -92.05 0.2
      vertex -104.7 -90.55 0.2
    endloop
  endfacet
  facet normal 0 0 1
    outer loop
      vertex -106 -90.55 0.2
      vertex -106 -92.05 0.2
      vertex -104.7 -92.05 0.2
    endloop
  endfacet
  facet normal 0 0 1
    outer loop
      vertex -106.096 -90.531 0.2
      vertex -106 -92.05 0.2
      vertex -106 -90.55 0.2
    endloop
  endfacet
  facet normal 0 0 1
    outer loop
      vertex -106.096 -90.531 0.2
      vertex -106.096 -92.069 0.2
      vertex -106 -92.05 0.2
    endloop
  endfacet
  facet normal 0 0 1
    outer loop
      vertex -106.177 -90.4768 0.2
      vertex -106.096 -92.069 0.2
      vertex -106.096 -90.531 0.2
    endloop
  endfacet
  facet normal 0 0 1
    outer loop
      vertex -106.177 -90.4768 0.2
      vertex -106.177 -92.1232 0.2
      vertex -106.096 -92.069 0.2
    endloop
  endfacet
  facet normal 0 0 1
    outer loop
      vertex -106.231 -90.3957 0.2
      vertex -106.177 -92.1232 0.2
      vertex -106.177 -90.4768 0.2
    endloop
  endfacet
  facet normal 0 0 1
    outer loop
      vertex -106.231 -90.3957 0.2
      vertex -106.231 -92.2043 0.2
      vertex -106.177 -92.1232 0.2
    endloop
  endfacet
  facet normal 0 0 1
    outer loop
      vertex -111.494 -90.3457 0.2
      vertex -106.25 -90.3 0.2
      vertex -111.475 -90.25 0.2
    endloop
  endfacet
  facet normal 0 0 1
    outer loop
      vertex -106.231 -90.3957 0.2
      vertex -111.475 -92.25 0.2
      vertex -106.231 -92.2043 0.2
    endloop
  endfacet
  facet normal -0 0 1
    outer loop
      vertex -97.394 -90.3457 0.2
      vertex -97.375 -92.25 0.2
      vertex -97.375 -90.25 0.2
    endloop
  endfacet
  facet normal 0 0 1
    outer loop
      vertex -97.394 -90.3457 0.2
      vertex -97.394 -92.1543 0.2
      vertex -97.375 -92.25 0.2
    endloop
  endfacet
  facet normal -0 0 1
    outer loop
      vertex -97.4482 -90.4268 0.2
      vertex -97.394 -92.1543 0.2
      vertex -97.394 -90.3457 0.2
    endloop
  endfacet
  facet normal 0 0 1
    outer loop
      vertex -97.4482 -90.4268 0.2
      vertex -97.4482 -92.0732 0.2
      vertex -97.394 -92.1543 0.2
    endloop
  endfacet
  facet normal -0 0 1
    outer loop
      vertex -97.5293 -90.481 0.2
      vertex -97.4482 -92.0732 0.2
      vertex -97.4482 -90.4268 0.2
    endloop
  endfacet
  facet normal 0 0 1
    outer loop
      vertex -97.5293 -90.481 0.2
      vertex -97.5293 -92.019 0.2
      vertex -97.4482 -92.0732 0.2
    endloop
  endfacet
  facet normal -0 0 1
    outer loop
      vertex -97.625 -90.5 0.2
      vertex -97.5293 -92.019 0.2
      vertex -97.5293 -90.481 0.2
    endloop
  endfacet
  facet normal 0 0 1
    outer loop
      vertex -97.625 -90.5 0.2
      vertex -97.625 -92 0.2
      vertex -97.5293 -92.019 0.2
    endloop
  endfacet
  facet normal -0 0 1
    outer loop
      vertex -98.925 -90.5 0.2
      vertex -97.625 -92 0.2
      vertex -97.625 -90.5 0.2
    endloop
  endfacet
  facet normal 0 0 1
    outer loop
      vertex -98.925 -90.5 0.2
      vertex -98.925 -92 0.2
      vertex -97.625 -92 0.2
    endloop
  endfacet
  facet normal 0 0 1
    outer loop
      vertex -99.0207 -90.481 0.2
      vertex -98.925 -92 0.2
      vertex -98.925 -90.5 0.2
    endloop
  endfacet
  facet normal 0 0 1
    outer loop
      vertex -99.0207 -90.481 0.2
      vertex -99.0207 -92.019 0.2
      vertex -98.925 -92 0.2
    endloop
  endfacet
  facet normal 0 0 1
    outer loop
      vertex -99.1018 -90.4268 0.2
      vertex -99.0207 -92.019 0.2
      vertex -99.0207 -90.481 0.2
    endloop
  endfacet
  facet normal 0 0 1
    outer loop
      vertex -99.1018 -90.4268 0.2
      vertex -99.1018 -92.0732 0.2
      vertex -99.0207 -92.019 0.2
    endloop
  endfacet
  facet normal 0 0 1
    outer loop
      vertex -99.156 -90.3457 0.2
      vertex -99.1018 -92.0732 0.2
      vertex -99.1018 -90.4268 0.2
    endloop
  endfacet
  facet normal 0 0 1
    outer loop
      vertex -99.156 -90.3457 0.2
      vertex -99.156 -92.1543 0.2
      vertex -99.1018 -92.0732 0.2
    endloop
  endfacet
  facet normal -0 0 1
    outer loop
      vertex -104.45 -90.3 0.2
      vertex -99.156 -90.3457 0.2
      vertex -99.175 -90.25 0.2
    endloop
  endfacet
  facet normal 0 0 1
    outer loop
      vertex -104.469 -90.3957 0.2
      vertex -99.156 -90.3457 0.2
      vertex -104.45 -90.3 0.2
    endloop
  endfacet
  facet normal 0 0 1
    outer loop
      vertex -94 -75.3434 0.2
      vertex -88.85 -80.4934 0.2
      vertex -88.8502 -80.4642 0.2
    endloop
  endfacet
  facet normal 0 0 1
    outer loop
      vertex -88.85 -80.4934 0.2
      vertex -97.394 -95.3457 0.2
      vertex -88.85 -140 0.2
    endloop
  endfacet
  facet normal 0 0 1
    outer loop
      vertex -88.8658 -80.0843 0.2
      vertex -88.8502 -80.4642 0.2
      vertex -88.8525 -80.2959 0.2
    endloop
  endfacet
  facet normal -0 0 1
    outer loop
      vertex -97.4482 -95.4268 0.2
      vertex -88.85 -140 0.2
      vertex -97.394 -95.3457 0.2
    endloop
  endfacet
  facet normal 0 0 1
    outer loop
      vertex -88.8502 -80.4642 0.2
      vertex -88.8658 -80.0843 0.2
      vertex -94 -75.3434 0.2
    endloop
  endfacet
  facet normal -0 0 1
    outer loop
      vertex -97.5293 -95.481 0.2
      vertex -88.85 -140 0.2
      vertex -97.4482 -95.4268 0.2
    endloop
  endfacet
  facet normal 0 0 1
    outer loop
      vertex -94 -75.3434 0.2
      vertex -88.8658 -80.0843 0.2
      vertex -88.9035 -79.7497 0.2
    endloop
  endfacet
  facet normal -0 0 1
    outer loop
      vertex -108.404 -110.676 0.2
      vertex -88.85 -140 0.2
      vertex -97.5293 -95.481 0.2
    endloop
  endfacet
  facet normal 0 0 1
    outer loop
      vertex -94 -75.3434 0.2
      vertex -88.9035 -79.7497 0.2
      vertex -88.9439 -79.5121 0.2
    endloop
  endfacet
  facet normal -0 0 1
    outer loop
      vertex -108.458 -110.757 0.2
      vertex -88.85 -140 0.2
      vertex -108.404 -110.676 0.2
    endloop
  endfacet
  facet normal 0 0 1
    outer loop
      vertex -94 -75.3434 0.2
      vertex -88.9439 -79.5121 0.2
      vertex -89.0188 -79.1839 0.2
    endloop
  endfacet
  facet normal -0 0 1
    outer loop
      vertex -108.539 -110.811 0.2
      vertex -88.85 -140 0.2
      vertex -108.458 -110.757 0.2
    endloop
  endfacet
  facet normal 0 0 1
    outer loop
      vertex -94 -75.3434 0.2
      vertex -89.0188 -79.1839 0.2
      vertex -89.0855 -78.9523 0.2
    endloop
  endfacet
  facet normal 0 -0 1
    outer loop
      vertex -94 -145.15 0.2
      vertex -88.85 -140 0.2
      vertex -108.539 -110.811 0.2
    endloop
  endfacet
  facet normal 0 0 1
    outer loop
      vertex -94 -75.3434 0.2
      vertex -89.0855 -78.9523 0.2
      vertex -89.1967 -78.6345 0.2
    endloop
  endfacet
  facet normal 0 0 1
    outer loop
      vertex -88.85 -140 0.2
      vertex -94 -145.15 0.2
      vertex -88.8502 -140.031 0.2
    endloop
  endfacet
  facet normal 0 0 1
    outer loop
      vertex -94 -75.3434 0.2
      vertex -89.1967 -78.6345 0.2
      vertex -89.289 -78.4117 0.2
    endloop
  endfacet
  facet normal 0 -0 1
    outer loop
      vertex -88.8659 -140.409 0.2
      vertex -88.8502 -140.031 0.2
      vertex -94 -145.15 0.2
    endloop
  endfacet
  facet normal 0 0 1
    outer loop
      vertex -94 -75.3434 0.2
      vertex -89.289 -78.4117 0.2
      vertex -89.4351 -78.1083 0.2
    endloop
  endfacet
  facet normal 0 0 1
    outer loop
      vertex -88.8502 -140.031 0.2
      vertex -88.8659 -140.409 0.2
      vertex -88.8526 -140.199 0.2
    endloop
  endfacet
  facet normal 0 0 1
    outer loop
      vertex -94 -75.3434 0.2
      vertex -89.4351 -78.1083 0.2
      vertex -89.5516 -77.8974 0.2
    endloop
  endfacet
  facet normal 0 0 1
    outer loop
      vertex -88.8659 -140.409 0.2
      vertex -94 -145.15 0.2
      vertex -88.9036 -140.744 0.2
    endloop
  endfacet
  facet normal 0 0 1
    outer loop
      vertex -94 -75.3434 0.2
      vertex -89.5516 -77.8974 0.2
      vertex -89.7307 -77.6123 0.2
    endloop
  endfacet
  facet normal 0 0 1
    outer loop
      vertex -88.9036 -140.744 0.2
      vertex -94 -145.15 0.2
      vertex -88.944 -140.981 0.2
    endloop
  endfacet
  facet normal 0 0 1
    outer loop
      vertex -94 -75.3434 0.2
      vertex -89.7307 -77.6123 0.2
      vertex -89.8704 -77.4154 0.2
    endloop
  endfacet
  facet normal 0 0 1
    outer loop
      vertex -89.0189 -141.309 0.2
      vertex -94 -145.15 0.2
      vertex -89.0856 -141.541 0.2
    endloop
  endfacet
  facet normal 0 0 1
    outer loop
      vertex -94 -75.3434 0.2
      vertex -89.8704 -77.4154 0.2
      vertex -90.0803 -77.1522 0.2
    endloop
  endfacet
  facet normal 0 0 1
    outer loop
      vertex -89.0856 -141.541 0.2
      vertex -94 -145.15 0.2
      vertex -89.1969 -141.859 0.2
    endloop
  endfacet
  facet normal 0 0 1
    outer loop
      vertex -94 -75.3434 0.2
      vertex -90.0803 -77.1522 0.2
      vertex -90.2409 -76.9725 0.2
    endloop
  endfacet
  facet normal 0 0 1
    outer loop
      vertex -89.1969 -141.859 0.2
      vertex -94 -145.15 0.2
      vertex -89.2892 -142.082 0.2
    endloop
  endfacet
  facet normal 0 0 1
    outer loop
      vertex -94 -75.3434 0.2
      vertex -90.2409 -76.9725 0.2
      vertex -90.479 -76.7344 0.2
    endloop
  endfacet
  facet normal 0 0 1
    outer loop
      vertex -89.2892 -142.082 0.2
      vertex -94 -145.15 0.2
      vertex -89.4353 -142.385 0.2
    endloop
  endfacet
  facet normal 0 0 1
    outer loop
      vertex -89.4353 -142.385 0.2
      vertex -94 -145.15 0.2
      vertex -89.5517 -142.596 0.2
    endloop
  endfacet
  facet normal 0 0 1
    outer loop
      vertex -94 -75.3434 0.2
      vertex -90.479 -76.7344 0.2
      vertex -90.6591 -76.5735 0.2
    endloop
  endfacet
  facet normal 0 0 1
    outer loop
      vertex -89.5517 -142.596 0.2
      vertex -94 -145.15 0.2
      vertex -89.7308 -142.881 0.2
    endloop
  endfacet
  facet normal 0 0 1
    outer loop
      vertex -94 -75.3434 0.2
      vertex -90.6591 -76.5735 0.2
      vertex -90.9223 -76.3636 0.2
    endloop
  endfacet
  facet normal 0 0 1
    outer loop
      vertex -94 -75.3434 0.2
      vertex -90.9223 -76.3636 0.2
      vertex -91.1184 -76.2245 0.2
    endloop
  endfacet
  facet normal 0 0 1
    outer loop
      vertex -88.85 -80.4934 0.2
      vertex -97.375 -95.25 0.2
      vertex -97.394 -95.3457 0.2
    endloop
  endfacet
  facet normal 0 0 1
    outer loop
      vertex -94 -75.3434 0.2
      vertex -91.1184 -76.2245 0.2
      vertex -91.4035 -76.0453 0.2
    endloop
  endfacet
  facet normal 0 0 1
    outer loop
      vertex -89.7308 -142.881 0.2
      vertex -94 -145.15 0.2
      vertex -89.8705 -143.078 0.2
    endloop
  endfacet
  facet normal 0 0 1
    outer loop
      vertex -89.8705 -143.078 0.2
      vertex -94 -145.15 0.2
      vertex -90.0804 -143.341 0.2
    endloop
  endfacet
  facet normal 0 0 1
    outer loop
      vertex -94 -75.3434 0.2
      vertex -91.4035 -76.0453 0.2
      vertex -91.6152 -75.9283 0.2
    endloop
  endfacet
  facet normal 0 0 1
    outer loop
      vertex -90.0804 -143.341 0.2
      vertex -94 -145.15 0.2
      vertex -90.241 -143.521 0.2
    endloop
  endfacet
  facet normal 0 0 1
    outer loop
      vertex -94 -75.3434 0.2
      vertex -91.6152 -75.9283 0.2
      vertex -91.9185 -75.7823 0.2
    endloop
  endfacet
  facet normal 0 0 1
    outer loop
      vertex -90.241 -143.521 0.2
      vertex -94 -145.15 0.2
      vertex -90.4791 -143.759 0.2
    endloop
  endfacet
  facet normal 0 0 1
    outer loop
      vertex -94 -75.3434 0.2
      vertex -91.9185 -75.7823 0.2
      vertex -92.141 -75.6902 0.2
    endloop
  endfacet
  facet normal 0 0 1
    outer loop
      vertex -90.4791 -143.759 0.2
      vertex -94 -145.15 0.2
      vertex -90.6589 -143.92 0.2
    endloop
  endfacet
  facet normal 0 0 1
    outer loop
      vertex -94 -75.3434 0.2
      vertex -92.141 -75.6902 0.2
      vertex -92.4588 -75.579 0.2
    endloop
  endfacet
  facet normal 0 0 1
    outer loop
      vertex -94 -75.3434 0.2
      vertex -92.4588 -75.579 0.2
      vertex -92.6905 -75.5123 0.2
    endloop
  endfacet
  facet normal 0 0 1
    outer loop
      vertex -90.9221 -144.13 0.2
      vertex -94 -145.15 0.2
      vertex -91.119 -144.269 0.2
    endloop
  endfacet
  facet normal 0 0 1
    outer loop
      vertex -94 -75.3434 0.2
      vertex -92.6905 -75.5123 0.2
      vertex -93.0188 -75.4374 0.2
    endloop
  endfacet
  facet normal 0 0 1
    outer loop
      vertex -91.119 -144.269 0.2
      vertex -94 -145.15 0.2
      vertex -91.4041 -144.448 0.2
    endloop
  endfacet
  facet normal 0 0 1
    outer loop
      vertex -93.9694 -75.3436 0.2
      vertex -93.0188 -75.4374 0.2
      vertex -93.2563 -75.397 0.2
    endloop
  endfacet
  facet normal 0 0 1
    outer loop
      vertex -91.4041 -144.448 0.2
      vertex -94 -145.15 0.2
      vertex -91.6146 -144.565 0.2
    endloop
  endfacet
  facet normal 0 0 1
    outer loop
      vertex -93.9694 -75.3436 0.2
      vertex -93.2563 -75.397 0.2
      vertex -93.591 -75.3593 0.2
    endloop
  endfacet
  facet normal 0 0 1
    outer loop
      vertex -91.6146 -144.565 0.2
      vertex -94 -145.15 0.2
      vertex -91.9179 -144.711 0.2
    endloop
  endfacet
  facet normal 0 0 1
    outer loop
      vertex -91.9179 -144.711 0.2
      vertex -94 -145.15 0.2
      vertex -92.1409 -144.803 0.2
    endloop
  endfacet
  facet normal 0 0 1
    outer loop
      vertex -93.9694 -75.3436 0.2
      vertex -93.591 -75.3593 0.2
      vertex -93.8011 -75.346 0.2
    endloop
  endfacet
  facet normal 0 0 1
    outer loop
      vertex -92.1409 -144.803 0.2
      vertex -94 -145.15 0.2
      vertex -92.4587 -144.914 0.2
    endloop
  endfacet
  facet normal 0 0 1
    outer loop
      vertex -94 -75.3434 0.2
      vertex -93.0188 -75.4374 0.2
      vertex -93.9694 -75.3436 0.2
    endloop
  endfacet
  facet normal 0 0 1
    outer loop
      vertex -88.85 -80.4934 0.2
      vertex -94 -75.3434 0.2
      vertex -97.5293 -87.019 0.2
    endloop
  endfacet
  facet normal 0 0 1
    outer loop
      vertex -92.4587 -144.914 0.2
      vertex -94 -145.15 0.2
      vertex -92.6905 -144.981 0.2
    endloop
  endfacet
  facet normal 0 0 1
    outer loop
      vertex -88.85 -80.4934 0.2
      vertex -97.375 -87.25 0.2
      vertex -97.375 -90.25 0.2
    endloop
  endfacet
  facet normal 0 0 1
    outer loop
      vertex -88.85 -80.4934 0.2
      vertex -97.394 -87.1543 0.2
      vertex -97.375 -87.25 0.2
    endloop
  endfacet
  facet normal 0 0 1
    outer loop
      vertex -88.85 -80.4934 0.2
      vertex -97.4482 -87.0732 0.2
      vertex -97.394 -87.1543 0.2
    endloop
  endfacet
  facet normal 0 0 1
    outer loop
      vertex -88.85 -80.4934 0.2
      vertex -97.5293 -87.019 0.2
      vertex -97.4482 -87.0732 0.2
    endloop
  endfacet
  facet normal 0 0 1
    outer loop
      vertex -94 -75.3434 0.2
      vertex -97.625 -87 0.2
      vertex -97.5293 -87.019 0.2
    endloop
  endfacet
  facet normal 0 0 1
    outer loop
      vertex -94 -75.3434 0.2
      vertex -98.925 -87 0.2
      vertex -97.625 -87 0.2
    endloop
  endfacet
  facet normal 0 0 1
    outer loop
      vertex -94 -75.3434 0.2
      vertex -99.0207 -87.019 0.2
      vertex -98.925 -87 0.2
    endloop
  endfacet
  facet normal 0 0 1
    outer loop
      vertex -104.604 -87.069 0.2
      vertex -99.0207 -87.019 0.2
      vertex -94 -75.3434 0.2
    endloop
  endfacet
  facet normal 0 0 1
    outer loop
      vertex -99.0207 -87.019 0.2
      vertex -104.604 -87.069 0.2
      vertex -99.1018 -87.0732 0.2
    endloop
  endfacet
  facet normal -0 0 1
    outer loop
      vertex -104.45 -87.3 0.2
      vertex -99.175 -90.25 0.2
      vertex -99.175 -87.25 0.2
    endloop
  endfacet
  facet normal 0 0 1
    outer loop
      vertex -99.156 -90.3457 0.2
      vertex -104.469 -90.3957 0.2
      vertex -99.156 -92.1543 0.2
    endloop
  endfacet
  facet normal 0 0 1
    outer loop
      vertex -99.175 -90.25 0.2
      vertex -104.45 -87.3 0.2
      vertex -104.45 -90.3 0.2
    endloop
  endfacet
  facet normal -0 0 1
    outer loop
      vertex -104.469 -87.2043 0.2
      vertex -99.175 -87.25 0.2
      vertex -99.156 -87.1543 0.2
    endloop
  endfacet
  facet normal 0 -0 1
    outer loop
      vertex -104.523 -87.1232 0.2
      vertex -99.1018 -87.0732 0.2
      vertex -104.604 -87.069 0.2
    endloop
  endfacet
  facet normal 0 0 1
    outer loop
      vertex -99.175 -87.25 0.2
      vertex -104.469 -87.2043 0.2
      vertex -104.45 -87.3 0.2
    endloop
  endfacet
  facet normal 0 0 1
    outer loop
      vertex -99.156 -87.1543 0.2
      vertex -104.523 -87.1232 0.2
      vertex -104.469 -87.2043 0.2
    endloop
  endfacet
  facet normal 0 0 1
    outer loop
      vertex -99.1018 -87.0732 0.2
      vertex -104.523 -87.1232 0.2
      vertex -99.156 -87.1543 0.2
    endloop
  endfacet
  facet normal 0 0 1
    outer loop
      vertex -94 -75.3434 0.2
      vertex -104.7 -87.05 0.2
      vertex -104.604 -87.069 0.2
    endloop
  endfacet
  facet normal 0 0 1
    outer loop
      vertex -94 -75.3434 0.2
      vertex -106 -87.05 0.2
      vertex -104.7 -87.05 0.2
    endloop
  endfacet
  facet normal -0 0 1
    outer loop
      vertex -111.629 -87.019 0.2
      vertex -106 -87.05 0.2
      vertex -94 -75.3434 0.2
    endloop
  endfacet
  facet normal 0 0 1
    outer loop
      vertex -106 -87.05 0.2
      vertex -111.629 -87.019 0.2
      vertex -106.096 -87.069 0.2
    endloop
  endfacet
  facet normal -0 0 1
    outer loop
      vertex -111.475 -90.25 0.2
      vertex -106.25 -90.3 0.2
      vertex -106.25 -87.3 0.2
    endloop
  endfacet
  facet normal 0 0 1
    outer loop
      vertex -106.25 -90.3 0.2
      vertex -111.494 -90.3457 0.2
      vertex -106.231 -90.3957 0.2
    endloop
  endfacet
  facet normal 0 0 1
    outer loop
      vertex -111.475 -95.25 0.2
      vertex -106.25 -92.3 0.2
      vertex -111.475 -92.25 0.2
    endloop
  endfacet
  facet normal 0 0 1
    outer loop
      vertex -106.25 -95.3 0.2
      vertex -108.404 -108.084 0.2
      vertex -108.385 -108.18 0.2
    endloop
  endfacet
  facet normal 0 0 1
    outer loop
      vertex -106.25 -95.3 0.2
      vertex -108.458 -108.003 0.2
      vertex -108.404 -108.084 0.2
    endloop
  endfacet
  facet normal 0 0 1
    outer loop
      vertex -111.548 -95.4268 0.2
      vertex -106.25 -95.3 0.2
      vertex -111.494 -95.3457 0.2
    endloop
  endfacet
  facet normal 0 0 1
    outer loop
      vertex -106.25 -95.3 0.2
      vertex -108.539 -107.949 0.2
      vertex -108.458 -108.003 0.2
    endloop
  endfacet
  facet normal 0 0 1
    outer loop
      vertex -111.629 -95.481 0.2
      vertex -106.25 -95.3 0.2
      vertex -111.548 -95.4268 0.2
    endloop
  endfacet
  facet normal 0 0 1
    outer loop
      vertex -106.25 -95.3 0.2
      vertex -108.635 -107.93 0.2
      vertex -108.539 -107.949 0.2
    endloop
  endfacet
  facet normal 0 0 1
    outer loop
      vertex -106.25 -95.3 0.2
      vertex -111.629 -95.481 0.2
      vertex -108.635 -107.93 0.2
    endloop
  endfacet
  facet normal 0 0 1
    outer loop
      vertex -108.635 -107.93 0.2
      vertex -111.629 -95.481 0.2
      vertex -109.585 -107.93 0.2
    endloop
  endfacet
  facet normal 0 -0 1
    outer loop
      vertex -111.175 -107.93 0.2
      vertex -109.585 -107.93 0.2
      vertex -111.629 -95.481 0.2
    endloop
  endfacet
  facet normal 0 0 1
    outer loop
      vertex -110.925 -108.68 0.2
      vertex -109.835 -108.68 0.2
      vertex -109.835 -108.18 0.2
    endloop
  endfacet
  facet normal 0 0 1
    outer loop
      vertex -109.762 -109.903 0.2
      vertex -110.925 -110.08 0.2
      vertex -109.816 -109.984 0.2
    endloop
  endfacet
  facet normal 0 0 1
    outer loop
      vertex -110.925 -108.68 0.2
      vertex -109.835 -108.18 0.2
      vertex -110.925 -108.18 0.2
    endloop
  endfacet
  facet normal 0 0 1
    outer loop
      vertex -109.585 -107.93 0.2
      vertex -111.175 -107.93 0.2
      vertex -109.681 -107.949 0.2
    endloop
  endfacet
  facet normal -0 0 1
    outer loop
      vertex -111.475 -87.25 0.2
      vertex -106.25 -87.3 0.2
      vertex -106.231 -87.2043 0.2
    endloop
  endfacet
  facet normal 0 0 1
    outer loop
      vertex -109.835 -108.18 0.2
      vertex -110.944 -108.084 0.2
      vertex -110.925 -108.18 0.2
    endloop
  endfacet
  facet normal 0 -0 1
    outer loop
      vertex -111.079 -107.949 0.2
      vertex -109.681 -107.949 0.2
      vertex -111.175 -107.93 0.2
    endloop
  endfacet
  facet normal 0 0 1
    outer loop
      vertex -109.816 -108.084 0.2
      vertex -110.944 -108.084 0.2
      vertex -109.835 -108.18 0.2
    endloop
  endfacet
  facet normal 0 -0 1
    outer loop
      vertex -110.998 -108.003 0.2
      vertex -109.762 -108.003 0.2
      vertex -111.079 -107.949 0.2
    endloop
  endfacet
  facet normal 0 0 1
    outer loop
      vertex -106.25 -87.3 0.2
      vertex -111.475 -87.25 0.2
      vertex -111.475 -90.25 0.2
    endloop
  endfacet
  facet normal -0 0 1
    outer loop
      vertex -111.494 -87.1543 0.2
      vertex -106.231 -87.2043 0.2
      vertex -106.177 -87.1232 0.2
    endloop
  endfacet
  facet normal 0 -0 1
    outer loop
      vertex -111.548 -87.0732 0.2
      vertex -106.096 -87.069 0.2
      vertex -111.629 -87.019 0.2
    endloop
  endfacet
  facet normal 0 0 1
    outer loop
      vertex -106.231 -87.2043 0.2
      vertex -111.494 -87.1543 0.2
      vertex -111.475 -87.25 0.2
    endloop
  endfacet
  facet normal 0 0 1
    outer loop
      vertex -106.177 -87.1232 0.2
      vertex -111.548 -87.0732 0.2
      vertex -111.494 -87.1543 0.2
    endloop
  endfacet
  facet normal 0 0 1
    outer loop
      vertex -106.096 -87.069 0.2
      vertex -111.548 -87.0732 0.2
      vertex -106.177 -87.1232 0.2
    endloop
  endfacet
  facet normal 0 0 1
    outer loop
      vertex -94 -75.3434 0.2
      vertex -111.725 -87 0.2
      vertex -111.629 -87.019 0.2
    endloop
  endfacet
  facet normal 0 0 1
    outer loop
      vertex -94 -75.3434 0.2
      vertex -113.025 -87 0.2
      vertex -111.725 -87 0.2
    endloop
  endfacet
  facet normal -0 0 1
    outer loop
      vertex -118.7 -86.95 0.2
      vertex -113.025 -87 0.2
      vertex -94 -75.3434 0.2
    endloop
  endfacet
  facet normal -0 0 1
    outer loop
      vertex -118.45 -90.2 0.2
      vertex -113.275 -90.25 0.2
      vertex -113.275 -87.25 0.2
    endloop
  endfacet
  facet normal 0 0 1
    outer loop
      vertex -113.275 -90.25 0.2
      vertex -118.469 -90.2957 0.2
      vertex -113.256 -90.3457 0.2
    endloop
  endfacet
  facet normal 0 0 1
    outer loop
      vertex -118.45 -95.2 0.2
      vertex -113.275 -92.25 0.2
      vertex -118.45 -92.2 0.2
    endloop
  endfacet
  facet normal 0 0 1
    outer loop
      vertex -113.275 -95.25 0.2
      vertex -113.484 -108.084 0.2
      vertex -113.465 -108.18 0.2
    endloop
  endfacet
  facet normal 0 0 1
    outer loop
      vertex -113.275 -95.25 0.2
      vertex -113.538 -108.003 0.2
      vertex -113.484 -108.084 0.2
    endloop
  endfacet
  facet normal 0 0 1
    outer loop
      vertex -118.523 -95.3768 0.2
      vertex -113.275 -95.25 0.2
      vertex -118.469 -95.2957 0.2
    endloop
  endfacet
  facet normal 0 0 1
    outer loop
      vertex -113.275 -95.25 0.2
      vertex -113.619 -107.949 0.2
      vertex -113.538 -108.003 0.2
    endloop
  endfacet
  facet normal 0 0 1
    outer loop
      vertex -118.604 -95.431 0.2
      vertex -113.275 -95.25 0.2
      vertex -118.523 -95.3768 0.2
    endloop
  endfacet
  facet normal 0 0 1
    outer loop
      vertex -113.275 -95.25 0.2
      vertex -113.715 -107.93 0.2
      vertex -113.619 -107.949 0.2
    endloop
  endfacet
  facet normal 0 0 1
    outer loop
      vertex -113.275 -95.25 0.2
      vertex -114.665 -107.93 0.2
      vertex -113.715 -107.93 0.2
    endloop
  endfacet
  facet normal 0 0 1
    outer loop
      vertex -113.275 -95.25 0.2
      vertex -116.255 -107.93 0.2
      vertex -114.665 -107.93 0.2
    endloop
  endfacet
  facet normal 0 0 1
    outer loop
      vertex -114.665 -107.93 0.2
      vertex -116.255 -107.93 0.2
      vertex -114.761 -107.949 0.2
    endloop
  endfacet
  facet normal 0 0 1
    outer loop
      vertex -116.005 -108.68 0.2
      vertex -114.915 -108.68 0.2
      vertex -114.915 -108.18 0.2
    endloop
  endfacet
  facet normal 0 0 1
    outer loop
      vertex -114.842 -109.903 0.2
      vertex -116.005 -110.08 0.2
      vertex -114.896 -109.984 0.2
    endloop
  endfacet
  facet normal 0 0 1
    outer loop
      vertex -116.005 -108.68 0.2
      vertex -114.915 -108.18 0.2
      vertex -116.005 -108.18 0.2
    endloop
  endfacet
  facet normal 0 -0 1
    outer loop
      vertex -116.159 -107.949 0.2
      vertex -114.761 -107.949 0.2
      vertex -116.255 -107.93 0.2
    endloop
  endfacet
  facet normal 0 0 1
    outer loop
      vertex -114.915 -108.18 0.2
      vertex -116.024 -108.084 0.2
      vertex -116.005 -108.18 0.2
    endloop
  endfacet
  facet normal 0 0 1
    outer loop
      vertex -114.896 -108.084 0.2
      vertex -116.024 -108.084 0.2
      vertex -114.915 -108.18 0.2
    endloop
  endfacet
  facet normal 0 -0 1
    outer loop
      vertex -116.078 -108.003 0.2
      vertex -114.842 -108.003 0.2
      vertex -116.159 -107.949 0.2
    endloop
  endfacet
  facet normal 0 0 1
    outer loop
      vertex -114.842 -108.003 0.2
      vertex -116.078 -108.003 0.2
      vertex -114.896 -108.084 0.2
    endloop
  endfacet
  facet normal 0 -0 1
    outer loop
      vertex -116.024 -108.084 0.2
      vertex -114.896 -108.084 0.2
      vertex -116.078 -108.003 0.2
    endloop
  endfacet
  facet normal 0 0 1
    outer loop
      vertex -114.761 -107.949 0.2
      vertex -116.159 -107.949 0.2
      vertex -114.842 -108.003 0.2
    endloop
  endfacet
  facet normal 0 0 1
    outer loop
      vertex -113.275 -95.25 0.2
      vertex -118.604 -95.431 0.2
      vertex -116.255 -107.93 0.2
    endloop
  endfacet
  facet normal 0 0 1
    outer loop
      vertex -116.255 -107.93 0.2
      vertex -118.604 -95.431 0.2
      vertex -117.205 -107.93 0.2
    endloop
  endfacet
  facet normal -0 0 1
    outer loop
      vertex -118.45 -87.2 0.2
      vertex -113.275 -87.25 0.2
      vertex -113.256 -87.1543 0.2
    endloop
  endfacet
  facet normal 0 0 1
    outer loop
      vertex -118.545 -108.68 0.2
      vertex -117.455 -108.68 0.2
      vertex -117.455 -108.18 0.2
    endloop
  endfacet
  facet normal 0 0 1
    outer loop
      vertex -117.382 -109.903 0.2
      vertex -118.545 -110.08 0.2
      vertex -117.436 -109.984 0.2
    endloop
  endfacet
  facet normal 0 0 1
    outer loop
      vertex -113.275 -92.25 0.2
      vertex -118.45 -95.2 0.2
      vertex -113.275 -95.25 0.2
    endloop
  endfacet
  facet normal 0 0 1
    outer loop
      vertex -113.256 -92.1543 0.2
      vertex -118.45 -92.2 0.2
      vertex -113.275 -92.25 0.2
    endloop
  endfacet
  facet normal 0 0 1
    outer loop
      vertex -113.275 -87.25 0.2
      vertex -118.45 -87.2 0.2
      vertex -118.45 -90.2 0.2
    endloop
  endfacet
  facet normal -0 0 1
    outer loop
      vertex -118.469 -87.1043 0.2
      vertex -113.256 -87.1543 0.2
      vertex -113.202 -87.0732 0.2
    endloop
  endfacet
  facet normal -0 0 1
    outer loop
      vertex -118.523 -87.0232 0.2
      vertex -113.202 -87.0732 0.2
      vertex -113.121 -87.019 0.2
    endloop
  endfacet
  facet normal -0 -0 1
    outer loop
      vertex -118.604 -86.969 0.2
      vertex -113.025 -87 0.2
      vertex -118.7 -86.95 0.2
    endloop
  endfacet
  facet normal 0 0 1
    outer loop
      vertex -113.256 -87.1543 0.2
      vertex -118.469 -87.1043 0.2
      vertex -118.45 -87.2 0.2
    endloop
  endfacet
  facet normal 0 0 1
    outer loop
      vertex -113.202 -87.0732 0.2
      vertex -118.523 -87.0232 0.2
      vertex -118.469 -87.1043 0.2
    endloop
  endfacet
  facet normal 0 0 1
    outer loop
      vertex -113.121 -87.019 0.2
      vertex -118.604 -86.969 0.2
      vertex -118.523 -87.0232 0.2
    endloop
  endfacet
  facet normal 0 0 1
    outer loop
      vertex -113.025 -87 0.2
      vertex -118.604 -86.969 0.2
      vertex -113.121 -87.019 0.2
    endloop
  endfacet
  facet normal 0 0 1
    outer loop
      vertex -94 -75.3434 0.2
      vertex -120 -86.95 0.2
      vertex -118.7 -86.95 0.2
    endloop
  endfacet
  facet normal 0 0 1
    outer loop
      vertex -125.7 -86.95 0.2
      vertex -120 -86.95 0.2
      vertex -94 -75.3434 0.2
    endloop
  endfacet
  facet normal 0 0 1
    outer loop
      vertex -125.45 -90.2 0.2
      vertex -120.25 -90.2 0.2
      vertex -120.25 -87.2 0.2
    endloop
  endfacet
  facet normal 0 0 1
    outer loop
      vertex -120.231 -90.2957 0.2
      vertex -125.469 -90.2957 0.2
      vertex -120.231 -92.1043 0.2
    endloop
  endfacet
  facet normal 0 0 1
    outer loop
      vertex -120.25 -92.2 0.2
      vertex -125.45 -92.2 0.2
      vertex -120.25 -95.2 0.2
    endloop
  endfacet
  facet normal 0 0 1
    outer loop
      vertex -120.25 -95.2 0.2
      vertex -121.104 -108.084 0.2
      vertex -121.085 -108.18 0.2
    endloop
  endfacet
  facet normal 0 0 1
    outer loop
      vertex -120.25 -95.2 0.2
      vertex -121.158 -108.003 0.2
      vertex -121.104 -108.084 0.2
    endloop
  endfacet
  facet normal 0 0 1
    outer loop
      vertex -125.523 -95.3768 0.2
      vertex -120.25 -95.2 0.2
      vertex -125.469 -95.2957 0.2
    endloop
  endfacet
  facet normal 0 0 1
    outer loop
      vertex -120.25 -95.2 0.2
      vertex -121.239 -107.949 0.2
      vertex -121.158 -108.003 0.2
    endloop
  endfacet
  facet normal 0 0 1
    outer loop
      vertex -125.604 -95.431 0.2
      vertex -120.25 -95.2 0.2
      vertex -125.523 -95.3768 0.2
    endloop
  endfacet
  facet normal 0 0 1
    outer loop
      vertex -120.25 -95.2 0.2
      vertex -121.335 -107.93 0.2
      vertex -121.239 -107.949 0.2
    endloop
  endfacet
  facet normal 0 0 1
    outer loop
      vertex -120.25 -95.2 0.2
      vertex -122.285 -107.93 0.2
      vertex -121.335 -107.93 0.2
    endloop
  endfacet
  facet normal 0 0 1
    outer loop
      vertex -120.25 -95.2 0.2
      vertex -125.604 -95.431 0.2
      vertex -122.285 -107.93 0.2
    endloop
  endfacet
  facet normal 0 -0 1
    outer loop
      vertex -123.875 -107.93 0.2
      vertex -122.285 -107.93 0.2
      vertex -125.604 -95.431 0.2
    endloop
  endfacet
  facet normal 0 0 1
    outer loop
      vertex -123.625 -108.68 0.2
      vertex -122.535 -108.68 0.2
      vertex -122.535 -108.18 0.2
    endloop
  endfacet
  facet normal 0 0 1
    outer loop
      vertex -122.462 -109.903 0.2
      vertex -123.625 -110.08 0.2
      vertex -122.516 -109.984 0.2
    endloop
  endfacet
  facet normal 0 0 1
    outer loop
      vertex -123.625 -108.68 0.2
      vertex -122.535 -108.18 0.2
      vertex -123.625 -108.18 0.2
    endloop
  endfacet
  facet normal 0 0 1
    outer loop
      vertex -122.285 -107.93 0.2
      vertex -123.875 -107.93 0.2
      vertex -122.381 -107.949 0.2
    endloop
  endfacet
  facet normal 0 0 1
    outer loop
      vertex -122.535 -108.18 0.2
      vertex -123.644 -108.084 0.2
      vertex -123.625 -108.18 0.2
    endloop
  endfacet
  facet normal 0 -0 1
    outer loop
      vertex -123.779 -107.949 0.2
      vertex -122.381 -107.949 0.2
      vertex -123.875 -107.93 0.2
    endloop
  endfacet
  facet normal 0 0 1
    outer loop
      vertex -122.516 -108.084 0.2
      vertex -123.644 -108.084 0.2
      vertex -122.535 -108.18 0.2
    endloop
  endfacet
  facet normal 0 -0 1
    outer loop
      vertex -123.698 -108.003 0.2
      vertex -122.462 -108.003 0.2
      vertex -123.779 -107.949 0.2
    endloop
  endfacet
  facet normal 0 -0 1
    outer loop
      vertex -123.644 -108.084 0.2
      vertex -122.516 -108.084 0.2
      vertex -123.698 -108.003 0.2
    endloop
  endfacet
  facet normal 0 0 1
    outer loop
      vertex -125.45 -87.2 0.2
      vertex -120.25 -87.2 0.2
      vertex -120.231 -87.1043 0.2
    endloop
  endfacet
  facet normal 0 0 1
    outer loop
      vertex -122.462 -108.003 0.2
      vertex -123.698 -108.003 0.2
      vertex -122.516 -108.084 0.2
    endloop
  endfacet
  facet normal 0 0 1
    outer loop
      vertex -122.381 -107.949 0.2
      vertex -123.779 -107.949 0.2
      vertex -122.462 -108.003 0.2
    endloop
  endfacet
  facet normal 0 0 1
    outer loop
      vertex -123.875 -107.93 0.2
      vertex -125.604 -95.431 0.2
      vertex -124.825 -107.93 0.2
    endloop
  endfacet
  facet normal 0 0 1
    outer loop
      vertex -126.165 -108.68 0.2
      vertex -125.075 -108.68 0.2
      vertex -125.075 -108.18 0.2
    endloop
  endfacet
  facet normal 0 0 1
    outer loop
      vertex -125.002 -109.903 0.2
      vertex -126.165 -110.08 0.2
      vertex -125.056 -109.984 0.2
    endloop
  endfacet
  facet normal 0 0 1
    outer loop
      vertex -120.25 -95.2 0.2
      vertex -125.45 -92.2 0.2
      vertex -125.45 -95.2 0.2
    endloop
  endfacet
  facet normal 0 0 1
    outer loop
      vertex -120.231 -92.1043 0.2
      vertex -125.45 -92.2 0.2
      vertex -120.25 -92.2 0.2
    endloop
  endfacet
  facet normal 0 0 1
    outer loop
      vertex -120.25 -87.2 0.2
      vertex -125.45 -87.2 0.2
      vertex -125.45 -90.2 0.2
    endloop
  endfacet
  facet normal 0 0 1
    outer loop
      vertex -125.469 -87.1043 0.2
      vertex -120.231 -87.1043 0.2
      vertex -120.177 -87.0232 0.2
    endloop
  endfacet
  facet normal 0 0 1
    outer loop
      vertex -125.523 -87.0232 0.2
      vertex -120.177 -87.0232 0.2
      vertex -120.096 -86.969 0.2
    endloop
  endfacet
  facet normal 0 0 1
    outer loop
      vertex -120 -86.95 0.2
      vertex -125.7 -86.95 0.2
      vertex -120.096 -86.969 0.2
    endloop
  endfacet
  facet normal 0 0 1
    outer loop
      vertex -120.231 -87.1043 0.2
      vertex -125.469 -87.1043 0.2
      vertex -125.45 -87.2 0.2
    endloop
  endfacet
  facet normal 0 0 1
    outer loop
      vertex -120.177 -87.0232 0.2
      vertex -125.523 -87.0232 0.2
      vertex -125.469 -87.1043 0.2
    endloop
  endfacet
  facet normal 0 0 1
    outer loop
      vertex -120.096 -86.969 0.2
      vertex -125.604 -86.969 0.2
      vertex -125.523 -87.0232 0.2
    endloop
  endfacet
  facet normal 0 0 1
    outer loop
      vertex -120.096 -86.969 0.2
      vertex -125.7 -86.95 0.2
      vertex -125.604 -86.969 0.2
    endloop
  endfacet
  facet normal -0 0 1
    outer loop
      vertex -156.757 -75.3434 0.2
      vertex -125.7 -86.95 0.2
      vertex -94 -75.3434 0.2
    endloop
  endfacet
  facet normal 0 0 1
    outer loop
      vertex -125.7 -86.95 0.2
      vertex -156.757 -75.3434 0.2
      vertex -127 -86.95 0.2
    endloop
  endfacet
  facet normal 0 0 1
    outer loop
      vertex -132.45 -90.2 0.2
      vertex -127.25 -90.2 0.2
      vertex -127.25 -87.2 0.2
    endloop
  endfacet
  facet normal 0 0 1
    outer loop
      vertex -127.231 -90.2957 0.2
      vertex -132.469 -90.2957 0.2
      vertex -127.231 -92.1043 0.2
    endloop
  endfacet
  facet normal 0 0 1
    outer loop
      vertex -127.25 -92.2 0.2
      vertex -132.45 -92.2 0.2
      vertex -127.25 -95.2 0.2
    endloop
  endfacet
  facet normal 0 0 1
    outer loop
      vertex -127.231 -95.2957 0.2
      vertex -132.469 -95.2957 0.2
      vertex -132.523 -95.3768 0.2
    endloop
  endfacet
  facet normal 0 0 1
    outer loop
      vertex -127.177 -95.3768 0.2
      vertex -132.523 -95.3768 0.2
      vertex -132.604 -95.431 0.2
    endloop
  endfacet
  facet normal 0 0 1
    outer loop
      vertex -127 -95.45 0.2
      vertex -128.955 -107.93 0.2
      vertex -127.365 -107.93 0.2
    endloop
  endfacet
  facet normal 0 0 1
    outer loop
      vertex -127.365 -107.93 0.2
      vertex -128.955 -107.93 0.2
      vertex -127.461 -107.949 0.2
    endloop
  endfacet
  facet normal 0 0 1
    outer loop
      vertex -128.705 -108.68 0.2
      vertex -127.615 -108.68 0.2
      vertex -127.615 -108.18 0.2
    endloop
  endfacet
  facet normal 0 0 1
    outer loop
      vertex -127.542 -109.903 0.2
      vertex -128.705 -110.08 0.2
      vertex -127.596 -109.984 0.2
    endloop
  endfacet
  facet normal 0 0 1
    outer loop
      vertex -128.705 -108.68 0.2
      vertex -127.615 -108.18 0.2
      vertex -128.705 -108.18 0.2
    endloop
  endfacet
  facet normal 0 -0 1
    outer loop
      vertex -128.859 -107.949 0.2
      vertex -127.461 -107.949 0.2
      vertex -128.955 -107.93 0.2
    endloop
  endfacet
  facet normal 0 0 1
    outer loop
      vertex -127.615 -108.18 0.2
      vertex -128.724 -108.084 0.2
      vertex -128.705 -108.18 0.2
    endloop
  endfacet
  facet normal 0 0 1
    outer loop
      vertex -127.596 -108.084 0.2
      vertex -128.724 -108.084 0.2
      vertex -127.615 -108.18 0.2
    endloop
  endfacet
  facet normal 0 -0 1
    outer loop
      vertex -128.778 -108.003 0.2
      vertex -127.542 -108.003 0.2
      vertex -128.859 -107.949 0.2
    endloop
  endfacet
  facet normal 0 -0 1
    outer loop
      vertex -128.724 -108.084 0.2
      vertex -127.596 -108.084 0.2
      vertex -128.778 -108.003 0.2
    endloop
  endfacet
  facet normal 0 0 1
    outer loop
      vertex -127.542 -108.003 0.2
      vertex -128.778 -108.003 0.2
      vertex -127.596 -108.084 0.2
    endloop
  endfacet
  facet normal 0 0 1
    outer loop
      vertex -127.461 -107.949 0.2
      vertex -128.859 -107.949 0.2
      vertex -127.542 -108.003 0.2
    endloop
  endfacet
  facet normal 0 0 1
    outer loop
      vertex -127.096 -95.431 0.2
      vertex -132.604 -95.431 0.2
      vertex -129.905 -107.93 0.2
    endloop
  endfacet
  facet normal 0 0 1
    outer loop
      vertex -127.096 -95.431 0.2
      vertex -129.905 -107.93 0.2
      vertex -128.955 -107.93 0.2
    endloop
  endfacet
  facet normal 0 0 1
    outer loop
      vertex -129.905 -107.93 0.2
      vertex -132.604 -95.431 0.2
      vertex -130.001 -107.949 0.2
    endloop
  endfacet
  facet normal 0 0 1
    outer loop
      vertex -141 -95.45 0.2
      vertex -130.155 -108.68 0.2
      vertex -130.155 -108.18 0.2
    endloop
  endfacet
  facet normal 0 0 1
    outer loop
      vertex -130.155 -108.68 0.2
      vertex -146.7 -95.45 0.2
      vertex -130.155 -110.08 0.2
    endloop
  endfacet
  facet normal 0 0 1
    outer loop
      vertex -127.231 -92.1043 0.2
      vertex -132.45 -92.2 0.2
      vertex -127.25 -92.2 0.2
    endloop
  endfacet
  facet normal 0 0 1
    outer loop
      vertex -132.45 -90.2 0.2
      vertex -127.25 -87.2 0.2
      vertex -132.45 -87.2 0.2
    endloop
  endfacet
  facet normal 0 0 1
    outer loop
      vertex -127.231 -87.1043 0.2
      vertex -132.45 -87.2 0.2
      vertex -127.25 -87.2 0.2
    endloop
  endfacet
  facet normal 0 0 1
    outer loop
      vertex -132.469 -87.1043 0.2
      vertex -127.231 -87.1043 0.2
      vertex -127.177 -87.0232 0.2
    endloop
  endfacet
  facet normal 0 0 1
    outer loop
      vertex -132.523 -87.0232 0.2
      vertex -127.177 -87.0232 0.2
      vertex -127.096 -86.969 0.2
    endloop
  endfacet
  facet normal 0 -0 1
    outer loop
      vertex -132.7 -86.95 0.2
      vertex -127 -86.95 0.2
      vertex -156.757 -75.3434 0.2
    endloop
  endfacet
  facet normal 0 0 1
    outer loop
      vertex -127.231 -87.1043 0.2
      vertex -132.469 -87.1043 0.2
      vertex -132.45 -87.2 0.2
    endloop
  endfacet
  facet normal 0 0 1
    outer loop
      vertex -127.177 -87.0232 0.2
      vertex -132.523 -87.0232 0.2
      vertex -132.469 -87.1043 0.2
    endloop
  endfacet
  facet normal 0 0 1
    outer loop
      vertex -127.096 -86.969 0.2
      vertex -132.604 -86.969 0.2
      vertex -132.523 -87.0232 0.2
    endloop
  endfacet
  facet normal 0 0 1
    outer loop
      vertex -127.096 -86.969 0.2
      vertex -132.7 -86.95 0.2
      vertex -132.604 -86.969 0.2
    endloop
  endfacet
  facet normal 0 0 1
    outer loop
      vertex -127 -86.95 0.2
      vertex -132.7 -86.95 0.2
      vertex -127.096 -86.969 0.2
    endloop
  endfacet
  facet normal 0 0 1
    outer loop
      vertex -132.7 -86.95 0.2
      vertex -156.757 -75.3434 0.2
      vertex -134 -86.95 0.2
    endloop
  endfacet
  facet normal 0 0 1
    outer loop
      vertex -139.45 -90.2 0.2
      vertex -134.25 -90.2 0.2
      vertex -134.25 -87.2 0.2
    endloop
  endfacet
  facet normal 0 0 1
    outer loop
      vertex -134.231 -90.2957 0.2
      vertex -139.469 -90.2957 0.2
      vertex -134.231 -92.1043 0.2
    endloop
  endfacet
  facet normal 0 0 1
    outer loop
      vertex -139.45 -90.2 0.2
      vertex -134.25 -87.2 0.2
      vertex -139.45 -87.2 0.2
    endloop
  endfacet
  facet normal 0 0 1
    outer loop
      vertex -134.231 -87.1043 0.2
      vertex -139.45 -87.2 0.2
      vertex -134.25 -87.2 0.2
    endloop
  endfacet
  facet normal 0 0 1
    outer loop
      vertex -139.469 -87.1043 0.2
      vertex -134.231 -87.1043 0.2
      vertex -134.177 -87.0232 0.2
    endloop
  endfacet
  facet normal 0 0 1
    outer loop
      vertex -139.523 -87.0232 0.2
      vertex -134.177 -87.0232 0.2
      vertex -134.096 -86.969 0.2
    endloop
  endfacet
  facet normal 0 -0 1
    outer loop
      vertex -139.7 -86.95 0.2
      vertex -134 -86.95 0.2
      vertex -156.757 -75.3434 0.2
    endloop
  endfacet
  facet normal 0 0 1
    outer loop
      vertex -134.231 -87.1043 0.2
      vertex -139.469 -87.1043 0.2
      vertex -139.45 -87.2 0.2
    endloop
  endfacet
  facet normal 0 0 1
    outer loop
      vertex -134.177 -87.0232 0.2
      vertex -139.523 -87.0232 0.2
      vertex -139.469 -87.1043 0.2
    endloop
  endfacet
  facet normal 0 0 1
    outer loop
      vertex -134.096 -86.969 0.2
      vertex -139.604 -86.969 0.2
      vertex -139.523 -87.0232 0.2
    endloop
  endfacet
  facet normal 0 0 1
    outer loop
      vertex -134 -86.95 0.2
      vertex -139.7 -86.95 0.2
      vertex -134.096 -86.969 0.2
    endloop
  endfacet
  facet normal 0 0 1
    outer loop
      vertex -134.096 -86.969 0.2
      vertex -139.7 -86.95 0.2
      vertex -139.604 -86.969 0.2
    endloop
  endfacet
  facet normal 0 0 1
    outer loop
      vertex -139.7 -86.95 0.2
      vertex -156.757 -75.3434 0.2
      vertex -141 -86.95 0.2
    endloop
  endfacet
  facet normal 0 0 1
    outer loop
      vertex -146.45 -90.2 0.2
      vertex -141.25 -90.2 0.2
      vertex -141.25 -87.2 0.2
    endloop
  endfacet
  facet normal 0 0 1
    outer loop
      vertex -141.231 -90.2957 0.2
      vertex -146.469 -90.2957 0.2
      vertex -141.231 -92.1043 0.2
    endloop
  endfacet
  facet normal 0 0 1
    outer loop
      vertex -146.45 -90.2 0.2
      vertex -141.25 -87.2 0.2
      vertex -146.45 -87.2 0.2
    endloop
  endfacet
  facet normal 0 0 1
    outer loop
      vertex -141.231 -87.1043 0.2
      vertex -146.45 -87.2 0.2
      vertex -141.25 -87.2 0.2
    endloop
  endfacet
  facet normal 0 0 1
    outer loop
      vertex -146.469 -87.1043 0.2
      vertex -141.231 -87.1043 0.2
      vertex -141.177 -87.0232 0.2
    endloop
  endfacet
  facet normal 0 0 1
    outer loop
      vertex -146.523 -87.0232 0.2
      vertex -141.177 -87.0232 0.2
      vertex -141.096 -86.969 0.2
    endloop
  endfacet
  facet normal 0 0 1
    outer loop
      vertex -141 -86.95 0.2
      vertex -156.757 -75.3434 0.2
      vertex -141.096 -86.969 0.2
    endloop
  endfacet
  facet normal 0 0 1
    outer loop
      vertex -141.231 -87.1043 0.2
      vertex -146.469 -87.1043 0.2
      vertex -146.45 -87.2 0.2
    endloop
  endfacet
  facet normal 0 0 1
    outer loop
      vertex -141.177 -87.0232 0.2
      vertex -146.523 -87.0232 0.2
      vertex -146.469 -87.1043 0.2
    endloop
  endfacet
  facet normal 0 -0 1
    outer loop
      vertex -146.604 -86.969 0.2
      vertex -141.096 -86.969 0.2
      vertex -156.757 -75.3434 0.2
    endloop
  endfacet
  facet normal 0 0 1
    outer loop
      vertex -141.096 -86.969 0.2
      vertex -146.604 -86.969 0.2
      vertex -146.523 -87.0232 0.2
    endloop
  endfacet
  facet normal 0 0 1
    outer loop
      vertex -146.604 -86.969 0.2
      vertex -156.757 -75.3434 0.2
      vertex -146.7 -86.95 0.2
    endloop
  endfacet
  facet normal 0 0 1
    outer loop
      vertex -146.7 -86.95 0.2
      vertex -156.757 -75.3434 0.2
      vertex -148 -86.95 0.2
    endloop
  endfacet
  facet normal 0 0 1
    outer loop
      vertex -153.475 -90.2 0.2
      vertex -148.25 -90.2 0.2
      vertex -148.25 -87.2 0.2
    endloop
  endfacet
  facet normal 0 0 1
    outer loop
      vertex -148.231 -90.2957 0.2
      vertex -153.494 -90.2957 0.2
      vertex -148.231 -92.1043 0.2
    endloop
  endfacet
  facet normal 0 0 1
    outer loop
      vertex -153.475 -90.2 0.2
      vertex -148.25 -87.2 0.2
      vertex -153.475 -87.2 0.2
    endloop
  endfacet
  facet normal 0 0 1
    outer loop
      vertex -148.231 -87.1043 0.2
      vertex -153.475 -87.2 0.2
      vertex -148.25 -87.2 0.2
    endloop
  endfacet
  facet normal 0 0 1
    outer loop
      vertex -153.494 -87.1043 0.2
      vertex -148.231 -87.1043 0.2
      vertex -148.177 -87.0232 0.2
    endloop
  endfacet
  facet normal 0 0 1
    outer loop
      vertex -153.548 -87.0232 0.2
      vertex -148.177 -87.0232 0.2
      vertex -148.096 -86.969 0.2
    endloop
  endfacet
  facet normal 0 0 1
    outer loop
      vertex -148 -86.95 0.2
      vertex -156.757 -75.3434 0.2
      vertex -148.096 -86.969 0.2
    endloop
  endfacet
  facet normal 0 0 1
    outer loop
      vertex -148.231 -87.1043 0.2
      vertex -153.494 -87.1043 0.2
      vertex -153.475 -87.2 0.2
    endloop
  endfacet
  facet normal 0 -0 1
    outer loop
      vertex -153.629 -86.969 0.2
      vertex -148.096 -86.969 0.2
      vertex -156.757 -75.3434 0.2
    endloop
  endfacet
  facet normal 0 0 1
    outer loop
      vertex -148.177 -87.0232 0.2
      vertex -153.548 -87.0232 0.2
      vertex -153.494 -87.1043 0.2
    endloop
  endfacet
  facet normal 0 0 1
    outer loop
      vertex -148.096 -86.969 0.2
      vertex -153.629 -86.969 0.2
      vertex -153.548 -87.0232 0.2
    endloop
  endfacet
  facet normal 0 0 1
    outer loop
      vertex -153.629 -86.969 0.2
      vertex -156.757 -75.3434 0.2
      vertex -153.725 -86.95 0.2
    endloop
  endfacet
  facet normal 0 0 1
    outer loop
      vertex -169.143 -85.6016 0.2
      vertex -155.275 -90.2 0.2
      vertex -155.275 -87.2 0.2
    endloop
  endfacet
  facet normal -0 0 1
    outer loop
      vertex -170.65 -89.2421 0.2
      vertex -155.275 -90.2 0.2
      vertex -169.143 -85.6016 0.2
    endloop
  endfacet
  facet normal -0 0 1
    outer loop
      vertex -169.143 -85.6016 0.2
      vertex -155.256 -87.1043 0.2
      vertex -160.4 -76.853 0.2
    endloop
  endfacet
  facet normal 0 0 1
    outer loop
      vertex -155.202 -87.0232 0.2
      vertex -160.4 -76.853 0.2
      vertex -155.256 -87.1043 0.2
    endloop
  endfacet
  facet normal 0 0 1
    outer loop
      vertex -155.121 -86.969 0.2
      vertex -160.4 -76.853 0.2
      vertex -155.202 -87.0232 0.2
    endloop
  endfacet
  facet normal -0 0 1
    outer loop
      vertex -160.4 -76.853 0.2
      vertex -155.121 -86.969 0.2
      vertex -156.757 -75.3434 0.2
    endloop
  endfacet
  facet normal 0 0 1
    outer loop
      vertex -155.025 -86.95 0.2
      vertex -156.757 -75.3434 0.2
      vertex -155.121 -86.969 0.2
    endloop
  endfacet
  facet normal 0 0 1
    outer loop
      vertex -153.725 -86.95 0.2
      vertex -156.757 -75.3434 0.2
      vertex -155.025 -86.95 0.2
    endloop
  endfacet
  facet normal 0 0 1
    outer loop
      vertex -88.85 -80.4934 0.2
      vertex -97.375 -90.25 0.2
      vertex -97.375 -92.25 0.2
    endloop
  endfacet
  facet normal 0 0 1
    outer loop
      vertex -88.85 -80.4934 0.2
      vertex -97.375 -92.25 0.2
      vertex -97.375 -95.25 0.2
    endloop
  endfacet
  facet normal 0 0 1
    outer loop
      vertex -92.6905 -144.981 0.2
      vertex -94 -145.15 0.2
      vertex -93.0188 -145.056 0.2
    endloop
  endfacet
  facet normal 0 0 1
    outer loop
      vertex -93.0188 -145.056 0.2
      vertex -94 -145.15 0.2
      vertex -93.2564 -145.096 0.2
    endloop
  endfacet
  facet normal 0 0 1
    outer loop
      vertex -93.2564 -145.096 0.2
      vertex -94 -145.15 0.2
      vertex -93.591 -145.134 0.2
    endloop
  endfacet
  facet normal 0 0 1
    outer loop
      vertex -88.944 -140.981 0.2
      vertex -94 -145.15 0.2
      vertex -89.0189 -141.309 0.2
    endloop
  endfacet
  facet normal 0 0 1
    outer loop
      vertex -108.385 -108.68 0.2
      vertex -97.5293 -95.481 0.2
      vertex -97.625 -95.5 0.2
    endloop
  endfacet
  facet normal 0 0 1
    outer loop
      vertex -108.385 -108.18 0.2
      vertex -97.625 -95.5 0.2
      vertex -98.925 -95.5 0.2
    endloop
  endfacet
  facet normal 0 0 1
    outer loop
      vertex -108.385 -108.18 0.2
      vertex -98.925 -95.5 0.2
      vertex -99.0207 -95.481 0.2
    endloop
  endfacet
  facet normal -0 0 1
    outer loop
      vertex -104.523 -95.4768 0.2
      vertex -99.0207 -95.481 0.2
      vertex -99.1018 -95.4268 0.2
    endloop
  endfacet
  facet normal -0 0 1
    outer loop
      vertex -104.469 -95.3957 0.2
      vertex -99.1018 -95.4268 0.2
      vertex -99.156 -95.3457 0.2
    endloop
  endfacet
  facet normal -0 0 1
    outer loop
      vertex -104.45 -95.3 0.2
      vertex -99.156 -95.3457 0.2
      vertex -99.175 -95.25 0.2
    endloop
  endfacet
  facet normal 0 0 1
    outer loop
      vertex -99.156 -92.1543 0.2
      vertex -104.45 -92.3 0.2
      vertex -99.175 -92.25 0.2
    endloop
  endfacet
  facet normal 0 0 1
    outer loop
      vertex -99.175 -92.25 0.2
      vertex -104.45 -92.3 0.2
      vertex -99.175 -95.25 0.2
    endloop
  endfacet
  facet normal 0 0 1
    outer loop
      vertex -104.45 -95.3 0.2
      vertex -99.175 -95.25 0.2
      vertex -104.45 -92.3 0.2
    endloop
  endfacet
  facet normal 0 0 1
    outer loop
      vertex -99.156 -95.3457 0.2
      vertex -104.45 -95.3 0.2
      vertex -104.469 -95.3957 0.2
    endloop
  endfacet
  facet normal 0 0 1
    outer loop
      vertex -99.1018 -95.4268 0.2
      vertex -104.469 -95.3957 0.2
      vertex -104.523 -95.4768 0.2
    endloop
  endfacet
  facet normal 0 0 1
    outer loop
      vertex -99.0207 -95.481 0.2
      vertex -104.523 -95.4768 0.2
      vertex -104.604 -95.531 0.2
    endloop
  endfacet
  facet normal 0 0 1
    outer loop
      vertex -99.0207 -95.481 0.2
      vertex -104.604 -95.531 0.2
      vertex -108.385 -108.18 0.2
    endloop
  endfacet
  facet normal 0 0 1
    outer loop
      vertex -108.385 -108.18 0.2
      vertex -104.604 -95.531 0.2
      vertex -104.7 -95.55 0.2
    endloop
  endfacet
  facet normal 0 0 1
    outer loop
      vertex -108.385 -108.18 0.2
      vertex -104.7 -95.55 0.2
      vertex -106 -95.55 0.2
    endloop
  endfacet
  facet normal 0 0 1
    outer loop
      vertex -108.385 -108.18 0.2
      vertex -106 -95.55 0.2
      vertex -106.096 -95.531 0.2
    endloop
  endfacet
  facet normal 0 0 1
    outer loop
      vertex -108.385 -108.18 0.2
      vertex -106.096 -95.531 0.2
      vertex -106.177 -95.4768 0.2
    endloop
  endfacet
  facet normal 0 0 1
    outer loop
      vertex -108.385 -108.18 0.2
      vertex -106.177 -95.4768 0.2
      vertex -106.231 -95.3957 0.2
    endloop
  endfacet
  facet normal 0 0 1
    outer loop
      vertex -108.385 -108.18 0.2
      vertex -106.231 -95.3957 0.2
      vertex -106.25 -95.3 0.2
    endloop
  endfacet
  facet normal 0 0 1
    outer loop
      vertex -97.625 -95.5 0.2
      vertex -108.385 -108.18 0.2
      vertex -108.385 -108.68 0.2
    endloop
  endfacet
  facet normal 0 0 1
    outer loop
      vertex -97.5293 -95.481 0.2
      vertex -108.385 -108.68 0.2
      vertex -108.385 -110.08 0.2
    endloop
  endfacet
  facet normal 0 0 1
    outer loop
      vertex -97.5293 -95.481 0.2
      vertex -108.385 -110.08 0.2
      vertex -108.385 -110.58 0.2
    endloop
  endfacet
  facet normal 0 0 1
    outer loop
      vertex -97.5293 -95.481 0.2
      vertex -108.385 -110.58 0.2
      vertex -108.404 -110.676 0.2
    endloop
  endfacet
  facet normal 0 0 1
    outer loop
      vertex -93.591 -145.134 0.2
      vertex -93.9692 -145.15 0.2
      vertex -93.8009 -145.147 0.2
    endloop
  endfacet
  facet normal 0 0 1
    outer loop
      vertex -93.591 -145.134 0.2
      vertex -94 -145.15 0.2
      vertex -93.9692 -145.15 0.2
    endloop
  endfacet
  facet normal 0 0 1
    outer loop
      vertex -90.6589 -143.92 0.2
      vertex -94 -145.15 0.2
      vertex -90.9221 -144.13 0.2
    endloop
  endfacet
  facet normal -0 0 1
    outer loop
      vertex -108.635 -110.83 0.2
      vertex -94 -145.15 0.2
      vertex -108.539 -110.811 0.2
    endloop
  endfacet
  facet normal -0 0 1
    outer loop
      vertex -109.585 -110.83 0.2
      vertex -94 -145.15 0.2
      vertex -108.635 -110.83 0.2
    endloop
  endfacet
  facet normal 0 0 1
    outer loop
      vertex -111.175 -110.83 0.2
      vertex -109.585 -110.83 0.2
      vertex -109.681 -110.811 0.2
    endloop
  endfacet
  facet normal 0 0 1
    outer loop
      vertex -111.079 -110.811 0.2
      vertex -109.681 -110.811 0.2
      vertex -109.762 -110.757 0.2
    endloop
  endfacet
  facet normal 0 0 1
    outer loop
      vertex -110.998 -110.757 0.2
      vertex -109.762 -110.757 0.2
      vertex -109.816 -110.676 0.2
    endloop
  endfacet
  facet normal 0 0 1
    outer loop
      vertex -109.816 -109.984 0.2
      vertex -110.925 -110.08 0.2
      vertex -109.835 -110.08 0.2
    endloop
  endfacet
  facet normal 0 0 1
    outer loop
      vertex -109.835 -110.08 0.2
      vertex -110.925 -110.08 0.2
      vertex -109.835 -110.58 0.2
    endloop
  endfacet
  facet normal 0 0 1
    outer loop
      vertex -110.925 -110.58 0.2
      vertex -109.835 -110.58 0.2
      vertex -110.925 -110.08 0.2
    endloop
  endfacet
  facet normal 0 0 1
    outer loop
      vertex -109.835 -110.58 0.2
      vertex -110.925 -110.58 0.2
      vertex -109.816 -110.676 0.2
    endloop
  endfacet
  facet normal 0 0 1
    outer loop
      vertex -110.944 -110.676 0.2
      vertex -109.816 -110.676 0.2
      vertex -110.925 -110.58 0.2
    endloop
  endfacet
  facet normal 0 0 1
    outer loop
      vertex -110.998 -110.757 0.2
      vertex -109.816 -110.676 0.2
      vertex -110.944 -110.676 0.2
    endloop
  endfacet
  facet normal 0 0 1
    outer loop
      vertex -109.762 -110.757 0.2
      vertex -110.998 -110.757 0.2
      vertex -111.079 -110.811 0.2
    endloop
  endfacet
  facet normal 0 0 1
    outer loop
      vertex -109.681 -110.811 0.2
      vertex -111.079 -110.811 0.2
      vertex -111.175 -110.83 0.2
    endloop
  endfacet
  facet normal 0 0 1
    outer loop
      vertex -109.585 -110.83 0.2
      vertex -111.175 -110.83 0.2
      vertex -94 -145.15 0.2
    endloop
  endfacet
  facet normal -0 0 1
    outer loop
      vertex -112.125 -110.83 0.2
      vertex -94 -145.15 0.2
      vertex -111.175 -110.83 0.2
    endloop
  endfacet
  facet normal 0 0 1
    outer loop
      vertex -113.715 -110.83 0.2
      vertex -112.125 -110.83 0.2
      vertex -112.221 -110.811 0.2
    endloop
  endfacet
  facet normal 0 0 1
    outer loop
      vertex -113.619 -110.811 0.2
      vertex -112.221 -110.811 0.2
      vertex -112.302 -110.757 0.2
    endloop
  endfacet
  facet normal 0 0 1
    outer loop
      vertex -113.538 -110.757 0.2
      vertex -112.302 -110.757 0.2
      vertex -112.356 -110.676 0.2
    endloop
  endfacet
  facet normal 0 0 1
    outer loop
      vertex -112.356 -108.084 0.2
      vertex -113.465 -108.18 0.2
      vertex -112.375 -108.18 0.2
    endloop
  endfacet
  facet normal 0 0 1
    outer loop
      vertex -113.465 -108.18 0.2
      vertex -113.121 -95.481 0.2
      vertex -113.202 -95.4268 0.2
    endloop
  endfacet
  facet normal 0 0 1
    outer loop
      vertex -113.465 -108.18 0.2
      vertex -113.202 -95.4268 0.2
      vertex -113.256 -95.3457 0.2
    endloop
  endfacet
  facet normal 0 0 1
    outer loop
      vertex -113.465 -108.18 0.2
      vertex -113.256 -95.3457 0.2
      vertex -113.275 -95.25 0.2
    endloop
  endfacet
  facet normal 0 0 1
    outer loop
      vertex -113.465 -108.68 0.2
      vertex -112.375 -108.18 0.2
      vertex -113.465 -108.18 0.2
    endloop
  endfacet
  facet normal 0 0 1
    outer loop
      vertex -113.484 -108.776 0.2
      vertex -112.375 -108.18 0.2
      vertex -113.465 -108.68 0.2
    endloop
  endfacet
  facet normal 0 0 1
    outer loop
      vertex -112.356 -109.984 0.2
      vertex -113.465 -110.08 0.2
      vertex -112.375 -110.08 0.2
    endloop
  endfacet
  facet normal 0 0 1
    outer loop
      vertex -113.465 -110.58 0.2
      vertex -112.375 -110.58 0.2
      vertex -113.465 -110.08 0.2
    endloop
  endfacet
  facet normal 0 0 1
    outer loop
      vertex -112.375 -110.58 0.2
      vertex -113.465 -110.58 0.2
      vertex -112.356 -110.676 0.2
    endloop
  endfacet
  facet normal 0 0 1
    outer loop
      vertex -113.484 -110.676 0.2
      vertex -112.356 -110.676 0.2
      vertex -113.465 -110.58 0.2
    endloop
  endfacet
  facet normal 0 0 1
    outer loop
      vertex -113.538 -110.757 0.2
      vertex -112.356 -110.676 0.2
      vertex -113.484 -110.676 0.2
    endloop
  endfacet
  facet normal 0 0 1
    outer loop
      vertex -112.302 -110.757 0.2
      vertex -113.538 -110.757 0.2
      vertex -113.619 -110.811 0.2
    endloop
  endfacet
  facet normal 0 0 1
    outer loop
      vertex -112.221 -110.811 0.2
      vertex -113.619 -110.811 0.2
      vertex -113.715 -110.83 0.2
    endloop
  endfacet
  facet normal 0 0 1
    outer loop
      vertex -112.125 -110.83 0.2
      vertex -113.715 -110.83 0.2
      vertex -94 -145.15 0.2
    endloop
  endfacet
  facet normal -0 0 1
    outer loop
      vertex -114.665 -110.83 0.2
      vertex -94 -145.15 0.2
      vertex -113.715 -110.83 0.2
    endloop
  endfacet
  facet normal 0 0 1
    outer loop
      vertex -116.255 -110.83 0.2
      vertex -114.665 -110.83 0.2
      vertex -114.761 -110.811 0.2
    endloop
  endfacet
  facet normal 0 0 1
    outer loop
      vertex -116.159 -110.811 0.2
      vertex -114.761 -110.811 0.2
      vertex -114.842 -110.757 0.2
    endloop
  endfacet
  facet normal 0 0 1
    outer loop
      vertex -116.078 -110.757 0.2
      vertex -114.842 -110.757 0.2
      vertex -114.896 -110.676 0.2
    endloop
  endfacet
  facet normal 0 0 1
    outer loop
      vertex -114.896 -109.984 0.2
      vertex -116.005 -110.08 0.2
      vertex -114.915 -110.08 0.2
    endloop
  endfacet
  facet normal 0 0 1
    outer loop
      vertex -114.915 -110.08 0.2
      vertex -116.005 -110.08 0.2
      vertex -114.915 -110.58 0.2
    endloop
  endfacet
  facet normal 0 0 1
    outer loop
      vertex -116.005 -110.58 0.2
      vertex -114.915 -110.58 0.2
      vertex -116.005 -110.08 0.2
    endloop
  endfacet
  facet normal 0 0 1
    outer loop
      vertex -114.915 -110.58 0.2
      vertex -116.005 -110.58 0.2
      vertex -114.896 -110.676 0.2
    endloop
  endfacet
  facet normal 0 0 1
    outer loop
      vertex -116.024 -110.676 0.2
      vertex -114.896 -110.676 0.2
      vertex -116.005 -110.58 0.2
    endloop
  endfacet
  facet normal 0 0 1
    outer loop
      vertex -116.078 -110.757 0.2
      vertex -114.896 -110.676 0.2
      vertex -116.024 -110.676 0.2
    endloop
  endfacet
  facet normal 0 0 1
    outer loop
      vertex -114.842 -110.757 0.2
      vertex -116.078 -110.757 0.2
      vertex -116.159 -110.811 0.2
    endloop
  endfacet
  facet normal 0 0 1
    outer loop
      vertex -114.761 -110.811 0.2
      vertex -116.159 -110.811 0.2
      vertex -116.255 -110.83 0.2
    endloop
  endfacet
  facet normal 0 0 1
    outer loop
      vertex -114.665 -110.83 0.2
      vertex -116.255 -110.83 0.2
      vertex -94 -145.15 0.2
    endloop
  endfacet
  facet normal -0 0 1
    outer loop
      vertex -117.205 -110.83 0.2
      vertex -94 -145.15 0.2
      vertex -116.255 -110.83 0.2
    endloop
  endfacet
  facet normal 0 0 1
    outer loop
      vertex -118.795 -110.83 0.2
      vertex -117.205 -110.83 0.2
      vertex -117.301 -110.811 0.2
    endloop
  endfacet
  facet normal 0 0 1
    outer loop
      vertex -118.699 -110.811 0.2
      vertex -117.301 -110.811 0.2
      vertex -117.382 -110.757 0.2
    endloop
  endfacet
  facet normal 0 0 1
    outer loop
      vertex -113.275 -95.25 0.2
      vertex -118.45 -95.2 0.2
      vertex -118.469 -95.2957 0.2
    endloop
  endfacet
  facet normal -0 0 1
    outer loop
      vertex -118.7 -95.45 0.2
      vertex -117.205 -107.93 0.2
      vertex -118.604 -95.431 0.2
    endloop
  endfacet
  facet normal 0 0 1
    outer loop
      vertex -118.564 -108.084 0.2
      vertex -117.382 -108.003 0.2
      vertex -117.301 -107.949 0.2
    endloop
  endfacet
  facet normal 0 0 1
    outer loop
      vertex -118.564 -108.084 0.2
      vertex -117.436 -108.084 0.2
      vertex -117.382 -108.003 0.2
    endloop
  endfacet
  facet normal 0 0 1
    outer loop
      vertex -117.436 -108.084 0.2
      vertex -118.545 -108.18 0.2
      vertex -117.455 -108.18 0.2
    endloop
  endfacet
  facet normal 0 0 1
    outer loop
      vertex -118.545 -108.68 0.2
      vertex -117.455 -108.18 0.2
      vertex -118.545 -108.18 0.2
    endloop
  endfacet
  facet normal 0 0 1
    outer loop
      vertex -117.436 -109.984 0.2
      vertex -118.545 -110.08 0.2
      vertex -117.455 -110.08 0.2
    endloop
  endfacet
  facet normal 0 0 1
    outer loop
      vertex -117.455 -110.08 0.2
      vertex -118.545 -110.08 0.2
      vertex -117.455 -110.58 0.2
    endloop
  endfacet
  facet normal 0 0 1
    outer loop
      vertex -118.545 -110.58 0.2
      vertex -117.455 -110.58 0.2
      vertex -118.545 -110.08 0.2
    endloop
  endfacet
  facet normal 0 0 1
    outer loop
      vertex -117.455 -110.58 0.2
      vertex -118.545 -110.58 0.2
      vertex -117.436 -110.676 0.2
    endloop
  endfacet
  facet normal 0 0 1
    outer loop
      vertex -118.564 -110.676 0.2
      vertex -117.436 -110.676 0.2
      vertex -118.545 -110.58 0.2
    endloop
  endfacet
  facet normal 0 0 1
    outer loop
      vertex -117.436 -110.676 0.2
      vertex -118.564 -110.676 0.2
      vertex -117.382 -110.757 0.2
    endloop
  endfacet
  facet normal 0 0 1
    outer loop
      vertex -118.618 -110.757 0.2
      vertex -117.382 -110.757 0.2
      vertex -118.564 -110.676 0.2
    endloop
  endfacet
  facet normal 0 0 1
    outer loop
      vertex -118.699 -110.811 0.2
      vertex -117.382 -110.757 0.2
      vertex -118.618 -110.757 0.2
    endloop
  endfacet
  facet normal 0 0 1
    outer loop
      vertex -117.301 -110.811 0.2
      vertex -118.699 -110.811 0.2
      vertex -118.795 -110.83 0.2
    endloop
  endfacet
  facet normal 0 0 1
    outer loop
      vertex -117.205 -110.83 0.2
      vertex -118.795 -110.83 0.2
      vertex -94 -145.15 0.2
    endloop
  endfacet
  facet normal -0 0 1
    outer loop
      vertex -119.745 -110.83 0.2
      vertex -94 -145.15 0.2
      vertex -118.795 -110.83 0.2
    endloop
  endfacet
  facet normal 0 0 1
    outer loop
      vertex -121.335 -110.83 0.2
      vertex -119.745 -110.83 0.2
      vertex -119.841 -110.811 0.2
    endloop
  endfacet
  facet normal 0 0 1
    outer loop
      vertex -121.239 -110.811 0.2
      vertex -119.841 -110.811 0.2
      vertex -119.922 -110.757 0.2
    endloop
  endfacet
  facet normal 0 0 1
    outer loop
      vertex -119.841 -107.949 0.2
      vertex -121.085 -108.18 0.2
      vertex -119.922 -108.003 0.2
    endloop
  endfacet
  facet normal 0 0 1
    outer loop
      vertex -121.085 -108.18 0.2
      vertex -120.096 -95.431 0.2
      vertex -120.177 -95.3768 0.2
    endloop
  endfacet
  facet normal 0 0 1
    outer loop
      vertex -121.085 -108.18 0.2
      vertex -120.177 -95.3768 0.2
      vertex -120.231 -95.2957 0.2
    endloop
  endfacet
  facet normal 0 0 1
    outer loop
      vertex -121.085 -108.18 0.2
      vertex -120.231 -95.2957 0.2
      vertex -120.25 -95.2 0.2
    endloop
  endfacet
  facet normal 0 0 1
    outer loop
      vertex -121.085 -108.68 0.2
      vertex -119.995 -108.18 0.2
      vertex -121.085 -108.18 0.2
    endloop
  endfacet
  facet normal 0 0 1
    outer loop
      vertex -119.976 -109.984 0.2
      vertex -121.085 -110.08 0.2
      vertex -119.995 -110.08 0.2
    endloop
  endfacet
  facet normal 0 0 1
    outer loop
      vertex -119.995 -110.08 0.2
      vertex -121.085 -110.08 0.2
      vertex -119.995 -110.58 0.2
    endloop
  endfacet
  facet normal 0 0 1
    outer loop
      vertex -121.085 -110.58 0.2
      vertex -119.995 -110.58 0.2
      vertex -121.085 -110.08 0.2
    endloop
  endfacet
  facet normal 0 0 1
    outer loop
      vertex -119.995 -110.58 0.2
      vertex -121.085 -110.58 0.2
      vertex -119.976 -110.676 0.2
    endloop
  endfacet
  facet normal 0 0 1
    outer loop
      vertex -121.104 -110.676 0.2
      vertex -119.976 -110.676 0.2
      vertex -121.085 -110.58 0.2
    endloop
  endfacet
  facet normal 0 0 1
    outer loop
      vertex -119.976 -110.676 0.2
      vertex -121.104 -110.676 0.2
      vertex -119.922 -110.757 0.2
    endloop
  endfacet
  facet normal 0 0 1
    outer loop
      vertex -121.158 -110.757 0.2
      vertex -119.922 -110.757 0.2
      vertex -121.104 -110.676 0.2
    endloop
  endfacet
  facet normal 0 0 1
    outer loop
      vertex -121.239 -110.811 0.2
      vertex -119.922 -110.757 0.2
      vertex -121.158 -110.757 0.2
    endloop
  endfacet
  facet normal 0 0 1
    outer loop
      vertex -119.841 -110.811 0.2
      vertex -121.239 -110.811 0.2
      vertex -121.335 -110.83 0.2
    endloop
  endfacet
  facet normal 0 0 1
    outer loop
      vertex -119.745 -110.83 0.2
      vertex -121.335 -110.83 0.2
      vertex -94 -145.15 0.2
    endloop
  endfacet
  facet normal -0 0 1
    outer loop
      vertex -122.285 -110.83 0.2
      vertex -94 -145.15 0.2
      vertex -121.335 -110.83 0.2
    endloop
  endfacet
  facet normal 0 0 1
    outer loop
      vertex -123.875 -110.83 0.2
      vertex -122.285 -110.83 0.2
      vertex -122.381 -110.811 0.2
    endloop
  endfacet
  facet normal 0 0 1
    outer loop
      vertex -123.779 -110.811 0.2
      vertex -122.381 -110.811 0.2
      vertex -122.462 -110.757 0.2
    endloop
  endfacet
  facet normal 0 0 1
    outer loop
      vertex -122.516 -109.984 0.2
      vertex -123.625 -110.08 0.2
      vertex -122.535 -110.08 0.2
    endloop
  endfacet
  facet normal 0 0 1
    outer loop
      vertex -122.535 -110.08 0.2
      vertex -123.625 -110.08 0.2
      vertex -122.535 -110.58 0.2
    endloop
  endfacet
  facet normal 0 0 1
    outer loop
      vertex -123.625 -110.58 0.2
      vertex -122.535 -110.58 0.2
      vertex -123.625 -110.08 0.2
    endloop
  endfacet
  facet normal 0 0 1
    outer loop
      vertex -122.535 -110.58 0.2
      vertex -123.625 -110.58 0.2
      vertex -122.516 -110.676 0.2
    endloop
  endfacet
  facet normal 0 0 1
    outer loop
      vertex -123.644 -110.676 0.2
      vertex -122.516 -110.676 0.2
      vertex -123.625 -110.58 0.2
    endloop
  endfacet
  facet normal 0 0 1
    outer loop
      vertex -122.516 -110.676 0.2
      vertex -123.644 -110.676 0.2
      vertex -122.462 -110.757 0.2
    endloop
  endfacet
  facet normal 0 0 1
    outer loop
      vertex -123.698 -110.757 0.2
      vertex -122.462 -110.757 0.2
      vertex -123.644 -110.676 0.2
    endloop
  endfacet
  facet normal 0 0 1
    outer loop
      vertex -123.779 -110.811 0.2
      vertex -122.462 -110.757 0.2
      vertex -123.698 -110.757 0.2
    endloop
  endfacet
  facet normal 0 0 1
    outer loop
      vertex -122.381 -110.811 0.2
      vertex -123.779 -110.811 0.2
      vertex -123.875 -110.83 0.2
    endloop
  endfacet
  facet normal 0 0 1
    outer loop
      vertex -122.285 -110.83 0.2
      vertex -123.875 -110.83 0.2
      vertex -94 -145.15 0.2
    endloop
  endfacet
  facet normal -0 0 1
    outer loop
      vertex -124.825 -110.83 0.2
      vertex -94 -145.15 0.2
      vertex -123.875 -110.83 0.2
    endloop
  endfacet
  facet normal 0 0 1
    outer loop
      vertex -126.415 -110.83 0.2
      vertex -124.825 -110.83 0.2
      vertex -124.921 -110.811 0.2
    endloop
  endfacet
  facet normal 0 0 1
    outer loop
      vertex -126.319 -110.811 0.2
      vertex -124.921 -110.811 0.2
      vertex -125.002 -110.757 0.2
    endloop
  endfacet
  facet normal 0 0 1
    outer loop
      vertex -120.25 -95.2 0.2
      vertex -125.45 -95.2 0.2
      vertex -125.469 -95.2957 0.2
    endloop
  endfacet
  facet normal -0 0 1
    outer loop
      vertex -125.7 -95.45 0.2
      vertex -124.825 -107.93 0.2
      vertex -125.604 -95.431 0.2
    endloop
  endfacet
  facet normal 0 0 1
    outer loop
      vertex -126.415 -107.93 0.2
      vertex -124.825 -107.93 0.2
      vertex -125.7 -95.45 0.2
    endloop
  endfacet
  facet normal 0 0 1
    outer loop
      vertex -124.825 -107.93 0.2
      vertex -126.415 -107.93 0.2
      vertex -124.921 -107.949 0.2
    endloop
  endfacet
  facet normal 0 0 1
    outer loop
      vertex -126.184 -108.084 0.2
      vertex -125.002 -108.003 0.2
      vertex -124.921 -107.949 0.2
    endloop
  endfacet
  facet normal 0 0 1
    outer loop
      vertex -126.184 -108.084 0.2
      vertex -125.056 -108.084 0.2
      vertex -125.002 -108.003 0.2
    endloop
  endfacet
  facet normal 0 0 1
    outer loop
      vertex -125.056 -108.084 0.2
      vertex -126.165 -108.18 0.2
      vertex -125.075 -108.18 0.2
    endloop
  endfacet
  facet normal 0 0 1
    outer loop
      vertex -126.165 -108.68 0.2
      vertex -125.075 -108.18 0.2
      vertex -126.165 -108.18 0.2
    endloop
  endfacet
  facet normal 0 0 1
    outer loop
      vertex -125.056 -109.984 0.2
      vertex -126.165 -110.08 0.2
      vertex -125.075 -110.08 0.2
    endloop
  endfacet
  facet normal 0 0 1
    outer loop
      vertex -125.075 -110.08 0.2
      vertex -126.165 -110.08 0.2
      vertex -125.075 -110.58 0.2
    endloop
  endfacet
  facet normal 0 0 1
    outer loop
      vertex -126.165 -110.58 0.2
      vertex -125.075 -110.58 0.2
      vertex -126.165 -110.08 0.2
    endloop
  endfacet
  facet normal 0 0 1
    outer loop
      vertex -125.075 -110.58 0.2
      vertex -126.165 -110.58 0.2
      vertex -125.056 -110.676 0.2
    endloop
  endfacet
  facet normal 0 0 1
    outer loop
      vertex -126.184 -110.676 0.2
      vertex -125.056 -110.676 0.2
      vertex -126.165 -110.58 0.2
    endloop
  endfacet
  facet normal 0 0 1
    outer loop
      vertex -125.056 -110.676 0.2
      vertex -126.184 -110.676 0.2
      vertex -125.002 -110.757 0.2
    endloop
  endfacet
  facet normal 0 0 1
    outer loop
      vertex -126.238 -110.757 0.2
      vertex -125.002 -110.757 0.2
      vertex -126.184 -110.676 0.2
    endloop
  endfacet
  facet normal 0 0 1
    outer loop
      vertex -126.319 -110.811 0.2
      vertex -125.002 -110.757 0.2
      vertex -126.238 -110.757 0.2
    endloop
  endfacet
  facet normal 0 0 1
    outer loop
      vertex -124.921 -110.811 0.2
      vertex -126.319 -110.811 0.2
      vertex -126.415 -110.83 0.2
    endloop
  endfacet
  facet normal 0 0 1
    outer loop
      vertex -124.825 -110.83 0.2
      vertex -126.415 -110.83 0.2
      vertex -94 -145.15 0.2
    endloop
  endfacet
  facet normal -0 0 1
    outer loop
      vertex -127.365 -110.83 0.2
      vertex -94 -145.15 0.2
      vertex -126.415 -110.83 0.2
    endloop
  endfacet
  facet normal 0 0 1
    outer loop
      vertex -128.955 -110.83 0.2
      vertex -127.365 -110.83 0.2
      vertex -127.461 -110.811 0.2
    endloop
  endfacet
  facet normal 0 0 1
    outer loop
      vertex -128.859 -110.811 0.2
      vertex -127.461 -110.811 0.2
      vertex -127.542 -110.757 0.2
    endloop
  endfacet
  facet normal 0 0 1
    outer loop
      vertex -127.596 -109.984 0.2
      vertex -128.705 -110.08 0.2
      vertex -127.615 -110.08 0.2
    endloop
  endfacet
  facet normal 0 0 1
    outer loop
      vertex -127.615 -110.08 0.2
      vertex -128.705 -110.08 0.2
      vertex -127.615 -110.58 0.2
    endloop
  endfacet
  facet normal 0 0 1
    outer loop
      vertex -128.705 -110.58 0.2
      vertex -127.615 -110.58 0.2
      vertex -128.705 -110.08 0.2
    endloop
  endfacet
  facet normal 0 0 1
    outer loop
      vertex -127.615 -110.58 0.2
      vertex -128.705 -110.58 0.2
      vertex -127.596 -110.676 0.2
    endloop
  endfacet
  facet normal 0 0 1
    outer loop
      vertex -128.724 -110.676 0.2
      vertex -127.596 -110.676 0.2
      vertex -128.705 -110.58 0.2
    endloop
  endfacet
  facet normal 0 0 1
    outer loop
      vertex -127.596 -110.676 0.2
      vertex -128.724 -110.676 0.2
      vertex -127.542 -110.757 0.2
    endloop
  endfacet
  facet normal 0 0 1
    outer loop
      vertex -128.778 -110.757 0.2
      vertex -127.542 -110.757 0.2
      vertex -128.724 -110.676 0.2
    endloop
  endfacet
  facet normal 0 0 1
    outer loop
      vertex -128.859 -110.811 0.2
      vertex -127.542 -110.757 0.2
      vertex -128.778 -110.757 0.2
    endloop
  endfacet
  facet normal 0 0 1
    outer loop
      vertex -127.461 -110.811 0.2
      vertex -128.859 -110.811 0.2
      vertex -128.955 -110.83 0.2
    endloop
  endfacet
  facet normal 0 0 1
    outer loop
      vertex -127.365 -110.83 0.2
      vertex -128.955 -110.83 0.2
      vertex -160.692 -145.15 0.2
    endloop
  endfacet
  facet normal 0 0 1
    outer loop
      vertex -160.692 -145.15 0.2
      vertex -128.955 -110.83 0.2
      vertex -129.905 -110.83 0.2
    endloop
  endfacet
  facet normal 0 0 1
    outer loop
      vertex -160.692 -145.15 0.2
      vertex -129.905 -110.83 0.2
      vertex -130.001 -110.811 0.2
    endloop
  endfacet
  facet normal 0 0 1
    outer loop
      vertex -160.692 -145.15 0.2
      vertex -130.001 -110.811 0.2
      vertex -130.082 -110.757 0.2
    endloop
  endfacet
  facet normal 0 0 1
    outer loop
      vertex -127.25 -95.2 0.2
      vertex -132.45 -92.2 0.2
      vertex -132.45 -95.2 0.2
    endloop
  endfacet
  facet normal 0 0 1
    outer loop
      vertex -127.25 -95.2 0.2
      vertex -132.45 -95.2 0.2
      vertex -132.469 -95.2957 0.2
    endloop
  endfacet
  facet normal -0 0 1
    outer loop
      vertex -132.7 -95.45 0.2
      vertex -130.001 -107.949 0.2
      vertex -132.604 -95.431 0.2
    endloop
  endfacet
  facet normal -0 0 1
    outer loop
      vertex -134 -95.45 0.2
      vertex -130.001 -107.949 0.2
      vertex -132.7 -95.45 0.2
    endloop
  endfacet
  facet normal 0 0 1
    outer loop
      vertex -130.001 -107.949 0.2
      vertex -134 -95.45 0.2
      vertex -130.082 -108.003 0.2
    endloop
  endfacet
  facet normal 0 0 1
    outer loop
      vertex -134.096 -95.431 0.2
      vertex -130.082 -108.003 0.2
      vertex -134 -95.45 0.2
    endloop
  endfacet
  facet normal -0 0 1
    outer loop
      vertex -139.604 -95.431 0.2
      vertex -130.082 -108.003 0.2
      vertex -134.096 -95.431 0.2
    endloop
  endfacet
  facet normal 0 0 1
    outer loop
      vertex -130.082 -108.003 0.2
      vertex -139.604 -95.431 0.2
      vertex -130.136 -108.084 0.2
    endloop
  endfacet
  facet normal -0 0 1
    outer loop
      vertex -139.7 -95.45 0.2
      vertex -130.136 -108.084 0.2
      vertex -139.604 -95.431 0.2
    endloop
  endfacet
  facet normal -0 0 1
    outer loop
      vertex -141 -95.45 0.2
      vertex -130.136 -108.084 0.2
      vertex -139.7 -95.45 0.2
    endloop
  endfacet
  facet normal 0 0 1
    outer loop
      vertex -139.604 -95.431 0.2
      vertex -134.096 -95.431 0.2
      vertex -134.177 -95.3768 0.2
    endloop
  endfacet
  facet normal 0 0 1
    outer loop
      vertex -139.523 -95.3768 0.2
      vertex -134.177 -95.3768 0.2
      vertex -134.231 -95.2957 0.2
    endloop
  endfacet
  facet normal 0 0 1
    outer loop
      vertex -134.231 -92.1043 0.2
      vertex -139.45 -92.2 0.2
      vertex -134.25 -92.2 0.2
    endloop
  endfacet
  facet normal 0 0 1
    outer loop
      vertex -134.25 -92.2 0.2
      vertex -139.45 -92.2 0.2
      vertex -134.25 -95.2 0.2
    endloop
  endfacet
  facet normal 0 0 1
    outer loop
      vertex -139.45 -95.2 0.2
      vertex -134.25 -95.2 0.2
      vertex -139.45 -92.2 0.2
    endloop
  endfacet
  facet normal 0 0 1
    outer loop
      vertex -134.25 -95.2 0.2
      vertex -139.45 -95.2 0.2
      vertex -134.231 -95.2957 0.2
    endloop
  endfacet
  facet normal 0 0 1
    outer loop
      vertex -139.469 -95.2957 0.2
      vertex -134.231 -95.2957 0.2
      vertex -139.45 -95.2 0.2
    endloop
  endfacet
  facet normal 0 0 1
    outer loop
      vertex -139.523 -95.3768 0.2
      vertex -134.231 -95.2957 0.2
      vertex -139.469 -95.2957 0.2
    endloop
  endfacet
  facet normal 0 0 1
    outer loop
      vertex -134.177 -95.3768 0.2
      vertex -139.523 -95.3768 0.2
      vertex -139.604 -95.431 0.2
    endloop
  endfacet
  facet normal 0 0 1
    outer loop
      vertex -130.136 -108.084 0.2
      vertex -141 -95.45 0.2
      vertex -130.155 -108.18 0.2
    endloop
  endfacet
  facet normal 0 0 1
    outer loop
      vertex -130.155 -108.68 0.2
      vertex -141 -95.45 0.2
      vertex -141.096 -95.431 0.2
    endloop
  endfacet
  facet normal 0 0 1
    outer loop
      vertex -130.155 -108.68 0.2
      vertex -141.096 -95.431 0.2
      vertex -146.604 -95.431 0.2
    endloop
  endfacet
  facet normal 0 0 1
    outer loop
      vertex -130.155 -108.68 0.2
      vertex -146.604 -95.431 0.2
      vertex -146.7 -95.45 0.2
    endloop
  endfacet
  facet normal 0 0 1
    outer loop
      vertex -130.155 -110.08 0.2
      vertex -146.7 -95.45 0.2
      vertex -130.155 -110.58 0.2
    endloop
  endfacet
  facet normal 0 0 1
    outer loop
      vertex -146.604 -95.431 0.2
      vertex -141.096 -95.431 0.2
      vertex -141.177 -95.3768 0.2
    endloop
  endfacet
  facet normal 0 0 1
    outer loop
      vertex -141.231 -92.1043 0.2
      vertex -146.45 -92.2 0.2
      vertex -141.25 -92.2 0.2
    endloop
  endfacet
  facet normal 0 0 1
    outer loop
      vertex -141.25 -92.2 0.2
      vertex -146.45 -92.2 0.2
      vertex -141.25 -95.2 0.2
    endloop
  endfacet
  facet normal 0 0 1
    outer loop
      vertex -146.45 -95.2 0.2
      vertex -141.25 -95.2 0.2
      vertex -146.45 -92.2 0.2
    endloop
  endfacet
  facet normal 0 0 1
    outer loop
      vertex -141.25 -95.2 0.2
      vertex -146.45 -95.2 0.2
      vertex -141.231 -95.2957 0.2
    endloop
  endfacet
  facet normal 0 0 1
    outer loop
      vertex -146.469 -95.2957 0.2
      vertex -141.231 -95.2957 0.2
      vertex -146.45 -95.2 0.2
    endloop
  endfacet
  facet normal 0 0 1
    outer loop
      vertex -141.231 -95.2957 0.2
      vertex -146.469 -95.2957 0.2
      vertex -141.177 -95.3768 0.2
    endloop
  endfacet
  facet normal 0 0 1
    outer loop
      vertex -146.523 -95.3768 0.2
      vertex -141.177 -95.3768 0.2
      vertex -146.469 -95.2957 0.2
    endloop
  endfacet
  facet normal 0 0 1
    outer loop
      vertex -146.604 -95.431 0.2
      vertex -141.177 -95.3768 0.2
      vertex -146.523 -95.3768 0.2
    endloop
  endfacet
  facet normal -0 0 1
    outer loop
      vertex -148 -95.45 0.2
      vertex -130.155 -110.58 0.2
      vertex -146.7 -95.45 0.2
    endloop
  endfacet
  facet normal 0 0 1
    outer loop
      vertex -130.155 -110.58 0.2
      vertex -148 -95.45 0.2
      vertex -130.136 -110.676 0.2
    endloop
  endfacet
  facet normal -0 0 1
    outer loop
      vertex -153.725 -95.45 0.2
      vertex -130.136 -110.676 0.2
      vertex -148 -95.45 0.2
    endloop
  endfacet
  facet normal 0 0 1
    outer loop
      vertex -170.65 -134.822 0.2
      vertex -130.136 -110.676 0.2
      vertex -153.725 -95.45 0.2
    endloop
  endfacet
  facet normal 0 0 1
    outer loop
      vertex -153.725 -95.45 0.2
      vertex -148 -95.45 0.2
      vertex -148.096 -95.431 0.2
    endloop
  endfacet
  facet normal 0 0 1
    outer loop
      vertex -153.629 -95.431 0.2
      vertex -148.096 -95.431 0.2
      vertex -148.177 -95.3768 0.2
    endloop
  endfacet
  facet normal 0 0 1
    outer loop
      vertex -148.231 -92.1043 0.2
      vertex -153.475 -92.2 0.2
      vertex -148.25 -92.2 0.2
    endloop
  endfacet
  facet normal 0 0 1
    outer loop
      vertex -148.25 -92.2 0.2
      vertex -153.475 -92.2 0.2
      vertex -148.25 -95.2 0.2
    endloop
  endfacet
  facet normal 0 0 1
    outer loop
      vertex -153.475 -95.2 0.2
      vertex -148.25 -95.2 0.2
      vertex -153.475 -92.2 0.2
    endloop
  endfacet
  facet normal 0 0 1
    outer loop
      vertex -148.25 -95.2 0.2
      vertex -153.475 -95.2 0.2
      vertex -148.231 -95.2957 0.2
    endloop
  endfacet
  facet normal 0 0 1
    outer loop
      vertex -153.494 -95.2957 0.2
      vertex -148.231 -95.2957 0.2
      vertex -153.475 -95.2 0.2
    endloop
  endfacet
  facet normal 0 0 1
    outer loop
      vertex -148.231 -95.2957 0.2
      vertex -153.494 -95.2957 0.2
      vertex -148.177 -95.3768 0.2
    endloop
  endfacet
  facet normal 0 0 1
    outer loop
      vertex -153.548 -95.3768 0.2
      vertex -148.177 -95.3768 0.2
      vertex -153.494 -95.2957 0.2
    endloop
  endfacet
  facet normal 0 0 1
    outer loop
      vertex -153.629 -95.431 0.2
      vertex -148.177 -95.3768 0.2
      vertex -153.548 -95.3768 0.2
    endloop
  endfacet
  facet normal 0 0 1
    outer loop
      vertex -148.096 -95.431 0.2
      vertex -153.629 -95.431 0.2
      vertex -153.725 -95.45 0.2
    endloop
  endfacet
  facet normal 0 0 1
    outer loop
      vertex -130.136 -110.676 0.2
      vertex -170.65 -134.822 0.2
      vertex -130.082 -110.757 0.2
    endloop
  endfacet
  facet normal 0 0 1
    outer loop
      vertex -170.65 -134.822 0.2
      vertex -153.725 -95.45 0.2
      vertex -155.025 -95.45 0.2
    endloop
  endfacet
  facet normal 0 0 1
    outer loop
      vertex -170.65 -134.822 0.2
      vertex -155.025 -95.45 0.2
      vertex -155.121 -95.431 0.2
    endloop
  endfacet
  facet normal 0 0 1
    outer loop
      vertex -170.65 -134.822 0.2
      vertex -155.121 -95.431 0.2
      vertex -155.202 -95.3768 0.2
    endloop
  endfacet
  facet normal 0 0 1
    outer loop
      vertex -160.4 -76.853 0.2
      vertex -156.757 -75.3434 0.2
      vertex -156.786 -75.3436 0.2
    endloop
  endfacet
  facet normal 0 0 1
    outer loop
      vertex -157.166 -75.3592 0.2
      vertex -156.786 -75.3436 0.2
      vertex -156.955 -75.3459 0.2
    endloop
  endfacet
  facet normal 0 0 1
    outer loop
      vertex -156.786 -75.3436 0.2
      vertex -157.166 -75.3592 0.2
      vertex -160.4 -76.853 0.2
    endloop
  endfacet
  facet normal 0 0 1
    outer loop
      vertex -160.4 -76.853 0.2
      vertex -157.166 -75.3592 0.2
      vertex -157.5 -75.3969 0.2
    endloop
  endfacet
  facet normal 0 0 1
    outer loop
      vertex -160.4 -76.853 0.2
      vertex -157.5 -75.3969 0.2
      vertex -157.739 -75.4374 0.2
    endloop
  endfacet
  facet normal 0 0 1
    outer loop
      vertex -160.4 -76.853 0.2
      vertex -157.739 -75.4374 0.2
      vertex -158.067 -75.5124 0.2
    endloop
  endfacet
  facet normal 0 0 1
    outer loop
      vertex -160.4 -76.853 0.2
      vertex -158.067 -75.5124 0.2
      vertex -158.299 -75.5792 0.2
    endloop
  endfacet
  facet normal 0 0 1
    outer loop
      vertex -160.4 -76.853 0.2
      vertex -158.299 -75.5792 0.2
      vertex -158.617 -75.6905 0.2
    endloop
  endfacet
  facet normal 0 0 1
    outer loop
      vertex -160.4 -76.853 0.2
      vertex -158.617 -75.6905 0.2
      vertex -158.839 -75.7827 0.2
    endloop
  endfacet
  facet normal 0 0 1
    outer loop
      vertex -160.4 -76.853 0.2
      vertex -158.839 -75.7827 0.2
      vertex -159.143 -75.9289 0.2
    endloop
  endfacet
  facet normal 0 0 1
    outer loop
      vertex -155.256 -87.1043 0.2
      vertex -169.143 -85.6016 0.2
      vertex -155.275 -87.2 0.2
    endloop
  endfacet
  facet normal 0 0 1
    outer loop
      vertex -160.4 -76.853 0.2
      vertex -159.143 -75.9289 0.2
      vertex -159.354 -76.0459 0.2
    endloop
  endfacet
  facet normal 0 0 1
    outer loop
      vertex -160.4 -76.853 0.2
      vertex -159.354 -76.0459 0.2
      vertex -159.639 -76.2252 0.2
    endloop
  endfacet
  facet normal 0 0 1
    outer loop
      vertex -160.4 -76.853 0.2
      vertex -159.639 -76.2252 0.2
      vertex -159.836 -76.3647 0.2
    endloop
  endfacet
  facet normal 0 0 1
    outer loop
      vertex -160.4 -76.853 0.2
      vertex -159.836 -76.3647 0.2
      vertex -160.099 -76.5748 0.2
    endloop
  endfacet
  facet normal 0 0 1
    outer loop
      vertex -160.378 -76.8321 0.2
      vertex -160.099 -76.5748 0.2
      vertex -160.258 -76.7146 0.2
    endloop
  endfacet
  facet normal 0 0 1
    outer loop
      vertex -160.4 -76.853 0.2
      vertex -160.099 -76.5748 0.2
      vertex -160.378 -76.8321 0.2
    endloop
  endfacet
  facet normal 0 0 1
    outer loop
      vertex -155.275 -90.2 0.2
      vertex -170.65 -89.2421 0.2
      vertex -155.275 -92.2 0.2
    endloop
  endfacet
  facet normal 0 0 1
    outer loop
      vertex -127.365 -110.83 0.2
      vertex -160.692 -145.15 0.2
      vertex -94 -145.15 0.2
    endloop
  endfacet
  facet normal 0 0 1
    outer loop
      vertex -170.65 -89.2421 0.2
      vertex -155.202 -95.3768 0.2
      vertex -155.256 -95.2957 0.2
    endloop
  endfacet
  facet normal 0 0 1
    outer loop
      vertex -155.275 -92.2 0.2
      vertex -170.65 -89.2421 0.2
      vertex -155.275 -95.2 0.2
    endloop
  endfacet
  facet normal 0 0 1
    outer loop
      vertex -155.202 -95.3768 0.2
      vertex -170.65 -89.2421 0.2
      vertex -170.65 -134.822 0.2
    endloop
  endfacet
  facet normal 0 0 1
    outer loop
      vertex -130.082 -110.757 0.2
      vertex -170.65 -134.822 0.2
      vertex -160.692 -145.15 0.2
    endloop
  endfacet
  facet normal -0 -0 1
    outer loop
      vertex -169.274 -138.326 0.2
      vertex -160.692 -145.15 0.2
      vertex -170.65 -134.822 0.2
    endloop
  endfacet
  facet normal -0 -0 1
    outer loop
      vertex -164.466 -143.504 0.2
      vertex -160.692 -145.15 0.2
      vertex -169.274 -138.326 0.2
    endloop
  endfacet
  facet normal -0 -0 1
    outer loop
      vertex -161.121 -145.133 0.2
      vertex -160.722 -145.15 0.2
      vertex -164.466 -143.504 0.2
    endloop
  endfacet
  facet normal 0 0 1
    outer loop
      vertex -160.722 -145.15 0.2
      vertex -161.121 -145.133 0.2
      vertex -160.899 -145.147 0.2
    endloop
  endfacet
  facet normal 0 0 1
    outer loop
      vertex -161.121 -145.133 0.2
      vertex -164.466 -143.504 0.2
      vertex -161.471 -145.091 0.2
    endloop
  endfacet
  facet normal 0 0 1
    outer loop
      vertex -161.471 -145.091 0.2
      vertex -164.466 -143.504 0.2
      vertex -161.719 -145.047 0.2
    endloop
  endfacet
  facet normal 0 0 1
    outer loop
      vertex -161.719 -145.047 0.2
      vertex -164.466 -143.504 0.2
      vertex -162.062 -144.965 0.2
    endloop
  endfacet
  facet normal 0 0 1
    outer loop
      vertex -162.062 -144.965 0.2
      vertex -164.466 -143.504 0.2
      vertex -162.303 -144.892 0.2
    endloop
  endfacet
  facet normal 0 0 1
    outer loop
      vertex -162.634 -144.77 0.2
      vertex -164.466 -143.504 0.2
      vertex -162.865 -144.669 0.2
    endloop
  endfacet
  facet normal 0 0 1
    outer loop
      vertex -162.865 -144.669 0.2
      vertex -164.466 -143.504 0.2
      vertex -163.18 -144.51 0.2
    endloop
  endfacet
  facet normal 0 0 1
    outer loop
      vertex -163.18 -144.51 0.2
      vertex -164.466 -143.504 0.2
      vertex -163.398 -144.382 0.2
    endloop
  endfacet
  facet normal 0 0 1
    outer loop
      vertex -163.398 -144.382 0.2
      vertex -164.466 -143.504 0.2
      vertex -163.691 -144.187 0.2
    endloop
  endfacet
  facet normal 0 0 1
    outer loop
      vertex -163.691 -144.187 0.2
      vertex -164.466 -143.504 0.2
      vertex -163.893 -144.035 0.2
    endloop
  endfacet
  facet normal 0 0 1
    outer loop
      vertex -163.893 -144.035 0.2
      vertex -164.466 -143.504 0.2
      vertex -164.161 -143.806 0.2
    endloop
  endfacet
  facet normal 0 0 1
    outer loop
      vertex -164.161 -143.806 0.2
      vertex -164.444 -143.527 0.2
      vertex -164.322 -143.655 0.2
    endloop
  endfacet
  facet normal 0 0 1
    outer loop
      vertex -155.275 -95.2 0.2
      vertex -170.65 -89.2421 0.2
      vertex -155.256 -95.2957 0.2
    endloop
  endfacet
  facet normal 0 0 1
    outer loop
      vertex -170.65 -89.2421 0.2
      vertex -169.143 -85.6016 0.2
      vertex -169.164 -85.623 0.2
    endloop
  endfacet
  facet normal 0 0 1
    outer loop
      vertex -162.303 -144.892 0.2
      vertex -164.466 -143.504 0.2
      vertex -162.634 -144.77 0.2
    endloop
  endfacet
  facet normal 0 0 1
    outer loop
      vertex -169.421 -85.9023 0.2
      vertex -169.164 -85.623 0.2
      vertex -169.281 -85.7437 0.2
    endloop
  endfacet
  facet normal 0 0 1
    outer loop
      vertex -164.161 -143.806 0.2
      vertex -164.466 -143.504 0.2
      vertex -164.444 -143.527 0.2
    endloop
  endfacet
  facet normal 0 0 1
    outer loop
      vertex -169.164 -85.623 0.2
      vertex -169.421 -85.9023 0.2
      vertex -170.65 -89.2421 0.2
    endloop
  endfacet
  facet normal 0 0 1
    outer loop
      vertex -160.692 -145.15 0.2
      vertex -164.466 -143.504 0.2
      vertex -160.722 -145.15 0.2
    endloop
  endfacet
  facet normal -0 -0 1
    outer loop
      vertex -169.569 -137.98 0.2
      vertex -169.296 -138.302 0.2
      vertex -170.65 -134.822 0.2
    endloop
  endfacet
  facet normal 0 0 1
    outer loop
      vertex -170.65 -89.2421 0.2
      vertex -169.421 -85.9023 0.2
      vertex -169.631 -86.1655 0.2
    endloop
  endfacet
  facet normal 0 0 1
    outer loop
      vertex -170.65 -89.2421 0.2
      vertex -169.631 -86.1655 0.2
      vertex -169.77 -86.3618 0.2
    endloop
  endfacet
  facet normal 0 0 1
    outer loop
      vertex -169.274 -138.326 0.2
      vertex -170.65 -134.822 0.2
      vertex -169.296 -138.302 0.2
    endloop
  endfacet
  facet normal 0 0 1
    outer loop
      vertex -169.569 -137.98 0.2
      vertex -170.65 -134.822 0.2
      vertex -169.788 -137.676 0.2
    endloop
  endfacet
  facet normal 0 0 1
    outer loop
      vertex -170.65 -89.2421 0.2
      vertex -169.77 -86.3618 0.2
      vertex -169.949 -86.6468 0.2
    endloop
  endfacet
  facet normal 0 0 1
    outer loop
      vertex -170.65 -89.2421 0.2
      vertex -169.949 -86.6468 0.2
      vertex -170.065 -86.8578 0.2
    endloop
  endfacet
  facet normal 0 0 1
    outer loop
      vertex -169.296 -138.302 0.2
      vertex -169.569 -137.98 0.2
      vertex -169.422 -138.163 0.2
    endloop
  endfacet
  facet normal 0 0 1
    outer loop
      vertex -170.65 -89.2421 0.2
      vertex -170.065 -86.8578 0.2
      vertex -170.211 -87.1611 0.2
    endloop
  endfacet
  facet normal 0 0 1
    outer loop
      vertex -169.788 -137.676 0.2
      vertex -170.65 -134.822 0.2
      vertex -169.93 -137.449 0.2
    endloop
  endfacet
  facet normal 0 0 1
    outer loop
      vertex -170.65 -89.2421 0.2
      vertex -170.211 -87.1611 0.2
      vertex -170.303 -87.3839 0.2
    endloop
  endfacet
  facet normal 0 0 1
    outer loop
      vertex -169.93 -137.449 0.2
      vertex -170.65 -134.822 0.2
      vertex -170.109 -137.12 0.2
    endloop
  endfacet
  facet normal 0 0 1
    outer loop
      vertex -170.65 -89.2421 0.2
      vertex -170.303 -87.3839 0.2
      vertex -170.415 -87.7016 0.2
    endloop
  endfacet
  facet normal 0 0 1
    outer loop
      vertex -170.109 -137.12 0.2
      vertex -170.65 -134.822 0.2
      vertex -170.223 -136.877 0.2
    endloop
  endfacet
  facet normal 0 0 1
    outer loop
      vertex -170.65 -89.2421 0.2
      vertex -170.415 -87.7016 0.2
      vertex -170.481 -87.9328 0.2
    endloop
  endfacet
  facet normal 0 0 1
    outer loop
      vertex -170.223 -136.877 0.2
      vertex -170.65 -134.822 0.2
      vertex -170.359 -136.529 0.2
    endloop
  endfacet
  facet normal 0 0 1
    outer loop
      vertex -170.65 -89.2421 0.2
      vertex -170.481 -87.9328 0.2
      vertex -170.556 -88.2609 0.2
    endloop
  endfacet
  facet normal 0 0 1
    outer loop
      vertex -170.359 -136.529 0.2
      vertex -170.65 -134.822 0.2
      vertex -170.441 -136.274 0.2
    endloop
  endfacet
  facet normal 0 0 1
    outer loop
      vertex -170.65 -89.2421 0.2
      vertex -170.556 -88.2609 0.2
      vertex -170.597 -88.4992 0.2
    endloop
  endfacet
  facet normal 0 0 1
    outer loop
      vertex -170.534 -135.912 0.2
      vertex -170.65 -134.822 0.2
      vertex -170.584 -135.648 0.2
    endloop
  endfacet
  facet normal 0 0 1
    outer loop
      vertex -170.65 -89.2421 0.2
      vertex -170.597 -88.4992 0.2
      vertex -170.634 -88.8336 0.2
    endloop
  endfacet
  facet normal 0 0 1
    outer loop
      vertex -170.584 -135.648 0.2
      vertex -170.65 -134.822 0.2
      vertex -170.63 -135.276 0.2
    endloop
  endfacet
  facet normal 0 0 1
    outer loop
      vertex -170.65 -89.2113 0.2
      vertex -170.634 -88.8336 0.2
      vertex -170.647 -89.043 0.2
    endloop
  endfacet
  facet normal 0 0 1
    outer loop
      vertex -170.63 -135.276 0.2
      vertex -170.65 -134.855 0.2
      vertex -170.647 -135.043 0.2
    endloop
  endfacet
  facet normal 0 0 1
    outer loop
      vertex -170.65 -89.2421 0.2
      vertex -170.634 -88.8336 0.2
      vertex -170.65 -89.2113 0.2
    endloop
  endfacet
  facet normal 0 0 1
    outer loop
      vertex -170.441 -136.274 0.2
      vertex -170.65 -134.822 0.2
      vertex -170.534 -135.912 0.2
    endloop
  endfacet
  facet normal 0 0 1
    outer loop
      vertex -170.63 -135.276 0.2
      vertex -170.65 -134.822 0.2
      vertex -170.65 -134.855 0.2
    endloop
  endfacet
  facet normal 0 0 1
    outer loop
      vertex -106.231 -92.2043 0.2
      vertex -111.475 -92.25 0.2
      vertex -106.25 -92.3 0.2
    endloop
  endfacet
  facet normal 0 0 1
    outer loop
      vertex -106.25 -92.3 0.2
      vertex -111.475 -95.25 0.2
      vertex -106.25 -95.3 0.2
    endloop
  endfacet
  facet normal 0 0 1
    outer loop
      vertex -106.25 -95.3 0.2
      vertex -111.475 -95.25 0.2
      vertex -111.494 -95.3457 0.2
    endloop
  endfacet
  facet normal 0 -0 1
    outer loop
      vertex -110.944 -108.084 0.2
      vertex -109.816 -108.084 0.2
      vertex -110.998 -108.003 0.2
    endloop
  endfacet
  facet normal 0 0 1
    outer loop
      vertex -109.762 -108.003 0.2
      vertex -110.998 -108.003 0.2
      vertex -109.816 -108.084 0.2
    endloop
  endfacet
  facet normal 0 0 1
    outer loop
      vertex -109.681 -107.949 0.2
      vertex -111.079 -107.949 0.2
      vertex -109.762 -108.003 0.2
    endloop
  endfacet
  facet normal -0 0 1
    outer loop
      vertex -111.725 -95.5 0.2
      vertex -111.175 -107.93 0.2
      vertex -111.629 -95.481 0.2
    endloop
  endfacet
  facet normal 0 0 1
    outer loop
      vertex -111.725 -95.5 0.2
      vertex -112.125 -107.93 0.2
      vertex -111.175 -107.93 0.2
    endloop
  endfacet
  facet normal -0 0 1
    outer loop
      vertex -113.025 -95.5 0.2
      vertex -112.125 -107.93 0.2
      vertex -111.725 -95.5 0.2
    endloop
  endfacet
  facet normal 0 0 1
    outer loop
      vertex -112.125 -107.93 0.2
      vertex -113.025 -95.5 0.2
      vertex -112.221 -107.949 0.2
    endloop
  endfacet
  facet normal 0 0 1
    outer loop
      vertex -113.465 -108.18 0.2
      vertex -113.025 -95.5 0.2
      vertex -113.121 -95.481 0.2
    endloop
  endfacet
  facet normal 0 0 1
    outer loop
      vertex -113.025 -95.5 0.2
      vertex -113.465 -108.18 0.2
      vertex -112.221 -107.949 0.2
    endloop
  endfacet
  facet normal 0 0 1
    outer loop
      vertex -113.484 -108.776 0.2
      vertex -112.375 -108.68 0.2
      vertex -112.375 -108.18 0.2
    endloop
  endfacet
  facet normal 0 0 1
    outer loop
      vertex -112.302 -109.903 0.2
      vertex -113.465 -110.08 0.2
      vertex -112.356 -109.984 0.2
    endloop
  endfacet
  facet normal 0 0 1
    outer loop
      vertex -112.302 -108.003 0.2
      vertex -113.465 -108.18 0.2
      vertex -112.356 -108.084 0.2
    endloop
  endfacet
  facet normal 0 0 1
    outer loop
      vertex -112.221 -107.949 0.2
      vertex -113.465 -108.18 0.2
      vertex -112.302 -108.003 0.2
    endloop
  endfacet
  facet normal 0.92386 0.38273 0
    outer loop
      vertex -89.1967 -78.6345 0.2
      vertex -89.289 -78.4117 -1
      vertex -89.289 -78.4117 0.2
    endloop
  endfacet
  facet normal 0.92386 0.38273 0
    outer loop
      vertex -89.289 -78.4117 -1
      vertex -89.1967 -78.6345 0.2
      vertex -89.1967 -78.6345 -1
    endloop
  endfacet
  facet normal 0.745621 0.66637 0
    outer loop
      vertex -90.0803 -77.1522 0.2
      vertex -90.2409 -76.9725 -1
      vertex -90.2409 -76.9725 0.2
    endloop
  endfacet
  facet normal 0.745621 0.66637 0
    outer loop
      vertex -90.2409 -76.9725 -1
      vertex -90.0803 -77.1522 0.2
      vertex -90.0803 -77.1522 -1
    endloop
  endfacet
  facet normal 0.90098 0.43386 0
    outer loop
      vertex -89.289 -78.4117 0.2
      vertex -89.4351 -78.1083 -1
      vertex -89.4351 -78.1083 0.2
    endloop
  endfacet
  facet normal 0.90098 0.43386 0
    outer loop
      vertex -89.4351 -78.1083 -1
      vertex -89.289 -78.4117 0.2
      vertex -89.289 -78.4117 -1
    endloop
  endfacet
  facet normal -0.577902 0.816106 0
    outer loop
      vertex -159.639 -76.2252 -1
      vertex -159.836 -76.3647 0.2
      vertex -159.639 -76.2252 0.2
    endloop
  endfacet
  facet normal -0.577902 0.816106 0
    outer loop
      vertex -159.836 -76.3647 0.2
      vertex -159.639 -76.2252 -1
      vertex -159.836 -76.3647 -1
    endloop
  endfacet
  facet normal -0.624151 0.781303 0
    outer loop
      vertex -159.836 -76.3647 -1
      vertex -160.099 -76.5748 0.2
      vertex -159.836 -76.3647 0.2
    endloop
  endfacet
  facet normal -0.624151 0.781303 0
    outer loop
      vertex -160.099 -76.5748 0.2
      vertex -159.836 -76.3647 -1
      vertex -160.099 -76.5748 -1
    endloop
  endfacet
  facet normal -0.878405 -0.477917 0
    outer loop
      vertex -169.93 -137.449 -1
      vertex -170.109 -137.12 0.2
      vertex -170.109 -137.12 -1
    endloop
  endfacet
  facet normal -0.878405 -0.477917 0
    outer loop
      vertex -170.109 -137.12 0.2
      vertex -169.93 -137.449 -1
      vertex -169.93 -137.449 0.2
    endloop
  endfacet
  facet normal -0.90104 0.433735 0
    outer loop
      vertex -170.211 -87.1611 -1
      vertex -170.065 -86.8578 0.2
      vertex -170.065 -86.8578 -1
    endloop
  endfacet
  facet normal -0.90104 0.433735 0
    outer loop
      vertex -170.065 -86.8578 0.2
      vertex -170.211 -87.1611 -1
      vertex -170.211 -87.1611 0.2
    endloop
  endfacet
  facet normal 0.974905 -0.222623 0
    outer loop
      vertex -89.0189 -141.309 0.2
      vertex -88.944 -140.981 -1
      vertex -88.944 -140.981 0.2
    endloop
  endfacet
  facet normal 0.974905 -0.222623 0
    outer loop
      vertex -88.944 -140.981 -1
      vertex -89.0189 -141.309 0.2
      vertex -89.0189 -141.309 -1
    endloop
  endfacet
  facet normal 0.998 -0.0632067 0
    outer loop
      vertex -88.8659 -140.409 0.2
      vertex -88.8526 -140.199 -1
      vertex -88.8526 -140.199 0.2
    endloop
  endfacet
  facet normal 0.998 -0.0632067 0
    outer loop
      vertex -88.8526 -140.199 -1
      vertex -88.8659 -140.409 0.2
      vertex -88.8659 -140.409 -1
    endloop
  endfacet
  facet normal 0.99803 0.0627307 0
    outer loop
      vertex -88.8525 -80.2959 0.2
      vertex -88.8658 -80.0843 -1
      vertex -88.8658 -80.0843 0.2
    endloop
  endfacet
  facet normal 0.99803 0.0627307 0
    outer loop
      vertex -88.8658 -80.0843 -1
      vertex -88.8525 -80.2959 0.2
      vertex -88.8525 -80.2959 -1
    endloop
  endfacet
  facet normal -0.660308 0.750995 0
    outer loop
      vertex -160.099 -76.5748 -1
      vertex -160.258 -76.7146 0.2
      vertex -160.099 -76.5748 0.2
    endloop
  endfacet
  facet normal -0.660308 0.750995 0
    outer loop
      vertex -160.258 -76.7146 0.2
      vertex -160.099 -76.5748 -1
      vertex -160.258 -76.7146 -1
    endloop
  endfacet
  facet normal -0.532506 0.846426 0
    outer loop
      vertex -159.354 -76.0459 -1
      vertex -159.639 -76.2252 0.2
      vertex -159.354 -76.0459 0.2
    endloop
  endfacet
  facet normal -0.532506 0.846426 0
    outer loop
      vertex -159.639 -76.2252 0.2
      vertex -159.354 -76.0459 -1
      vertex -159.639 -76.2252 -1
    endloop
  endfacet
  facet normal -0.174691 -0.984623 0
    outer loop
      vertex -161.719 -145.047 -1
      vertex -161.471 -145.091 0.2
      vertex -161.719 -145.047 0.2
    endloop
  endfacet
  facet normal -0.174691 -0.984623 -0
    outer loop
      vertex -161.471 -145.091 0.2
      vertex -161.719 -145.047 -1
      vertex -161.471 -145.091 -1
    endloop
  endfacet
  facet normal 0.276638 0.960974 -0
    outer loop
      vertex -92.4588 -75.579 -1
      vertex -92.6905 -75.5123 0.2
      vertex -92.4588 -75.579 0.2
    endloop
  endfacet
  facet normal 0.276638 0.960974 0
    outer loop
      vertex -92.6905 -75.5123 0.2
      vertex -92.4588 -75.579 -1
      vertex -92.6905 -75.5123 -1
    endloop
  endfacet
  facet normal 0.381375 -0.92442 0
    outer loop
      vertex -92.1409 -144.803 -1
      vertex -91.9179 -144.711 0.2
      vertex -92.1409 -144.803 0.2
    endloop
  endfacet
  facet normal 0.381375 -0.92442 0
    outer loop
      vertex -91.9179 -144.711 0.2
      vertex -92.1409 -144.803 -1
      vertex -91.9179 -144.711 -1
    endloop
  endfacet
  facet normal 0.167696 0.985839 -0
    outer loop
      vertex -93.0188 -75.4374 -1
      vertex -93.2563 -75.397 0.2
      vertex -93.0188 -75.4374 0.2
    endloop
  endfacet
  facet normal 0.167696 0.985839 0
    outer loop
      vertex -93.2563 -75.397 0.2
      vertex -93.0188 -75.4374 -1
      vertex -93.2563 -75.397 -1
    endloop
  endfacet
  facet normal 0.22243 0.974949 -0
    outer loop
      vertex -92.6905 -75.5123 -1
      vertex -93.0188 -75.4374 0.2
      vertex -92.6905 -75.5123 0.2
    endloop
  endfacet
  facet normal 0.22243 0.974949 0
    outer loop
      vertex -93.0188 -75.4374 0.2
      vertex -92.6905 -75.5123 -1
      vertex -93.0188 -75.4374 -1
    endloop
  endfacet
  facet normal 0 0 -1
    outer loop
      vertex -153.494 -90.2957 0
      vertex -148.231 -90.2957 0
      vertex -153.494 -92.1043 0
    endloop
  endfacet
  facet normal 0 0 -1
    outer loop
      vertex -148.231 -90.2957 0
      vertex -153.494 -90.2957 0
      vertex -153.475 -90.2 0
    endloop
  endfacet
  facet normal 0 0 -1
    outer loop
      vertex -153.548 -92.0232 0
      vertex -153.494 -90.2957 0
      vertex -153.494 -92.1043 0
    endloop
  endfacet
  facet normal 0 0 -1
    outer loop
      vertex -153.548 -92.0232 0
      vertex -153.548 -90.3768 0
      vertex -153.494 -90.2957 0
    endloop
  endfacet
  facet normal 0 0 -1
    outer loop
      vertex -153.629 -91.969 0
      vertex -153.548 -90.3768 0
      vertex -153.548 -92.0232 0
    endloop
  endfacet
  facet normal 0 0 -1
    outer loop
      vertex -153.629 -91.969 0
      vertex -153.629 -90.431 0
      vertex -153.548 -90.3768 0
    endloop
  endfacet
  facet normal 0 0 -1
    outer loop
      vertex -153.725 -91.95 0
      vertex -153.629 -90.431 0
      vertex -153.629 -91.969 0
    endloop
  endfacet
  facet normal 0 0 -1
    outer loop
      vertex -153.725 -91.95 0
      vertex -153.725 -90.45 0
      vertex -153.629 -90.431 0
    endloop
  endfacet
  facet normal 0 0 -1
    outer loop
      vertex -155.025 -91.95 0
      vertex -153.725 -90.45 0
      vertex -153.725 -91.95 0
    endloop
  endfacet
  facet normal 0 0 -1
    outer loop
      vertex -155.025 -91.95 0
      vertex -155.025 -90.45 0
      vertex -153.725 -90.45 0
    endloop
  endfacet
  facet normal 0 0 -1
    outer loop
      vertex -155.121 -91.969 0
      vertex -155.025 -90.45 0
      vertex -155.025 -91.95 0
    endloop
  endfacet
  facet normal 0 0 -1
    outer loop
      vertex -155.121 -91.969 0
      vertex -155.121 -90.431 0
      vertex -155.025 -90.45 0
    endloop
  endfacet
  facet normal 0 0 -1
    outer loop
      vertex -155.202 -92.0232 0
      vertex -155.121 -90.431 0
      vertex -155.121 -91.969 0
    endloop
  endfacet
  facet normal 0 0 -1
    outer loop
      vertex -155.202 -92.0232 0
      vertex -155.202 -90.3768 0
      vertex -155.121 -90.431 0
    endloop
  endfacet
  facet normal 0 0 -1
    outer loop
      vertex -155.256 -92.1043 0
      vertex -155.202 -90.3768 0
      vertex -155.202 -92.0232 0
    endloop
  endfacet
  facet normal 0 0 -1
    outer loop
      vertex -155.256 -92.1043 0
      vertex -155.256 -90.2957 0
      vertex -155.202 -90.3768 0
    endloop
  endfacet
  facet normal 0 0 -1
    outer loop
      vertex -155.275 -92.2 0
      vertex -155.256 -90.2957 0
      vertex -155.256 -92.1043 0
    endloop
  endfacet
  facet normal -0 0 -1
    outer loop
      vertex -155.256 -90.2957 0
      vertex -155.275 -92.2 0
      vertex -155.275 -90.2 0
    endloop
  endfacet
  facet normal 0 0 -1
    outer loop
      vertex -146.469 -90.2957 0
      vertex -141.231 -90.2957 0
      vertex -146.469 -92.1043 0
    endloop
  endfacet
  facet normal 0 0 -1
    outer loop
      vertex -141.231 -90.2957 0
      vertex -146.469 -90.2957 0
      vertex -146.45 -90.2 0
    endloop
  endfacet
  facet normal 0 0 -1
    outer loop
      vertex -146.523 -92.0232 0
      vertex -146.469 -90.2957 0
      vertex -146.469 -92.1043 0
    endloop
  endfacet
  facet normal 0 0 -1
    outer loop
      vertex -146.523 -92.0232 0
      vertex -146.523 -90.3768 0
      vertex -146.469 -90.2957 0
    endloop
  endfacet
  facet normal 0 0 -1
    outer loop
      vertex -146.604 -91.969 0
      vertex -146.523 -90.3768 0
      vertex -146.523 -92.0232 0
    endloop
  endfacet
  facet normal 0 0 -1
    outer loop
      vertex -146.604 -91.969 0
      vertex -146.604 -90.431 0
      vertex -146.523 -90.3768 0
    endloop
  endfacet
  facet normal 0 0 -1
    outer loop
      vertex -146.7 -91.95 0
      vertex -146.604 -90.431 0
      vertex -146.604 -91.969 0
    endloop
  endfacet
  facet normal 0 0 -1
    outer loop
      vertex -146.7 -91.95 0
      vertex -146.7 -90.45 0
      vertex -146.604 -90.431 0
    endloop
  endfacet
  facet normal 0 0 -1
    outer loop
      vertex -148 -91.95 0
      vertex -146.7 -90.45 0
      vertex -146.7 -91.95 0
    endloop
  endfacet
  facet normal 0 0 -1
    outer loop
      vertex -148 -91.95 0
      vertex -148 -90.45 0
      vertex -146.7 -90.45 0
    endloop
  endfacet
  facet normal 0 0 -1
    outer loop
      vertex -148.096 -91.969 0
      vertex -148 -90.45 0
      vertex -148 -91.95 0
    endloop
  endfacet
  facet normal 0 0 -1
    outer loop
      vertex -148.096 -91.969 0
      vertex -148.096 -90.431 0
      vertex -148 -90.45 0
    endloop
  endfacet
  facet normal 0 0 -1
    outer loop
      vertex -148.177 -92.0232 0
      vertex -148.096 -90.431 0
      vertex -148.096 -91.969 0
    endloop
  endfacet
  facet normal 0 0 -1
    outer loop
      vertex -148.177 -92.0232 0
      vertex -148.177 -90.3768 0
      vertex -148.096 -90.431 0
    endloop
  endfacet
  facet normal 0 0 -1
    outer loop
      vertex -148.231 -92.1043 0
      vertex -148.177 -90.3768 0
      vertex -148.177 -92.0232 0
    endloop
  endfacet
  facet normal 0 0 -1
    outer loop
      vertex -148.231 -92.1043 0
      vertex -148.231 -90.2957 0
      vertex -148.177 -90.3768 0
    endloop
  endfacet
  facet normal 0 0 -1
    outer loop
      vertex -153.475 -92.2 0
      vertex -148.231 -92.1043 0
      vertex -148.25 -92.2 0
    endloop
  endfacet
  facet normal 0 0 -1
    outer loop
      vertex -153.494 -92.1043 0
      vertex -148.231 -92.1043 0
      vertex -153.475 -92.2 0
    endloop
  endfacet
  facet normal 0 0 -1
    outer loop
      vertex -139.469 -90.2957 0
      vertex -134.231 -90.2957 0
      vertex -139.469 -92.1043 0
    endloop
  endfacet
  facet normal 0 0 -1
    outer loop
      vertex -134.231 -90.2957 0
      vertex -139.469 -90.2957 0
      vertex -139.45 -90.2 0
    endloop
  endfacet
  facet normal 0 0 -1
    outer loop
      vertex -139.523 -92.0232 0
      vertex -139.469 -90.2957 0
      vertex -139.469 -92.1043 0
    endloop
  endfacet
  facet normal 0 0 -1
    outer loop
      vertex -139.523 -92.0232 0
      vertex -139.523 -90.3768 0
      vertex -139.469 -90.2957 0
    endloop
  endfacet
  facet normal 0 0 -1
    outer loop
      vertex -139.604 -91.969 0
      vertex -139.523 -90.3768 0
      vertex -139.523 -92.0232 0
    endloop
  endfacet
  facet normal 0 0 -1
    outer loop
      vertex -139.604 -91.969 0
      vertex -139.604 -90.431 0
      vertex -139.523 -90.3768 0
    endloop
  endfacet
  facet normal 0 0 -1
    outer loop
      vertex -139.7 -91.95 0
      vertex -139.604 -90.431 0
      vertex -139.604 -91.969 0
    endloop
  endfacet
  facet normal 0 0 -1
    outer loop
      vertex -139.7 -91.95 0
      vertex -139.7 -90.45 0
      vertex -139.604 -90.431 0
    endloop
  endfacet
  facet normal 0 0 -1
    outer loop
      vertex -141 -91.95 0
      vertex -139.7 -90.45 0
      vertex -139.7 -91.95 0
    endloop
  endfacet
  facet normal 0 0 -1
    outer loop
      vertex -141 -91.95 0
      vertex -141 -90.45 0
      vertex -139.7 -90.45 0
    endloop
  endfacet
  facet normal 0 0 -1
    outer loop
      vertex -141.096 -91.969 0
      vertex -141 -90.45 0
      vertex -141 -91.95 0
    endloop
  endfacet
  facet normal 0 0 -1
    outer loop
      vertex -141.096 -91.969 0
      vertex -141.096 -90.431 0
      vertex -141 -90.45 0
    endloop
  endfacet
  facet normal 0 0 -1
    outer loop
      vertex -141.177 -92.0232 0
      vertex -141.096 -90.431 0
      vertex -141.096 -91.969 0
    endloop
  endfacet
  facet normal 0 0 -1
    outer loop
      vertex -141.177 -92.0232 0
      vertex -141.177 -90.3768 0
      vertex -141.096 -90.431 0
    endloop
  endfacet
  facet normal 0 0 -1
    outer loop
      vertex -141.231 -92.1043 0
      vertex -141.177 -90.3768 0
      vertex -141.177 -92.0232 0
    endloop
  endfacet
  facet normal 0 0 -1
    outer loop
      vertex -141.231 -92.1043 0
      vertex -141.231 -90.2957 0
      vertex -141.177 -90.3768 0
    endloop
  endfacet
  facet normal 0 0 -1
    outer loop
      vertex -146.45 -92.2 0
      vertex -141.231 -92.1043 0
      vertex -141.25 -92.2 0
    endloop
  endfacet
  facet normal 0 0 -1
    outer loop
      vertex -146.469 -92.1043 0
      vertex -141.231 -92.1043 0
      vertex -146.45 -92.2 0
    endloop
  endfacet
  facet normal 0 0 -1
    outer loop
      vertex -127.25 -90.2 0
      vertex -132.45 -90.2 0
      vertex -127.25 -87.2 0
    endloop
  endfacet
  facet normal 0 0 -1
    outer loop
      vertex -127.231 -90.2957 0
      vertex -132.469 -90.2957 0
      vertex -132.45 -90.2 0
    endloop
  endfacet
  facet normal 0 0 -1
    outer loop
      vertex -132.523 -92.0232 0
      vertex -132.469 -90.2957 0
      vertex -132.469 -92.1043 0
    endloop
  endfacet
  facet normal 0 0 -1
    outer loop
      vertex -132.523 -92.0232 0
      vertex -132.523 -90.3768 0
      vertex -132.469 -90.2957 0
    endloop
  endfacet
  facet normal 0 0 -1
    outer loop
      vertex -132.604 -91.969 0
      vertex -132.523 -90.3768 0
      vertex -132.523 -92.0232 0
    endloop
  endfacet
  facet normal 0 0 -1
    outer loop
      vertex -132.604 -91.969 0
      vertex -132.604 -90.431 0
      vertex -132.523 -90.3768 0
    endloop
  endfacet
  facet normal 0 0 -1
    outer loop
      vertex -132.7 -91.95 0
      vertex -132.604 -90.431 0
      vertex -132.604 -91.969 0
    endloop
  endfacet
  facet normal 0 0 -1
    outer loop
      vertex -132.7 -91.95 0
      vertex -132.7 -90.45 0
      vertex -132.604 -90.431 0
    endloop
  endfacet
  facet normal 0 0 -1
    outer loop
      vertex -134 -91.95 0
      vertex -132.7 -90.45 0
      vertex -132.7 -91.95 0
    endloop
  endfacet
  facet normal 0 0 -1
    outer loop
      vertex -134 -91.95 0
      vertex -134 -90.45 0
      vertex -132.7 -90.45 0
    endloop
  endfacet
  facet normal 0 0 -1
    outer loop
      vertex -134.096 -91.969 0
      vertex -134 -90.45 0
      vertex -134 -91.95 0
    endloop
  endfacet
  facet normal 0 0 -1
    outer loop
      vertex -134.096 -91.969 0
      vertex -134.096 -90.431 0
      vertex -134 -90.45 0
    endloop
  endfacet
  facet normal 0 0 -1
    outer loop
      vertex -134.177 -92.0232 0
      vertex -134.096 -90.431 0
      vertex -134.096 -91.969 0
    endloop
  endfacet
  facet normal 0 0 -1
    outer loop
      vertex -134.177 -92.0232 0
      vertex -134.177 -90.3768 0
      vertex -134.096 -90.431 0
    endloop
  endfacet
  facet normal 0 0 -1
    outer loop
      vertex -134.231 -92.1043 0
      vertex -134.177 -90.3768 0
      vertex -134.177 -92.0232 0
    endloop
  endfacet
  facet normal 0 0 -1
    outer loop
      vertex -134.231 -92.1043 0
      vertex -134.231 -90.2957 0
      vertex -134.177 -90.3768 0
    endloop
  endfacet
  facet normal 0 0 -1
    outer loop
      vertex -139.45 -92.2 0
      vertex -134.231 -92.1043 0
      vertex -134.25 -92.2 0
    endloop
  endfacet
  facet normal 0 0 -1
    outer loop
      vertex -139.469 -92.1043 0
      vertex -134.231 -92.1043 0
      vertex -139.45 -92.2 0
    endloop
  endfacet
  facet normal 0 0 -1
    outer loop
      vertex -127.542 -109.903 0
      vertex -128.778 -109.903 0
      vertex -127.542 -108.857 0
    endloop
  endfacet
  facet normal 0 0 -1
    outer loop
      vertex -127.542 -108.857 0
      vertex -128.724 -108.776 0
      vertex -128.705 -108.68 0
    endloop
  endfacet
  facet normal 0 0 -1
    outer loop
      vertex -128.778 -108.857 0
      vertex -127.542 -108.857 0
      vertex -128.778 -109.903 0
    endloop
  endfacet
  facet normal 0 0 -1
    outer loop
      vertex -127.542 -108.857 0
      vertex -128.778 -108.857 0
      vertex -128.724 -108.776 0
    endloop
  endfacet
  facet normal 0 0 -1
    outer loop
      vertex -128.859 -109.849 0
      vertex -128.778 -108.857 0
      vertex -128.778 -109.903 0
    endloop
  endfacet
  facet normal 0 0 -1
    outer loop
      vertex -128.859 -109.849 0
      vertex -128.859 -108.911 0
      vertex -128.778 -108.857 0
    endloop
  endfacet
  facet normal 0 0 -1
    outer loop
      vertex -128.955 -109.83 0
      vertex -128.859 -108.911 0
      vertex -128.859 -109.849 0
    endloop
  endfacet
  facet normal 0 0 -1
    outer loop
      vertex -128.955 -109.83 0
      vertex -128.955 -108.93 0
      vertex -128.859 -108.911 0
    endloop
  endfacet
  facet normal 0 0 -1
    outer loop
      vertex -129.905 -109.83 0
      vertex -128.955 -108.93 0
      vertex -128.955 -109.83 0
    endloop
  endfacet
  facet normal 0 0 -1
    outer loop
      vertex -129.905 -109.83 0
      vertex -129.905 -108.93 0
      vertex -128.955 -108.93 0
    endloop
  endfacet
  facet normal 0 0 -1
    outer loop
      vertex -130.001 -109.849 0
      vertex -129.905 -108.93 0
      vertex -129.905 -109.83 0
    endloop
  endfacet
  facet normal 0 0 -1
    outer loop
      vertex -130.001 -109.849 0
      vertex -130.001 -108.911 0
      vertex -129.905 -108.93 0
    endloop
  endfacet
  facet normal 0 0 -1
    outer loop
      vertex -130.082 -109.903 0
      vertex -130.001 -108.911 0
      vertex -130.001 -109.849 0
    endloop
  endfacet
  facet normal 0 0 -1
    outer loop
      vertex -130.082 -109.903 0
      vertex -130.082 -108.857 0
      vertex -130.001 -108.911 0
    endloop
  endfacet
  facet normal 0 0 -1
    outer loop
      vertex -130.136 -109.984 0
      vertex -130.082 -108.857 0
      vertex -130.082 -109.903 0
    endloop
  endfacet
  facet normal 0 0 -1
    outer loop
      vertex -130.136 -109.984 0
      vertex -130.136 -108.776 0
      vertex -130.082 -108.857 0
    endloop
  endfacet
  facet normal 0 0 -1
    outer loop
      vertex -130.155 -110.08 0
      vertex -130.136 -108.776 0
      vertex -130.136 -109.984 0
    endloop
  endfacet
  facet normal -0 0 -1
    outer loop
      vertex -130.136 -108.776 0
      vertex -130.155 -110.08 0
      vertex -130.155 -108.68 0
    endloop
  endfacet
  facet normal 0 0 -1
    outer loop
      vertex -125.002 -109.903 0
      vertex -126.238 -109.903 0
      vertex -125.002 -108.857 0
    endloop
  endfacet
  facet normal 0 0 -1
    outer loop
      vertex -125.002 -108.857 0
      vertex -126.184 -108.776 0
      vertex -126.165 -108.68 0
    endloop
  endfacet
  facet normal 0 0 -1
    outer loop
      vertex -126.238 -108.857 0
      vertex -125.002 -108.857 0
      vertex -126.238 -109.903 0
    endloop
  endfacet
  facet normal 0 0 -1
    outer loop
      vertex -125.002 -108.857 0
      vertex -126.238 -108.857 0
      vertex -126.184 -108.776 0
    endloop
  endfacet
  facet normal 0 0 -1
    outer loop
      vertex -126.319 -109.849 0
      vertex -126.238 -108.857 0
      vertex -126.238 -109.903 0
    endloop
  endfacet
  facet normal 0 0 -1
    outer loop
      vertex -126.319 -109.849 0
      vertex -126.319 -108.911 0
      vertex -126.238 -108.857 0
    endloop
  endfacet
  facet normal 0 0 -1
    outer loop
      vertex -126.415 -109.83 0
      vertex -126.319 -108.911 0
      vertex -126.319 -109.849 0
    endloop
  endfacet
  facet normal 0 0 -1
    outer loop
      vertex -126.415 -109.83 0
      vertex -126.415 -108.93 0
      vertex -126.319 -108.911 0
    endloop
  endfacet
  facet normal 0 0 -1
    outer loop
      vertex -127.365 -109.83 0
      vertex -126.415 -108.93 0
      vertex -126.415 -109.83 0
    endloop
  endfacet
  facet normal 0 0 -1
    outer loop
      vertex -127.365 -109.83 0
      vertex -127.365 -108.93 0
      vertex -126.415 -108.93 0
    endloop
  endfacet
  facet normal 0 0 -1
    outer loop
      vertex -127.461 -109.849 0
      vertex -127.365 -108.93 0
      vertex -127.365 -109.83 0
    endloop
  endfacet
  facet normal 0 0 -1
    outer loop
      vertex -127.461 -109.849 0
      vertex -127.461 -108.911 0
      vertex -127.365 -108.93 0
    endloop
  endfacet
  facet normal 0 0 -1
    outer loop
      vertex -127.542 -109.903 0
      vertex -127.461 -108.911 0
      vertex -127.461 -109.849 0
    endloop
  endfacet
  facet normal 0 0 -1
    outer loop
      vertex -127.542 -109.903 0
      vertex -127.542 -108.857 0
      vertex -127.461 -108.911 0
    endloop
  endfacet
  facet normal 0 0 -1
    outer loop
      vertex -128.724 -109.984 0
      vertex -127.596 -109.984 0
      vertex -128.705 -110.08 0
    endloop
  endfacet
  facet normal 0 0 -1
    outer loop
      vertex -127.596 -109.984 0
      vertex -128.724 -109.984 0
      vertex -127.542 -109.903 0
    endloop
  endfacet
  facet normal 0 0 -1
    outer loop
      vertex -128.705 -110.08 0
      vertex -127.596 -109.984 0
      vertex -127.615 -110.08 0
    endloop
  endfacet
  facet normal 0 0 -1
    outer loop
      vertex -128.778 -109.903 0
      vertex -127.542 -109.903 0
      vertex -128.724 -109.984 0
    endloop
  endfacet
  facet normal 0 0 -1
    outer loop
      vertex -125.469 -90.2957 0
      vertex -120.231 -90.2957 0
      vertex -125.469 -92.1043 0
    endloop
  endfacet
  facet normal 0 0 -1
    outer loop
      vertex -120.231 -90.2957 0
      vertex -125.469 -90.2957 0
      vertex -125.45 -90.2 0
    endloop
  endfacet
  facet normal 0 0 -1
    outer loop
      vertex -125.523 -92.0232 0
      vertex -125.469 -90.2957 0
      vertex -125.469 -92.1043 0
    endloop
  endfacet
  facet normal 0 0 -1
    outer loop
      vertex -125.523 -92.0232 0
      vertex -125.523 -90.3768 0
      vertex -125.469 -90.2957 0
    endloop
  endfacet
  facet normal 0 0 -1
    outer loop
      vertex -125.604 -91.969 0
      vertex -125.523 -90.3768 0
      vertex -125.523 -92.0232 0
    endloop
  endfacet
  facet normal 0 0 -1
    outer loop
      vertex -125.604 -91.969 0
      vertex -125.604 -90.431 0
      vertex -125.523 -90.3768 0
    endloop
  endfacet
  facet normal 0 0 -1
    outer loop
      vertex -125.7 -91.95 0
      vertex -125.604 -90.431 0
      vertex -125.604 -91.969 0
    endloop
  endfacet
  facet normal 0 0 -1
    outer loop
      vertex -125.7 -91.95 0
      vertex -125.7 -90.45 0
      vertex -125.604 -90.431 0
    endloop
  endfacet
  facet normal 0 0 -1
    outer loop
      vertex -127 -91.95 0
      vertex -125.7 -90.45 0
      vertex -125.7 -91.95 0
    endloop
  endfacet
  facet normal 0 0 -1
    outer loop
      vertex -127 -91.95 0
      vertex -127 -90.45 0
      vertex -125.7 -90.45 0
    endloop
  endfacet
  facet normal 0 0 -1
    outer loop
      vertex -127.096 -91.969 0
      vertex -127 -90.45 0
      vertex -127 -91.95 0
    endloop
  endfacet
  facet normal 0 0 -1
    outer loop
      vertex -127.096 -91.969 0
      vertex -127.096 -90.431 0
      vertex -127 -90.45 0
    endloop
  endfacet
  facet normal 0 0 -1
    outer loop
      vertex -127.177 -92.0232 0
      vertex -127.096 -90.431 0
      vertex -127.096 -91.969 0
    endloop
  endfacet
  facet normal 0 0 -1
    outer loop
      vertex -127.177 -92.0232 0
      vertex -127.177 -90.3768 0
      vertex -127.096 -90.431 0
    endloop
  endfacet
  facet normal 0 0 -1
    outer loop
      vertex -127.231 -92.1043 0
      vertex -127.177 -90.3768 0
      vertex -127.177 -92.0232 0
    endloop
  endfacet
  facet normal 0 0 -1
    outer loop
      vertex -127.231 -92.1043 0
      vertex -127.231 -90.2957 0
      vertex -127.177 -90.3768 0
    endloop
  endfacet
  facet normal 0 0 -1
    outer loop
      vertex -132.469 -92.1043 0
      vertex -127.231 -92.1043 0
      vertex -127.25 -92.2 0
    endloop
  endfacet
  facet normal 0 0 -1
    outer loop
      vertex -127.231 -92.1043 0
      vertex -132.469 -92.1043 0
      vertex -127.231 -90.2957 0
    endloop
  endfacet
  facet normal 0 0 -1
    outer loop
      vertex -122.462 -109.903 0
      vertex -123.698 -109.903 0
      vertex -122.462 -108.857 0
    endloop
  endfacet
  facet normal 0 0 -1
    outer loop
      vertex -122.462 -108.857 0
      vertex -123.644 -108.776 0
      vertex -123.625 -108.68 0
    endloop
  endfacet
  facet normal 0 0 -1
    outer loop
      vertex -123.698 -108.857 0
      vertex -122.462 -108.857 0
      vertex -123.698 -109.903 0
    endloop
  endfacet
  facet normal 0 0 -1
    outer loop
      vertex -122.462 -108.857 0
      vertex -123.698 -108.857 0
      vertex -123.644 -108.776 0
    endloop
  endfacet
  facet normal 0 0 -1
    outer loop
      vertex -123.779 -109.849 0
      vertex -123.698 -108.857 0
      vertex -123.698 -109.903 0
    endloop
  endfacet
  facet normal 0 0 -1
    outer loop
      vertex -123.779 -109.849 0
      vertex -123.779 -108.911 0
      vertex -123.698 -108.857 0
    endloop
  endfacet
  facet normal 0 0 -1
    outer loop
      vertex -123.875 -109.83 0
      vertex -123.779 -108.911 0
      vertex -123.779 -109.849 0
    endloop
  endfacet
  facet normal 0 0 -1
    outer loop
      vertex -123.875 -109.83 0
      vertex -123.875 -108.93 0
      vertex -123.779 -108.911 0
    endloop
  endfacet
  facet normal 0 0 -1
    outer loop
      vertex -124.825 -109.83 0
      vertex -123.875 -108.93 0
      vertex -123.875 -109.83 0
    endloop
  endfacet
  facet normal 0 0 -1
    outer loop
      vertex -124.825 -109.83 0
      vertex -124.825 -108.93 0
      vertex -123.875 -108.93 0
    endloop
  endfacet
  facet normal 0 0 -1
    outer loop
      vertex -124.921 -109.849 0
      vertex -124.825 -108.93 0
      vertex -124.825 -109.83 0
    endloop
  endfacet
  facet normal 0 0 -1
    outer loop
      vertex -124.921 -109.849 0
      vertex -124.921 -108.911 0
      vertex -124.825 -108.93 0
    endloop
  endfacet
  facet normal 0 0 -1
    outer loop
      vertex -125.002 -109.903 0
      vertex -124.921 -108.911 0
      vertex -124.921 -109.849 0
    endloop
  endfacet
  facet normal 0 0 -1
    outer loop
      vertex -125.002 -109.903 0
      vertex -125.002 -108.857 0
      vertex -124.921 -108.911 0
    endloop
  endfacet
  facet normal 0 0 -1
    outer loop
      vertex -126.184 -109.984 0
      vertex -125.056 -109.984 0
      vertex -126.165 -110.08 0
    endloop
  endfacet
  facet normal 0 0 -1
    outer loop
      vertex -125.056 -109.984 0
      vertex -126.184 -109.984 0
      vertex -125.002 -109.903 0
    endloop
  endfacet
  facet normal 0 0 -1
    outer loop
      vertex -126.165 -110.08 0
      vertex -125.056 -109.984 0
      vertex -125.075 -110.08 0
    endloop
  endfacet
  facet normal 0 0 -1
    outer loop
      vertex -126.238 -109.903 0
      vertex -125.002 -109.903 0
      vertex -126.184 -109.984 0
    endloop
  endfacet
  facet normal 0 0 -1
    outer loop
      vertex -119.922 -109.903 0
      vertex -121.158 -109.903 0
      vertex -119.922 -108.857 0
    endloop
  endfacet
  facet normal 0 0 -1
    outer loop
      vertex -119.922 -108.857 0
      vertex -121.104 -108.776 0
      vertex -121.085 -108.68 0
    endloop
  endfacet
  facet normal 0 0 -1
    outer loop
      vertex -121.158 -108.857 0
      vertex -119.922 -108.857 0
      vertex -121.158 -109.903 0
    endloop
  endfacet
  facet normal 0 0 -1
    outer loop
      vertex -119.922 -108.857 0
      vertex -121.158 -108.857 0
      vertex -121.104 -108.776 0
    endloop
  endfacet
  facet normal 0 0 -1
    outer loop
      vertex -121.239 -109.849 0
      vertex -121.158 -108.857 0
      vertex -121.158 -109.903 0
    endloop
  endfacet
  facet normal 0 0 -1
    outer loop
      vertex -121.239 -109.849 0
      vertex -121.239 -108.911 0
      vertex -121.158 -108.857 0
    endloop
  endfacet
  facet normal 0 0 -1
    outer loop
      vertex -121.335 -109.83 0
      vertex -121.239 -108.911 0
      vertex -121.239 -109.849 0
    endloop
  endfacet
  facet normal 0 0 -1
    outer loop
      vertex -121.335 -109.83 0
      vertex -121.335 -108.93 0
      vertex -121.239 -108.911 0
    endloop
  endfacet
  facet normal 0 0 -1
    outer loop
      vertex -122.285 -109.83 0
      vertex -121.335 -108.93 0
      vertex -121.335 -109.83 0
    endloop
  endfacet
  facet normal 0 0 -1
    outer loop
      vertex -122.285 -109.83 0
      vertex -122.285 -108.93 0
      vertex -121.335 -108.93 0
    endloop
  endfacet
  facet normal 0 0 -1
    outer loop
      vertex -122.381 -109.849 0
      vertex -122.285 -108.93 0
      vertex -122.285 -109.83 0
    endloop
  endfacet
  facet normal 0 0 -1
    outer loop
      vertex -122.381 -109.849 0
      vertex -122.381 -108.911 0
      vertex -122.285 -108.93 0
    endloop
  endfacet
  facet normal 0 0 -1
    outer loop
      vertex -122.462 -109.903 0
      vertex -122.381 -108.911 0
      vertex -122.381 -109.849 0
    endloop
  endfacet
  facet normal 0 0 -1
    outer loop
      vertex -122.462 -109.903 0
      vertex -122.462 -108.857 0
      vertex -122.381 -108.911 0
    endloop
  endfacet
  facet normal 0 0 -1
    outer loop
      vertex -123.644 -109.984 0
      vertex -122.516 -109.984 0
      vertex -123.625 -110.08 0
    endloop
  endfacet
  facet normal 0 0 -1
    outer loop
      vertex -122.516 -109.984 0
      vertex -123.644 -109.984 0
      vertex -122.462 -109.903 0
    endloop
  endfacet
  facet normal 0 0 -1
    outer loop
      vertex -123.625 -110.08 0
      vertex -122.516 -109.984 0
      vertex -122.535 -110.08 0
    endloop
  endfacet
  facet normal 0 0 -1
    outer loop
      vertex -123.698 -109.903 0
      vertex -122.462 -109.903 0
      vertex -123.644 -109.984 0
    endloop
  endfacet
  facet normal 0 0 -1
    outer loop
      vertex -117.382 -109.903 0
      vertex -118.618 -109.903 0
      vertex -117.382 -108.857 0
    endloop
  endfacet
  facet normal 0 0 -1
    outer loop
      vertex -117.382 -108.857 0
      vertex -118.564 -108.776 0
      vertex -118.545 -108.68 0
    endloop
  endfacet
  facet normal 0 0 -1
    outer loop
      vertex -118.618 -108.857 0
      vertex -117.382 -108.857 0
      vertex -118.618 -109.903 0
    endloop
  endfacet
  facet normal 0 0 -1
    outer loop
      vertex -117.382 -108.857 0
      vertex -118.618 -108.857 0
      vertex -118.564 -108.776 0
    endloop
  endfacet
  facet normal 0 0 -1
    outer loop
      vertex -118.699 -109.849 0
      vertex -118.618 -108.857 0
      vertex -118.618 -109.903 0
    endloop
  endfacet
  facet normal 0 0 -1
    outer loop
      vertex -118.699 -109.849 0
      vertex -118.699 -108.911 0
      vertex -118.618 -108.857 0
    endloop
  endfacet
  facet normal 0 0 -1
    outer loop
      vertex -118.795 -109.83 0
      vertex -118.699 -108.911 0
      vertex -118.699 -109.849 0
    endloop
  endfacet
  facet normal 0 0 -1
    outer loop
      vertex -118.795 -109.83 0
      vertex -118.795 -108.93 0
      vertex -118.699 -108.911 0
    endloop
  endfacet
  facet normal 0 0 -1
    outer loop
      vertex -119.745 -109.83 0
      vertex -118.795 -108.93 0
      vertex -118.795 -109.83 0
    endloop
  endfacet
  facet normal 0 0 -1
    outer loop
      vertex -119.745 -109.83 0
      vertex -119.745 -108.93 0
      vertex -118.795 -108.93 0
    endloop
  endfacet
  facet normal 0 0 -1
    outer loop
      vertex -119.841 -109.849 0
      vertex -119.745 -108.93 0
      vertex -119.745 -109.83 0
    endloop
  endfacet
  facet normal 0 0 -1
    outer loop
      vertex -119.841 -109.849 0
      vertex -119.841 -108.911 0
      vertex -119.745 -108.93 0
    endloop
  endfacet
  facet normal 0 0 -1
    outer loop
      vertex -119.922 -109.903 0
      vertex -119.841 -108.911 0
      vertex -119.841 -109.849 0
    endloop
  endfacet
  facet normal 0 0 -1
    outer loop
      vertex -119.922 -109.903 0
      vertex -119.922 -108.857 0
      vertex -119.841 -108.911 0
    endloop
  endfacet
  facet normal 0 0 -1
    outer loop
      vertex -121.104 -109.984 0
      vertex -119.976 -109.984 0
      vertex -121.085 -110.08 0
    endloop
  endfacet
  facet normal 0 0 -1
    outer loop
      vertex -119.976 -109.984 0
      vertex -121.104 -109.984 0
      vertex -119.922 -109.903 0
    endloop
  endfacet
  facet normal 0 0 -1
    outer loop
      vertex -121.085 -110.08 0
      vertex -119.976 -109.984 0
      vertex -119.995 -110.08 0
    endloop
  endfacet
  facet normal 0 0 -1
    outer loop
      vertex -121.158 -109.903 0
      vertex -119.922 -109.903 0
      vertex -121.104 -109.984 0
    endloop
  endfacet
  facet normal 0 0 -1
    outer loop
      vertex -118.469 -90.2957 0
      vertex -113.256 -90.3457 0
      vertex -118.469 -92.1043 0
    endloop
  endfacet
  facet normal 0 0 -1
    outer loop
      vertex -113.256 -90.3457 0
      vertex -118.469 -90.2957 0
      vertex -118.45 -90.2 0
    endloop
  endfacet
  facet normal 0 0 -1
    outer loop
      vertex -118.523 -92.0232 0
      vertex -118.469 -90.2957 0
      vertex -118.469 -92.1043 0
    endloop
  endfacet
  facet normal 0 0 -1
    outer loop
      vertex -118.523 -92.0232 0
      vertex -118.523 -90.3768 0
      vertex -118.469 -90.2957 0
    endloop
  endfacet
  facet normal 0 0 -1
    outer loop
      vertex -118.604 -91.969 0
      vertex -118.523 -90.3768 0
      vertex -118.523 -92.0232 0
    endloop
  endfacet
  facet normal 0 0 -1
    outer loop
      vertex -118.604 -91.969 0
      vertex -118.604 -90.431 0
      vertex -118.523 -90.3768 0
    endloop
  endfacet
  facet normal 0 0 -1
    outer loop
      vertex -118.7 -91.95 0
      vertex -118.604 -90.431 0
      vertex -118.604 -91.969 0
    endloop
  endfacet
  facet normal 0 0 -1
    outer loop
      vertex -118.7 -91.95 0
      vertex -118.7 -90.45 0
      vertex -118.604 -90.431 0
    endloop
  endfacet
  facet normal 0 0 -1
    outer loop
      vertex -120 -91.95 0
      vertex -118.7 -90.45 0
      vertex -118.7 -91.95 0
    endloop
  endfacet
  facet normal 0 0 -1
    outer loop
      vertex -120 -91.95 0
      vertex -120 -90.45 0
      vertex -118.7 -90.45 0
    endloop
  endfacet
  facet normal 0 0 -1
    outer loop
      vertex -120.096 -91.969 0
      vertex -120 -90.45 0
      vertex -120 -91.95 0
    endloop
  endfacet
  facet normal 0 0 -1
    outer loop
      vertex -120.096 -91.969 0
      vertex -120.096 -90.431 0
      vertex -120 -90.45 0
    endloop
  endfacet
  facet normal 0 0 -1
    outer loop
      vertex -120.177 -92.0232 0
      vertex -120.096 -90.431 0
      vertex -120.096 -91.969 0
    endloop
  endfacet
  facet normal 0 0 -1
    outer loop
      vertex -120.177 -92.0232 0
      vertex -120.177 -90.3768 0
      vertex -120.096 -90.431 0
    endloop
  endfacet
  facet normal 0 0 -1
    outer loop
      vertex -120.231 -92.1043 0
      vertex -120.177 -90.3768 0
      vertex -120.177 -92.0232 0
    endloop
  endfacet
  facet normal 0 0 -1
    outer loop
      vertex -120.231 -92.1043 0
      vertex -120.231 -90.2957 0
      vertex -120.177 -90.3768 0
    endloop
  endfacet
  facet normal 0 0 -1
    outer loop
      vertex -125.45 -92.2 0
      vertex -120.231 -92.1043 0
      vertex -120.25 -92.2 0
    endloop
  endfacet
  facet normal 0 0 -1
    outer loop
      vertex -125.469 -92.1043 0
      vertex -120.231 -92.1043 0
      vertex -125.45 -92.2 0
    endloop
  endfacet
  facet normal 0 0 -1
    outer loop
      vertex -114.842 -109.903 0
      vertex -116.078 -109.903 0
      vertex -114.842 -108.857 0
    endloop
  endfacet
  facet normal 0 0 -1
    outer loop
      vertex -114.842 -108.857 0
      vertex -116.024 -108.776 0
      vertex -116.005 -108.68 0
    endloop
  endfacet
  facet normal 0 0 -1
    outer loop
      vertex -116.078 -108.857 0
      vertex -114.842 -108.857 0
      vertex -116.078 -109.903 0
    endloop
  endfacet
  facet normal 0 0 -1
    outer loop
      vertex -114.842 -108.857 0
      vertex -116.078 -108.857 0
      vertex -116.024 -108.776 0
    endloop
  endfacet
  facet normal 0 0 -1
    outer loop
      vertex -116.159 -109.849 0
      vertex -116.078 -108.857 0
      vertex -116.078 -109.903 0
    endloop
  endfacet
  facet normal 0 0 -1
    outer loop
      vertex -116.159 -109.849 0
      vertex -116.159 -108.911 0
      vertex -116.078 -108.857 0
    endloop
  endfacet
  facet normal 0 0 -1
    outer loop
      vertex -116.255 -109.83 0
      vertex -116.159 -108.911 0
      vertex -116.159 -109.849 0
    endloop
  endfacet
  facet normal 0 0 -1
    outer loop
      vertex -116.255 -109.83 0
      vertex -116.255 -108.93 0
      vertex -116.159 -108.911 0
    endloop
  endfacet
  facet normal 0 0 -1
    outer loop
      vertex -117.205 -109.83 0
      vertex -116.255 -108.93 0
      vertex -116.255 -109.83 0
    endloop
  endfacet
  facet normal 0 0 -1
    outer loop
      vertex -117.205 -109.83 0
      vertex -117.205 -108.93 0
      vertex -116.255 -108.93 0
    endloop
  endfacet
  facet normal 0 0 -1
    outer loop
      vertex -117.301 -109.849 0
      vertex -117.205 -108.93 0
      vertex -117.205 -109.83 0
    endloop
  endfacet
  facet normal 0 0 -1
    outer loop
      vertex -117.301 -109.849 0
      vertex -117.301 -108.911 0
      vertex -117.205 -108.93 0
    endloop
  endfacet
  facet normal 0 0 -1
    outer loop
      vertex -117.382 -109.903 0
      vertex -117.301 -108.911 0
      vertex -117.301 -109.849 0
    endloop
  endfacet
  facet normal 0 0 -1
    outer loop
      vertex -117.382 -109.903 0
      vertex -117.382 -108.857 0
      vertex -117.301 -108.911 0
    endloop
  endfacet
  facet normal 0 0 -1
    outer loop
      vertex -118.564 -109.984 0
      vertex -117.436 -109.984 0
      vertex -118.545 -110.08 0
    endloop
  endfacet
  facet normal 0 0 -1
    outer loop
      vertex -117.436 -109.984 0
      vertex -118.564 -109.984 0
      vertex -117.382 -109.903 0
    endloop
  endfacet
  facet normal 0 0 -1
    outer loop
      vertex -118.545 -110.08 0
      vertex -117.436 -109.984 0
      vertex -117.455 -110.08 0
    endloop
  endfacet
  facet normal 0 0 -1
    outer loop
      vertex -118.618 -109.903 0
      vertex -117.382 -109.903 0
      vertex -118.564 -109.984 0
    endloop
  endfacet
  facet normal 0 0 -1
    outer loop
      vertex -112.302 -109.903 0
      vertex -113.538 -109.903 0
      vertex -112.302 -108.857 0
    endloop
  endfacet
  facet normal 0 0 -1
    outer loop
      vertex -112.302 -108.857 0
      vertex -113.484 -108.776 0
      vertex -113.465 -108.68 0
    endloop
  endfacet
  facet normal 0 0 -1
    outer loop
      vertex -113.538 -108.857 0
      vertex -112.302 -108.857 0
      vertex -113.538 -109.903 0
    endloop
  endfacet
  facet normal 0 0 -1
    outer loop
      vertex -112.302 -108.857 0
      vertex -113.538 -108.857 0
      vertex -113.484 -108.776 0
    endloop
  endfacet
  facet normal 0 0 -1
    outer loop
      vertex -113.619 -109.849 0
      vertex -113.538 -108.857 0
      vertex -113.538 -109.903 0
    endloop
  endfacet
  facet normal 0 0 -1
    outer loop
      vertex -113.619 -109.849 0
      vertex -113.619 -108.911 0
      vertex -113.538 -108.857 0
    endloop
  endfacet
  facet normal 0 0 -1
    outer loop
      vertex -113.715 -109.83 0
      vertex -113.619 -108.911 0
      vertex -113.619 -109.849 0
    endloop
  endfacet
  facet normal 0 0 -1
    outer loop
      vertex -113.715 -109.83 0
      vertex -113.715 -108.93 0
      vertex -113.619 -108.911 0
    endloop
  endfacet
  facet normal 0 0 -1
    outer loop
      vertex -114.665 -109.83 0
      vertex -113.715 -108.93 0
      vertex -113.715 -109.83 0
    endloop
  endfacet
  facet normal 0 0 -1
    outer loop
      vertex -114.665 -109.83 0
      vertex -114.665 -108.93 0
      vertex -113.715 -108.93 0
    endloop
  endfacet
  facet normal 0 0 -1
    outer loop
      vertex -114.761 -109.849 0
      vertex -114.665 -108.93 0
      vertex -114.665 -109.83 0
    endloop
  endfacet
  facet normal 0 0 -1
    outer loop
      vertex -114.761 -109.849 0
      vertex -114.761 -108.911 0
      vertex -114.665 -108.93 0
    endloop
  endfacet
  facet normal 0 0 -1
    outer loop
      vertex -114.842 -109.903 0
      vertex -114.761 -108.911 0
      vertex -114.761 -109.849 0
    endloop
  endfacet
  facet normal 0 0 -1
    outer loop
      vertex -114.842 -109.903 0
      vertex -114.842 -108.857 0
      vertex -114.761 -108.911 0
    endloop
  endfacet
  facet normal 0 0 -1
    outer loop
      vertex -116.024 -109.984 0
      vertex -114.896 -109.984 0
      vertex -116.005 -110.08 0
    endloop
  endfacet
  facet normal 0 0 -1
    outer loop
      vertex -114.896 -109.984 0
      vertex -116.024 -109.984 0
      vertex -114.842 -109.903 0
    endloop
  endfacet
  facet normal 0 0 -1
    outer loop
      vertex -116.005 -110.08 0
      vertex -114.896 -109.984 0
      vertex -114.915 -110.08 0
    endloop
  endfacet
  facet normal 0 0 -1
    outer loop
      vertex -116.078 -109.903 0
      vertex -114.842 -109.903 0
      vertex -116.024 -109.984 0
    endloop
  endfacet
  facet normal 0 0 -1
    outer loop
      vertex -111.494 -90.3457 0
      vertex -106.231 -90.3957 0
      vertex -111.494 -92.1543 0
    endloop
  endfacet
  facet normal 0 0 -1
    outer loop
      vertex -106.231 -90.3957 0
      vertex -111.494 -90.3457 0
      vertex -111.475 -90.25 0
    endloop
  endfacet
  facet normal 0 0 -1
    outer loop
      vertex -111.548 -92.0732 0
      vertex -111.494 -90.3457 0
      vertex -111.494 -92.1543 0
    endloop
  endfacet
  facet normal 0 0 -1
    outer loop
      vertex -111.548 -92.0732 0
      vertex -111.548 -90.4268 0
      vertex -111.494 -90.3457 0
    endloop
  endfacet
  facet normal 0 0 -1
    outer loop
      vertex -111.629 -92.019 0
      vertex -111.548 -90.4268 0
      vertex -111.548 -92.0732 0
    endloop
  endfacet
  facet normal 0 0 -1
    outer loop
      vertex -111.629 -92.019 0
      vertex -111.629 -90.481 0
      vertex -111.548 -90.4268 0
    endloop
  endfacet
  facet normal 0 0 -1
    outer loop
      vertex -111.725 -92 0
      vertex -111.629 -90.481 0
      vertex -111.629 -92.019 0
    endloop
  endfacet
  facet normal 0 0 -1
    outer loop
      vertex -111.725 -92 0
      vertex -111.725 -90.5 0
      vertex -111.629 -90.481 0
    endloop
  endfacet
  facet normal 0 0 -1
    outer loop
      vertex -113.025 -92 0
      vertex -111.725 -90.5 0
      vertex -111.725 -92 0
    endloop
  endfacet
  facet normal 0 0 -1
    outer loop
      vertex -113.025 -92 0
      vertex -113.025 -90.5 0
      vertex -111.725 -90.5 0
    endloop
  endfacet
  facet normal 0 0 -1
    outer loop
      vertex -113.121 -92.019 0
      vertex -113.025 -90.5 0
      vertex -113.025 -92 0
    endloop
  endfacet
  facet normal 0 0 -1
    outer loop
      vertex -113.121 -92.019 0
      vertex -113.121 -90.481 0
      vertex -113.025 -90.5 0
    endloop
  endfacet
  facet normal 0 0 -1
    outer loop
      vertex -113.202 -92.0732 0
      vertex -113.121 -90.481 0
      vertex -113.121 -92.019 0
    endloop
  endfacet
  facet normal 0 0 -1
    outer loop
      vertex -113.202 -92.0732 0
      vertex -113.202 -90.4268 0
      vertex -113.121 -90.481 0
    endloop
  endfacet
  facet normal 0 0 -1
    outer loop
      vertex -113.256 -92.1543 0
      vertex -113.202 -90.4268 0
      vertex -113.202 -92.0732 0
    endloop
  endfacet
  facet normal 0 0 -1
    outer loop
      vertex -113.256 -92.1543 0
      vertex -113.256 -90.3457 0
      vertex -113.202 -90.4268 0
    endloop
  endfacet
  facet normal 0 0 -1
    outer loop
      vertex -118.45 -92.2 0
      vertex -113.256 -92.1543 0
      vertex -113.275 -92.25 0
    endloop
  endfacet
  facet normal 0 0 -1
    outer loop
      vertex -118.469 -92.1043 0
      vertex -113.256 -92.1543 0
      vertex -118.45 -92.2 0
    endloop
  endfacet
  facet normal -0 0 -1
    outer loop
      vertex -106.25 -95.3 0
      vertex -111.494 -95.3457 0
      vertex -111.475 -95.25 0
    endloop
  endfacet
  facet normal 0 0 -1
    outer loop
      vertex -109.585 -107.93 0
      vertex -111.548 -95.4268 0
      vertex -111.494 -95.3457 0
    endloop
  endfacet
  facet normal 0 0 -1
    outer loop
      vertex -109.585 -107.93 0
      vertex -111.629 -95.481 0
      vertex -111.548 -95.4268 0
    endloop
  endfacet
  facet normal 0 0 -1
    outer loop
      vertex -111.175 -107.93 0
      vertex -111.725 -95.5 0
      vertex -111.629 -95.481 0
    endloop
  endfacet
  facet normal 0 0 -1
    outer loop
      vertex -112.125 -107.93 0
      vertex -111.725 -95.5 0
      vertex -111.175 -107.93 0
    endloop
  endfacet
  facet normal 0 0 -1
    outer loop
      vertex -113.715 -107.93 0
      vertex -112.125 -107.93 0
      vertex -112.221 -107.949 0
    endloop
  endfacet
  facet normal 0 0 -1
    outer loop
      vertex -113.619 -107.949 0
      vertex -112.221 -107.949 0
      vertex -112.302 -108.003 0
    endloop
  endfacet
  facet normal 0 0 -1
    outer loop
      vertex -113.538 -108.003 0
      vertex -112.302 -108.003 0
      vertex -112.356 -108.084 0
    endloop
  endfacet
  facet normal 0 0 -1
    outer loop
      vertex -113.484 -108.084 0
      vertex -112.356 -108.084 0
      vertex -112.375 -108.18 0
    endloop
  endfacet
  facet normal 0 0 -1
    outer loop
      vertex -112.221 -107.949 0
      vertex -113.619 -107.949 0
      vertex -113.715 -107.93 0
    endloop
  endfacet
  facet normal 0 0 -1
    outer loop
      vertex -109.762 -109.903 0
      vertex -110.998 -109.903 0
      vertex -109.762 -108.857 0
    endloop
  endfacet
  facet normal 0 0 -1
    outer loop
      vertex -109.762 -108.857 0
      vertex -110.944 -108.776 0
      vertex -110.925 -108.68 0
    endloop
  endfacet
  facet normal 0 0 -1
    outer loop
      vertex -110.998 -108.857 0
      vertex -109.762 -108.857 0
      vertex -110.998 -109.903 0
    endloop
  endfacet
  facet normal 0 0 -1
    outer loop
      vertex -109.762 -108.857 0
      vertex -110.998 -108.857 0
      vertex -110.944 -108.776 0
    endloop
  endfacet
  facet normal 0 0 -1
    outer loop
      vertex -111.079 -109.849 0
      vertex -110.998 -108.857 0
      vertex -110.998 -109.903 0
    endloop
  endfacet
  facet normal 0 0 -1
    outer loop
      vertex -111.079 -109.849 0
      vertex -111.079 -108.911 0
      vertex -110.998 -108.857 0
    endloop
  endfacet
  facet normal 0 0 -1
    outer loop
      vertex -111.175 -109.83 0
      vertex -111.079 -108.911 0
      vertex -111.079 -109.849 0
    endloop
  endfacet
  facet normal 0 0 -1
    outer loop
      vertex -111.175 -109.83 0
      vertex -111.175 -108.93 0
      vertex -111.079 -108.911 0
    endloop
  endfacet
  facet normal 0 0 -1
    outer loop
      vertex -112.125 -109.83 0
      vertex -111.175 -108.93 0
      vertex -111.175 -109.83 0
    endloop
  endfacet
  facet normal 0 0 -1
    outer loop
      vertex -112.125 -109.83 0
      vertex -112.125 -108.93 0
      vertex -111.175 -108.93 0
    endloop
  endfacet
  facet normal 0 0 -1
    outer loop
      vertex -112.221 -109.849 0
      vertex -112.125 -108.93 0
      vertex -112.125 -109.83 0
    endloop
  endfacet
  facet normal 0 0 -1
    outer loop
      vertex -112.221 -109.849 0
      vertex -112.221 -108.911 0
      vertex -112.125 -108.93 0
    endloop
  endfacet
  facet normal 0 0 -1
    outer loop
      vertex -112.302 -109.903 0
      vertex -112.221 -108.911 0
      vertex -112.221 -109.849 0
    endloop
  endfacet
  facet normal 0 0 -1
    outer loop
      vertex -112.302 -109.903 0
      vertex -112.302 -108.857 0
      vertex -112.221 -108.911 0
    endloop
  endfacet
  facet normal 0 0 -1
    outer loop
      vertex -113.484 -109.984 0
      vertex -112.356 -109.984 0
      vertex -113.465 -110.08 0
    endloop
  endfacet
  facet normal 0 0 -1
    outer loop
      vertex -112.356 -109.984 0
      vertex -113.484 -109.984 0
      vertex -112.302 -109.903 0
    endloop
  endfacet
  facet normal 0 0 -1
    outer loop
      vertex -113.465 -110.08 0
      vertex -112.356 -109.984 0
      vertex -112.375 -110.08 0
    endloop
  endfacet
  facet normal 0 0 -1
    outer loop
      vertex -113.538 -109.903 0
      vertex -112.302 -109.903 0
      vertex -113.484 -109.984 0
    endloop
  endfacet
  facet normal 0 0 -1
    outer loop
      vertex -108.404 -109.984 0
      vertex -108.385 -108.68 0
      vertex -108.385 -110.08 0
    endloop
  endfacet
  facet normal 0 0 -1
    outer loop
      vertex -108.404 -109.984 0
      vertex -108.404 -108.776 0
      vertex -108.385 -108.68 0
    endloop
  endfacet
  facet normal 0 0 -1
    outer loop
      vertex -108.458 -109.903 0
      vertex -108.404 -108.776 0
      vertex -108.404 -109.984 0
    endloop
  endfacet
  facet normal 0 0 -1
    outer loop
      vertex -108.458 -109.903 0
      vertex -108.458 -108.857 0
      vertex -108.404 -108.776 0
    endloop
  endfacet
  facet normal 0 0 -1
    outer loop
      vertex -108.539 -109.849 0
      vertex -108.458 -108.857 0
      vertex -108.458 -109.903 0
    endloop
  endfacet
  facet normal 0 0 -1
    outer loop
      vertex -108.539 -109.849 0
      vertex -108.539 -108.911 0
      vertex -108.458 -108.857 0
    endloop
  endfacet
  facet normal 0 0 -1
    outer loop
      vertex -108.635 -109.83 0
      vertex -108.539 -108.911 0
      vertex -108.539 -109.849 0
    endloop
  endfacet
  facet normal 0 0 -1
    outer loop
      vertex -108.635 -109.83 0
      vertex -108.635 -108.93 0
      vertex -108.539 -108.911 0
    endloop
  endfacet
  facet normal 0 0 -1
    outer loop
      vertex -109.585 -109.83 0
      vertex -108.635 -108.93 0
      vertex -108.635 -109.83 0
    endloop
  endfacet
  facet normal 0 0 -1
    outer loop
      vertex -109.585 -109.83 0
      vertex -109.585 -108.93 0
      vertex -108.635 -108.93 0
    endloop
  endfacet
  facet normal 0 0 -1
    outer loop
      vertex -109.681 -109.849 0
      vertex -109.585 -108.93 0
      vertex -109.585 -109.83 0
    endloop
  endfacet
  facet normal 0 0 -1
    outer loop
      vertex -109.681 -109.849 0
      vertex -109.681 -108.911 0
      vertex -109.585 -108.93 0
    endloop
  endfacet
  facet normal 0 0 -1
    outer loop
      vertex -109.762 -109.903 0
      vertex -109.681 -108.911 0
      vertex -109.681 -109.849 0
    endloop
  endfacet
  facet normal 0 0 -1
    outer loop
      vertex -109.762 -109.903 0
      vertex -109.762 -108.857 0
      vertex -109.681 -108.911 0
    endloop
  endfacet
  facet normal 0 0 -1
    outer loop
      vertex -110.944 -109.984 0
      vertex -109.816 -109.984 0
      vertex -110.925 -110.08 0
    endloop
  endfacet
  facet normal 0 0 -1
    outer loop
      vertex -109.816 -109.984 0
      vertex -110.944 -109.984 0
      vertex -109.762 -109.903 0
    endloop
  endfacet
  facet normal 0 0 -1
    outer loop
      vertex -110.925 -110.08 0
      vertex -109.816 -109.984 0
      vertex -109.835 -110.08 0
    endloop
  endfacet
  facet normal 0 0 -1
    outer loop
      vertex -110.998 -109.903 0
      vertex -109.762 -109.903 0
      vertex -110.944 -109.984 0
    endloop
  endfacet
  facet normal 0 0 -1
    outer loop
      vertex -104.469 -90.3957 0
      vertex -99.156 -92.1543 0
      vertex -104.469 -92.2043 0
    endloop
  endfacet
  facet normal 0 0 -1
    outer loop
      vertex -99.156 -92.1543 0
      vertex -104.469 -90.3957 0
      vertex -104.45 -90.3 0
    endloop
  endfacet
  facet normal 0 0 -1
    outer loop
      vertex -104.523 -92.1232 0
      vertex -104.469 -90.3957 0
      vertex -104.469 -92.2043 0
    endloop
  endfacet
  facet normal 0 0 -1
    outer loop
      vertex -104.523 -92.1232 0
      vertex -104.523 -90.4768 0
      vertex -104.469 -90.3957 0
    endloop
  endfacet
  facet normal 0 0 -1
    outer loop
      vertex -104.604 -92.069 0
      vertex -104.523 -90.4768 0
      vertex -104.523 -92.1232 0
    endloop
  endfacet
  facet normal 0 0 -1
    outer loop
      vertex -104.604 -92.069 0
      vertex -104.604 -90.531 0
      vertex -104.523 -90.4768 0
    endloop
  endfacet
  facet normal 0 0 -1
    outer loop
      vertex -104.7 -92.05 0
      vertex -104.604 -90.531 0
      vertex -104.604 -92.069 0
    endloop
  endfacet
  facet normal 0 0 -1
    outer loop
      vertex -104.7 -92.05 0
      vertex -104.7 -90.55 0
      vertex -104.604 -90.531 0
    endloop
  endfacet
  facet normal 0 0 -1
    outer loop
      vertex -106 -92.05 0
      vertex -104.7 -90.55 0
      vertex -104.7 -92.05 0
    endloop
  endfacet
  facet normal 0 0 -1
    outer loop
      vertex -106 -92.05 0
      vertex -106 -90.55 0
      vertex -104.7 -90.55 0
    endloop
  endfacet
  facet normal 0 0 -1
    outer loop
      vertex -106.096 -92.069 0
      vertex -106 -90.55 0
      vertex -106 -92.05 0
    endloop
  endfacet
  facet normal 0 0 -1
    outer loop
      vertex -106.096 -92.069 0
      vertex -106.096 -90.531 0
      vertex -106 -90.55 0
    endloop
  endfacet
  facet normal 0 0 -1
    outer loop
      vertex -106.177 -92.1232 0
      vertex -106.096 -90.531 0
      vertex -106.096 -92.069 0
    endloop
  endfacet
  facet normal 0 0 -1
    outer loop
      vertex -106.177 -92.1232 0
      vertex -106.177 -90.4768 0
      vertex -106.096 -90.531 0
    endloop
  endfacet
  facet normal 0 0 -1
    outer loop
      vertex -106.231 -92.2043 0
      vertex -106.177 -90.4768 0
      vertex -106.177 -92.1232 0
    endloop
  endfacet
  facet normal 0 0 -1
    outer loop
      vertex -106.231 -92.2043 0
      vertex -106.231 -90.3957 0
      vertex -106.177 -90.4768 0
    endloop
  endfacet
  facet normal 0 0 -1
    outer loop
      vertex -111.475 -92.25 0
      vertex -106.231 -92.2043 0
      vertex -106.25 -92.3 0
    endloop
  endfacet
  facet normal 0 0 -1
    outer loop
      vertex -111.494 -92.1543 0
      vertex -106.231 -92.2043 0
      vertex -111.475 -92.25 0
    endloop
  endfacet
  facet normal 0 0 -1
    outer loop
      vertex -97.394 -92.1543 0
      vertex -97.375 -90.25 0
      vertex -97.375 -92.25 0
    endloop
  endfacet
  facet normal 0 0 -1
    outer loop
      vertex -97.394 -92.1543 0
      vertex -97.394 -90.3457 0
      vertex -97.375 -90.25 0
    endloop
  endfacet
  facet normal 0 0 -1
    outer loop
      vertex -97.4482 -92.0732 0
      vertex -97.394 -90.3457 0
      vertex -97.394 -92.1543 0
    endloop
  endfacet
  facet normal 0 0 -1
    outer loop
      vertex -97.4482 -92.0732 0
      vertex -97.4482 -90.4268 0
      vertex -97.394 -90.3457 0
    endloop
  endfacet
  facet normal 0 0 -1
    outer loop
      vertex -97.5293 -92.019 0
      vertex -97.4482 -90.4268 0
      vertex -97.4482 -92.0732 0
    endloop
  endfacet
  facet normal 0 0 -1
    outer loop
      vertex -97.5293 -92.019 0
      vertex -97.5293 -90.481 0
      vertex -97.4482 -90.4268 0
    endloop
  endfacet
  facet normal 0 0 -1
    outer loop
      vertex -97.625 -92 0
      vertex -97.5293 -90.481 0
      vertex -97.5293 -92.019 0
    endloop
  endfacet
  facet normal 0 0 -1
    outer loop
      vertex -97.625 -92 0
      vertex -97.625 -90.5 0
      vertex -97.5293 -90.481 0
    endloop
  endfacet
  facet normal 0 0 -1
    outer loop
      vertex -98.925 -92 0
      vertex -97.625 -90.5 0
      vertex -97.625 -92 0
    endloop
  endfacet
  facet normal 0 0 -1
    outer loop
      vertex -98.925 -92 0
      vertex -98.925 -90.5 0
      vertex -97.625 -90.5 0
    endloop
  endfacet
  facet normal 0 0 -1
    outer loop
      vertex -99.0207 -92.019 0
      vertex -98.925 -90.5 0
      vertex -98.925 -92 0
    endloop
  endfacet
  facet normal 0 0 -1
    outer loop
      vertex -99.0207 -92.019 0
      vertex -99.0207 -90.481 0
      vertex -98.925 -90.5 0
    endloop
  endfacet
  facet normal 0 0 -1
    outer loop
      vertex -99.1018 -92.0732 0
      vertex -99.0207 -90.481 0
      vertex -99.0207 -92.019 0
    endloop
  endfacet
  facet normal 0 0 -1
    outer loop
      vertex -99.1018 -92.0732 0
      vertex -99.1018 -90.4268 0
      vertex -99.0207 -90.481 0
    endloop
  endfacet
  facet normal 0 0 -1
    outer loop
      vertex -99.156 -92.1543 0
      vertex -99.1018 -90.4268 0
      vertex -99.1018 -92.0732 0
    endloop
  endfacet
  facet normal 0 0 -1
    outer loop
      vertex -99.156 -92.1543 0
      vertex -99.156 -90.3457 0
      vertex -99.1018 -90.4268 0
    endloop
  endfacet
  facet normal 0 0 -1
    outer loop
      vertex -104.469 -92.2043 0
      vertex -99.175 -92.25 0
      vertex -104.45 -92.3 0
    endloop
  endfacet
  facet normal 0 0 -1
    outer loop
      vertex -99.156 -92.1543 0
      vertex -104.45 -90.3 0
      vertex -99.156 -90.3457 0
    endloop
  endfacet
  facet normal 0 0 -1
    outer loop
      vertex -97.394 -95.3457 0
      vertex -90.85 -80.4913 0
      vertex -90.85 -140 0
    endloop
  endfacet
  facet normal 0 0 -1
    outer loop
      vertex -90.8533 -140.185 0
      vertex -90.85 -140 0
      vertex -90.8524 -140.17 0
    endloop
  endfacet
  facet normal 0 -0 -1
    outer loop
      vertex -97.375 -95.25 0
      vertex -90.85 -80.4913 0
      vertex -97.394 -95.3457 0
    endloop
  endfacet
  facet normal 0 0 -1
    outer loop
      vertex -90.891 -140.52 0
      vertex -90.85 -140 0
      vertex -90.8533 -140.185 0
    endloop
  endfacet
  facet normal 0 0 -1
    outer loop
      vertex -97.375 -92.25 0
      vertex -90.85 -80.4913 0
      vertex -97.375 -95.25 0
    endloop
  endfacet
  facet normal 0 0 -1
    outer loop
      vertex -90.85 -140 0
      vertex -90.891 -140.52 0
      vertex -94 -143.15 0
    endloop
  endfacet
  facet normal 0 0 -1
    outer loop
      vertex -97.375 -90.25 0
      vertex -90.85 -80.4913 0
      vertex -97.375 -92.25 0
    endloop
  endfacet
  facet normal 0 0 -1
    outer loop
      vertex -94 -143.15 0
      vertex -90.891 -140.52 0
      vertex -90.8938 -140.536 0
    endloop
  endfacet
  facet normal 0 0 -1
    outer loop
      vertex -97.375 -87.25 0
      vertex -90.85 -80.4913 0
      vertex -97.375 -90.25 0
    endloop
  endfacet
  facet normal 0 0 -1
    outer loop
      vertex -94 -143.15 0
      vertex -90.8938 -140.536 0
      vertex -90.9688 -140.865 0
    endloop
  endfacet
  facet normal 0 0 -1
    outer loop
      vertex -97.394 -87.1543 0
      vertex -90.85 -80.4913 0
      vertex -97.375 -87.25 0
    endloop
  endfacet
  facet normal 0 0 -1
    outer loop
      vertex -94 -143.15 0
      vertex -90.9688 -140.865 0
      vertex -90.9734 -140.881 0
    endloop
  endfacet
  facet normal 0 0 -1
    outer loop
      vertex -97.4482 -87.0732 0
      vertex -90.85 -80.4913 0
      vertex -97.394 -87.1543 0
    endloop
  endfacet
  facet normal 0 0 -1
    outer loop
      vertex -94 -143.15 0
      vertex -90.9734 -140.881 0
      vertex -91.0846 -141.199 0
    endloop
  endfacet
  facet normal 0 0 -1
    outer loop
      vertex -97.5293 -87.019 0
      vertex -90.85 -80.4913 0
      vertex -97.4482 -87.0732 0
    endloop
  endfacet
  facet normal 0 0 -1
    outer loop
      vertex -94 -143.15 0
      vertex -91.0846 -141.199 0
      vertex -91.0911 -141.214 0
    endloop
  endfacet
  facet normal 0 -0 -1
    outer loop
      vertex -94 -77.3434 0
      vertex -90.85 -80.4913 0
      vertex -97.5293 -87.019 0
    endloop
  endfacet
  facet normal 0 0 -1
    outer loop
      vertex -94 -143.15 0
      vertex -91.0911 -141.214 0
      vertex -91.2372 -141.517 0
    endloop
  endfacet
  facet normal -0 -0 -1
    outer loop
      vertex -90.8909 -79.9737 0
      vertex -90.85 -80.4913 0
      vertex -94 -77.3434 0
    endloop
  endfacet
  facet normal 0 0 -1
    outer loop
      vertex -94 -143.15 0
      vertex -91.2372 -141.517 0
      vertex -91.2453 -141.532 0
    endloop
  endfacet
  facet normal 0 0 -1
    outer loop
      vertex -90.85 -80.4913 0
      vertex -90.8532 -80.3083 0
      vertex -90.8523 -80.323 0
    endloop
  endfacet
  facet normal 0 0 -1
    outer loop
      vertex -94 -143.15 0
      vertex -91.2453 -141.532 0
      vertex -91.4244 -141.817 0
    endloop
  endfacet
  facet normal 0 0 -1
    outer loop
      vertex -90.85 -80.4913 0
      vertex -90.8909 -79.9737 0
      vertex -90.8532 -80.3083 0
    endloop
  endfacet
  facet normal 0 0 -1
    outer loop
      vertex -94 -143.15 0
      vertex -91.4244 -141.817 0
      vertex -91.4341 -141.831 0
    endloop
  endfacet
  facet normal 0 0 -1
    outer loop
      vertex -90.8909 -79.9737 0
      vertex -94 -77.3434 0
      vertex -90.8938 -79.9571 0
    endloop
  endfacet
  facet normal 0 0 -1
    outer loop
      vertex -94 -143.15 0
      vertex -91.4341 -141.831 0
      vertex -91.644 -142.094 0
    endloop
  endfacet
  facet normal 0 0 -1
    outer loop
      vertex -90.9687 -79.6289 0
      vertex -94 -77.3434 0
      vertex -90.9733 -79.6127 0
    endloop
  endfacet
  facet normal 0 0 -1
    outer loop
      vertex -94 -143.15 0
      vertex -91.644 -142.094 0
      vertex -91.6552 -142.107 0
    endloop
  endfacet
  facet normal 0 0 -1
    outer loop
      vertex -90.9733 -79.6127 0
      vertex -94 -77.3434 0
      vertex -91.0845 -79.295 0
    endloop
  endfacet
  facet normal 0 0 -1
    outer loop
      vertex -94 -143.15 0
      vertex -91.6552 -142.107 0
      vertex -91.8933 -142.345 0
    endloop
  endfacet
  facet normal 0 0 -1
    outer loop
      vertex -91.0845 -79.295 0
      vertex -94 -77.3434 0
      vertex -91.0909 -79.2794 0
    endloop
  endfacet
  facet normal 0 0 -1
    outer loop
      vertex -94 -143.15 0
      vertex -91.8933 -142.345 0
      vertex -91.9059 -142.356 0
    endloop
  endfacet
  facet normal 0 0 -1
    outer loop
      vertex -94 -143.15 0
      vertex -91.9059 -142.356 0
      vertex -92.1691 -142.566 0
    endloop
  endfacet
  facet normal 0 0 -1
    outer loop
      vertex -91.0909 -79.2794 0
      vertex -94 -77.3434 0
      vertex -91.237 -78.976 0
    endloop
  endfacet
  facet normal 0 0 -1
    outer loop
      vertex -91.237 -78.976 0
      vertex -94 -77.3434 0
      vertex -91.2452 -78.9613 0
    endloop
  endfacet
  facet normal 0 0 -1
    outer loop
      vertex -94 -143.15 0
      vertex -92.1691 -142.566 0
      vertex -92.1828 -142.576 0
    endloop
  endfacet
  facet normal 0 0 -1
    outer loop
      vertex -91.2452 -78.9613 0
      vertex -94 -77.3434 0
      vertex -91.4243 -78.6762 0
    endloop
  endfacet
  facet normal 0 0 -1
    outer loop
      vertex -94 -143.15 0
      vertex -92.1828 -142.576 0
      vertex -92.4679 -142.755 0
    endloop
  endfacet
  facet normal 0 0 -1
    outer loop
      vertex -94 -143.15 0
      vertex -92.4679 -142.755 0
      vertex -92.4826 -142.763 0
    endloop
  endfacet
  facet normal 0 0 -1
    outer loop
      vertex -91.4243 -78.6762 0
      vertex -94 -77.3434 0
      vertex -91.434 -78.6625 0
    endloop
  endfacet
  facet normal 0 0 -1
    outer loop
      vertex -94 -143.15 0
      vertex -92.4826 -142.763 0
      vertex -92.7859 -142.909 0
    endloop
  endfacet
  facet normal 0 0 -1
    outer loop
      vertex -91.434 -78.6625 0
      vertex -94 -77.3434 0
      vertex -91.6439 -78.3993 0
    endloop
  endfacet
  facet normal 0 0 -1
    outer loop
      vertex -94 -143.15 0
      vertex -92.7859 -142.909 0
      vertex -92.8015 -142.915 0
    endloop
  endfacet
  facet normal 0 0 -1
    outer loop
      vertex -91.6439 -78.3993 0
      vertex -94 -77.3434 0
      vertex -91.6551 -78.3867 0
    endloop
  endfacet
  facet normal 0 0 -1
    outer loop
      vertex -94 -143.15 0
      vertex -92.8015 -142.915 0
      vertex -93.1192 -143.027 0
    endloop
  endfacet
  facet normal 0 0 -1
    outer loop
      vertex -91.6551 -78.3867 0
      vertex -94 -77.3434 0
      vertex -91.8932 -78.1486 0
    endloop
  endfacet
  facet normal 0 0 -1
    outer loop
      vertex -94 -143.15 0
      vertex -93.1192 -143.027 0
      vertex -93.1354 -143.031 0
    endloop
  endfacet
  facet normal 0 0 -1
    outer loop
      vertex -91.8932 -78.1486 0
      vertex -94 -77.3434 0
      vertex -91.9058 -78.1374 0
    endloop
  endfacet
  facet normal 0 0 -1
    outer loop
      vertex -94 -143.15 0
      vertex -93.1354 -143.031 0
      vertex -93.4637 -143.106 0
    endloop
  endfacet
  facet normal 0 0 -1
    outer loop
      vertex -91.9058 -78.1374 0
      vertex -94 -77.3434 0
      vertex -92.1691 -77.9275 0
    endloop
  endfacet
  facet normal 0 0 -1
    outer loop
      vertex -92.1828 -77.9178 0
      vertex -94 -77.3434 0
      vertex -92.4679 -77.7386 0
    endloop
  endfacet
  facet normal 0 0 -1
    outer loop
      vertex -94 -143.15 0
      vertex -93.4637 -143.106 0
      vertex -93.4803 -143.109 0
    endloop
  endfacet
  facet normal 0 0 -1
    outer loop
      vertex -92.4679 -77.7386 0
      vertex -94 -77.3434 0
      vertex -92.4826 -77.7304 0
    endloop
  endfacet
  facet normal 0 0 -1
    outer loop
      vertex -94 -143.15 0
      vertex -93.4803 -143.109 0
      vertex -93.8149 -143.147 0
    endloop
  endfacet
  facet normal 0 0 -1
    outer loop
      vertex -94 -143.15 0
      vertex -93.8149 -143.147 0
      vertex -93.8295 -143.148 0
    endloop
  endfacet
  facet normal 0 0 -1
    outer loop
      vertex -92.4826 -77.7304 0
      vertex -94 -77.3434 0
      vertex -92.7859 -77.5844 0
    endloop
  endfacet
  facet normal 0 0 -1
    outer loop
      vertex -108.635 -110.83 0
      vertex -90.85 -140 0
      vertex -94 -143.15 0
    endloop
  endfacet
  facet normal 0 0 -1
    outer loop
      vertex -92.7859 -77.5844 0
      vertex -94 -77.3434 0
      vertex -92.8015 -77.578 0
    endloop
  endfacet
  facet normal 0 0 -1
    outer loop
      vertex -92.8015 -77.578 0
      vertex -94 -77.3434 0
      vertex -93.1192 -77.4668 0
    endloop
  endfacet
  facet normal 0 0 -1
    outer loop
      vertex -90.8938 -79.9571 0
      vertex -94 -77.3434 0
      vertex -90.9687 -79.6289 0
    endloop
  endfacet
  facet normal 0 0 -1
    outer loop
      vertex -90.85 -140 0
      vertex -97.4482 -95.4268 0
      vertex -97.394 -95.3457 0
    endloop
  endfacet
  facet normal 0 0 -1
    outer loop
      vertex -90.85 -140 0
      vertex -108.404 -110.676 0
      vertex -97.5293 -95.481 0
    endloop
  endfacet
  facet normal 0 0 -1
    outer loop
      vertex -90.85 -140 0
      vertex -97.5293 -95.481 0
      vertex -97.4482 -95.4268 0
    endloop
  endfacet
  facet normal 0 -0 -1
    outer loop
      vertex -108.385 -110.58 0
      vertex -97.5293 -95.481 0
      vertex -108.404 -110.676 0
    endloop
  endfacet
  facet normal 0 0 -1
    outer loop
      vertex -108.385 -110.08 0
      vertex -97.5293 -95.481 0
      vertex -108.385 -110.58 0
    endloop
  endfacet
  facet normal 0 0 -1
    outer loop
      vertex -108.385 -108.68 0
      vertex -97.5293 -95.481 0
      vertex -108.385 -110.08 0
    endloop
  endfacet
  facet normal 0 0 -1
    outer loop
      vertex -97.5293 -95.481 0
      vertex -108.385 -108.68 0
      vertex -97.625 -95.5 0
    endloop
  endfacet
  facet normal 0 0 -1
    outer loop
      vertex -108.385 -108.18 0
      vertex -97.625 -95.5 0
      vertex -108.385 -108.68 0
    endloop
  endfacet
  facet normal 0 0 -1
    outer loop
      vertex -104.45 -92.3 0
      vertex -99.175 -92.25 0
      vertex -99.175 -95.25 0
    endloop
  endfacet
  facet normal 0 0 -1
    outer loop
      vertex -99.175 -92.25 0
      vertex -104.469 -92.2043 0
      vertex -99.156 -92.1543 0
    endloop
  endfacet
  facet normal 0 0 -1
    outer loop
      vertex -104.45 -92.3 0
      vertex -99.175 -95.25 0
      vertex -104.45 -95.3 0
    endloop
  endfacet
  facet normal 0 0 -1
    outer loop
      vertex -108.404 -108.084 0
      vertex -97.625 -95.5 0
      vertex -108.385 -108.18 0
    endloop
  endfacet
  facet normal 0 0 -1
    outer loop
      vertex -99.156 -95.3457 0
      vertex -104.45 -95.3 0
      vertex -99.175 -95.25 0
    endloop
  endfacet
  facet normal -0 0 -1
    outer loop
      vertex -98.925 -95.5 0
      vertex -108.404 -108.084 0
      vertex -99.0207 -95.481 0
    endloop
  endfacet
  facet normal 0 0 -1
    outer loop
      vertex -108.458 -108.003 0
      vertex -99.0207 -95.481 0
      vertex -108.404 -108.084 0
    endloop
  endfacet
  facet normal 0 -0 -1
    outer loop
      vertex -104.604 -95.531 0
      vertex -99.0207 -95.481 0
      vertex -108.458 -108.003 0
    endloop
  endfacet
  facet normal 0 -0 -1
    outer loop
      vertex -104.45 -95.3 0
      vertex -99.156 -95.3457 0
      vertex -104.469 -95.3957 0
    endloop
  endfacet
  facet normal 0 -0 -1
    outer loop
      vertex -104.469 -95.3957 0
      vertex -99.1018 -95.4268 0
      vertex -104.523 -95.4768 0
    endloop
  endfacet
  facet normal 0 0 -1
    outer loop
      vertex -99.1018 -95.4268 0
      vertex -104.469 -95.3957 0
      vertex -99.156 -95.3457 0
    endloop
  endfacet
  facet normal 0 0 -1
    outer loop
      vertex -99.0207 -95.481 0
      vertex -104.523 -95.4768 0
      vertex -99.1018 -95.4268 0
    endloop
  endfacet
  facet normal 0 0 -1
    outer loop
      vertex -111.475 -95.25 0
      vertex -106.25 -92.3 0
      vertex -106.25 -95.3 0
    endloop
  endfacet
  facet normal 0 0 -1
    outer loop
      vertex -106.231 -92.2043 0
      vertex -111.494 -92.1543 0
      vertex -106.231 -90.3957 0
    endloop
  endfacet
  facet normal 0 0 -1
    outer loop
      vertex -108.539 -107.949 0
      vertex -104.7 -95.55 0
      vertex -108.458 -108.003 0
    endloop
  endfacet
  facet normal 0 0 -1
    outer loop
      vertex -104.604 -95.531 0
      vertex -108.458 -108.003 0
      vertex -104.7 -95.55 0
    endloop
  endfacet
  facet normal 0 -0 -1
    outer loop
      vertex -104.523 -95.4768 0
      vertex -99.0207 -95.481 0
      vertex -104.604 -95.531 0
    endloop
  endfacet
  facet normal -0 0 -1
    outer loop
      vertex -97.625 -95.5 0
      vertex -108.404 -108.084 0
      vertex -98.925 -95.5 0
    endloop
  endfacet
  facet normal 0 0 -1
    outer loop
      vertex -90.85 -140 0
      vertex -108.458 -110.757 0
      vertex -108.404 -110.676 0
    endloop
  endfacet
  facet normal 0 0 -1
    outer loop
      vertex -90.85 -140 0
      vertex -108.539 -110.811 0
      vertex -108.458 -110.757 0
    endloop
  endfacet
  facet normal 0 0 -1
    outer loop
      vertex -90.85 -140 0
      vertex -108.635 -110.83 0
      vertex -108.539 -110.811 0
    endloop
  endfacet
  facet normal 0 0 -1
    outer loop
      vertex -94 -143.15 0
      vertex -109.585 -110.83 0
      vertex -108.635 -110.83 0
    endloop
  endfacet
  facet normal 0 0 -1
    outer loop
      vertex -111.175 -110.83 0
      vertex -109.585 -110.83 0
      vertex -94 -143.15 0
    endloop
  endfacet
  facet normal 0 0 -1
    outer loop
      vertex -109.585 -110.83 0
      vertex -111.175 -110.83 0
      vertex -109.681 -110.811 0
    endloop
  endfacet
  facet normal 0 -0 -1
    outer loop
      vertex -111.079 -110.811 0
      vertex -109.681 -110.811 0
      vertex -111.175 -110.83 0
    endloop
  endfacet
  facet normal 0 0 -1
    outer loop
      vertex -110.925 -110.08 0
      vertex -109.835 -110.08 0
      vertex -109.835 -110.58 0
    endloop
  endfacet
  facet normal 0 0 -1
    outer loop
      vertex -109.762 -108.857 0
      vertex -110.925 -108.68 0
      vertex -109.816 -108.776 0
    endloop
  endfacet
  facet normal 0 0 -1
    outer loop
      vertex -110.925 -110.08 0
      vertex -109.835 -110.58 0
      vertex -110.925 -110.58 0
    endloop
  endfacet
  facet normal 0 0 -1
    outer loop
      vertex -109.816 -110.676 0
      vertex -110.925 -110.58 0
      vertex -109.835 -110.58 0
    endloop
  endfacet
  facet normal 0 0 -1
    outer loop
      vertex -109.681 -110.811 0
      vertex -111.079 -110.811 0
      vertex -109.762 -110.757 0
    endloop
  endfacet
  facet normal 0 0 -1
    outer loop
      vertex -109.816 -110.676 0
      vertex -110.944 -110.676 0
      vertex -110.925 -110.58 0
    endloop
  endfacet
  facet normal -0 0 -1
    outer loop
      vertex -109.816 -110.676 0
      vertex -110.998 -110.757 0
      vertex -110.944 -110.676 0
    endloop
  endfacet
  facet normal 0 0 -1
    outer loop
      vertex -109.762 -110.757 0
      vertex -110.998 -110.757 0
      vertex -109.816 -110.676 0
    endloop
  endfacet
  facet normal 0 -0 -1
    outer loop
      vertex -110.998 -110.757 0
      vertex -109.762 -110.757 0
      vertex -111.079 -110.811 0
    endloop
  endfacet
  facet normal 0 0 -1
    outer loop
      vertex -94 -143.15 0
      vertex -112.125 -110.83 0
      vertex -111.175 -110.83 0
    endloop
  endfacet
  facet normal 0 0 -1
    outer loop
      vertex -113.715 -110.83 0
      vertex -112.125 -110.83 0
      vertex -94 -143.15 0
    endloop
  endfacet
  facet normal 0 0 -1
    outer loop
      vertex -112.125 -110.83 0
      vertex -113.715 -110.83 0
      vertex -112.221 -110.811 0
    endloop
  endfacet
  facet normal 0 -0 -1
    outer loop
      vertex -113.619 -110.811 0
      vertex -112.221 -110.811 0
      vertex -113.715 -110.83 0
    endloop
  endfacet
  facet normal 0 0 -1
    outer loop
      vertex -113.465 -110.08 0
      vertex -112.375 -110.08 0
      vertex -112.375 -110.58 0
    endloop
  endfacet
  facet normal 0 0 -1
    outer loop
      vertex -112.302 -108.857 0
      vertex -113.465 -108.68 0
      vertex -112.356 -108.776 0
    endloop
  endfacet
  facet normal 0 0 -1
    outer loop
      vertex -112.375 -108.68 0
      vertex -113.465 -108.68 0
      vertex -112.375 -108.18 0
    endloop
  endfacet
  facet normal 0 0 -1
    outer loop
      vertex -112.356 -108.084 0
      vertex -113.484 -108.084 0
      vertex -113.538 -108.003 0
    endloop
  endfacet
  facet normal 0 0 -1
    outer loop
      vertex -112.302 -108.003 0
      vertex -113.538 -108.003 0
      vertex -113.619 -107.949 0
    endloop
  endfacet
  facet normal 0 0 -1
    outer loop
      vertex -112.125 -107.93 0
      vertex -113.025 -95.5 0
      vertex -111.725 -95.5 0
    endloop
  endfacet
  facet normal 0 0 -1
    outer loop
      vertex -112.125 -107.93 0
      vertex -113.715 -107.93 0
      vertex -113.025 -95.5 0
    endloop
  endfacet
  facet normal 0 0 -1
    outer loop
      vertex -118.45 -95.2 0
      vertex -113.275 -92.25 0
      vertex -113.275 -95.25 0
    endloop
  endfacet
  facet normal 0 0 -1
    outer loop
      vertex -113.256 -92.1543 0
      vertex -118.469 -92.1043 0
      vertex -113.256 -90.3457 0
    endloop
  endfacet
  facet normal 0 0 -1
    outer loop
      vertex -112.356 -108.776 0
      vertex -113.465 -108.68 0
      vertex -112.375 -108.68 0
    endloop
  endfacet
  facet normal 0 0 -1
    outer loop
      vertex -113.465 -110.08 0
      vertex -112.375 -110.58 0
      vertex -113.465 -110.58 0
    endloop
  endfacet
  facet normal 0 0 -1
    outer loop
      vertex -112.356 -110.676 0
      vertex -113.465 -110.58 0
      vertex -112.375 -110.58 0
    endloop
  endfacet
  facet normal 0 0 -1
    outer loop
      vertex -112.221 -110.811 0
      vertex -113.619 -110.811 0
      vertex -112.302 -110.757 0
    endloop
  endfacet
  facet normal 0 0 -1
    outer loop
      vertex -112.356 -110.676 0
      vertex -113.484 -110.676 0
      vertex -113.465 -110.58 0
    endloop
  endfacet
  facet normal -0 0 -1
    outer loop
      vertex -112.356 -110.676 0
      vertex -113.538 -110.757 0
      vertex -113.484 -110.676 0
    endloop
  endfacet
  facet normal 0 0 -1
    outer loop
      vertex -112.302 -110.757 0
      vertex -113.538 -110.757 0
      vertex -112.356 -110.676 0
    endloop
  endfacet
  facet normal 0 -0 -1
    outer loop
      vertex -113.538 -110.757 0
      vertex -112.302 -110.757 0
      vertex -113.619 -110.811 0
    endloop
  endfacet
  facet normal 0 0 -1
    outer loop
      vertex -94 -143.15 0
      vertex -114.665 -110.83 0
      vertex -113.715 -110.83 0
    endloop
  endfacet
  facet normal 0 0 -1
    outer loop
      vertex -116.255 -110.83 0
      vertex -114.665 -110.83 0
      vertex -94 -143.15 0
    endloop
  endfacet
  facet normal 0 0 -1
    outer loop
      vertex -114.665 -110.83 0
      vertex -116.255 -110.83 0
      vertex -114.761 -110.811 0
    endloop
  endfacet
  facet normal 0 -0 -1
    outer loop
      vertex -116.159 -110.811 0
      vertex -114.761 -110.811 0
      vertex -116.255 -110.83 0
    endloop
  endfacet
  facet normal 0 0 -1
    outer loop
      vertex -116.005 -110.08 0
      vertex -114.915 -110.08 0
      vertex -114.915 -110.58 0
    endloop
  endfacet
  facet normal 0 0 -1
    outer loop
      vertex -114.842 -108.857 0
      vertex -116.005 -108.68 0
      vertex -114.896 -108.776 0
    endloop
  endfacet
  facet normal 0 0 -1
    outer loop
      vertex -116.005 -110.08 0
      vertex -114.915 -110.58 0
      vertex -116.005 -110.58 0
    endloop
  endfacet
  facet normal 0 0 -1
    outer loop
      vertex -114.896 -110.676 0
      vertex -116.005 -110.58 0
      vertex -114.915 -110.58 0
    endloop
  endfacet
  facet normal 0 0 -1
    outer loop
      vertex -114.761 -110.811 0
      vertex -116.159 -110.811 0
      vertex -114.842 -110.757 0
    endloop
  endfacet
  facet normal 0 0 -1
    outer loop
      vertex -114.896 -110.676 0
      vertex -116.024 -110.676 0
      vertex -116.005 -110.58 0
    endloop
  endfacet
  facet normal -0 0 -1
    outer loop
      vertex -114.896 -110.676 0
      vertex -116.078 -110.757 0
      vertex -116.024 -110.676 0
    endloop
  endfacet
  facet normal 0 0 -1
    outer loop
      vertex -114.842 -110.757 0
      vertex -116.078 -110.757 0
      vertex -114.896 -110.676 0
    endloop
  endfacet
  facet normal 0 -0 -1
    outer loop
      vertex -116.078 -110.757 0
      vertex -114.842 -110.757 0
      vertex -116.159 -110.811 0
    endloop
  endfacet
  facet normal 0 0 -1
    outer loop
      vertex -94 -143.15 0
      vertex -117.205 -110.83 0
      vertex -116.255 -110.83 0
    endloop
  endfacet
  facet normal 0 0 -1
    outer loop
      vertex -118.795 -110.83 0
      vertex -117.205 -110.83 0
      vertex -94 -143.15 0
    endloop
  endfacet
  facet normal 0 0 -1
    outer loop
      vertex -117.205 -110.83 0
      vertex -118.795 -110.83 0
      vertex -117.301 -110.811 0
    endloop
  endfacet
  facet normal 0 0 -1
    outer loop
      vertex -118.545 -110.08 0
      vertex -117.455 -110.08 0
      vertex -117.455 -110.58 0
    endloop
  endfacet
  facet normal 0 0 -1
    outer loop
      vertex -117.382 -108.857 0
      vertex -118.545 -108.68 0
      vertex -117.436 -108.776 0
    endloop
  endfacet
  facet normal 0 0 -1
    outer loop
      vertex -117.455 -108.68 0
      vertex -118.545 -108.68 0
      vertex -117.455 -108.18 0
    endloop
  endfacet
  facet normal 0 0 -1
    outer loop
      vertex -117.455 -108.18 0
      vertex -118.469 -95.2957 0
      vertex -118.45 -95.2 0
    endloop
  endfacet
  facet normal 0 0 -1
    outer loop
      vertex -118.618 -108.003 0
      vertex -117.455 -108.18 0
      vertex -118.564 -108.084 0
    endloop
  endfacet
  facet normal 0 0 -1
    outer loop
      vertex -118.545 -110.08 0
      vertex -117.455 -110.58 0
      vertex -118.545 -110.58 0
    endloop
  endfacet
  facet normal 0 0 -1
    outer loop
      vertex -117.436 -110.676 0
      vertex -118.545 -110.58 0
      vertex -117.455 -110.58 0
    endloop
  endfacet
  facet normal 0 0 -1
    outer loop
      vertex -118.564 -110.676 0
      vertex -117.436 -110.676 0
      vertex -117.382 -110.757 0
    endloop
  endfacet
  facet normal 0 -0 -1
    outer loop
      vertex -118.699 -110.811 0
      vertex -117.301 -110.811 0
      vertex -118.795 -110.83 0
    endloop
  endfacet
  facet normal 0 0 -1
    outer loop
      vertex -117.436 -110.676 0
      vertex -118.564 -110.676 0
      vertex -118.545 -110.58 0
    endloop
  endfacet
  facet normal 0 0 -1
    outer loop
      vertex -117.382 -110.757 0
      vertex -118.618 -110.757 0
      vertex -118.564 -110.676 0
    endloop
  endfacet
  facet normal -0 0 -1
    outer loop
      vertex -117.382 -110.757 0
      vertex -118.699 -110.811 0
      vertex -118.618 -110.757 0
    endloop
  endfacet
  facet normal 0 0 -1
    outer loop
      vertex -117.301 -110.811 0
      vertex -118.699 -110.811 0
      vertex -117.382 -110.757 0
    endloop
  endfacet
  facet normal 0 0 -1
    outer loop
      vertex -94 -143.15 0
      vertex -119.745 -110.83 0
      vertex -118.795 -110.83 0
    endloop
  endfacet
  facet normal 0 0 -1
    outer loop
      vertex -121.335 -110.83 0
      vertex -119.745 -110.83 0
      vertex -94 -143.15 0
    endloop
  endfacet
  facet normal 0 0 -1
    outer loop
      vertex -119.745 -110.83 0
      vertex -121.335 -110.83 0
      vertex -119.841 -110.811 0
    endloop
  endfacet
  facet normal 0 0 -1
    outer loop
      vertex -121.085 -110.08 0
      vertex -119.995 -110.08 0
      vertex -119.995 -110.58 0
    endloop
  endfacet
  facet normal 0 0 -1
    outer loop
      vertex -119.922 -108.857 0
      vertex -121.085 -108.68 0
      vertex -119.976 -108.776 0
    endloop
  endfacet
  facet normal 0 0 -1
    outer loop
      vertex -119.995 -108.68 0
      vertex -121.085 -108.68 0
      vertex -119.995 -108.18 0
    endloop
  endfacet
  facet normal 0 0 -1
    outer loop
      vertex -121.158 -108.003 0
      vertex -119.995 -108.18 0
      vertex -121.104 -108.084 0
    endloop
  endfacet
  facet normal 0 0 -1
    outer loop
      vertex -121.239 -107.949 0
      vertex -119.995 -108.18 0
      vertex -121.158 -108.003 0
    endloop
  endfacet
  facet normal 0 0 -1
    outer loop
      vertex -119.995 -108.18 0
      vertex -121.239 -107.949 0
      vertex -120 -95.45 0
    endloop
  endfacet
  facet normal 0 0 -1
    outer loop
      vertex -121.335 -107.93 0
      vertex -120 -95.45 0
      vertex -121.239 -107.949 0
    endloop
  endfacet
  facet normal 0 0 -1
    outer loop
      vertex -125.45 -92.2 0
      vertex -120.25 -92.2 0
      vertex -120.25 -95.2 0
    endloop
  endfacet
  facet normal 0 0 -1
    outer loop
      vertex -120.231 -92.1043 0
      vertex -125.469 -92.1043 0
      vertex -120.231 -90.2957 0
    endloop
  endfacet
  facet normal 0 0 -1
    outer loop
      vertex -119.976 -108.776 0
      vertex -121.085 -108.68 0
      vertex -119.995 -108.68 0
    endloop
  endfacet
  facet normal 0 0 -1
    outer loop
      vertex -121.085 -110.08 0
      vertex -119.995 -110.58 0
      vertex -121.085 -110.58 0
    endloop
  endfacet
  facet normal 0 0 -1
    outer loop
      vertex -119.976 -110.676 0
      vertex -121.085 -110.58 0
      vertex -119.995 -110.58 0
    endloop
  endfacet
  facet normal 0 0 -1
    outer loop
      vertex -121.104 -110.676 0
      vertex -119.976 -110.676 0
      vertex -119.922 -110.757 0
    endloop
  endfacet
  facet normal 0 -0 -1
    outer loop
      vertex -121.239 -110.811 0
      vertex -119.841 -110.811 0
      vertex -121.335 -110.83 0
    endloop
  endfacet
  facet normal 0 0 -1
    outer loop
      vertex -119.976 -110.676 0
      vertex -121.104 -110.676 0
      vertex -121.085 -110.58 0
    endloop
  endfacet
  facet normal 0 0 -1
    outer loop
      vertex -119.922 -110.757 0
      vertex -121.158 -110.757 0
      vertex -121.104 -110.676 0
    endloop
  endfacet
  facet normal -0 0 -1
    outer loop
      vertex -119.922 -110.757 0
      vertex -121.239 -110.811 0
      vertex -121.158 -110.757 0
    endloop
  endfacet
  facet normal 0 0 -1
    outer loop
      vertex -119.841 -110.811 0
      vertex -121.239 -110.811 0
      vertex -119.922 -110.757 0
    endloop
  endfacet
  facet normal 0 0 -1
    outer loop
      vertex -94 -143.15 0
      vertex -122.285 -110.83 0
      vertex -121.335 -110.83 0
    endloop
  endfacet
  facet normal 0 0 -1
    outer loop
      vertex -123.875 -110.83 0
      vertex -122.285 -110.83 0
      vertex -94 -143.15 0
    endloop
  endfacet
  facet normal 0 0 -1
    outer loop
      vertex -122.285 -110.83 0
      vertex -123.875 -110.83 0
      vertex -122.381 -110.811 0
    endloop
  endfacet
  facet normal 0 0 -1
    outer loop
      vertex -123.625 -110.08 0
      vertex -122.535 -110.08 0
      vertex -122.535 -110.58 0
    endloop
  endfacet
  facet normal 0 0 -1
    outer loop
      vertex -122.462 -108.857 0
      vertex -123.625 -108.68 0
      vertex -122.516 -108.776 0
    endloop
  endfacet
  facet normal 0 0 -1
    outer loop
      vertex -123.625 -110.08 0
      vertex -122.535 -110.58 0
      vertex -123.625 -110.58 0
    endloop
  endfacet
  facet normal 0 0 -1
    outer loop
      vertex -122.516 -110.676 0
      vertex -123.625 -110.58 0
      vertex -122.535 -110.58 0
    endloop
  endfacet
  facet normal 0 0 -1
    outer loop
      vertex -123.644 -110.676 0
      vertex -122.516 -110.676 0
      vertex -122.462 -110.757 0
    endloop
  endfacet
  facet normal 0 -0 -1
    outer loop
      vertex -123.779 -110.811 0
      vertex -122.381 -110.811 0
      vertex -123.875 -110.83 0
    endloop
  endfacet
  facet normal 0 0 -1
    outer loop
      vertex -122.516 -110.676 0
      vertex -123.644 -110.676 0
      vertex -123.625 -110.58 0
    endloop
  endfacet
  facet normal 0 0 -1
    outer loop
      vertex -122.462 -110.757 0
      vertex -123.698 -110.757 0
      vertex -123.644 -110.676 0
    endloop
  endfacet
  facet normal -0 0 -1
    outer loop
      vertex -122.462 -110.757 0
      vertex -123.779 -110.811 0
      vertex -123.698 -110.757 0
    endloop
  endfacet
  facet normal 0 0 -1
    outer loop
      vertex -122.381 -110.811 0
      vertex -123.779 -110.811 0
      vertex -122.462 -110.757 0
    endloop
  endfacet
  facet normal 0 0 -1
    outer loop
      vertex -94 -143.15 0
      vertex -124.825 -110.83 0
      vertex -123.875 -110.83 0
    endloop
  endfacet
  facet normal 0 0 -1
    outer loop
      vertex -126.415 -110.83 0
      vertex -124.825 -110.83 0
      vertex -94 -143.15 0
    endloop
  endfacet
  facet normal 0 0 -1
    outer loop
      vertex -124.825 -110.83 0
      vertex -126.415 -110.83 0
      vertex -124.921 -110.811 0
    endloop
  endfacet
  facet normal 0 0 -1
    outer loop
      vertex -126.165 -110.08 0
      vertex -125.075 -110.08 0
      vertex -125.075 -110.58 0
    endloop
  endfacet
  facet normal 0 0 -1
    outer loop
      vertex -125.002 -108.857 0
      vertex -126.165 -108.68 0
      vertex -125.056 -108.776 0
    endloop
  endfacet
  facet normal 0 0 -1
    outer loop
      vertex -125.075 -108.68 0
      vertex -126.165 -108.68 0
      vertex -125.075 -108.18 0
    endloop
  endfacet
  facet normal 0 0 -1
    outer loop
      vertex -125.075 -108.18 0
      vertex -125.469 -95.2957 0
      vertex -125.45 -95.2 0
    endloop
  endfacet
  facet normal 0 0 -1
    outer loop
      vertex -126.238 -108.003 0
      vertex -125.075 -108.18 0
      vertex -126.184 -108.084 0
    endloop
  endfacet
  facet normal 0 0 -1
    outer loop
      vertex -125.075 -108.18 0
      vertex -125.523 -95.3768 0
      vertex -125.469 -95.2957 0
    endloop
  endfacet
  facet normal 0 0 -1
    outer loop
      vertex -126.319 -107.949 0
      vertex -125.075 -108.18 0
      vertex -126.238 -108.003 0
    endloop
  endfacet
  facet normal 0 0 -1
    outer loop
      vertex -126.165 -110.08 0
      vertex -125.075 -110.58 0
      vertex -126.165 -110.58 0
    endloop
  endfacet
  facet normal 0 0 -1
    outer loop
      vertex -125.056 -110.676 0
      vertex -126.165 -110.58 0
      vertex -125.075 -110.58 0
    endloop
  endfacet
  facet normal 0 0 -1
    outer loop
      vertex -126.184 -110.676 0
      vertex -125.056 -110.676 0
      vertex -125.002 -110.757 0
    endloop
  endfacet
  facet normal 0 -0 -1
    outer loop
      vertex -126.319 -110.811 0
      vertex -124.921 -110.811 0
      vertex -126.415 -110.83 0
    endloop
  endfacet
  facet normal 0 0 -1
    outer loop
      vertex -125.056 -110.676 0
      vertex -126.184 -110.676 0
      vertex -126.165 -110.58 0
    endloop
  endfacet
  facet normal 0 0 -1
    outer loop
      vertex -125.002 -110.757 0
      vertex -126.238 -110.757 0
      vertex -126.184 -110.676 0
    endloop
  endfacet
  facet normal -0 0 -1
    outer loop
      vertex -125.002 -110.757 0
      vertex -126.319 -110.811 0
      vertex -126.238 -110.757 0
    endloop
  endfacet
  facet normal 0 0 -1
    outer loop
      vertex -124.921 -110.811 0
      vertex -126.319 -110.811 0
      vertex -125.002 -110.757 0
    endloop
  endfacet
  facet normal 0 0 -1
    outer loop
      vertex -94 -143.15 0
      vertex -127.365 -110.83 0
      vertex -126.415 -110.83 0
    endloop
  endfacet
  facet normal 0 0 -1
    outer loop
      vertex -160.692 -143.15 0
      vertex -127.365 -110.83 0
      vertex -94 -143.15 0
    endloop
  endfacet
  facet normal 0 -0 -1
    outer loop
      vertex -128.955 -110.83 0
      vertex -127.365 -110.83 0
      vertex -160.692 -143.15 0
    endloop
  endfacet
  facet normal 0 0 -1
    outer loop
      vertex -128.705 -110.08 0
      vertex -127.615 -110.08 0
      vertex -127.615 -110.58 0
    endloop
  endfacet
  facet normal 0 0 -1
    outer loop
      vertex -127.542 -108.857 0
      vertex -128.705 -108.68 0
      vertex -127.596 -108.776 0
    endloop
  endfacet
  facet normal 0 0 -1
    outer loop
      vertex -128.705 -110.08 0
      vertex -127.615 -110.58 0
      vertex -128.705 -110.58 0
    endloop
  endfacet
  facet normal 0 0 -1
    outer loop
      vertex -127.596 -110.676 0
      vertex -128.705 -110.58 0
      vertex -127.615 -110.58 0
    endloop
  endfacet
  facet normal 0 0 -1
    outer loop
      vertex -128.724 -110.676 0
      vertex -127.596 -110.676 0
      vertex -127.542 -110.757 0
    endloop
  endfacet
  facet normal 0 -0 -1
    outer loop
      vertex -128.859 -110.811 0
      vertex -127.461 -110.811 0
      vertex -128.955 -110.83 0
    endloop
  endfacet
  facet normal 0 0 -1
    outer loop
      vertex -127.596 -110.676 0
      vertex -128.724 -110.676 0
      vertex -128.705 -110.58 0
    endloop
  endfacet
  facet normal 0 0 -1
    outer loop
      vertex -127.542 -110.757 0
      vertex -128.778 -110.757 0
      vertex -128.724 -110.676 0
    endloop
  endfacet
  facet normal -0 0 -1
    outer loop
      vertex -127.542 -110.757 0
      vertex -128.859 -110.811 0
      vertex -128.778 -110.757 0
    endloop
  endfacet
  facet normal 0 0 -1
    outer loop
      vertex -127.461 -110.811 0
      vertex -128.859 -110.811 0
      vertex -127.542 -110.757 0
    endloop
  endfacet
  facet normal 0 0 -1
    outer loop
      vertex -127.365 -110.83 0
      vertex -128.955 -110.83 0
      vertex -127.461 -110.811 0
    endloop
  endfacet
  facet normal -0 0 -1
    outer loop
      vertex -128.955 -110.83 0
      vertex -160.692 -143.15 0
      vertex -129.905 -110.83 0
    endloop
  endfacet
  facet normal -0 0 -1
    outer loop
      vertex -129.905 -110.83 0
      vertex -160.692 -143.15 0
      vertex -130.001 -110.811 0
    endloop
  endfacet
  facet normal 0 0 -1
    outer loop
      vertex -146.7 -95.45 0
      vertex -130.155 -110.08 0
      vertex -130.155 -110.58 0
    endloop
  endfacet
  facet normal 0 0 -1
    outer loop
      vertex -130.155 -110.08 0
      vertex -146.7 -95.45 0
      vertex -130.155 -108.68 0
    endloop
  endfacet
  facet normal 0 -0 -1
    outer loop
      vertex -146.604 -95.431 0
      vertex -130.155 -108.68 0
      vertex -146.7 -95.45 0
    endloop
  endfacet
  facet normal 0 0 -1
    outer loop
      vertex -130.155 -108.18 0
      vertex -132.469 -95.2957 0
      vertex -132.45 -95.2 0
    endloop
  endfacet
  facet normal 0 0 -1
    outer loop
      vertex -130.155 -108.18 0
      vertex -132.523 -95.3768 0
      vertex -132.469 -95.2957 0
    endloop
  endfacet
  facet normal 0 0 -1
    outer loop
      vertex -130.155 -108.18 0
      vertex -132.604 -95.431 0
      vertex -132.523 -95.3768 0
    endloop
  endfacet
  facet normal 0 0 -1
    outer loop
      vertex -130.155 -108.18 0
      vertex -132.7 -95.45 0
      vertex -132.604 -95.431 0
    endloop
  endfacet
  facet normal 0 0 -1
    outer loop
      vertex -130.155 -108.18 0
      vertex -134 -95.45 0
      vertex -132.7 -95.45 0
    endloop
  endfacet
  facet normal 0 0 -1
    outer loop
      vertex -148 -95.45 0
      vertex -130.155 -110.58 0
      vertex -130.136 -110.676 0
    endloop
  endfacet
  facet normal 0 0 -1
    outer loop
      vertex -130.155 -108.18 0
      vertex -134.096 -95.431 0
      vertex -134 -95.45 0
    endloop
  endfacet
  facet normal 0 0 -1
    outer loop
      vertex -130.155 -108.18 0
      vertex -139.604 -95.431 0
      vertex -134.096 -95.431 0
    endloop
  endfacet
  facet normal 0 0 -1
    outer loop
      vertex -134.096 -95.431 0
      vertex -139.604 -95.431 0
      vertex -134.177 -95.3768 0
    endloop
  endfacet
  facet normal 0 0 -1
    outer loop
      vertex -139.45 -92.2 0
      vertex -134.25 -92.2 0
      vertex -134.25 -95.2 0
    endloop
  endfacet
  facet normal 0 0 -1
    outer loop
      vertex -134.231 -92.1043 0
      vertex -139.469 -92.1043 0
      vertex -134.231 -90.2957 0
    endloop
  endfacet
  facet normal 0 0 -1
    outer loop
      vertex -139.45 -92.2 0
      vertex -134.25 -95.2 0
      vertex -139.45 -95.2 0
    endloop
  endfacet
  facet normal 0 0 -1
    outer loop
      vertex -134.231 -95.2957 0
      vertex -139.45 -95.2 0
      vertex -134.25 -95.2 0
    endloop
  endfacet
  facet normal 0 -0 -1
    outer loop
      vertex -139.523 -95.3768 0
      vertex -134.177 -95.3768 0
      vertex -139.604 -95.431 0
    endloop
  endfacet
  facet normal 0 0 -1
    outer loop
      vertex -134.231 -95.2957 0
      vertex -139.469 -95.2957 0
      vertex -139.45 -95.2 0
    endloop
  endfacet
  facet normal -0 0 -1
    outer loop
      vertex -134.231 -95.2957 0
      vertex -139.523 -95.3768 0
      vertex -139.469 -95.2957 0
    endloop
  endfacet
  facet normal 0 0 -1
    outer loop
      vertex -134.177 -95.3768 0
      vertex -139.523 -95.3768 0
      vertex -134.231 -95.2957 0
    endloop
  endfacet
  facet normal 0 0 -1
    outer loop
      vertex -130.155 -108.18 0
      vertex -139.7 -95.45 0
      vertex -139.604 -95.431 0
    endloop
  endfacet
  facet normal 0 0 -1
    outer loop
      vertex -130.155 -108.18 0
      vertex -141 -95.45 0
      vertex -139.7 -95.45 0
    endloop
  endfacet
  facet normal 0 0 -1
    outer loop
      vertex -168.65 -134.824 0
      vertex -130.136 -110.676 0
      vertex -130.082 -110.757 0
    endloop
  endfacet
  facet normal 0 0 -1
    outer loop
      vertex -130.155 -108.68 0
      vertex -141 -95.45 0
      vertex -130.155 -108.18 0
    endloop
  endfacet
  facet normal -0 -0 -1
    outer loop
      vertex -141 -95.45 0
      vertex -130.155 -108.68 0
      vertex -141.096 -95.431 0
    endloop
  endfacet
  facet normal 0 0 -1
    outer loop
      vertex -146.45 -92.2 0
      vertex -141.25 -92.2 0
      vertex -141.25 -95.2 0
    endloop
  endfacet
  facet normal 0 0 -1
    outer loop
      vertex -141.231 -92.1043 0
      vertex -146.469 -92.1043 0
      vertex -141.231 -90.2957 0
    endloop
  endfacet
  facet normal 0 0 -1
    outer loop
      vertex -146.45 -92.2 0
      vertex -141.25 -95.2 0
      vertex -146.45 -95.2 0
    endloop
  endfacet
  facet normal 0 0 -1
    outer loop
      vertex -141.231 -95.2957 0
      vertex -146.45 -95.2 0
      vertex -141.25 -95.2 0
    endloop
  endfacet
  facet normal 0 0 -1
    outer loop
      vertex -146.469 -95.2957 0
      vertex -141.231 -95.2957 0
      vertex -141.177 -95.3768 0
    endloop
  endfacet
  facet normal 0 0 -1
    outer loop
      vertex -141.096 -95.431 0
      vertex -146.604 -95.431 0
      vertex -141.177 -95.3768 0
    endloop
  endfacet
  facet normal 0 0 -1
    outer loop
      vertex -141.231 -95.2957 0
      vertex -146.469 -95.2957 0
      vertex -146.45 -95.2 0
    endloop
  endfacet
  facet normal 0 0 -1
    outer loop
      vertex -141.177 -95.3768 0
      vertex -146.523 -95.3768 0
      vertex -146.469 -95.2957 0
    endloop
  endfacet
  facet normal -0 0 -1
    outer loop
      vertex -141.177 -95.3768 0
      vertex -146.604 -95.431 0
      vertex -146.523 -95.3768 0
    endloop
  endfacet
  facet normal -0 -0 -1
    outer loop
      vertex -141.096 -95.431 0
      vertex -130.155 -108.68 0
      vertex -146.604 -95.431 0
    endloop
  endfacet
  facet normal 0 0 -1
    outer loop
      vertex -130.155 -110.58 0
      vertex -148 -95.45 0
      vertex -146.7 -95.45 0
    endloop
  endfacet
  facet normal -0 0 -1
    outer loop
      vertex -130.001 -110.811 0
      vertex -160.692 -143.15 0
      vertex -130.082 -110.757 0
    endloop
  endfacet
  facet normal 0 0 -1
    outer loop
      vertex -168.65 -134.824 0
      vertex -130.082 -110.757 0
      vertex -160.692 -143.15 0
    endloop
  endfacet
  facet normal -0 0 -1
    outer loop
      vertex -130.136 -110.676 0
      vertex -168.65 -134.824 0
      vertex -153.725 -95.45 0
    endloop
  endfacet
  facet normal 0 0 -1
    outer loop
      vertex -153.475 -92.2 0
      vertex -148.25 -92.2 0
      vertex -148.25 -95.2 0
    endloop
  endfacet
  facet normal 0 0 -1
    outer loop
      vertex -148.231 -92.1043 0
      vertex -153.494 -92.1043 0
      vertex -148.231 -90.2957 0
    endloop
  endfacet
  facet normal 0 0 -1
    outer loop
      vertex -153.475 -92.2 0
      vertex -148.25 -95.2 0
      vertex -153.475 -95.2 0
    endloop
  endfacet
  facet normal 0 0 -1
    outer loop
      vertex -148.231 -95.2957 0
      vertex -153.475 -95.2 0
      vertex -148.25 -95.2 0
    endloop
  endfacet
  facet normal 0 0 -1
    outer loop
      vertex -153.494 -95.2957 0
      vertex -148.231 -95.2957 0
      vertex -148.177 -95.3768 0
    endloop
  endfacet
  facet normal 0 0 -1
    outer loop
      vertex -130.136 -110.676 0
      vertex -153.725 -95.45 0
      vertex -148 -95.45 0
    endloop
  endfacet
  facet normal 0 0 -1
    outer loop
      vertex -148.231 -95.2957 0
      vertex -153.494 -95.2957 0
      vertex -153.475 -95.2 0
    endloop
  endfacet
  facet normal 0 0 -1
    outer loop
      vertex -148.177 -95.3768 0
      vertex -153.548 -95.3768 0
      vertex -153.494 -95.2957 0
    endloop
  endfacet
  facet normal 0 0 -1
    outer loop
      vertex -148 -95.45 0
      vertex -153.725 -95.45 0
      vertex -148.096 -95.431 0
    endloop
  endfacet
  facet normal -0 0 -1
    outer loop
      vertex -148.177 -95.3768 0
      vertex -153.629 -95.431 0
      vertex -153.548 -95.3768 0
    endloop
  endfacet
  facet normal 0 -0 -1
    outer loop
      vertex -153.629 -95.431 0
      vertex -148.096 -95.431 0
      vertex -153.725 -95.45 0
    endloop
  endfacet
  facet normal 0 0 -1
    outer loop
      vertex -148.096 -95.431 0
      vertex -153.629 -95.431 0
      vertex -148.177 -95.3768 0
    endloop
  endfacet
  facet normal -0 0 -1
    outer loop
      vertex -153.725 -95.45 0
      vertex -168.65 -134.824 0
      vertex -155.025 -95.45 0
    endloop
  endfacet
  facet normal 0 0 -1
    outer loop
      vertex -168.65 -89.2421 0
      vertex -155.275 -92.2 0
      vertex -155.275 -95.2 0
    endloop
  endfacet
  facet normal 0 0 -1
    outer loop
      vertex -155.275 -92.2 0
      vertex -168.65 -89.2421 0
      vertex -155.275 -90.2 0
    endloop
  endfacet
  facet normal 0 -0 -1
    outer loop
      vertex -167.73 -87.0169 0
      vertex -155.275 -90.2 0
      vertex -168.65 -89.2421 0
    endloop
  endfacet
  facet normal 0 0 -1
    outer loop
      vertex -155.275 -87.2 0
      vertex -158.985 -78.2668 0
      vertex -156.759 -77.3434 0
    endloop
  endfacet
  facet normal 0 -0 -1
    outer loop
      vertex -157.277 -77.3843 0
      vertex -156.759 -77.3434 0
      vertex -158.985 -78.2668 0
    endloop
  endfacet
  facet normal 0 0 -1
    outer loop
      vertex -156.759 -77.3434 0
      vertex -156.942 -77.3466 0
      vertex -156.927 -77.3457 0
    endloop
  endfacet
  facet normal 0 0 -1
    outer loop
      vertex -156.759 -77.3434 0
      vertex -157.277 -77.3843 0
      vertex -156.942 -77.3466 0
    endloop
  endfacet
  facet normal 0 0 -1
    outer loop
      vertex -157.277 -77.3843 0
      vertex -158.985 -78.2668 0
      vertex -157.293 -77.3871 0
    endloop
  endfacet
  facet normal 0 0 -1
    outer loop
      vertex -157.293 -77.3871 0
      vertex -158.985 -78.2668 0
      vertex -157.622 -77.4622 0
    endloop
  endfacet
  facet normal 0 0 -1
    outer loop
      vertex -157.622 -77.4622 0
      vertex -158.985 -78.2668 0
      vertex -157.638 -77.4668 0
    endloop
  endfacet
  facet normal 0 0 -1
    outer loop
      vertex -157.638 -77.4668 0
      vertex -158.985 -78.2668 0
      vertex -157.956 -77.5781 0
    endloop
  endfacet
  facet normal 0 0 -1
    outer loop
      vertex -157.956 -77.5781 0
      vertex -158.985 -78.2668 0
      vertex -157.971 -77.5846 0
    endloop
  endfacet
  facet normal 0 0 -1
    outer loop
      vertex -157.971 -77.5846 0
      vertex -158.985 -78.2668 0
      vertex -158.275 -77.7308 0
    endloop
  endfacet
  facet normal 0 0 -1
    outer loop
      vertex -158.275 -77.7308 0
      vertex -158.985 -78.2668 0
      vertex -158.29 -77.7389 0
    endloop
  endfacet
  facet normal 0 0 -1
    outer loop
      vertex -158.29 -77.7389 0
      vertex -158.985 -78.2668 0
      vertex -158.575 -77.9182 0
    endloop
  endfacet
  facet normal 0 0 -1
    outer loop
      vertex -158.575 -77.9182 0
      vertex -158.985 -78.2668 0
      vertex -158.588 -77.9279 0
    endloop
  endfacet
  facet normal 0 0 -1
    outer loop
      vertex -168.65 -89.2421 0
      vertex -155.275 -95.2 0
      vertex -155.256 -95.2957 0
    endloop
  endfacet
  facet normal 0 0 -1
    outer loop
      vertex -158.588 -77.9279 0
      vertex -158.985 -78.2668 0
      vertex -158.852 -78.138 0
    endloop
  endfacet
  facet normal 0 0 -1
    outer loop
      vertex -158.852 -78.138 0
      vertex -158.985 -78.2668 0
      vertex -158.863 -78.1478 0
    endloop
  endfacet
  facet normal -0 0 -1
    outer loop
      vertex -155.025 -95.45 0
      vertex -168.65 -134.824 0
      vertex -155.121 -95.431 0
    endloop
  endfacet
  facet normal -0 0 -1
    outer loop
      vertex -155.121 -95.431 0
      vertex -168.65 -134.824 0
      vertex -155.202 -95.3768 0
    endloop
  endfacet
  facet normal 0 0 -1
    outer loop
      vertex -168.65 -89.2421 0
      vertex -155.202 -95.3768 0
      vertex -168.65 -134.824 0
    endloop
  endfacet
  facet normal 0 0 -1
    outer loop
      vertex -160.886 -143.146 0
      vertex -160.692 -143.15 0
      vertex -160.87 -143.147 0
    endloop
  endfacet
  facet normal 0 0 -1
    outer loop
      vertex -161.236 -143.105 0
      vertex -160.692 -143.15 0
      vertex -160.886 -143.146 0
    endloop
  endfacet
  facet normal 0 0 -1
    outer loop
      vertex -160.692 -143.15 0
      vertex -161.236 -143.105 0
      vertex -162.999 -142.145 0
    endloop
  endfacet
  facet normal 0 0 -1
    outer loop
      vertex -162.999 -142.145 0
      vertex -161.236 -143.105 0
      vertex -161.253 -143.102 0
    endloop
  endfacet
  facet normal 0 0 -1
    outer loop
      vertex -162.999 -142.145 0
      vertex -161.253 -143.102 0
      vertex -161.596 -143.02 0
    endloop
  endfacet
  facet normal 0 0 -1
    outer loop
      vertex -162.999 -142.145 0
      vertex -161.596 -143.02 0
      vertex -161.613 -143.015 0
    endloop
  endfacet
  facet normal 0 0 -1
    outer loop
      vertex -162.999 -142.145 0
      vertex -161.613 -143.015 0
      vertex -161.944 -142.893 0
    endloop
  endfacet
  facet normal 0 0 -1
    outer loop
      vertex -162.999 -142.145 0
      vertex -161.944 -142.893 0
      vertex -161.96 -142.886 0
    endloop
  endfacet
  facet normal 0 0 -1
    outer loop
      vertex -162.999 -142.145 0
      vertex -161.96 -142.886 0
      vertex -162.274 -142.726 0
    endloop
  endfacet
  facet normal 0 0 -1
    outer loop
      vertex -162.999 -142.145 0
      vertex -162.274 -142.726 0
      vertex -162.289 -142.718 0
    endloop
  endfacet
  facet normal 0 0 -1
    outer loop
      vertex -162.999 -142.145 0
      vertex -162.289 -142.718 0
      vertex -162.583 -142.522 0
    endloop
  endfacet
  facet normal 0 0 -1
    outer loop
      vertex -162.999 -142.145 0
      vertex -162.583 -142.522 0
      vertex -162.597 -142.512 0
    endloop
  endfacet
  facet normal 0 0 -1
    outer loop
      vertex -162.999 -142.145 0
      vertex -162.597 -142.512 0
      vertex -162.866 -142.283 0
    endloop
  endfacet
  facet normal 0 0 -1
    outer loop
      vertex -162.999 -142.145 0
      vertex -162.866 -142.283 0
      vertex -162.877 -142.272 0
    endloop
  endfacet
  facet normal 0 0 -1
    outer loop
      vertex -167.808 -136.965 0
      vertex -160.692 -143.15 0
      vertex -162.999 -142.145 0
    endloop
  endfacet
  facet normal 0 0 -1
    outer loop
      vertex -155.275 -90.2 0
      vertex -167.73 -87.0169 0
      vertex -155.275 -87.2 0
    endloop
  endfacet
  facet normal 0 0 -1
    outer loop
      vertex -160.692 -143.15 0
      vertex -167.808 -136.965 0
      vertex -168.65 -134.824 0
    endloop
  endfacet
  facet normal 0 0 -1
    outer loop
      vertex -155.202 -95.3768 0
      vertex -168.65 -89.2421 0
      vertex -155.256 -95.2957 0
    endloop
  endfacet
  facet normal 0 -0 -1
    outer loop
      vertex -168.066 -87.4118 0
      vertex -167.73 -87.0169 0
      vertex -168.65 -89.2421 0
    endloop
  endfacet
  facet normal 0 0 -1
    outer loop
      vertex -167.945 -136.812 0
      vertex -167.808 -136.965 0
      vertex -167.935 -136.825 0
    endloop
  endfacet
  facet normal 0 0 -1
    outer loop
      vertex -168.164 -136.508 0
      vertex -167.808 -136.965 0
      vertex -167.945 -136.812 0
    endloop
  endfacet
  facet normal 0 0 -1
    outer loop
      vertex -155.275 -87.2 0
      vertex -167.73 -87.0169 0
      vertex -158.985 -78.2668 0
    endloop
  endfacet
  facet normal 0 0 -1
    outer loop
      vertex -167.73 -87.0169 0
      vertex -168.066 -87.4118 0
      vertex -167.857 -87.1486 0
    endloop
  endfacet
  facet normal 0 0 -1
    outer loop
      vertex -167.808 -136.965 0
      vertex -168.164 -136.508 0
      vertex -168.65 -134.824 0
    endloop
  endfacet
  facet normal 0 0 -1
    outer loop
      vertex -168.65 -134.824 0
      vertex -168.164 -136.508 0
      vertex -168.174 -136.492 0
    endloop
  endfacet
  facet normal 0 0 -1
    outer loop
      vertex -167.73 -87.0169 0
      vertex -167.857 -87.1486 0
      vertex -167.847 -87.1376 0
    endloop
  endfacet
  facet normal 0 0 -1
    outer loop
      vertex -168.076 -87.4255 0
      vertex -168.65 -89.2421 0
      vertex -168.255 -87.7105 0
    endloop
  endfacet
  facet normal 0 0 -1
    outer loop
      vertex -168.65 -134.824 0
      vertex -168.174 -136.492 0
      vertex -168.353 -136.163 0
    endloop
  endfacet
  facet normal 0 0 -1
    outer loop
      vertex -168.65 -134.824 0
      vertex -168.353 -136.163 0
      vertex -168.361 -136.146 0
    endloop
  endfacet
  facet normal 0 0 -1
    outer loop
      vertex -168.066 -87.4118 0
      vertex -168.65 -89.2421 0
      vertex -168.076 -87.4255 0
    endloop
  endfacet
  facet normal 0 0 -1
    outer loop
      vertex -168.263 -87.7252 0
      vertex -168.65 -89.2421 0
      vertex -168.409 -88.0285 0
    endloop
  endfacet
  facet normal 0 0 -1
    outer loop
      vertex -168.65 -134.824 0
      vertex -168.361 -136.146 0
      vertex -168.498 -135.798 0
    endloop
  endfacet
  facet normal 0 0 -1
    outer loop
      vertex -168.65 -134.824 0
      vertex -168.498 -135.798 0
      vertex -168.503 -135.78 0
    endloop
  endfacet
  facet normal 0 0 -1
    outer loop
      vertex -168.255 -87.7105 0
      vertex -168.65 -89.2421 0
      vertex -168.263 -87.7252 0
    endloop
  endfacet
  facet normal 0 0 -1
    outer loop
      vertex -168.416 -88.0441 0
      vertex -168.65 -89.2421 0
      vertex -168.527 -88.3618 0
    endloop
  endfacet
  facet normal 0 0 -1
    outer loop
      vertex -168.65 -134.824 0
      vertex -168.503 -135.78 0
      vertex -168.596 -135.418 0
    endloop
  endfacet
  facet normal 0 0 -1
    outer loop
      vertex -168.65 -134.824 0
      vertex -168.596 -135.418 0
      vertex -168.599 -135.399 0
    endloop
  endfacet
  facet normal 0 0 -1
    outer loop
      vertex -168.409 -88.0285 0
      vertex -168.65 -89.2421 0
      vertex -168.416 -88.0441 0
    endloop
  endfacet
  facet normal 0 0 -1
    outer loop
      vertex -168.527 -88.3618 0
      vertex -168.65 -89.2421 0
      vertex -168.531 -88.3779 0
    endloop
  endfacet
  facet normal 0 0 -1
    outer loop
      vertex -168.65 -134.824 0
      vertex -168.599 -135.399 0
      vertex -168.646 -135.028 0
    endloop
  endfacet
  facet normal 0 0 -1
    outer loop
      vertex -168.531 -88.3779 0
      vertex -168.65 -89.2421 0
      vertex -168.606 -88.706 0
    endloop
  endfacet
  facet normal 0 0 -1
    outer loop
      vertex -168.65 -134.824 0
      vertex -168.646 -135.028 0
      vertex -168.647 -135.011 0
    endloop
  endfacet
  facet normal 0 0 -1
    outer loop
      vertex -168.606 -88.706 0
      vertex -168.65 -89.2421 0
      vertex -168.609 -88.7226 0
    endloop
  endfacet
  facet normal 0 0 -1
    outer loop
      vertex -168.609 -88.7226 0
      vertex -168.65 -89.2421 0
      vertex -168.647 -89.057 0
    endloop
  endfacet
  facet normal 0 0 -1
    outer loop
      vertex -168.647 -89.057 0
      vertex -168.65 -89.2421 0
      vertex -168.648 -89.0716 0
    endloop
  endfacet
  facet normal 0 0 -1
    outer loop
      vertex -93.1192 -77.4668 0
      vertex -94 -77.3434 0
      vertex -93.1354 -77.4622 0
    endloop
  endfacet
  facet normal 0 0 -1
    outer loop
      vertex -93.1354 -77.4622 0
      vertex -94 -77.3434 0
      vertex -93.4637 -77.3873 0
    endloop
  endfacet
  facet normal 0 0 -1
    outer loop
      vertex -93.4637 -77.3873 0
      vertex -94 -77.3434 0
      vertex -93.4803 -77.3844 0
    endloop
  endfacet
  facet normal 0 0 -1
    outer loop
      vertex -93.4803 -77.3844 0
      vertex -94 -77.3434 0
      vertex -93.8149 -77.3467 0
    endloop
  endfacet
  facet normal 0 0 -1
    outer loop
      vertex -93.8149 -77.3467 0
      vertex -94 -77.3434 0
      vertex -93.8296 -77.3458 0
    endloop
  endfacet
  facet normal 0 0 -1
    outer loop
      vertex -92.1691 -77.9275 0
      vertex -94 -77.3434 0
      vertex -92.1828 -77.9178 0
    endloop
  endfacet
  facet normal 0 0 -1
    outer loop
      vertex -97.625 -87 0
      vertex -94 -77.3434 0
      vertex -97.5293 -87.019 0
    endloop
  endfacet
  facet normal 0 0 -1
    outer loop
      vertex -98.925 -87 0
      vertex -94 -77.3434 0
      vertex -97.625 -87 0
    endloop
  endfacet
  facet normal 0 0 -1
    outer loop
      vertex -99.0207 -87.019 0
      vertex -94 -77.3434 0
      vertex -98.925 -87 0
    endloop
  endfacet
  facet normal 0 0 -1
    outer loop
      vertex -104.604 -87.069 0
      vertex -99.0207 -87.019 0
      vertex -99.1018 -87.0732 0
    endloop
  endfacet
  facet normal 0 0 -1
    outer loop
      vertex -104.523 -87.1232 0
      vertex -99.1018 -87.0732 0
      vertex -99.156 -87.1543 0
    endloop
  endfacet
  facet normal 0 0 -1
    outer loop
      vertex -99.156 -90.3457 0
      vertex -104.45 -90.3 0
      vertex -99.175 -90.25 0
    endloop
  endfacet
  facet normal 0 0 -1
    outer loop
      vertex -104.45 -87.3 0
      vertex -99.175 -90.25 0
      vertex -104.45 -90.3 0
    endloop
  endfacet
  facet normal 0 0 -1
    outer loop
      vertex -99.175 -90.25 0
      vertex -104.45 -87.3 0
      vertex -99.175 -87.25 0
    endloop
  endfacet
  facet normal 0 0 -1
    outer loop
      vertex -104.469 -87.2043 0
      vertex -99.175 -87.25 0
      vertex -104.45 -87.3 0
    endloop
  endfacet
  facet normal 0 0 -1
    outer loop
      vertex -99.175 -87.25 0
      vertex -104.469 -87.2043 0
      vertex -99.156 -87.1543 0
    endloop
  endfacet
  facet normal 0 0 -1
    outer loop
      vertex -104.523 -87.1232 0
      vertex -99.156 -87.1543 0
      vertex -104.469 -87.2043 0
    endloop
  endfacet
  facet normal -0 0 -1
    outer loop
      vertex -99.1018 -87.0732 0
      vertex -104.523 -87.1232 0
      vertex -104.604 -87.069 0
    endloop
  endfacet
  facet normal -0 0 -1
    outer loop
      vertex -99.0207 -87.019 0
      vertex -104.604 -87.069 0
      vertex -94 -77.3434 0
    endloop
  endfacet
  facet normal 0 0 -1
    outer loop
      vertex -104.7 -87.05 0
      vertex -94 -77.3434 0
      vertex -104.604 -87.069 0
    endloop
  endfacet
  facet normal 0 0 -1
    outer loop
      vertex -106 -87.05 0
      vertex -94 -77.3434 0
      vertex -104.7 -87.05 0
    endloop
  endfacet
  facet normal 0 0 -1
    outer loop
      vertex -111.629 -87.019 0
      vertex -106 -87.05 0
      vertex -106.096 -87.069 0
    endloop
  endfacet
  facet normal 0 0 -1
    outer loop
      vertex -111.548 -87.0732 0
      vertex -106.096 -87.069 0
      vertex -106.177 -87.1232 0
    endloop
  endfacet
  facet normal -0 0 -1
    outer loop
      vertex -104.7 -95.55 0
      vertex -108.539 -107.949 0
      vertex -106 -95.55 0
    endloop
  endfacet
  facet normal -0 0 -1
    outer loop
      vertex -106 -95.55 0
      vertex -108.539 -107.949 0
      vertex -106.096 -95.531 0
    endloop
  endfacet
  facet normal 0 0 -1
    outer loop
      vertex -108.635 -107.93 0
      vertex -106.096 -95.531 0
      vertex -108.539 -107.949 0
    endloop
  endfacet
  facet normal 0 0 -1
    outer loop
      vertex -111.494 -95.3457 0
      vertex -106.096 -95.531 0
      vertex -108.635 -107.93 0
    endloop
  endfacet
  facet normal 0 0 -1
    outer loop
      vertex -111.494 -95.3457 0
      vertex -106.177 -95.4768 0
      vertex -106.096 -95.531 0
    endloop
  endfacet
  facet normal 0 0 -1
    outer loop
      vertex -111.494 -95.3457 0
      vertex -106.231 -95.3957 0
      vertex -106.177 -95.4768 0
    endloop
  endfacet
  facet normal 0 0 -1
    outer loop
      vertex -111.494 -95.3457 0
      vertex -106.25 -95.3 0
      vertex -106.231 -95.3957 0
    endloop
  endfacet
  facet normal 0 0 -1
    outer loop
      vertex -111.494 -95.3457 0
      vertex -108.635 -107.93 0
      vertex -109.585 -107.93 0
    endloop
  endfacet
  facet normal 0 0 -1
    outer loop
      vertex -111.175 -107.93 0
      vertex -109.585 -107.93 0
      vertex -109.681 -107.949 0
    endloop
  endfacet
  facet normal 0 0 -1
    outer loop
      vertex -111.079 -107.949 0
      vertex -109.681 -107.949 0
      vertex -109.762 -108.003 0
    endloop
  endfacet
  facet normal 0 0 -1
    outer loop
      vertex -110.998 -108.003 0
      vertex -109.762 -108.003 0
      vertex -109.816 -108.084 0
    endloop
  endfacet
  facet normal 0 0 -1
    outer loop
      vertex -110.944 -108.084 0
      vertex -109.816 -108.084 0
      vertex -109.835 -108.18 0
    endloop
  endfacet
  facet normal 0 0 -1
    outer loop
      vertex -109.816 -108.776 0
      vertex -110.925 -108.68 0
      vertex -109.835 -108.68 0
    endloop
  endfacet
  facet normal 0 0 -1
    outer loop
      vertex -109.835 -108.68 0
      vertex -110.925 -108.68 0
      vertex -109.835 -108.18 0
    endloop
  endfacet
  facet normal 0 0 -1
    outer loop
      vertex -110.925 -108.18 0
      vertex -109.835 -108.18 0
      vertex -110.925 -108.68 0
    endloop
  endfacet
  facet normal 0 0 -1
    outer loop
      vertex -110.944 -108.084 0
      vertex -109.835 -108.18 0
      vertex -110.925 -108.18 0
    endloop
  endfacet
  facet normal 0 0 -1
    outer loop
      vertex -109.816 -108.084 0
      vertex -110.944 -108.084 0
      vertex -110.998 -108.003 0
    endloop
  endfacet
  facet normal -0 0 -1
    outer loop
      vertex -106.25 -92.3 0
      vertex -111.475 -95.25 0
      vertex -111.475 -92.25 0
    endloop
  endfacet
  facet normal 0 0 -1
    outer loop
      vertex -109.762 -108.003 0
      vertex -110.998 -108.003 0
      vertex -111.079 -107.949 0
    endloop
  endfacet
  facet normal 0 0 -1
    outer loop
      vertex -109.681 -107.949 0
      vertex -111.079 -107.949 0
      vertex -111.175 -107.93 0
    endloop
  endfacet
  facet normal 0 0 -1
    outer loop
      vertex -111.629 -95.481 0
      vertex -109.585 -107.93 0
      vertex -111.175 -107.93 0
    endloop
  endfacet
  facet normal 0 0 -1
    outer loop
      vertex -106.231 -90.3957 0
      vertex -111.475 -90.25 0
      vertex -106.25 -90.3 0
    endloop
  endfacet
  facet normal 0 0 -1
    outer loop
      vertex -106.25 -90.3 0
      vertex -111.475 -90.25 0
      vertex -106.25 -87.3 0
    endloop
  endfacet
  facet normal 0 0 -1
    outer loop
      vertex -111.475 -87.25 0
      vertex -106.25 -87.3 0
      vertex -111.475 -90.25 0
    endloop
  endfacet
  facet normal 0 0 -1
    outer loop
      vertex -106.25 -87.3 0
      vertex -111.475 -87.25 0
      vertex -106.231 -87.2043 0
    endloop
  endfacet
  facet normal 0 0 -1
    outer loop
      vertex -111.494 -87.1543 0
      vertex -106.231 -87.2043 0
      vertex -111.475 -87.25 0
    endloop
  endfacet
  facet normal 0 0 -1
    outer loop
      vertex -106.231 -87.2043 0
      vertex -111.494 -87.1543 0
      vertex -106.177 -87.1232 0
    endloop
  endfacet
  facet normal 0 0 -1
    outer loop
      vertex -111.548 -87.0732 0
      vertex -106.177 -87.1232 0
      vertex -111.494 -87.1543 0
    endloop
  endfacet
  facet normal -0 0 -1
    outer loop
      vertex -106.096 -87.069 0
      vertex -111.548 -87.0732 0
      vertex -111.629 -87.019 0
    endloop
  endfacet
  facet normal 0 0 -1
    outer loop
      vertex -106 -87.05 0
      vertex -111.629 -87.019 0
      vertex -94 -77.3434 0
    endloop
  endfacet
  facet normal 0 0 -1
    outer loop
      vertex -111.725 -87 0
      vertex -94 -77.3434 0
      vertex -111.629 -87.019 0
    endloop
  endfacet
  facet normal 0 0 -1
    outer loop
      vertex -113.025 -87 0
      vertex -94 -77.3434 0
      vertex -111.725 -87 0
    endloop
  endfacet
  facet normal 0 0 -1
    outer loop
      vertex -118.604 -86.969 0
      vertex -113.025 -87 0
      vertex -113.121 -87.019 0
    endloop
  endfacet
  facet normal -0 0 -1
    outer loop
      vertex -112.375 -108.18 0
      vertex -113.465 -108.68 0
      vertex -113.465 -108.18 0
    endloop
  endfacet
  facet normal 0 0 -1
    outer loop
      vertex -112.375 -108.18 0
      vertex -113.465 -108.18 0
      vertex -113.484 -108.084 0
    endloop
  endfacet
  facet normal 0 0 -1
    outer loop
      vertex -114.665 -107.93 0
      vertex -113.025 -95.5 0
      vertex -113.715 -107.93 0
    endloop
  endfacet
  facet normal -0 0 -1
    outer loop
      vertex -113.025 -95.5 0
      vertex -114.665 -107.93 0
      vertex -113.121 -95.481 0
    endloop
  endfacet
  facet normal 0 0 -1
    outer loop
      vertex -116.255 -107.93 0
      vertex -113.121 -95.481 0
      vertex -114.665 -107.93 0
    endloop
  endfacet
  facet normal 0 0 -1
    outer loop
      vertex -118.45 -95.2 0
      vertex -113.121 -95.481 0
      vertex -116.255 -107.93 0
    endloop
  endfacet
  facet normal 0 0 -1
    outer loop
      vertex -113.121 -95.481 0
      vertex -118.45 -95.2 0
      vertex -113.202 -95.4268 0
    endloop
  endfacet
  facet normal 0 0 -1
    outer loop
      vertex -113.202 -95.4268 0
      vertex -118.45 -95.2 0
      vertex -113.256 -95.3457 0
    endloop
  endfacet
  facet normal 0 0 -1
    outer loop
      vertex -116.255 -107.93 0
      vertex -114.665 -107.93 0
      vertex -114.761 -107.949 0
    endloop
  endfacet
  facet normal 0 0 -1
    outer loop
      vertex -116.159 -107.949 0
      vertex -114.761 -107.949 0
      vertex -114.842 -108.003 0
    endloop
  endfacet
  facet normal 0 0 -1
    outer loop
      vertex -116.078 -108.003 0
      vertex -114.842 -108.003 0
      vertex -114.896 -108.084 0
    endloop
  endfacet
  facet normal 0 0 -1
    outer loop
      vertex -116.024 -108.084 0
      vertex -114.896 -108.084 0
      vertex -114.915 -108.18 0
    endloop
  endfacet
  facet normal 0 0 -1
    outer loop
      vertex -114.896 -108.776 0
      vertex -116.005 -108.68 0
      vertex -114.915 -108.68 0
    endloop
  endfacet
  facet normal 0 0 -1
    outer loop
      vertex -114.915 -108.68 0
      vertex -116.005 -108.68 0
      vertex -114.915 -108.18 0
    endloop
  endfacet
  facet normal 0 0 -1
    outer loop
      vertex -116.005 -108.18 0
      vertex -114.915 -108.18 0
      vertex -116.005 -108.68 0
    endloop
  endfacet
  facet normal 0 0 -1
    outer loop
      vertex -116.024 -108.084 0
      vertex -114.915 -108.18 0
      vertex -116.005 -108.18 0
    endloop
  endfacet
  facet normal 0 0 -1
    outer loop
      vertex -114.896 -108.084 0
      vertex -116.024 -108.084 0
      vertex -116.078 -108.003 0
    endloop
  endfacet
  facet normal 0 0 -1
    outer loop
      vertex -114.842 -108.003 0
      vertex -116.078 -108.003 0
      vertex -116.159 -107.949 0
    endloop
  endfacet
  facet normal 0 0 -1
    outer loop
      vertex -114.761 -107.949 0
      vertex -116.159 -107.949 0
      vertex -116.255 -107.93 0
    endloop
  endfacet
  facet normal 0 0 -1
    outer loop
      vertex -113.256 -95.3457 0
      vertex -118.45 -95.2 0
      vertex -113.275 -95.25 0
    endloop
  endfacet
  facet normal 0 0 -1
    outer loop
      vertex -118.45 -95.2 0
      vertex -116.255 -107.93 0
      vertex -117.205 -107.93 0
    endloop
  endfacet
  facet normal 0 0 -1
    outer loop
      vertex -118.45 -95.2 0
      vertex -117.205 -107.93 0
      vertex -117.301 -107.949 0
    endloop
  endfacet
  facet normal 0 0 -1
    outer loop
      vertex -118.45 -95.2 0
      vertex -117.301 -107.949 0
      vertex -117.382 -108.003 0
    endloop
  endfacet
  facet normal 0 0 -1
    outer loop
      vertex -118.45 -95.2 0
      vertex -117.382 -108.003 0
      vertex -117.436 -108.084 0
    endloop
  endfacet
  facet normal -0 0 -1
    outer loop
      vertex -113.275 -92.25 0
      vertex -118.45 -95.2 0
      vertex -118.45 -92.2 0
    endloop
  endfacet
  facet normal 0 0 -1
    outer loop
      vertex -118.45 -95.2 0
      vertex -117.436 -108.084 0
      vertex -117.455 -108.18 0
    endloop
  endfacet
  facet normal 0 0 -1
    outer loop
      vertex -113.256 -90.3457 0
      vertex -118.45 -90.2 0
      vertex -113.275 -90.25 0
    endloop
  endfacet
  facet normal 0 0 -1
    outer loop
      vertex -113.275 -90.25 0
      vertex -118.45 -90.2 0
      vertex -113.275 -87.25 0
    endloop
  endfacet
  facet normal 0 0 -1
    outer loop
      vertex -118.45 -87.2 0
      vertex -113.275 -87.25 0
      vertex -118.45 -90.2 0
    endloop
  endfacet
  facet normal 0 0 -1
    outer loop
      vertex -113.275 -87.25 0
      vertex -118.45 -87.2 0
      vertex -113.256 -87.1543 0
    endloop
  endfacet
  facet normal 0 0 -1
    outer loop
      vertex -118.469 -87.1043 0
      vertex -113.256 -87.1543 0
      vertex -118.45 -87.2 0
    endloop
  endfacet
  facet normal 0 0 -1
    outer loop
      vertex -113.256 -87.1543 0
      vertex -118.469 -87.1043 0
      vertex -113.202 -87.0732 0
    endloop
  endfacet
  facet normal 0 0 -1
    outer loop
      vertex -118.523 -87.0232 0
      vertex -113.202 -87.0732 0
      vertex -118.469 -87.1043 0
    endloop
  endfacet
  facet normal 0 0 -1
    outer loop
      vertex -113.202 -87.0732 0
      vertex -118.523 -87.0232 0
      vertex -113.121 -87.019 0
    endloop
  endfacet
  facet normal 0 0 -1
    outer loop
      vertex -118.604 -86.969 0
      vertex -113.121 -87.019 0
      vertex -118.523 -87.0232 0
    endloop
  endfacet
  facet normal 0 0 -1
    outer loop
      vertex -113.025 -87 0
      vertex -118.604 -86.969 0
      vertex -118.7 -86.95 0
    endloop
  endfacet
  facet normal 0 0 -1
    outer loop
      vertex -113.025 -87 0
      vertex -118.7 -86.95 0
      vertex -94 -77.3434 0
    endloop
  endfacet
  facet normal 0 0 -1
    outer loop
      vertex -120 -86.95 0
      vertex -94 -77.3434 0
      vertex -118.7 -86.95 0
    endloop
  endfacet
  facet normal 0 0 -1
    outer loop
      vertex -125.7 -86.95 0
      vertex -120 -86.95 0
      vertex -120.096 -86.969 0
    endloop
  endfacet
  facet normal -0 0 -1
    outer loop
      vertex -119.995 -108.18 0
      vertex -121.085 -108.68 0
      vertex -121.085 -108.18 0
    endloop
  endfacet
  facet normal 0 0 -1
    outer loop
      vertex -119.995 -108.18 0
      vertex -121.085 -108.18 0
      vertex -121.104 -108.084 0
    endloop
  endfacet
  facet normal -0 0 -1
    outer loop
      vertex -120 -95.45 0
      vertex -121.335 -107.93 0
      vertex -120.096 -95.431 0
    endloop
  endfacet
  facet normal 0 0 -1
    outer loop
      vertex -122.285 -107.93 0
      vertex -120.096 -95.431 0
      vertex -121.335 -107.93 0
    endloop
  endfacet
  facet normal 0 0 -1
    outer loop
      vertex -125.45 -95.2 0
      vertex -120.096 -95.431 0
      vertex -122.285 -107.93 0
    endloop
  endfacet
  facet normal 0 0 -1
    outer loop
      vertex -120.096 -95.431 0
      vertex -125.45 -95.2 0
      vertex -120.177 -95.3768 0
    endloop
  endfacet
  facet normal 0 0 -1
    outer loop
      vertex -120.177 -95.3768 0
      vertex -125.45 -95.2 0
      vertex -120.231 -95.2957 0
    endloop
  endfacet
  facet normal 0 0 -1
    outer loop
      vertex -120.231 -95.2957 0
      vertex -125.45 -95.2 0
      vertex -120.25 -95.2 0
    endloop
  endfacet
  facet normal 0 0 -1
    outer loop
      vertex -123.875 -107.93 0
      vertex -122.285 -107.93 0
      vertex -122.381 -107.949 0
    endloop
  endfacet
  facet normal 0 0 -1
    outer loop
      vertex -123.779 -107.949 0
      vertex -122.381 -107.949 0
      vertex -122.462 -108.003 0
    endloop
  endfacet
  facet normal 0 0 -1
    outer loop
      vertex -123.698 -108.003 0
      vertex -122.462 -108.003 0
      vertex -122.516 -108.084 0
    endloop
  endfacet
  facet normal 0 0 -1
    outer loop
      vertex -123.644 -108.084 0
      vertex -122.516 -108.084 0
      vertex -122.535 -108.18 0
    endloop
  endfacet
  facet normal 0 0 -1
    outer loop
      vertex -122.516 -108.776 0
      vertex -123.625 -108.68 0
      vertex -122.535 -108.68 0
    endloop
  endfacet
  facet normal 0 0 -1
    outer loop
      vertex -122.535 -108.68 0
      vertex -123.625 -108.68 0
      vertex -122.535 -108.18 0
    endloop
  endfacet
  facet normal 0 0 -1
    outer loop
      vertex -123.625 -108.18 0
      vertex -122.535 -108.18 0
      vertex -123.625 -108.68 0
    endloop
  endfacet
  facet normal 0 0 -1
    outer loop
      vertex -123.644 -108.084 0
      vertex -122.535 -108.18 0
      vertex -123.625 -108.18 0
    endloop
  endfacet
  facet normal 0 0 -1
    outer loop
      vertex -122.516 -108.084 0
      vertex -123.644 -108.084 0
      vertex -123.698 -108.003 0
    endloop
  endfacet
  facet normal 0 0 -1
    outer loop
      vertex -122.462 -108.003 0
      vertex -123.698 -108.003 0
      vertex -123.779 -107.949 0
    endloop
  endfacet
  facet normal 0 0 -1
    outer loop
      vertex -122.381 -107.949 0
      vertex -123.779 -107.949 0
      vertex -123.875 -107.93 0
    endloop
  endfacet
  facet normal 0 0 -1
    outer loop
      vertex -122.285 -107.93 0
      vertex -123.875 -107.93 0
      vertex -125.45 -95.2 0
    endloop
  endfacet
  facet normal 0 0 -1
    outer loop
      vertex -125.45 -95.2 0
      vertex -123.875 -107.93 0
      vertex -124.825 -107.93 0
    endloop
  endfacet
  facet normal 0 0 -1
    outer loop
      vertex -125.45 -92.2 0
      vertex -120.25 -95.2 0
      vertex -125.45 -95.2 0
    endloop
  endfacet
  facet normal 0 0 -1
    outer loop
      vertex -125.45 -95.2 0
      vertex -124.825 -107.93 0
      vertex -124.921 -107.949 0
    endloop
  endfacet
  facet normal 0 0 -1
    outer loop
      vertex -125.45 -95.2 0
      vertex -124.921 -107.949 0
      vertex -125.002 -108.003 0
    endloop
  endfacet
  facet normal 0 0 -1
    outer loop
      vertex -125.45 -95.2 0
      vertex -125.002 -108.003 0
      vertex -125.056 -108.084 0
    endloop
  endfacet
  facet normal 0 0 -1
    outer loop
      vertex -125.45 -95.2 0
      vertex -125.056 -108.084 0
      vertex -125.075 -108.18 0
    endloop
  endfacet
  facet normal 0 0 -1
    outer loop
      vertex -120.231 -90.2957 0
      vertex -125.45 -90.2 0
      vertex -120.25 -90.2 0
    endloop
  endfacet
  facet normal 0 0 -1
    outer loop
      vertex -120.25 -90.2 0
      vertex -125.45 -90.2 0
      vertex -120.25 -87.2 0
    endloop
  endfacet
  facet normal 0 0 -1
    outer loop
      vertex -125.45 -87.2 0
      vertex -120.25 -87.2 0
      vertex -125.45 -90.2 0
    endloop
  endfacet
  facet normal 0 0 -1
    outer loop
      vertex -120.25 -87.2 0
      vertex -125.45 -87.2 0
      vertex -120.231 -87.1043 0
    endloop
  endfacet
  facet normal 0 0 -1
    outer loop
      vertex -125.469 -87.1043 0
      vertex -120.231 -87.1043 0
      vertex -125.45 -87.2 0
    endloop
  endfacet
  facet normal 0 0 -1
    outer loop
      vertex -120.231 -87.1043 0
      vertex -125.469 -87.1043 0
      vertex -120.177 -87.0232 0
    endloop
  endfacet
  facet normal 0 0 -1
    outer loop
      vertex -125.523 -87.0232 0
      vertex -120.177 -87.0232 0
      vertex -125.469 -87.1043 0
    endloop
  endfacet
  facet normal 0 0 -1
    outer loop
      vertex -120.177 -87.0232 0
      vertex -125.523 -87.0232 0
      vertex -120.096 -86.969 0
    endloop
  endfacet
  facet normal 0 0 -1
    outer loop
      vertex -125.604 -86.969 0
      vertex -120.096 -86.969 0
      vertex -125.523 -87.0232 0
    endloop
  endfacet
  facet normal 0 0 -1
    outer loop
      vertex -125.7 -86.95 0
      vertex -120.096 -86.969 0
      vertex -125.604 -86.969 0
    endloop
  endfacet
  facet normal 0 0 -1
    outer loop
      vertex -120 -86.95 0
      vertex -125.7 -86.95 0
      vertex -94 -77.3434 0
    endloop
  endfacet
  facet normal 0 0 -1
    outer loop
      vertex -156.759 -77.3434 0
      vertex -125.7 -86.95 0
      vertex -127 -86.95 0
    endloop
  endfacet
  facet normal 0 0 -1
    outer loop
      vertex -132.7 -86.95 0
      vertex -127 -86.95 0
      vertex -127.096 -86.969 0
    endloop
  endfacet
  facet normal 0 0 -1
    outer loop
      vertex -127.096 -95.431 0
      vertex -132.45 -95.2 0
      vertex -127.177 -95.3768 0
    endloop
  endfacet
  facet normal 0 0 -1
    outer loop
      vertex -128.859 -107.949 0
      vertex -127.461 -107.949 0
      vertex -127.542 -108.003 0
    endloop
  endfacet
  facet normal 0 0 -1
    outer loop
      vertex -128.778 -108.003 0
      vertex -127.542 -108.003 0
      vertex -127.596 -108.084 0
    endloop
  endfacet
  facet normal 0 0 -1
    outer loop
      vertex -128.724 -108.084 0
      vertex -127.596 -108.084 0
      vertex -127.615 -108.18 0
    endloop
  endfacet
  facet normal 0 0 -1
    outer loop
      vertex -127.596 -108.776 0
      vertex -128.705 -108.68 0
      vertex -127.615 -108.68 0
    endloop
  endfacet
  facet normal 0 0 -1
    outer loop
      vertex -127.615 -108.68 0
      vertex -128.705 -108.68 0
      vertex -127.615 -108.18 0
    endloop
  endfacet
  facet normal 0 0 -1
    outer loop
      vertex -128.705 -108.18 0
      vertex -127.615 -108.18 0
      vertex -128.705 -108.68 0
    endloop
  endfacet
  facet normal 0 0 -1
    outer loop
      vertex -128.724 -108.084 0
      vertex -127.615 -108.18 0
      vertex -128.705 -108.18 0
    endloop
  endfacet
  facet normal 0 0 -1
    outer loop
      vertex -127.596 -108.084 0
      vertex -128.724 -108.084 0
      vertex -128.778 -108.003 0
    endloop
  endfacet
  facet normal 0 0 -1
    outer loop
      vertex -127.542 -108.003 0
      vertex -128.778 -108.003 0
      vertex -128.859 -107.949 0
    endloop
  endfacet
  facet normal 0 0 -1
    outer loop
      vertex -127.461 -107.949 0
      vertex -128.859 -107.949 0
      vertex -128.955 -107.93 0
    endloop
  endfacet
  facet normal 0 0 -1
    outer loop
      vertex -127.177 -95.3768 0
      vertex -132.45 -95.2 0
      vertex -127.231 -95.2957 0
    endloop
  endfacet
  facet normal 0 0 -1
    outer loop
      vertex -127.231 -95.2957 0
      vertex -132.45 -95.2 0
      vertex -127.25 -95.2 0
    endloop
  endfacet
  facet normal 0 0 -1
    outer loop
      vertex -132.45 -95.2 0
      vertex -129.905 -107.93 0
      vertex -130.001 -107.949 0
    endloop
  endfacet
  facet normal 0 0 -1
    outer loop
      vertex -132.45 -95.2 0
      vertex -130.001 -107.949 0
      vertex -130.082 -108.003 0
    endloop
  endfacet
  facet normal 0 0 -1
    outer loop
      vertex -132.45 -95.2 0
      vertex -130.082 -108.003 0
      vertex -130.136 -108.084 0
    endloop
  endfacet
  facet normal 0 0 -1
    outer loop
      vertex -132.45 -95.2 0
      vertex -130.136 -108.084 0
      vertex -130.155 -108.18 0
    endloop
  endfacet
  facet normal 0 0 -1
    outer loop
      vertex -132.45 -92.2 0
      vertex -127.25 -95.2 0
      vertex -132.45 -95.2 0
    endloop
  endfacet
  facet normal 0 0 -1
    outer loop
      vertex -132.469 -92.1043 0
      vertex -127.25 -95.2 0
      vertex -132.45 -92.2 0
    endloop
  endfacet
  facet normal 0 0 -1
    outer loop
      vertex -127.231 -90.2957 0
      vertex -132.45 -90.2 0
      vertex -127.25 -90.2 0
    endloop
  endfacet
  facet normal 0 0 -1
    outer loop
      vertex -132.45 -87.2 0
      vertex -127.25 -87.2 0
      vertex -132.45 -90.2 0
    endloop
  endfacet
  facet normal 0 0 -1
    outer loop
      vertex -127.25 -87.2 0
      vertex -132.45 -87.2 0
      vertex -127.231 -87.1043 0
    endloop
  endfacet
  facet normal 0 0 -1
    outer loop
      vertex -132.469 -87.1043 0
      vertex -127.231 -87.1043 0
      vertex -132.45 -87.2 0
    endloop
  endfacet
  facet normal 0 0 -1
    outer loop
      vertex -127.231 -87.1043 0
      vertex -132.469 -87.1043 0
      vertex -127.177 -87.0232 0
    endloop
  endfacet
  facet normal 0 0 -1
    outer loop
      vertex -132.523 -87.0232 0
      vertex -127.177 -87.0232 0
      vertex -132.469 -87.1043 0
    endloop
  endfacet
  facet normal 0 0 -1
    outer loop
      vertex -127.177 -87.0232 0
      vertex -132.523 -87.0232 0
      vertex -127.096 -86.969 0
    endloop
  endfacet
  facet normal 0 0 -1
    outer loop
      vertex -132.604 -86.969 0
      vertex -127.096 -86.969 0
      vertex -132.523 -87.0232 0
    endloop
  endfacet
  facet normal 0 0 -1
    outer loop
      vertex -132.7 -86.95 0
      vertex -127.096 -86.969 0
      vertex -132.604 -86.969 0
    endloop
  endfacet
  facet normal 0 0 -1
    outer loop
      vertex -127 -86.95 0
      vertex -132.7 -86.95 0
      vertex -156.759 -77.3434 0
    endloop
  endfacet
  facet normal 0 0 -1
    outer loop
      vertex -156.759 -77.3434 0
      vertex -132.7 -86.95 0
      vertex -134 -86.95 0
    endloop
  endfacet
  facet normal 0 0 -1
    outer loop
      vertex -139.7 -86.95 0
      vertex -134 -86.95 0
      vertex -134.096 -86.969 0
    endloop
  endfacet
  facet normal 0 0 -1
    outer loop
      vertex -134.231 -90.2957 0
      vertex -139.45 -90.2 0
      vertex -134.25 -90.2 0
    endloop
  endfacet
  facet normal 0 0 -1
    outer loop
      vertex -134.25 -90.2 0
      vertex -139.45 -90.2 0
      vertex -134.25 -87.2 0
    endloop
  endfacet
  facet normal 0 0 -1
    outer loop
      vertex -139.45 -87.2 0
      vertex -134.25 -87.2 0
      vertex -139.45 -90.2 0
    endloop
  endfacet
  facet normal 0 0 -1
    outer loop
      vertex -134.25 -87.2 0
      vertex -139.45 -87.2 0
      vertex -134.231 -87.1043 0
    endloop
  endfacet
  facet normal 0 0 -1
    outer loop
      vertex -139.469 -87.1043 0
      vertex -134.231 -87.1043 0
      vertex -139.45 -87.2 0
    endloop
  endfacet
  facet normal 0 0 -1
    outer loop
      vertex -134.231 -87.1043 0
      vertex -139.469 -87.1043 0
      vertex -134.177 -87.0232 0
    endloop
  endfacet
  facet normal 0 0 -1
    outer loop
      vertex -139.523 -87.0232 0
      vertex -134.177 -87.0232 0
      vertex -139.469 -87.1043 0
    endloop
  endfacet
  facet normal 0 0 -1
    outer loop
      vertex -134.177 -87.0232 0
      vertex -139.523 -87.0232 0
      vertex -134.096 -86.969 0
    endloop
  endfacet
  facet normal 0 0 -1
    outer loop
      vertex -139.604 -86.969 0
      vertex -134.096 -86.969 0
      vertex -139.523 -87.0232 0
    endloop
  endfacet
  facet normal 0 0 -1
    outer loop
      vertex -139.7 -86.95 0
      vertex -134.096 -86.969 0
      vertex -139.604 -86.969 0
    endloop
  endfacet
  facet normal 0 0 -1
    outer loop
      vertex -134 -86.95 0
      vertex -139.7 -86.95 0
      vertex -156.759 -77.3434 0
    endloop
  endfacet
  facet normal 0 0 -1
    outer loop
      vertex -156.759 -77.3434 0
      vertex -139.7 -86.95 0
      vertex -141 -86.95 0
    endloop
  endfacet
  facet normal 0 0 -1
    outer loop
      vertex -156.759 -77.3434 0
      vertex -141 -86.95 0
      vertex -141.096 -86.969 0
    endloop
  endfacet
  facet normal 0 0 -1
    outer loop
      vertex -141.231 -90.2957 0
      vertex -146.45 -90.2 0
      vertex -141.25 -90.2 0
    endloop
  endfacet
  facet normal 0 0 -1
    outer loop
      vertex -141.25 -90.2 0
      vertex -146.45 -90.2 0
      vertex -141.25 -87.2 0
    endloop
  endfacet
  facet normal 0 0 -1
    outer loop
      vertex -146.45 -87.2 0
      vertex -141.25 -87.2 0
      vertex -146.45 -90.2 0
    endloop
  endfacet
  facet normal 0 0 -1
    outer loop
      vertex -141.25 -87.2 0
      vertex -146.45 -87.2 0
      vertex -141.231 -87.1043 0
    endloop
  endfacet
  facet normal 0 0 -1
    outer loop
      vertex -146.469 -87.1043 0
      vertex -141.231 -87.1043 0
      vertex -146.45 -87.2 0
    endloop
  endfacet
  facet normal 0 0 -1
    outer loop
      vertex -141.231 -87.1043 0
      vertex -146.469 -87.1043 0
      vertex -141.177 -87.0232 0
    endloop
  endfacet
  facet normal 0 0 -1
    outer loop
      vertex -146.523 -87.0232 0
      vertex -141.177 -87.0232 0
      vertex -146.469 -87.1043 0
    endloop
  endfacet
  facet normal 0 0 -1
    outer loop
      vertex -141.177 -87.0232 0
      vertex -146.523 -87.0232 0
      vertex -141.096 -86.969 0
    endloop
  endfacet
  facet normal 0 0 -1
    outer loop
      vertex -146.604 -86.969 0
      vertex -141.096 -86.969 0
      vertex -146.523 -87.0232 0
    endloop
  endfacet
  facet normal 0 0 -1
    outer loop
      vertex -156.759 -77.3434 0
      vertex -141.096 -86.969 0
      vertex -146.604 -86.969 0
    endloop
  endfacet
  facet normal 0 0 -1
    outer loop
      vertex -156.759 -77.3434 0
      vertex -146.604 -86.969 0
      vertex -146.7 -86.95 0
    endloop
  endfacet
  facet normal 0 0 -1
    outer loop
      vertex -156.759 -77.3434 0
      vertex -146.7 -86.95 0
      vertex -148 -86.95 0
    endloop
  endfacet
  facet normal 0 0 -1
    outer loop
      vertex -148.231 -90.2957 0
      vertex -153.475 -90.2 0
      vertex -148.25 -90.2 0
    endloop
  endfacet
  facet normal 0 0 -1
    outer loop
      vertex -148.25 -90.2 0
      vertex -153.475 -90.2 0
      vertex -148.25 -87.2 0
    endloop
  endfacet
  facet normal 0 0 -1
    outer loop
      vertex -153.475 -87.2 0
      vertex -148.25 -87.2 0
      vertex -153.475 -90.2 0
    endloop
  endfacet
  facet normal 0 0 -1
    outer loop
      vertex -148.25 -87.2 0
      vertex -153.475 -87.2 0
      vertex -148.231 -87.1043 0
    endloop
  endfacet
  facet normal 0 0 -1
    outer loop
      vertex -153.494 -87.1043 0
      vertex -148.231 -87.1043 0
      vertex -153.475 -87.2 0
    endloop
  endfacet
  facet normal 0 0 -1
    outer loop
      vertex -148.231 -87.1043 0
      vertex -153.494 -87.1043 0
      vertex -148.177 -87.0232 0
    endloop
  endfacet
  facet normal 0 0 -1
    outer loop
      vertex -153.548 -87.0232 0
      vertex -148.177 -87.0232 0
      vertex -153.494 -87.1043 0
    endloop
  endfacet
  facet normal 0 0 -1
    outer loop
      vertex -148.177 -87.0232 0
      vertex -153.548 -87.0232 0
      vertex -148.096 -86.969 0
    endloop
  endfacet
  facet normal 0 0 -1
    outer loop
      vertex -153.629 -86.969 0
      vertex -148.096 -86.969 0
      vertex -153.548 -87.0232 0
    endloop
  endfacet
  facet normal 0 0 -1
    outer loop
      vertex -156.759 -77.3434 0
      vertex -148.096 -86.969 0
      vertex -153.629 -86.969 0
    endloop
  endfacet
  facet normal 0 0 -1
    outer loop
      vertex -148.096 -86.969 0
      vertex -156.759 -77.3434 0
      vertex -148 -86.95 0
    endloop
  endfacet
  facet normal 0 0 -1
    outer loop
      vertex -156.759 -77.3434 0
      vertex -153.629 -86.969 0
      vertex -153.725 -86.95 0
    endloop
  endfacet
  facet normal 0 0 -1
    outer loop
      vertex -156.759 -77.3434 0
      vertex -153.725 -86.95 0
      vertex -155.025 -86.95 0
    endloop
  endfacet
  facet normal 0 0 -1
    outer loop
      vertex -125.7 -86.95 0
      vertex -156.759 -77.3434 0
      vertex -94 -77.3434 0
    endloop
  endfacet
  facet normal 0 0 -1
    outer loop
      vertex -155.121 -86.969 0
      vertex -156.759 -77.3434 0
      vertex -155.025 -86.95 0
    endloop
  endfacet
  facet normal 0 0 -1
    outer loop
      vertex -155.202 -87.0232 0
      vertex -156.759 -77.3434 0
      vertex -155.121 -86.969 0
    endloop
  endfacet
  facet normal 0 0 -1
    outer loop
      vertex -155.256 -87.1043 0
      vertex -156.759 -77.3434 0
      vertex -155.202 -87.0232 0
    endloop
  endfacet
  facet normal 0 0 -1
    outer loop
      vertex -156.759 -77.3434 0
      vertex -155.256 -87.1043 0
      vertex -155.275 -87.2 0
    endloop
  endfacet
  facet normal 0 0 -1
    outer loop
      vertex -117.436 -108.776 0
      vertex -118.545 -108.68 0
      vertex -117.455 -108.68 0
    endloop
  endfacet
  facet normal -0 0 -1
    outer loop
      vertex -117.455 -108.18 0
      vertex -118.545 -108.68 0
      vertex -118.545 -108.18 0
    endloop
  endfacet
  facet normal 0 0 -1
    outer loop
      vertex -117.455 -108.18 0
      vertex -118.545 -108.18 0
      vertex -118.564 -108.084 0
    endloop
  endfacet
  facet normal 0 0 -1
    outer loop
      vertex -117.455 -108.18 0
      vertex -118.523 -95.3768 0
      vertex -118.469 -95.2957 0
    endloop
  endfacet
  facet normal 0 0 -1
    outer loop
      vertex -118.699 -107.949 0
      vertex -117.455 -108.18 0
      vertex -118.618 -108.003 0
    endloop
  endfacet
  facet normal 0 0 -1
    outer loop
      vertex -117.455 -108.18 0
      vertex -118.604 -95.431 0
      vertex -118.523 -95.3768 0
    endloop
  endfacet
  facet normal 0 0 -1
    outer loop
      vertex -117.455 -108.18 0
      vertex -118.699 -107.949 0
      vertex -118.604 -95.431 0
    endloop
  endfacet
  facet normal 0 0 -1
    outer loop
      vertex -118.699 -107.949 0
      vertex -118.7 -95.45 0
      vertex -118.604 -95.431 0
    endloop
  endfacet
  facet normal 0 0 -1
    outer loop
      vertex -118.795 -107.93 0
      vertex -118.7 -95.45 0
      vertex -118.699 -107.949 0
    endloop
  endfacet
  facet normal 0 0 -1
    outer loop
      vertex -119.745 -107.93 0
      vertex -118.7 -95.45 0
      vertex -118.795 -107.93 0
    endloop
  endfacet
  facet normal 0 0 -1
    outer loop
      vertex -120 -95.45 0
      vertex -119.745 -107.93 0
      vertex -119.841 -107.949 0
    endloop
  endfacet
  facet normal 0 0 -1
    outer loop
      vertex -120 -95.45 0
      vertex -119.841 -107.949 0
      vertex -119.922 -108.003 0
    endloop
  endfacet
  facet normal 0 0 -1
    outer loop
      vertex -120 -95.45 0
      vertex -119.922 -108.003 0
      vertex -119.976 -108.084 0
    endloop
  endfacet
  facet normal 0 0 -1
    outer loop
      vertex -120 -95.45 0
      vertex -119.976 -108.084 0
      vertex -119.995 -108.18 0
    endloop
  endfacet
  facet normal 0 0 -1
    outer loop
      vertex -119.745 -107.93 0
      vertex -120 -95.45 0
      vertex -118.7 -95.45 0
    endloop
  endfacet
  facet normal 0 0 -1
    outer loop
      vertex -125.056 -108.776 0
      vertex -126.165 -108.68 0
      vertex -125.075 -108.68 0
    endloop
  endfacet
  facet normal -0 0 -1
    outer loop
      vertex -125.075 -108.18 0
      vertex -126.165 -108.68 0
      vertex -126.165 -108.18 0
    endloop
  endfacet
  facet normal 0 0 -1
    outer loop
      vertex -125.075 -108.18 0
      vertex -126.165 -108.18 0
      vertex -126.184 -108.084 0
    endloop
  endfacet
  facet normal 0 0 -1
    outer loop
      vertex -125.075 -108.18 0
      vertex -125.604 -95.431 0
      vertex -125.523 -95.3768 0
    endloop
  endfacet
  facet normal 0 -0 -1
    outer loop
      vertex -125.7 -95.45 0
      vertex -125.075 -108.18 0
      vertex -126.319 -107.949 0
    endloop
  endfacet
  facet normal 0 0 -1
    outer loop
      vertex -125.075 -108.18 0
      vertex -125.7 -95.45 0
      vertex -125.604 -95.431 0
    endloop
  endfacet
  facet normal 0 0 -1
    outer loop
      vertex -126.415 -107.93 0
      vertex -125.7 -95.45 0
      vertex -126.319 -107.949 0
    endloop
  endfacet
  facet normal 0 0 -1
    outer loop
      vertex -126.415 -107.93 0
      vertex -127 -95.45 0
      vertex -125.7 -95.45 0
    endloop
  endfacet
  facet normal 0 0 -1
    outer loop
      vertex -127.365 -107.93 0
      vertex -127 -95.45 0
      vertex -126.415 -107.93 0
    endloop
  endfacet
  facet normal 0 0 -1
    outer loop
      vertex -128.955 -107.93 0
      vertex -127 -95.45 0
      vertex -127.365 -107.93 0
    endloop
  endfacet
  facet normal 0 0 -1
    outer loop
      vertex -128.955 -107.93 0
      vertex -127.365 -107.93 0
      vertex -127.461 -107.949 0
    endloop
  endfacet
  facet normal -0 0 -1
    outer loop
      vertex -127 -95.45 0
      vertex -128.955 -107.93 0
      vertex -127.096 -95.431 0
    endloop
  endfacet
  facet normal 0 0 -1
    outer loop
      vertex -132.469 -92.1043 0
      vertex -127.25 -92.2 0
      vertex -127.25 -95.2 0
    endloop
  endfacet
  facet normal 0 0 -1
    outer loop
      vertex -132.469 -90.2957 0
      vertex -127.231 -90.2957 0
      vertex -132.469 -92.1043 0
    endloop
  endfacet
  facet normal 0 0 -1
    outer loop
      vertex -132.45 -95.2 0
      vertex -127.096 -95.431 0
      vertex -129.905 -107.93 0
    endloop
  endfacet
  facet normal 0 0 -1
    outer loop
      vertex -129.905 -107.93 0
      vertex -127.096 -95.431 0
      vertex -128.955 -107.93 0
    endloop
  endfacet
  facet normal 0.62368 -0.781679 0
    outer loop
      vertex -90.9221 -144.13 -1
      vertex -90.6589 -143.92 0.2
      vertex -90.9221 -144.13 0.2
    endloop
  endfacet
  facet normal 0.62368 -0.781679 0
    outer loop
      vertex -90.6589 -143.92 0.2
      vertex -90.9221 -144.13 -1
      vertex -90.6589 -143.92 -1
    endloop
  endfacet
  facet normal -0.992441 -0.122721 0
    outer loop
      vertex -170.584 -135.648 -1
      vertex -170.63 -135.276 0.2
      vertex -170.63 -135.276 -1
    endloop
  endfacet
  facet normal -0.992441 -0.122721 0
    outer loop
      vertex -170.63 -135.276 0.2
      vertex -170.584 -135.648 -1
      vertex -170.584 -135.648 0.2
    endloop
  endfacet
  facet normal -0.846828 0.531867 0
    outer loop
      vertex -169.949 -86.6468 -1
      vertex -169.77 -86.3618 0.2
      vertex -169.77 -86.3618 -1
    endloop
  endfacet
  facet normal -0.846828 0.531867 0
    outer loop
      vertex -169.77 -86.3618 0.2
      vertex -169.949 -86.6468 -1
      vertex -169.949 -86.6468 0.2
    endloop
  endfacet
  facet normal 0.943886 0.330271 0
    outer loop
      vertex -89.0855 -78.9523 0.2
      vertex -89.1967 -78.6345 -1
      vertex -89.1967 -78.6345 0.2
    endloop
  endfacet
  facet normal 0.943886 0.330271 0
    outer loop
      vertex -89.1967 -78.6345 -1
      vertex -89.0855 -78.9523 0.2
      vertex -89.0855 -78.9523 -1
    endloop
  endfacet
  facet normal 0.98585 0.167628 0
    outer loop
      vertex -88.9035 -79.7497 0.2
      vertex -88.9439 -79.5121 -1
      vertex -88.9439 -79.5121 0.2
    endloop
  endfacet
  facet normal 0.98585 0.167628 0
    outer loop
      vertex -88.9439 -79.5121 -1
      vertex -88.9035 -79.7497 0.2
      vertex -88.9035 -79.7497 -1
    endloop
  endfacet
  facet normal -0.997349 -0.0727679 0
    outer loop
      vertex -170.63 -135.276 -1
      vertex -170.647 -135.043 0.2
      vertex -170.647 -135.043 -1
    endloop
  endfacet
  facet normal -0.997349 -0.0727679 0
    outer loop
      vertex -170.647 -135.043 0.2
      vertex -170.63 -135.276 -1
      vertex -170.63 -135.276 0.2
    endloop
  endfacet
  facet normal -0.781679 0.62368 0
    outer loop
      vertex -169.631 -86.1655 -1
      vertex -169.421 -85.9023 0.2
      vertex -169.421 -85.9023 -1
    endloop
  endfacet
  facet normal -0.781679 0.62368 0
    outer loop
      vertex -169.421 -85.9023 0.2
      vertex -169.631 -86.1655 -1
      vertex -169.631 -86.1655 0.2
    endloop
  endfacet
  facet normal 0.746173 -0.665752 0
    outer loop
      vertex -90.241 -143.521 0.2
      vertex -90.0804 -143.341 -1
      vertex -90.0804 -143.341 0.2
    endloop
  endfacet
  facet normal 0.746173 -0.665752 0
    outer loop
      vertex -90.0804 -143.341 -1
      vertex -90.241 -143.521 0.2
      vertex -90.241 -143.521 -1
    endloop
  endfacet
  facet normal 0.112843 -0.993613 0
    outer loop
      vertex -93.591 -145.134 -1
      vertex -93.2564 -145.096 0.2
      vertex -93.591 -145.134 0.2
    endloop
  endfacet
  facet normal 0.112843 -0.993613 0
    outer loop
      vertex -93.2564 -145.096 0.2
      vertex -93.591 -145.134 -1
      vertex -93.2564 -145.096 -1
    endloop
  endfacet
  facet normal 0.485819 -0.874059 0
    outer loop
      vertex -91.6146 -144.565 -1
      vertex -91.4041 -144.448 0.2
      vertex -91.6146 -144.565 0.2
    endloop
  endfacet
  facet normal 0.485819 -0.874059 0
    outer loop
      vertex -91.4041 -144.448 0.2
      vertex -91.6146 -144.565 -1
      vertex -91.4041 -144.448 -1
    endloop
  endfacet
  facet normal 0.166014 -0.986123 0
    outer loop
      vertex -93.2564 -145.096 -1
      vertex -93.0188 -145.056 0.2
      vertex -93.2564 -145.096 0.2
    endloop
  endfacet
  facet normal 0.166014 -0.986123 0
    outer loop
      vertex -93.0188 -145.056 0.2
      vertex -93.2564 -145.096 -1
      vertex -93.0188 -145.056 -1
    endloop
  endfacet
  facet normal -0.968548 -0.248826 0
    outer loop
      vertex -170.441 -136.274 -1
      vertex -170.534 -135.912 0.2
      vertex -170.534 -135.912 -1
    endloop
  endfacet
  facet normal -0.968548 -0.248826 0
    outer loop
      vertex -170.534 -135.912 0.2
      vertex -170.441 -136.274 -1
      vertex -170.441 -136.274 0.2
    endloop
  endfacet
  facet normal 0.781593 -0.623789 0
    outer loop
      vertex -90.0804 -143.341 0.2
      vertex -89.8705 -143.078 -1
      vertex -89.8705 -143.078 0.2
    endloop
  endfacet
  facet normal 0.781593 -0.623789 0
    outer loop
      vertex -89.8705 -143.078 -1
      vertex -90.0804 -143.341 0.2
      vertex -90.0804 -143.341 -1
    endloop
  endfacet
  facet normal 0.277676 -0.960675 0
    outer loop
      vertex -92.6905 -144.981 -1
      vertex -92.4587 -144.914 0.2
      vertex -92.6905 -144.981 0.2
    endloop
  endfacet
  facet normal 0.277676 -0.960675 0
    outer loop
      vertex -92.4587 -144.914 0.2
      vertex -92.6905 -144.981 -1
      vertex -92.4587 -144.914 -1
    endloop
  endfacet
  facet normal 0 0 -1
    outer loop
      vertex -90.85 -80.4913 -1
      vertex -88.85 -80.4934 -1
      vertex -88.85 -140 -1
    endloop
  endfacet
  facet normal 0 0 -1
    outer loop
      vertex -90.85 -140 -1
      vertex -88.85 -140 -1
      vertex -88.8502 -140.031 -1
    endloop
  endfacet
  facet normal 0 0 -1
    outer loop
      vertex -88.85 -80.4934 -1
      vertex -90.85 -80.4913 -1
      vertex -88.8502 -80.4642 -1
    endloop
  endfacet
  facet normal 0 0 -1
    outer loop
      vertex -90.85 -140 -1
      vertex -88.8502 -140.031 -1
      vertex -88.8526 -140.199 -1
    endloop
  endfacet
  facet normal -0 0 -1
    outer loop
      vertex -88.8502 -80.4642 -1
      vertex -90.85 -80.4913 -1
      vertex -88.8525 -80.2959 -1
    endloop
  endfacet
  facet normal 0 0 -1
    outer loop
      vertex -90.8524 -140.17 -1
      vertex -88.8526 -140.199 -1
      vertex -88.8659 -140.409 -1
    endloop
  endfacet
  facet normal 0 0 -1
    outer loop
      vertex -90.8523 -80.323 -1
      vertex -88.8525 -80.2959 -1
      vertex -90.85 -80.4913 -1
    endloop
  endfacet
  facet normal 0 0 -1
    outer loop
      vertex -90.8533 -140.185 -1
      vertex -88.8659 -140.409 -1
      vertex -88.9036 -140.744 -1
    endloop
  endfacet
  facet normal -0 0 -1
    outer loop
      vertex -88.8525 -80.2959 -1
      vertex -90.8523 -80.323 -1
      vertex -88.8658 -80.0843 -1
    endloop
  endfacet
  facet normal 0 0 -1
    outer loop
      vertex -90.891 -140.52 -1
      vertex -88.9036 -140.744 -1
      vertex -88.944 -140.981 -1
    endloop
  endfacet
  facet normal 0 0 -1
    outer loop
      vertex -90.8532 -80.3083 -1
      vertex -88.8658 -80.0843 -1
      vertex -90.8523 -80.323 -1
    endloop
  endfacet
  facet normal 0 0 -1
    outer loop
      vertex -90.8938 -140.536 -1
      vertex -88.944 -140.981 -1
      vertex -89.0189 -141.309 -1
    endloop
  endfacet
  facet normal -0 0 -1
    outer loop
      vertex -88.8658 -80.0843 -1
      vertex -90.8532 -80.3083 -1
      vertex -88.9035 -79.7497 -1
    endloop
  endfacet
  facet normal 0 0 -1
    outer loop
      vertex -90.9688 -140.865 -1
      vertex -89.0189 -141.309 -1
      vertex -89.0856 -141.541 -1
    endloop
  endfacet
  facet normal 0 0 -1
    outer loop
      vertex -90.8909 -79.9737 -1
      vertex -88.9035 -79.7497 -1
      vertex -90.8532 -80.3083 -1
    endloop
  endfacet
  facet normal 0 0 -1
    outer loop
      vertex -90.9734 -140.881 -1
      vertex -89.0856 -141.541 -1
      vertex -89.1969 -141.859 -1
    endloop
  endfacet
  facet normal -0 0 -1
    outer loop
      vertex -88.9035 -79.7497 -1
      vertex -90.8909 -79.9737 -1
      vertex -88.9439 -79.5121 -1
    endloop
  endfacet
  facet normal 0 0 -1
    outer loop
      vertex -91.0846 -141.199 -1
      vertex -89.1969 -141.859 -1
      vertex -89.2892 -142.082 -1
    endloop
  endfacet
  facet normal 0 0 -1
    outer loop
      vertex -90.8938 -79.9571 -1
      vertex -88.9439 -79.5121 -1
      vertex -90.8909 -79.9737 -1
    endloop
  endfacet
  facet normal 0 0 -1
    outer loop
      vertex -91.0911 -141.214 -1
      vertex -89.2892 -142.082 -1
      vertex -89.4353 -142.385 -1
    endloop
  endfacet
  facet normal -0 0 -1
    outer loop
      vertex -88.9439 -79.5121 -1
      vertex -90.8938 -79.9571 -1
      vertex -89.0188 -79.1839 -1
    endloop
  endfacet
  facet normal 0 0 -1
    outer loop
      vertex -91.2372 -141.517 -1
      vertex -89.4353 -142.385 -1
      vertex -89.5517 -142.596 -1
    endloop
  endfacet
  facet normal 0 0 -1
    outer loop
      vertex -90.9687 -79.6289 -1
      vertex -89.0188 -79.1839 -1
      vertex -90.8938 -79.9571 -1
    endloop
  endfacet
  facet normal 0 0 -1
    outer loop
      vertex -91.2453 -141.532 -1
      vertex -89.5517 -142.596 -1
      vertex -89.7308 -142.881 -1
    endloop
  endfacet
  facet normal -0 0 -1
    outer loop
      vertex -89.0188 -79.1839 -1
      vertex -90.9687 -79.6289 -1
      vertex -89.0855 -78.9523 -1
    endloop
  endfacet
  facet normal 0 0 -1
    outer loop
      vertex -91.4244 -141.817 -1
      vertex -89.7308 -142.881 -1
      vertex -89.8705 -143.078 -1
    endloop
  endfacet
  facet normal 0 0 -1
    outer loop
      vertex -90.9733 -79.6127 -1
      vertex -89.0855 -78.9523 -1
      vertex -90.9687 -79.6289 -1
    endloop
  endfacet
  facet normal 0 0 -1
    outer loop
      vertex -91.4341 -141.831 -1
      vertex -89.8705 -143.078 -1
      vertex -90.0804 -143.341 -1
    endloop
  endfacet
  facet normal -0 0 -1
    outer loop
      vertex -89.0855 -78.9523 -1
      vertex -90.9733 -79.6127 -1
      vertex -89.1967 -78.6345 -1
    endloop
  endfacet
  facet normal 0 0 -1
    outer loop
      vertex -91.644 -142.094 -1
      vertex -90.0804 -143.341 -1
      vertex -90.241 -143.521 -1
    endloop
  endfacet
  facet normal 0 0 -1
    outer loop
      vertex -91.0845 -79.295 -1
      vertex -89.1967 -78.6345 -1
      vertex -90.9733 -79.6127 -1
    endloop
  endfacet
  facet normal 0 0 -1
    outer loop
      vertex -91.6552 -142.107 -1
      vertex -90.241 -143.521 -1
      vertex -90.4791 -143.759 -1
    endloop
  endfacet
  facet normal 0 0 -1
    outer loop
      vertex -91.8933 -142.345 -1
      vertex -90.4791 -143.759 -1
      vertex -90.6589 -143.92 -1
    endloop
  endfacet
  facet normal 0 0 -1
    outer loop
      vertex -88.85 -140 -1
      vertex -90.85 -140 -1
      vertex -90.85 -80.4913 -1
    endloop
  endfacet
  facet normal -0 0 -1
    outer loop
      vertex -89.1967 -78.6345 -1
      vertex -91.0845 -79.295 -1
      vertex -89.289 -78.4117 -1
    endloop
  endfacet
  facet normal 0 0 -1
    outer loop
      vertex -88.8526 -140.199 -1
      vertex -90.8524 -140.17 -1
      vertex -90.85 -140 -1
    endloop
  endfacet
  facet normal 0 0 -1
    outer loop
      vertex -88.8659 -140.409 -1
      vertex -90.8533 -140.185 -1
      vertex -90.8524 -140.17 -1
    endloop
  endfacet
  facet normal 0 0 -1
    outer loop
      vertex -88.9036 -140.744 -1
      vertex -90.891 -140.52 -1
      vertex -90.8533 -140.185 -1
    endloop
  endfacet
  facet normal 0 0 -1
    outer loop
      vertex -88.944 -140.981 -1
      vertex -90.8938 -140.536 -1
      vertex -90.891 -140.52 -1
    endloop
  endfacet
  facet normal 0 0 -1
    outer loop
      vertex -91.9059 -142.356 -1
      vertex -90.6589 -143.92 -1
      vertex -90.9221 -144.13 -1
    endloop
  endfacet
  facet normal 0 0 -1
    outer loop
      vertex -89.0189 -141.309 -1
      vertex -90.9688 -140.865 -1
      vertex -90.8938 -140.536 -1
    endloop
  endfacet
  facet normal 0 0 -1
    outer loop
      vertex -89.0856 -141.541 -1
      vertex -90.9734 -140.881 -1
      vertex -90.9688 -140.865 -1
    endloop
  endfacet
  facet normal 0 0 -1
    outer loop
      vertex -89.1969 -141.859 -1
      vertex -91.0846 -141.199 -1
      vertex -90.9734 -140.881 -1
    endloop
  endfacet
  facet normal 0 0 -1
    outer loop
      vertex -89.2892 -142.082 -1
      vertex -91.0911 -141.214 -1
      vertex -91.0846 -141.199 -1
    endloop
  endfacet
  facet normal 0 0 -1
    outer loop
      vertex -92.1691 -142.566 -1
      vertex -90.9221 -144.13 -1
      vertex -91.119 -144.269 -1
    endloop
  endfacet
  facet normal 0 0 -1
    outer loop
      vertex -89.4353 -142.385 -1
      vertex -91.2372 -141.517 -1
      vertex -91.0911 -141.214 -1
    endloop
  endfacet
  facet normal 0 0 -1
    outer loop
      vertex -89.5517 -142.596 -1
      vertex -91.2453 -141.532 -1
      vertex -91.2372 -141.517 -1
    endloop
  endfacet
  facet normal 0 0 -1
    outer loop
      vertex -92.1828 -142.576 -1
      vertex -91.119 -144.269 -1
      vertex -91.4041 -144.448 -1
    endloop
  endfacet
  facet normal 0 0 -1
    outer loop
      vertex -89.7308 -142.881 -1
      vertex -91.4244 -141.817 -1
      vertex -91.2453 -141.532 -1
    endloop
  endfacet
  facet normal 0 0 -1
    outer loop
      vertex -89.8705 -143.078 -1
      vertex -91.4341 -141.831 -1
      vertex -91.4244 -141.817 -1
    endloop
  endfacet
  facet normal 0 0 -1
    outer loop
      vertex -92.4679 -142.755 -1
      vertex -91.4041 -144.448 -1
      vertex -91.6146 -144.565 -1
    endloop
  endfacet
  facet normal 0 0 -1
    outer loop
      vertex -90.0804 -143.341 -1
      vertex -91.644 -142.094 -1
      vertex -91.4341 -141.831 -1
    endloop
  endfacet
  facet normal 0 0 -1
    outer loop
      vertex -90.241 -143.521 -1
      vertex -91.6552 -142.107 -1
      vertex -91.644 -142.094 -1
    endloop
  endfacet
  facet normal 0 0 -1
    outer loop
      vertex -90.4791 -143.759 -1
      vertex -91.8933 -142.345 -1
      vertex -91.6552 -142.107 -1
    endloop
  endfacet
  facet normal 0 0 -1
    outer loop
      vertex -90.6589 -143.92 -1
      vertex -91.9059 -142.356 -1
      vertex -91.8933 -142.345 -1
    endloop
  endfacet
  facet normal 0 0 -1
    outer loop
      vertex -92.4826 -142.763 -1
      vertex -91.6146 -144.565 -1
      vertex -91.9179 -144.711 -1
    endloop
  endfacet
  facet normal 0 0 -1
    outer loop
      vertex -92.7859 -142.909 -1
      vertex -91.9179 -144.711 -1
      vertex -92.1409 -144.803 -1
    endloop
  endfacet
  facet normal 0 0 -1
    outer loop
      vertex -90.9221 -144.13 -1
      vertex -92.1691 -142.566 -1
      vertex -91.9059 -142.356 -1
    endloop
  endfacet
  facet normal 0 0 -1
    outer loop
      vertex -91.119 -144.269 -1
      vertex -92.1828 -142.576 -1
      vertex -92.1691 -142.566 -1
    endloop
  endfacet
  facet normal 0 0 -1
    outer loop
      vertex -92.8015 -142.915 -1
      vertex -92.1409 -144.803 -1
      vertex -92.4587 -144.914 -1
    endloop
  endfacet
  facet normal 0 0 -1
    outer loop
      vertex -91.4041 -144.448 -1
      vertex -92.4679 -142.755 -1
      vertex -92.1828 -142.576 -1
    endloop
  endfacet
  facet normal 0 0 -1
    outer loop
      vertex -91.6146 -144.565 -1
      vertex -92.4826 -142.763 -1
      vertex -92.4679 -142.755 -1
    endloop
  endfacet
  facet normal 0 0 -1
    outer loop
      vertex -93.1192 -143.027 -1
      vertex -92.4587 -144.914 -1
      vertex -92.6905 -144.981 -1
    endloop
  endfacet
  facet normal 0 0 -1
    outer loop
      vertex -91.9179 -144.711 -1
      vertex -92.7859 -142.909 -1
      vertex -92.4826 -142.763 -1
    endloop
  endfacet
  facet normal 0 0 -1
    outer loop
      vertex -92.1409 -144.803 -1
      vertex -92.8015 -142.915 -1
      vertex -92.7859 -142.909 -1
    endloop
  endfacet
  facet normal 0 0 -1
    outer loop
      vertex -93.1354 -143.031 -1
      vertex -92.6905 -144.981 -1
      vertex -93.0188 -145.056 -1
    endloop
  endfacet
  facet normal 0 0 -1
    outer loop
      vertex -92.4587 -144.914 -1
      vertex -93.1192 -143.027 -1
      vertex -92.8015 -142.915 -1
    endloop
  endfacet
  facet normal 0 0 -1
    outer loop
      vertex -92.6905 -144.981 -1
      vertex -93.1354 -143.031 -1
      vertex -93.1192 -143.027 -1
    endloop
  endfacet
  facet normal 0 0 -1
    outer loop
      vertex -93.4637 -143.106 -1
      vertex -93.0188 -145.056 -1
      vertex -93.2564 -145.096 -1
    endloop
  endfacet
  facet normal 0 0 -1
    outer loop
      vertex -93.0188 -145.056 -1
      vertex -93.4637 -143.106 -1
      vertex -93.1354 -143.031 -1
    endloop
  endfacet
  facet normal 0 0 -1
    outer loop
      vertex -93.2564 -145.096 -1
      vertex -93.4803 -143.109 -1
      vertex -93.4637 -143.106 -1
    endloop
  endfacet
  facet normal 0 0 -1
    outer loop
      vertex -93.591 -145.134 -1
      vertex -93.4803 -143.109 -1
      vertex -93.2564 -145.096 -1
    endloop
  endfacet
  facet normal 0 0 -1
    outer loop
      vertex -93.8149 -143.147 -1
      vertex -93.591 -145.134 -1
      vertex -93.8009 -145.147 -1
    endloop
  endfacet
  facet normal 0 0 -1
    outer loop
      vertex -93.591 -145.134 -1
      vertex -93.8149 -143.147 -1
      vertex -93.4803 -143.109 -1
    endloop
  endfacet
  facet normal 0 0 -1
    outer loop
      vertex -93.8009 -145.147 -1
      vertex -93.8295 -143.148 -1
      vertex -93.8149 -143.147 -1
    endloop
  endfacet
  facet normal 0 0 -1
    outer loop
      vertex -93.9692 -145.15 -1
      vertex -93.8295 -143.148 -1
      vertex -93.8009 -145.147 -1
    endloop
  endfacet
  facet normal 0 0 -1
    outer loop
      vertex -94 -143.15 -1
      vertex -93.9692 -145.15 -1
      vertex -94 -145.15 -1
    endloop
  endfacet
  facet normal 0 0 -1
    outer loop
      vertex -93.9692 -145.15 -1
      vertex -94 -143.15 -1
      vertex -93.8295 -143.148 -1
    endloop
  endfacet
  facet normal 0 0 -1
    outer loop
      vertex -160.692 -145.15 -1
      vertex -94 -143.15 -1
      vertex -94 -145.15 -1
    endloop
  endfacet
  facet normal 0 0 -1
    outer loop
      vertex -160.692 -145.15 -1
      vertex -160.692 -143.15 -1
      vertex -94 -143.15 -1
    endloop
  endfacet
  facet normal 0 0 -1
    outer loop
      vertex -160.722 -145.15 -1
      vertex -160.692 -143.15 -1
      vertex -160.692 -145.15 -1
    endloop
  endfacet
  facet normal 0 0 -1
    outer loop
      vertex -160.722 -145.15 -1
      vertex -160.87 -143.147 -1
      vertex -160.692 -143.15 -1
    endloop
  endfacet
  facet normal 0 0 -1
    outer loop
      vertex -160.899 -145.147 -1
      vertex -160.87 -143.147 -1
      vertex -160.722 -145.15 -1
    endloop
  endfacet
  facet normal -0 0 -1
    outer loop
      vertex -160.87 -143.147 -1
      vertex -160.899 -145.147 -1
      vertex -160.886 -143.146 -1
    endloop
  endfacet
  facet normal 0 0 -1
    outer loop
      vertex -161.121 -145.133 -1
      vertex -160.886 -143.146 -1
      vertex -160.899 -145.147 -1
    endloop
  endfacet
  facet normal 0 0 -1
    outer loop
      vertex -161.121 -145.133 -1
      vertex -161.236 -143.105 -1
      vertex -160.886 -143.146 -1
    endloop
  endfacet
  facet normal 0 0 -1
    outer loop
      vertex -161.471 -145.091 -1
      vertex -161.236 -143.105 -1
      vertex -161.121 -145.133 -1
    endloop
  endfacet
  facet normal -0 0 -1
    outer loop
      vertex -161.236 -143.105 -1
      vertex -161.471 -145.091 -1
      vertex -161.253 -143.102 -1
    endloop
  endfacet
  facet normal 0 0 -1
    outer loop
      vertex -161.719 -145.047 -1
      vertex -161.253 -143.102 -1
      vertex -161.471 -145.091 -1
    endloop
  endfacet
  facet normal -0 0 -1
    outer loop
      vertex -161.253 -143.102 -1
      vertex -161.719 -145.047 -1
      vertex -161.596 -143.02 -1
    endloop
  endfacet
  facet normal 0 0 -1
    outer loop
      vertex -162.062 -144.965 -1
      vertex -161.596 -143.02 -1
      vertex -161.719 -145.047 -1
    endloop
  endfacet
  facet normal -0 0 -1
    outer loop
      vertex -161.596 -143.02 -1
      vertex -162.062 -144.965 -1
      vertex -161.613 -143.015 -1
    endloop
  endfacet
  facet normal 0 0 -1
    outer loop
      vertex -162.303 -144.892 -1
      vertex -161.613 -143.015 -1
      vertex -162.062 -144.965 -1
    endloop
  endfacet
  facet normal -0 0 -1
    outer loop
      vertex -161.613 -143.015 -1
      vertex -162.303 -144.892 -1
      vertex -161.944 -142.893 -1
    endloop
  endfacet
  facet normal 0 0 -1
    outer loop
      vertex -162.634 -144.77 -1
      vertex -161.944 -142.893 -1
      vertex -162.303 -144.892 -1
    endloop
  endfacet
  facet normal -0 0 -1
    outer loop
      vertex -161.944 -142.893 -1
      vertex -162.634 -144.77 -1
      vertex -161.96 -142.886 -1
    endloop
  endfacet
  facet normal 0 0 -1
    outer loop
      vertex -162.865 -144.669 -1
      vertex -161.96 -142.886 -1
      vertex -162.634 -144.77 -1
    endloop
  endfacet
  facet normal -0 0 -1
    outer loop
      vertex -161.96 -142.886 -1
      vertex -162.865 -144.669 -1
      vertex -162.274 -142.726 -1
    endloop
  endfacet
  facet normal 0 0 -1
    outer loop
      vertex -163.18 -144.51 -1
      vertex -162.274 -142.726 -1
      vertex -162.865 -144.669 -1
    endloop
  endfacet
  facet normal -0 0 -1
    outer loop
      vertex -162.274 -142.726 -1
      vertex -163.18 -144.51 -1
      vertex -162.289 -142.718 -1
    endloop
  endfacet
  facet normal 0 0 -1
    outer loop
      vertex -163.398 -144.382 -1
      vertex -162.289 -142.718 -1
      vertex -163.18 -144.51 -1
    endloop
  endfacet
  facet normal -0 0 -1
    outer loop
      vertex -162.289 -142.718 -1
      vertex -163.398 -144.382 -1
      vertex -162.583 -142.522 -1
    endloop
  endfacet
  facet normal 0 0 -1
    outer loop
      vertex -163.691 -144.187 -1
      vertex -162.583 -142.522 -1
      vertex -163.398 -144.382 -1
    endloop
  endfacet
  facet normal -0 0 -1
    outer loop
      vertex -162.583 -142.522 -1
      vertex -163.691 -144.187 -1
      vertex -162.597 -142.512 -1
    endloop
  endfacet
  facet normal 0 0 -1
    outer loop
      vertex -163.893 -144.035 -1
      vertex -162.597 -142.512 -1
      vertex -163.691 -144.187 -1
    endloop
  endfacet
  facet normal -0 0 -1
    outer loop
      vertex -162.597 -142.512 -1
      vertex -163.893 -144.035 -1
      vertex -162.866 -142.283 -1
    endloop
  endfacet
  facet normal 0 0 -1
    outer loop
      vertex -164.161 -143.806 -1
      vertex -162.866 -142.283 -1
      vertex -163.893 -144.035 -1
    endloop
  endfacet
  facet normal -0 0 -1
    outer loop
      vertex -162.866 -142.283 -1
      vertex -164.161 -143.806 -1
      vertex -162.877 -142.272 -1
    endloop
  endfacet
  facet normal 0 0 -1
    outer loop
      vertex -164.322 -143.655 -1
      vertex -162.877 -142.272 -1
      vertex -164.161 -143.806 -1
    endloop
  endfacet
  facet normal -0 0 -1
    outer loop
      vertex -162.877 -142.272 -1
      vertex -164.322 -143.655 -1
      vertex -162.999 -142.145 -1
    endloop
  endfacet
  facet normal 0 0 -1
    outer loop
      vertex -164.444 -143.527 -1
      vertex -162.999 -142.145 -1
      vertex -164.322 -143.655 -1
    endloop
  endfacet
  facet normal 0 0 -1
    outer loop
      vertex -164.466 -143.504 -1
      vertex -162.999 -142.145 -1
      vertex -164.444 -143.527 -1
    endloop
  endfacet
  facet normal 0 0 -1
    outer loop
      vertex -164.466 -143.504 -1
      vertex -167.808 -136.965 -1
      vertex -162.999 -142.145 -1
    endloop
  endfacet
  facet normal 0 0 -1
    outer loop
      vertex -169.274 -138.326 -1
      vertex -167.808 -136.965 -1
      vertex -164.466 -143.504 -1
    endloop
  endfacet
  facet normal 0 0 -1
    outer loop
      vertex -169.296 -138.302 -1
      vertex -167.808 -136.965 -1
      vertex -169.274 -138.326 -1
    endloop
  endfacet
  facet normal -0 0 -1
    outer loop
      vertex -167.808 -136.965 -1
      vertex -169.296 -138.302 -1
      vertex -167.935 -136.825 -1
    endloop
  endfacet
  facet normal 0 0 -1
    outer loop
      vertex -169.422 -138.163 -1
      vertex -167.935 -136.825 -1
      vertex -169.296 -138.302 -1
    endloop
  endfacet
  facet normal -0 0 -1
    outer loop
      vertex -167.935 -136.825 -1
      vertex -169.422 -138.163 -1
      vertex -167.945 -136.812 -1
    endloop
  endfacet
  facet normal 0 0 -1
    outer loop
      vertex -170.65 -89.2421 -1
      vertex -168.65 -89.2421 -1
      vertex -168.65 -134.824 -1
    endloop
  endfacet
  facet normal 0 0 -1
    outer loop
      vertex -170.65 -89.2113 -1
      vertex -168.65 -89.2421 -1
      vertex -170.65 -89.2421 -1
    endloop
  endfacet
  facet normal 0 0 -1
    outer loop
      vertex -169.569 -137.98 -1
      vertex -167.945 -136.812 -1
      vertex -169.422 -138.163 -1
    endloop
  endfacet
  facet normal -0 0 -1
    outer loop
      vertex -167.945 -136.812 -1
      vertex -169.569 -137.98 -1
      vertex -168.164 -136.508 -1
    endloop
  endfacet
  facet normal 0 0 -1
    outer loop
      vertex -169.788 -137.676 -1
      vertex -168.164 -136.508 -1
      vertex -169.569 -137.98 -1
    endloop
  endfacet
  facet normal -0 0 -1
    outer loop
      vertex -168.164 -136.508 -1
      vertex -169.788 -137.676 -1
      vertex -168.174 -136.492 -1
    endloop
  endfacet
  facet normal 0 0 -1
    outer loop
      vertex -169.93 -137.449 -1
      vertex -168.174 -136.492 -1
      vertex -169.788 -137.676 -1
    endloop
  endfacet
  facet normal -0 0 -1
    outer loop
      vertex -168.174 -136.492 -1
      vertex -169.93 -137.449 -1
      vertex -168.353 -136.163 -1
    endloop
  endfacet
  facet normal 0 0 -1
    outer loop
      vertex -170.109 -137.12 -1
      vertex -168.353 -136.163 -1
      vertex -169.93 -137.449 -1
    endloop
  endfacet
  facet normal -0 0 -1
    outer loop
      vertex -168.353 -136.163 -1
      vertex -170.109 -137.12 -1
      vertex -168.361 -136.146 -1
    endloop
  endfacet
  facet normal 0 0 -1
    outer loop
      vertex -170.223 -136.877 -1
      vertex -168.361 -136.146 -1
      vertex -170.109 -137.12 -1
    endloop
  endfacet
  facet normal -0 0 -1
    outer loop
      vertex -168.361 -136.146 -1
      vertex -170.223 -136.877 -1
      vertex -168.498 -135.798 -1
    endloop
  endfacet
  facet normal 0 0 -1
    outer loop
      vertex -170.65 -89.2421 -1
      vertex -168.65 -134.824 -1
      vertex -170.65 -134.822 -1
    endloop
  endfacet
  facet normal 0 0 -1
    outer loop
      vertex -170.359 -136.529 -1
      vertex -168.498 -135.798 -1
      vertex -170.223 -136.877 -1
    endloop
  endfacet
  facet normal 0 -0 -1
    outer loop
      vertex -169.281 -85.7437 -1
      vertex -168.65 -89.2421 -1
      vertex -169.421 -85.9023 -1
    endloop
  endfacet
  facet normal -0 0 -1
    outer loop
      vertex -168.498 -135.798 -1
      vertex -170.359 -136.529 -1
      vertex -168.503 -135.78 -1
    endloop
  endfacet
  facet normal 0 0 -1
    outer loop
      vertex -170.441 -136.274 -1
      vertex -168.503 -135.78 -1
      vertex -170.359 -136.529 -1
    endloop
  endfacet
  facet normal 0 0 -1
    outer loop
      vertex -168.65 -89.2421 -1
      vertex -169.164 -85.623 -1
      vertex -169.143 -85.6016 -1
    endloop
  endfacet
  facet normal 0 0 -1
    outer loop
      vertex -168.65 -89.2421 -1
      vertex -169.631 -86.1655 -1
      vertex -169.421 -85.9023 -1
    endloop
  endfacet
  facet normal -0 0 -1
    outer loop
      vertex -168.503 -135.78 -1
      vertex -170.441 -136.274 -1
      vertex -168.596 -135.418 -1
    endloop
  endfacet
  facet normal 0 0 -1
    outer loop
      vertex -170.534 -135.912 -1
      vertex -168.596 -135.418 -1
      vertex -170.441 -136.274 -1
    endloop
  endfacet
  facet normal 0 0 -1
    outer loop
      vertex -168.65 -89.2421 -1
      vertex -169.281 -85.7437 -1
      vertex -169.164 -85.623 -1
    endloop
  endfacet
  facet normal 0 0 -1
    outer loop
      vertex -168.65 -89.2421 -1
      vertex -169.949 -86.6468 -1
      vertex -169.77 -86.3618 -1
    endloop
  endfacet
  facet normal -0 0 -1
    outer loop
      vertex -168.596 -135.418 -1
      vertex -170.534 -135.912 -1
      vertex -168.599 -135.399 -1
    endloop
  endfacet
  facet normal 0 0 -1
    outer loop
      vertex -168.65 -89.2421 -1
      vertex -170.065 -86.8578 -1
      vertex -169.949 -86.6468 -1
    endloop
  endfacet
  facet normal 0 0 -1
    outer loop
      vertex -170.584 -135.648 -1
      vertex -168.599 -135.399 -1
      vertex -170.534 -135.912 -1
    endloop
  endfacet
  facet normal 0 0 -1
    outer loop
      vertex -168.65 -89.2421 -1
      vertex -170.211 -87.1611 -1
      vertex -170.065 -86.8578 -1
    endloop
  endfacet
  facet normal -0 0 -1
    outer loop
      vertex -168.599 -135.399 -1
      vertex -170.584 -135.648 -1
      vertex -168.646 -135.028 -1
    endloop
  endfacet
  facet normal 0 0 -1
    outer loop
      vertex -168.65 -89.2421 -1
      vertex -169.77 -86.3618 -1
      vertex -169.631 -86.1655 -1
    endloop
  endfacet
  facet normal 0 0 -1
    outer loop
      vertex -170.63 -135.276 -1
      vertex -168.646 -135.028 -1
      vertex -170.584 -135.648 -1
    endloop
  endfacet
  facet normal 0 0 -1
    outer loop
      vertex -168.65 -89.2421 -1
      vertex -170.415 -87.7016 -1
      vertex -170.303 -87.3839 -1
    endloop
  endfacet
  facet normal -0 0 -1
    outer loop
      vertex -168.646 -135.028 -1
      vertex -170.63 -135.276 -1
      vertex -168.647 -135.011 -1
    endloop
  endfacet
  facet normal 0 0 -1
    outer loop
      vertex -168.65 -89.2421 -1
      vertex -170.303 -87.3839 -1
      vertex -170.211 -87.1611 -1
    endloop
  endfacet
  facet normal 0 0 -1
    outer loop
      vertex -170.647 -135.043 -1
      vertex -168.647 -135.011 -1
      vertex -170.63 -135.276 -1
    endloop
  endfacet
  facet normal 0 0 -1
    outer loop
      vertex -168.65 -89.2421 -1
      vertex -170.481 -87.9328 -1
      vertex -170.415 -87.7016 -1
    endloop
  endfacet
  facet normal -0 0 -1
    outer loop
      vertex -168.647 -135.011 -1
      vertex -170.647 -135.043 -1
      vertex -168.65 -134.824 -1
    endloop
  endfacet
  facet normal 0 0 -1
    outer loop
      vertex -168.65 -89.2421 -1
      vertex -170.556 -88.2609 -1
      vertex -170.481 -87.9328 -1
    endloop
  endfacet
  facet normal 0 0 -1
    outer loop
      vertex -168.65 -134.824 -1
      vertex -170.647 -135.043 -1
      vertex -170.65 -134.855 -1
    endloop
  endfacet
  facet normal -0 0 -1
    outer loop
      vertex -168.65 -134.824 -1
      vertex -170.65 -134.855 -1
      vertex -170.65 -134.822 -1
    endloop
  endfacet
  facet normal 0 0 -1
    outer loop
      vertex -168.65 -89.2421 -1
      vertex -170.597 -88.4992 -1
      vertex -170.556 -88.2609 -1
    endloop
  endfacet
  facet normal 0 0 -1
    outer loop
      vertex -168.65 -89.2421 -1
      vertex -170.647 -89.043 -1
      vertex -170.634 -88.8336 -1
    endloop
  endfacet
  facet normal 0 0 -1
    outer loop
      vertex -168.65 -89.2421 -1
      vertex -170.634 -88.8336 -1
      vertex -170.597 -88.4992 -1
    endloop
  endfacet
  facet normal 0 -0 -1
    outer loop
      vertex -170.647 -89.043 -1
      vertex -168.65 -89.2421 -1
      vertex -170.65 -89.2113 -1
    endloop
  endfacet
  facet normal 0 0 -1
    outer loop
      vertex -91.0909 -79.2794 -1
      vertex -89.289 -78.4117 -1
      vertex -91.0845 -79.295 -1
    endloop
  endfacet
  facet normal -0 0 -1
    outer loop
      vertex -89.289 -78.4117 -1
      vertex -91.0909 -79.2794 -1
      vertex -89.4351 -78.1083 -1
    endloop
  endfacet
  facet normal 0 0 -1
    outer loop
      vertex -91.237 -78.976 -1
      vertex -89.4351 -78.1083 -1
      vertex -91.0909 -79.2794 -1
    endloop
  endfacet
  facet normal -0 0 -1
    outer loop
      vertex -89.4351 -78.1083 -1
      vertex -91.237 -78.976 -1
      vertex -89.5516 -77.8974 -1
    endloop
  endfacet
  facet normal 0 0 -1
    outer loop
      vertex -91.2452 -78.9613 -1
      vertex -89.5516 -77.8974 -1
      vertex -91.237 -78.976 -1
    endloop
  endfacet
  facet normal -0 0 -1
    outer loop
      vertex -89.5516 -77.8974 -1
      vertex -91.2452 -78.9613 -1
      vertex -89.7307 -77.6123 -1
    endloop
  endfacet
  facet normal 0 0 -1
    outer loop
      vertex -91.4243 -78.6762 -1
      vertex -89.7307 -77.6123 -1
      vertex -91.2452 -78.9613 -1
    endloop
  endfacet
  facet normal -0 0 -1
    outer loop
      vertex -89.7307 -77.6123 -1
      vertex -91.4243 -78.6762 -1
      vertex -89.8704 -77.4154 -1
    endloop
  endfacet
  facet normal 0 0 -1
    outer loop
      vertex -91.434 -78.6625 -1
      vertex -89.8704 -77.4154 -1
      vertex -91.4243 -78.6762 -1
    endloop
  endfacet
  facet normal -0 0 -1
    outer loop
      vertex -89.8704 -77.4154 -1
      vertex -91.434 -78.6625 -1
      vertex -90.0803 -77.1522 -1
    endloop
  endfacet
  facet normal 0 0 -1
    outer loop
      vertex -91.6439 -78.3993 -1
      vertex -90.0803 -77.1522 -1
      vertex -91.434 -78.6625 -1
    endloop
  endfacet
  facet normal -0 0 -1
    outer loop
      vertex -90.0803 -77.1522 -1
      vertex -91.6439 -78.3993 -1
      vertex -90.2409 -76.9725 -1
    endloop
  endfacet
  facet normal 0 0 -1
    outer loop
      vertex -91.6551 -78.3867 -1
      vertex -90.2409 -76.9725 -1
      vertex -91.6439 -78.3993 -1
    endloop
  endfacet
  facet normal -0 0 -1
    outer loop
      vertex -90.2409 -76.9725 -1
      vertex -91.6551 -78.3867 -1
      vertex -90.479 -76.7344 -1
    endloop
  endfacet
  facet normal 0 0 -1
    outer loop
      vertex -91.8932 -78.1486 -1
      vertex -90.479 -76.7344 -1
      vertex -91.6551 -78.3867 -1
    endloop
  endfacet
  facet normal -0 0 -1
    outer loop
      vertex -90.479 -76.7344 -1
      vertex -91.8932 -78.1486 -1
      vertex -90.6591 -76.5735 -1
    endloop
  endfacet
  facet normal 0 0 -1
    outer loop
      vertex -91.9058 -78.1374 -1
      vertex -90.6591 -76.5735 -1
      vertex -91.8932 -78.1486 -1
    endloop
  endfacet
  facet normal -0 0 -1
    outer loop
      vertex -90.6591 -76.5735 -1
      vertex -91.9058 -78.1374 -1
      vertex -90.9223 -76.3636 -1
    endloop
  endfacet
  facet normal 0 0 -1
    outer loop
      vertex -92.1691 -77.9275 -1
      vertex -90.9223 -76.3636 -1
      vertex -91.9058 -78.1374 -1
    endloop
  endfacet
  facet normal -0 0 -1
    outer loop
      vertex -90.9223 -76.3636 -1
      vertex -92.1691 -77.9275 -1
      vertex -91.1184 -76.2245 -1
    endloop
  endfacet
  facet normal 0 0 -1
    outer loop
      vertex -92.1828 -77.9178 -1
      vertex -91.1184 -76.2245 -1
      vertex -92.1691 -77.9275 -1
    endloop
  endfacet
  facet normal -0 0 -1
    outer loop
      vertex -91.1184 -76.2245 -1
      vertex -92.1828 -77.9178 -1
      vertex -91.4035 -76.0453 -1
    endloop
  endfacet
  facet normal 0 0 -1
    outer loop
      vertex -92.4679 -77.7386 -1
      vertex -91.4035 -76.0453 -1
      vertex -92.1828 -77.9178 -1
    endloop
  endfacet
  facet normal -0 0 -1
    outer loop
      vertex -91.4035 -76.0453 -1
      vertex -92.4679 -77.7386 -1
      vertex -91.6152 -75.9283 -1
    endloop
  endfacet
  facet normal 0 0 -1
    outer loop
      vertex -92.4826 -77.7304 -1
      vertex -91.6152 -75.9283 -1
      vertex -92.4679 -77.7386 -1
    endloop
  endfacet
  facet normal -0 0 -1
    outer loop
      vertex -91.6152 -75.9283 -1
      vertex -92.4826 -77.7304 -1
      vertex -91.9185 -75.7823 -1
    endloop
  endfacet
  facet normal 0 0 -1
    outer loop
      vertex -92.7859 -77.5844 -1
      vertex -91.9185 -75.7823 -1
      vertex -92.4826 -77.7304 -1
    endloop
  endfacet
  facet normal -0 0 -1
    outer loop
      vertex -91.9185 -75.7823 -1
      vertex -92.7859 -77.5844 -1
      vertex -92.141 -75.6902 -1
    endloop
  endfacet
  facet normal 0 0 -1
    outer loop
      vertex -92.8015 -77.578 -1
      vertex -92.141 -75.6902 -1
      vertex -92.7859 -77.5844 -1
    endloop
  endfacet
  facet normal -0 0 -1
    outer loop
      vertex -92.141 -75.6902 -1
      vertex -92.8015 -77.578 -1
      vertex -92.4588 -75.579 -1
    endloop
  endfacet
  facet normal 0 0 -1
    outer loop
      vertex -93.1192 -77.4668 -1
      vertex -92.4588 -75.579 -1
      vertex -92.8015 -77.578 -1
    endloop
  endfacet
  facet normal -0 0 -1
    outer loop
      vertex -92.4588 -75.579 -1
      vertex -93.1192 -77.4668 -1
      vertex -92.6905 -75.5123 -1
    endloop
  endfacet
  facet normal 0 0 -1
    outer loop
      vertex -93.1354 -77.4622 -1
      vertex -92.6905 -75.5123 -1
      vertex -93.1192 -77.4668 -1
    endloop
  endfacet
  facet normal -0 0 -1
    outer loop
      vertex -92.6905 -75.5123 -1
      vertex -93.1354 -77.4622 -1
      vertex -93.0188 -75.4374 -1
    endloop
  endfacet
  facet normal 0 0 -1
    outer loop
      vertex -93.4637 -77.3873 -1
      vertex -93.0188 -75.4374 -1
      vertex -93.1354 -77.4622 -1
    endloop
  endfacet
  facet normal -0 0 -1
    outer loop
      vertex -93.0188 -75.4374 -1
      vertex -93.4637 -77.3873 -1
      vertex -93.2563 -75.397 -1
    endloop
  endfacet
  facet normal 0 0 -1
    outer loop
      vertex -93.4803 -77.3844 -1
      vertex -93.2563 -75.397 -1
      vertex -93.4637 -77.3873 -1
    endloop
  endfacet
  facet normal 0 0 -1
    outer loop
      vertex -93.4803 -77.3844 -1
      vertex -93.591 -75.3593 -1
      vertex -93.2563 -75.397 -1
    endloop
  endfacet
  facet normal 0 0 -1
    outer loop
      vertex -93.8149 -77.3467 -1
      vertex -93.591 -75.3593 -1
      vertex -93.4803 -77.3844 -1
    endloop
  endfacet
  facet normal -0 0 -1
    outer loop
      vertex -93.591 -75.3593 -1
      vertex -93.8149 -77.3467 -1
      vertex -93.8011 -75.346 -1
    endloop
  endfacet
  facet normal 0 0 -1
    outer loop
      vertex -93.8296 -77.3458 -1
      vertex -93.8011 -75.346 -1
      vertex -93.8149 -77.3467 -1
    endloop
  endfacet
  facet normal 0 0 -1
    outer loop
      vertex -93.8296 -77.3458 -1
      vertex -93.9694 -75.3436 -1
      vertex -93.8011 -75.346 -1
    endloop
  endfacet
  facet normal 0 0 -1
    outer loop
      vertex -94 -77.3434 -1
      vertex -93.9694 -75.3436 -1
      vertex -93.8296 -77.3458 -1
    endloop
  endfacet
  facet normal 0 0 -1
    outer loop
      vertex -94 -77.3434 -1
      vertex -94 -75.3434 -1
      vertex -93.9694 -75.3436 -1
    endloop
  endfacet
  facet normal 0 0 -1
    outer loop
      vertex -94 -77.3434 -1
      vertex -156.757 -75.3434 -1
      vertex -94 -75.3434 -1
    endloop
  endfacet
  facet normal 0 0 -1
    outer loop
      vertex -156.759 -77.3434 -1
      vertex -156.757 -75.3434 -1
      vertex -94 -77.3434 -1
    endloop
  endfacet
  facet normal 0 0 -1
    outer loop
      vertex -156.759 -77.3434 -1
      vertex -156.786 -75.3436 -1
      vertex -156.757 -75.3434 -1
    endloop
  endfacet
  facet normal 0 0 -1
    outer loop
      vertex -156.927 -77.3457 -1
      vertex -156.786 -75.3436 -1
      vertex -156.759 -77.3434 -1
    endloop
  endfacet
  facet normal 0 0 -1
    outer loop
      vertex -156.955 -75.3459 -1
      vertex -156.927 -77.3457 -1
      vertex -156.942 -77.3466 -1
    endloop
  endfacet
  facet normal 0 0 -1
    outer loop
      vertex -156.927 -77.3457 -1
      vertex -156.955 -75.3459 -1
      vertex -156.786 -75.3436 -1
    endloop
  endfacet
  facet normal 0 0 -1
    outer loop
      vertex -156.942 -77.3466 -1
      vertex -157.166 -75.3592 -1
      vertex -156.955 -75.3459 -1
    endloop
  endfacet
  facet normal 0 0 -1
    outer loop
      vertex -157.277 -77.3843 -1
      vertex -157.166 -75.3592 -1
      vertex -156.942 -77.3466 -1
    endloop
  endfacet
  facet normal 0 0 -1
    outer loop
      vertex -157.5 -75.3969 -1
      vertex -157.277 -77.3843 -1
      vertex -157.293 -77.3871 -1
    endloop
  endfacet
  facet normal 0 0 -1
    outer loop
      vertex -157.277 -77.3843 -1
      vertex -157.5 -75.3969 -1
      vertex -157.166 -75.3592 -1
    endloop
  endfacet
  facet normal 0 0 -1
    outer loop
      vertex -157.739 -75.4374 -1
      vertex -157.293 -77.3871 -1
      vertex -157.622 -77.4622 -1
    endloop
  endfacet
  facet normal 0 0 -1
    outer loop
      vertex -158.067 -75.5124 -1
      vertex -157.622 -77.4622 -1
      vertex -157.638 -77.4668 -1
    endloop
  endfacet
  facet normal 0 0 -1
    outer loop
      vertex -157.293 -77.3871 -1
      vertex -157.739 -75.4374 -1
      vertex -157.5 -75.3969 -1
    endloop
  endfacet
  facet normal 0 0 -1
    outer loop
      vertex -158.299 -75.5792 -1
      vertex -157.638 -77.4668 -1
      vertex -157.956 -77.5781 -1
    endloop
  endfacet
  facet normal 0 0 -1
    outer loop
      vertex -158.617 -75.6905 -1
      vertex -157.956 -77.5781 -1
      vertex -157.971 -77.5846 -1
    endloop
  endfacet
  facet normal 0 0 -1
    outer loop
      vertex -157.622 -77.4622 -1
      vertex -158.067 -75.5124 -1
      vertex -157.739 -75.4374 -1
    endloop
  endfacet
  facet normal 0 0 -1
    outer loop
      vertex -158.839 -75.7827 -1
      vertex -157.971 -77.5846 -1
      vertex -158.275 -77.7308 -1
    endloop
  endfacet
  facet normal 0 0 -1
    outer loop
      vertex -159.143 -75.9289 -1
      vertex -158.275 -77.7308 -1
      vertex -158.29 -77.7389 -1
    endloop
  endfacet
  facet normal 0 0 -1
    outer loop
      vertex -157.638 -77.4668 -1
      vertex -158.299 -75.5792 -1
      vertex -158.067 -75.5124 -1
    endloop
  endfacet
  facet normal 0 0 -1
    outer loop
      vertex -159.354 -76.0459 -1
      vertex -158.29 -77.7389 -1
      vertex -158.575 -77.9182 -1
    endloop
  endfacet
  facet normal 0 0 -1
    outer loop
      vertex -159.639 -76.2252 -1
      vertex -158.575 -77.9182 -1
      vertex -158.588 -77.9279 -1
    endloop
  endfacet
  facet normal 0 0 -1
    outer loop
      vertex -157.956 -77.5781 -1
      vertex -158.617 -75.6905 -1
      vertex -158.299 -75.5792 -1
    endloop
  endfacet
  facet normal 0 0 -1
    outer loop
      vertex -157.971 -77.5846 -1
      vertex -158.839 -75.7827 -1
      vertex -158.617 -75.6905 -1
    endloop
  endfacet
  facet normal 0 0 -1
    outer loop
      vertex -159.836 -76.3647 -1
      vertex -158.588 -77.9279 -1
      vertex -158.852 -78.138 -1
    endloop
  endfacet
  facet normal 0 0 -1
    outer loop
      vertex -160.099 -76.5748 -1
      vertex -158.852 -78.138 -1
      vertex -158.863 -78.1478 -1
    endloop
  endfacet
  facet normal 0 0 -1
    outer loop
      vertex -160.258 -76.7146 -1
      vertex -158.863 -78.1478 -1
      vertex -158.985 -78.2668 -1
    endloop
  endfacet
  facet normal 0 0 -1
    outer loop
      vertex -158.275 -77.7308 -1
      vertex -159.143 -75.9289 -1
      vertex -158.839 -75.7827 -1
    endloop
  endfacet
  facet normal 0 0 -1
    outer loop
      vertex -158.29 -77.7389 -1
      vertex -159.354 -76.0459 -1
      vertex -159.143 -75.9289 -1
    endloop
  endfacet
  facet normal 0 0 -1
    outer loop
      vertex -158.575 -77.9182 -1
      vertex -159.639 -76.2252 -1
      vertex -159.354 -76.0459 -1
    endloop
  endfacet
  facet normal 0 0 -1
    outer loop
      vertex -158.588 -77.9279 -1
      vertex -159.836 -76.3647 -1
      vertex -159.639 -76.2252 -1
    endloop
  endfacet
  facet normal 0 0 -1
    outer loop
      vertex -158.852 -78.138 -1
      vertex -160.099 -76.5748 -1
      vertex -159.836 -76.3647 -1
    endloop
  endfacet
  facet normal 0 0 -1
    outer loop
      vertex -158.863 -78.1478 -1
      vertex -160.258 -76.7146 -1
      vertex -160.099 -76.5748 -1
    endloop
  endfacet
  facet normal 0 0 -1
    outer loop
      vertex -158.985 -78.2668 -1
      vertex -160.378 -76.8321 -1
      vertex -160.258 -76.7146 -1
    endloop
  endfacet
  facet normal 0 0 -1
    outer loop
      vertex -158.985 -78.2668 -1
      vertex -160.4 -76.853 -1
      vertex -160.378 -76.8321 -1
    endloop
  endfacet
  facet normal 0 0 -1
    outer loop
      vertex -167.73 -87.0169 -1
      vertex -160.4 -76.853 -1
      vertex -158.985 -78.2668 -1
    endloop
  endfacet
  facet normal 0 0 -1
    outer loop
      vertex -169.143 -85.6016 -1
      vertex -167.73 -87.0169 -1
      vertex -167.847 -87.1376 -1
    endloop
  endfacet
  facet normal 0 0 -1
    outer loop
      vertex -169.143 -85.6016 -1
      vertex -167.847 -87.1376 -1
      vertex -167.857 -87.1486 -1
    endloop
  endfacet
  facet normal 0 0 -1
    outer loop
      vertex -169.143 -85.6016 -1
      vertex -167.857 -87.1486 -1
      vertex -168.066 -87.4118 -1
    endloop
  endfacet
  facet normal 0 0 -1
    outer loop
      vertex -167.73 -87.0169 -1
      vertex -169.143 -85.6016 -1
      vertex -160.4 -76.853 -1
    endloop
  endfacet
  facet normal 0 0 -1
    outer loop
      vertex -168.076 -87.4255 -1
      vertex -169.143 -85.6016 -1
      vertex -168.066 -87.4118 -1
    endloop
  endfacet
  facet normal 0 0 -1
    outer loop
      vertex -168.255 -87.7105 -1
      vertex -169.143 -85.6016 -1
      vertex -168.076 -87.4255 -1
    endloop
  endfacet
  facet normal 0 0 -1
    outer loop
      vertex -168.263 -87.7252 -1
      vertex -169.143 -85.6016 -1
      vertex -168.255 -87.7105 -1
    endloop
  endfacet
  facet normal 0 0 -1
    outer loop
      vertex -168.409 -88.0285 -1
      vertex -169.143 -85.6016 -1
      vertex -168.263 -87.7252 -1
    endloop
  endfacet
  facet normal 0 0 -1
    outer loop
      vertex -168.416 -88.0441 -1
      vertex -169.143 -85.6016 -1
      vertex -168.409 -88.0285 -1
    endloop
  endfacet
  facet normal 0 0 -1
    outer loop
      vertex -168.527 -88.3618 -1
      vertex -169.143 -85.6016 -1
      vertex -168.416 -88.0441 -1
    endloop
  endfacet
  facet normal 0 0 -1
    outer loop
      vertex -168.531 -88.3779 -1
      vertex -169.143 -85.6016 -1
      vertex -168.527 -88.3618 -1
    endloop
  endfacet
  facet normal 0 0 -1
    outer loop
      vertex -168.606 -88.706 -1
      vertex -169.143 -85.6016 -1
      vertex -168.531 -88.3779 -1
    endloop
  endfacet
  facet normal 0 0 -1
    outer loop
      vertex -168.609 -88.7226 -1
      vertex -169.143 -85.6016 -1
      vertex -168.606 -88.706 -1
    endloop
  endfacet
  facet normal 0 0 -1
    outer loop
      vertex -168.647 -89.057 -1
      vertex -169.143 -85.6016 -1
      vertex -168.609 -88.7226 -1
    endloop
  endfacet
  facet normal 0 0 -1
    outer loop
      vertex -168.648 -89.0716 -1
      vertex -169.143 -85.6016 -1
      vertex -168.647 -89.057 -1
    endloop
  endfacet
  facet normal 0 0 -1
    outer loop
      vertex -169.143 -85.6016 -1
      vertex -168.648 -89.0716 -1
      vertex -168.65 -89.2421 -1
    endloop
  endfacet
  facet normal 0.0168515 0.999858 -0
    outer loop
      vertex -160.692 -143.15 -1
      vertex -160.87 -143.147 0
      vertex -160.692 -143.15 0
    endloop
  endfacet
  facet normal 0.0168515 0.999858 0
    outer loop
      vertex -160.87 -143.147 0
      vertex -160.692 -143.15 -1
      vertex -160.87 -143.147 -1
    endloop
  endfacet
  facet normal 0.0623783 0.998053 -0
    outer loop
      vertex -160.87 -143.147 -1
      vertex -160.886 -143.146 0
      vertex -160.87 -143.147 0
    endloop
  endfacet
  facet normal 0.0623783 0.998053 0
    outer loop
      vertex -160.886 -143.146 0
      vertex -160.87 -143.147 -1
      vertex -160.886 -143.146 -1
    endloop
  endfacet
  facet normal 0.116347 0.993209 -0
    outer loop
      vertex -160.886 -143.146 -1
      vertex -161.236 -143.105 0
      vertex -160.886 -143.146 0
    endloop
  endfacet
  facet normal 0.116347 0.993209 0
    outer loop
      vertex -161.236 -143.105 0
      vertex -160.886 -143.146 -1
      vertex -161.236 -143.105 -1
    endloop
  endfacet
  facet normal 0.173785 0.984784 -0
    outer loop
      vertex -161.236 -143.105 -1
      vertex -161.253 -143.102 0
      vertex -161.236 -143.105 0
    endloop
  endfacet
  facet normal 0.173785 0.984784 0
    outer loop
      vertex -161.253 -143.102 0
      vertex -161.236 -143.105 -1
      vertex -161.253 -143.102 -1
    endloop
  endfacet
  facet normal 0.232515 0.972593 -0
    outer loop
      vertex -161.253 -143.102 -1
      vertex -161.596 -143.02 0
      vertex -161.253 -143.102 0
    endloop
  endfacet
  facet normal 0.232515 0.972593 0
    outer loop
      vertex -161.596 -143.02 0
      vertex -161.253 -143.102 -1
      vertex -161.596 -143.02 -1
    endloop
  endfacet
  facet normal 0.282166 0.959366 -0
    outer loop
      vertex -161.596 -143.02 -1
      vertex -161.613 -143.015 0
      vertex -161.596 -143.02 0
    endloop
  endfacet
  facet normal 0.282166 0.959366 0
    outer loop
      vertex -161.613 -143.015 0
      vertex -161.596 -143.02 -1
      vertex -161.613 -143.015 -1
    endloop
  endfacet
  facet normal 0.345837 0.938295 -0
    outer loop
      vertex -161.613 -143.015 -1
      vertex -161.944 -142.893 0
      vertex -161.613 -143.015 0
    endloop
  endfacet
  facet normal 0.345837 0.938295 0
    outer loop
      vertex -161.944 -142.893 0
      vertex -161.613 -143.015 -1
      vertex -161.944 -142.893 -1
    endloop
  endfacet
  facet normal 0.400819 0.916157 -0
    outer loop
      vertex -161.944 -142.893 -1
      vertex -161.96 -142.886 0
      vertex -161.944 -142.893 0
    endloop
  endfacet
  facet normal 0.400819 0.916157 0
    outer loop
      vertex -161.96 -142.886 0
      vertex -161.944 -142.893 -1
      vertex -161.96 -142.886 -1
    endloop
  endfacet
  facet normal 0.454011 0.890996 -0
    outer loop
      vertex -161.96 -142.886 -1
      vertex -162.274 -142.726 0
      vertex -161.96 -142.886 0
    endloop
  endfacet
  facet normal 0.454011 0.890996 0
    outer loop
      vertex -162.274 -142.726 0
      vertex -161.96 -142.886 -1
      vertex -162.274 -142.726 -1
    endloop
  endfacet
  facet normal 0.470588 0.882353 -0
    outer loop
      vertex -162.274 -142.726 -1
      vertex -162.289 -142.718 0
      vertex -162.274 -142.726 0
    endloop
  endfacet
  facet normal 0.470588 0.882353 0
    outer loop
      vertex -162.289 -142.718 0
      vertex -162.274 -142.726 -1
      vertex -162.289 -142.718 -1
    endloop
  endfacet
  facet normal 0.5547 0.83205 -0
    outer loop
      vertex -162.289 -142.718 -1
      vertex -162.583 -142.522 0
      vertex -162.289 -142.718 0
    endloop
  endfacet
  facet normal 0.5547 0.83205 0
    outer loop
      vertex -162.583 -142.522 0
      vertex -162.289 -142.718 -1
      vertex -162.583 -142.522 -1
    endloop
  endfacet
  facet normal 0.581238 0.813733 -0
    outer loop
      vertex -162.583 -142.522 -1
      vertex -162.597 -142.512 0
      vertex -162.583 -142.522 0
    endloop
  endfacet
  facet normal 0.581238 0.813733 0
    outer loop
      vertex -162.597 -142.512 0
      vertex -162.583 -142.522 -1
      vertex -162.597 -142.512 -1
    endloop
  endfacet
  facet normal 0.648223 0.76145 -0
    outer loop
      vertex -162.597 -142.512 -1
      vertex -162.866 -142.283 0
      vertex -162.597 -142.512 0
    endloop
  endfacet
  facet normal 0.648223 0.76145 0
    outer loop
      vertex -162.866 -142.283 0
      vertex -162.597 -142.512 -1
      vertex -162.866 -142.283 -1
    endloop
  endfacet
  facet normal 0.707107 0.707107 -0
    outer loop
      vertex -162.866 -142.283 -1
      vertex -162.877 -142.272 0
      vertex -162.866 -142.283 0
    endloop
  endfacet
  facet normal 0.707107 0.707107 0
    outer loop
      vertex -162.877 -142.272 0
      vertex -162.866 -142.283 -1
      vertex -162.877 -142.272 -1
    endloop
  endfacet
  facet normal 0.72116 0.692768 0
    outer loop
      vertex -162.877 -142.272 0
      vertex -162.999 -142.145 -1
      vertex -162.999 -142.145 0
    endloop
  endfacet
  facet normal 0.72116 0.692768 0
    outer loop
      vertex -162.999 -142.145 -1
      vertex -162.877 -142.272 0
      vertex -162.877 -142.272 -1
    endloop
  endfacet
  facet normal 0.732864 0.680375 0
    outer loop
      vertex -162.999 -142.145 0
      vertex -167.808 -136.965 -1
      vertex -167.808 -136.965 0
    endloop
  endfacet
  facet normal 0.732864 0.680375 0
    outer loop
      vertex -167.808 -136.965 -1
      vertex -162.999 -142.145 0
      vertex -162.999 -142.145 -1
    endloop
  endfacet
  facet normal 0.740658 0.671882 0
    outer loop
      vertex -167.808 -136.965 0
      vertex -167.935 -136.825 -1
      vertex -167.935 -136.825 0
    endloop
  endfacet
  facet normal 0.740658 0.671882 0
    outer loop
      vertex -167.935 -136.825 -1
      vertex -167.808 -136.965 0
      vertex -167.808 -136.965 -1
    endloop
  endfacet
  facet normal 0.792624 0.609711 0
    outer loop
      vertex -167.935 -136.825 0
      vertex -167.945 -136.812 -1
      vertex -167.945 -136.812 0
    endloop
  endfacet
  facet normal 0.792624 0.609711 0
    outer loop
      vertex -167.945 -136.812 -1
      vertex -167.935 -136.825 0
      vertex -167.935 -136.825 -1
    endloop
  endfacet
  facet normal 0.811382 0.584516 0
    outer loop
      vertex -167.945 -136.812 0
      vertex -168.164 -136.508 -1
      vertex -168.164 -136.508 0
    endloop
  endfacet
  facet normal 0.811382 0.584516 0
    outer loop
      vertex -168.164 -136.508 -1
      vertex -167.945 -136.812 0
      vertex -167.945 -136.812 -1
    endloop
  endfacet
  facet normal 0.847998 0.529999 0
    outer loop
      vertex -168.164 -136.508 0
      vertex -168.174 -136.492 -1
      vertex -168.174 -136.492 0
    endloop
  endfacet
  facet normal 0.847998 0.529999 0
    outer loop
      vertex -168.174 -136.492 -1
      vertex -168.164 -136.508 0
      vertex -168.164 -136.508 -1
    endloop
  endfacet
  facet normal 0.878405 0.477917 0
    outer loop
      vertex -168.174 -136.492 0
      vertex -168.353 -136.163 -1
      vertex -168.353 -136.163 0
    endloop
  endfacet
  facet normal 0.878405 0.477917 0
    outer loop
      vertex -168.353 -136.163 -1
      vertex -168.174 -136.492 0
      vertex -168.174 -136.492 -1
    endloop
  endfacet
  facet normal 0.904819 0.425797 0
    outer loop
      vertex -168.353 -136.163 0
      vertex -168.361 -136.146 -1
      vertex -168.361 -136.146 0
    endloop
  endfacet
  facet normal 0.904819 0.425797 0
    outer loop
      vertex -168.361 -136.146 -1
      vertex -168.353 -136.163 0
      vertex -168.353 -136.163 -1
    endloop
  endfacet
  facet normal 0.930491 0.366314 0
    outer loop
      vertex -168.361 -136.146 0
      vertex -168.498 -135.798 -1
      vertex -168.498 -135.798 0
    endloop
  endfacet
  facet normal 0.930491 0.366314 0
    outer loop
      vertex -168.498 -135.798 -1
      vertex -168.361 -136.146 0
      vertex -168.361 -136.146 -1
    endloop
  endfacet
  facet normal 0.963518 0.267644 0
    outer loop
      vertex -168.498 -135.798 0
      vertex -168.503 -135.78 -1
      vertex -168.503 -135.78 0
    endloop
  endfacet
  facet normal 0.963518 0.267644 0
    outer loop
      vertex -168.503 -135.78 -1
      vertex -168.498 -135.798 0
      vertex -168.498 -135.798 -1
    endloop
  endfacet
  facet normal 0.968548 0.248826 0
    outer loop
      vertex -168.503 -135.78 0
      vertex -168.596 -135.418 -1
      vertex -168.596 -135.418 0
    endloop
  endfacet
  facet normal 0.968548 0.248826 0
    outer loop
      vertex -168.596 -135.418 -1
      vertex -168.503 -135.78 0
      vertex -168.503 -135.78 -1
    endloop
  endfacet
  facet normal 0.987763 0.155963 0
    outer loop
      vertex -168.596 -135.418 0
      vertex -168.599 -135.399 -1
      vertex -168.599 -135.399 0
    endloop
  endfacet
  facet normal 0.987763 0.155963 0
    outer loop
      vertex -168.599 -135.399 -1
      vertex -168.596 -135.418 0
      vertex -168.596 -135.418 -1
    endloop
  endfacet
  facet normal 0.992071 0.12568 0
    outer loop
      vertex -168.599 -135.399 0
      vertex -168.646 -135.028 -1
      vertex -168.646 -135.028 0
    endloop
  endfacet
  facet normal 0.992071 0.12568 0
    outer loop
      vertex -168.646 -135.028 -1
      vertex -168.599 -135.399 0
      vertex -168.599 -135.399 -1
    endloop
  endfacet
  facet normal 0.998274 0.058722 0
    outer loop
      vertex -168.646 -135.028 0
      vertex -168.647 -135.011 -1
      vertex -168.647 -135.011 0
    endloop
  endfacet
  facet normal 0.998274 0.058722 0
    outer loop
      vertex -168.647 -135.011 -1
      vertex -168.646 -135.028 0
      vertex -168.646 -135.028 -1
    endloop
  endfacet
  facet normal 0.999871 0.0160407 0
    outer loop
      vertex -168.647 -135.011 0
      vertex -168.65 -134.824 -1
      vertex -168.65 -134.824 0
    endloop
  endfacet
  facet normal 0.999871 0.0160407 0
    outer loop
      vertex -168.65 -134.824 -1
      vertex -168.647 -135.011 0
      vertex -168.647 -135.011 -1
    endloop
  endfacet
  facet normal 1 -0 0
    outer loop
      vertex -168.65 -134.824 0
      vertex -168.65 -89.2421 -1
      vertex -168.65 -89.2421 0
    endloop
  endfacet
  facet normal 1 0 0
    outer loop
      vertex -168.65 -89.2421 -1
      vertex -168.65 -134.824 0
      vertex -168.65 -134.824 -1
    endloop
  endfacet
  facet normal 0.999931 -0.0117294 0
    outer loop
      vertex -168.65 -89.2421 0
      vertex -168.648 -89.0716 -1
      vertex -168.648 -89.0716 0
    endloop
  endfacet
  facet normal 0.999931 -0.0117294 0
    outer loop
      vertex -168.648 -89.0716 -1
      vertex -168.65 -89.2421 0
      vertex -168.65 -89.2421 -1
    endloop
  endfacet
  facet normal 0.997663 -0.0683331 0
    outer loop
      vertex -168.648 -89.0716 0
      vertex -168.647 -89.057 -1
      vertex -168.647 -89.057 0
    endloop
  endfacet
  facet normal 0.997663 -0.0683331 0
    outer loop
      vertex -168.647 -89.057 -1
      vertex -168.648 -89.0716 0
      vertex -168.648 -89.0716 -1
    endloop
  endfacet
  facet normal 0.993605 -0.11291 0
    outer loop
      vertex -168.647 -89.057 0
      vertex -168.609 -88.7226 -1
      vertex -168.609 -88.7226 0
    endloop
  endfacet
  facet normal 0.993605 -0.11291 0
    outer loop
      vertex -168.609 -88.7226 -1
      vertex -168.647 -89.057 0
      vertex -168.647 -89.057 -1
    endloop
  endfacet
  facet normal 0.984059 -0.177842 0
    outer loop
      vertex -168.609 -88.7226 0
      vertex -168.606 -88.706 -1
      vertex -168.606 -88.706 0
    endloop
  endfacet
  facet normal 0.984059 -0.177842 0
    outer loop
      vertex -168.606 -88.706 -1
      vertex -168.609 -88.7226 0
      vertex -168.609 -88.7226 -1
    endloop
  endfacet
  facet normal 0.974855 -0.222841 0
    outer loop
      vertex -168.606 -88.706 0
      vertex -168.531 -88.3779 -1
      vertex -168.531 -88.3779 0
    endloop
  endfacet
  facet normal 0.974855 -0.222841 0
    outer loop
      vertex -168.531 -88.3779 -1
      vertex -168.606 -88.706 0
      vertex -168.606 -88.706 -1
    endloop
  endfacet
  facet normal 0.970496 -0.241117 0
    outer loop
      vertex -168.531 -88.3779 0
      vertex -168.527 -88.3618 -1
      vertex -168.527 -88.3618 0
    endloop
  endfacet
  facet normal 0.970496 -0.241117 0
    outer loop
      vertex -168.527 -88.3618 -1
      vertex -168.531 -88.3779 0
      vertex -168.531 -88.3779 -1
    endloop
  endfacet
  facet normal 0.944039 -0.329834 0
    outer loop
      vertex -168.527 -88.3618 0
      vertex -168.416 -88.0441 -1
      vertex -168.416 -88.0441 0
    endloop
  endfacet
  facet normal 0.944039 -0.329834 0
    outer loop
      vertex -168.416 -88.0441 -1
      vertex -168.527 -88.3618 0
      vertex -168.527 -88.3618 -1
    endloop
  endfacet
  facet normal 0.912359 -0.409392 0
    outer loop
      vertex -168.416 -88.0441 0
      vertex -168.409 -88.0285 -1
      vertex -168.409 -88.0285 0
    endloop
  endfacet
  facet normal 0.912359 -0.409392 0
    outer loop
      vertex -168.409 -88.0285 -1
      vertex -168.416 -88.0441 0
      vertex -168.416 -88.0441 -1
    endloop
  endfacet
  facet normal 0.90104 -0.433735 0
    outer loop
      vertex -168.409 -88.0285 0
      vertex -168.263 -87.7252 -1
      vertex -168.263 -87.7252 0
    endloop
  endfacet
  facet normal 0.90104 -0.433735 0
    outer loop
      vertex -168.263 -87.7252 -1
      vertex -168.409 -88.0285 0
      vertex -168.409 -88.0285 -1
    endloop
  endfacet
  facet normal 0.878352 -0.478015 0
    outer loop
      vertex -168.263 -87.7252 0
      vertex -168.255 -87.7105 -1
      vertex -168.255 -87.7105 0
    endloop
  endfacet
  facet normal 0.878352 -0.478015 0
    outer loop
      vertex -168.255 -87.7105 -1
      vertex -168.263 -87.7252 0
      vertex -168.263 -87.7252 -1
    endloop
  endfacet
  facet normal 0.846828 -0.531867 0
    outer loop
      vertex -168.255 -87.7105 0
      vertex -168.076 -87.4255 -1
      vertex -168.076 -87.4255 0
    endloop
  endfacet
  facet normal 0.846828 -0.531867 0
    outer loop
      vertex -168.076 -87.4255 -1
      vertex -168.255 -87.7105 0
      vertex -168.255 -87.7105 -1
    endloop
  endfacet
  facet normal 0.807715 -0.589573 0
    outer loop
      vertex -168.076 -87.4255 0
      vertex -168.066 -87.4118 -1
      vertex -168.066 -87.4118 0
    endloop
  endfacet
  facet normal 0.807715 -0.589573 0
    outer loop
      vertex -168.066 -87.4118 -1
      vertex -168.076 -87.4255 0
      vertex -168.076 -87.4255 -1
    endloop
  endfacet
  facet normal 0.783128 -0.621861 0
    outer loop
      vertex -168.066 -87.4118 0
      vertex -167.857 -87.1486 -1
      vertex -167.857 -87.1486 0
    endloop
  endfacet
  facet normal 0.783128 -0.621861 0
    outer loop
      vertex -167.857 -87.1486 -1
      vertex -168.066 -87.4118 0
      vertex -168.066 -87.4118 -1
    endloop
  endfacet
  facet normal 0.73994 -0.672673 0
    outer loop
      vertex -167.857 -87.1486 0
      vertex -167.847 -87.1376 -1
      vertex -167.847 -87.1376 0
    endloop
  endfacet
  facet normal 0.73994 -0.672673 0
    outer loop
      vertex -167.847 -87.1376 -1
      vertex -167.857 -87.1486 0
      vertex -167.857 -87.1486 -1
    endloop
  endfacet
  facet normal 0.718027 -0.696016 0
    outer loop
      vertex -167.847 -87.1376 0
      vertex -167.73 -87.0169 -1
      vertex -167.73 -87.0169 0
    endloop
  endfacet
  facet normal 0.718027 -0.696016 0
    outer loop
      vertex -167.73 -87.0169 -1
      vertex -167.847 -87.1376 0
      vertex -167.847 -87.1376 -1
    endloop
  endfacet
  facet normal 0.707313 -0.706901 0
    outer loop
      vertex -167.73 -87.0169 0
      vertex -158.985 -78.2668 -1
      vertex -158.985 -78.2668 0
    endloop
  endfacet
  facet normal 0.707313 -0.706901 0
    outer loop
      vertex -158.985 -78.2668 -1
      vertex -167.73 -87.0169 0
      vertex -167.73 -87.0169 -1
    endloop
  endfacet
  facet normal 0.698251 -0.715853 0
    outer loop
      vertex -158.985 -78.2668 -1
      vertex -158.863 -78.1478 0
      vertex -158.985 -78.2668 0
    endloop
  endfacet
  facet normal 0.698251 -0.715853 0
    outer loop
      vertex -158.863 -78.1478 0
      vertex -158.985 -78.2668 -1
      vertex -158.863 -78.1478 -1
    endloop
  endfacet
  facet normal 0.665206 -0.74666 0
    outer loop
      vertex -158.863 -78.1478 -1
      vertex -158.852 -78.138 0
      vertex -158.863 -78.1478 0
    endloop
  endfacet
  facet normal 0.665206 -0.74666 0
    outer loop
      vertex -158.852 -78.138 0
      vertex -158.863 -78.1478 -1
      vertex -158.852 -78.138 -1
    endloop
  endfacet
  facet normal 0.622705 -0.782457 0
    outer loop
      vertex -158.852 -78.138 -1
      vertex -158.588 -77.9279 0
      vertex -158.852 -78.138 0
    endloop
  endfacet
  facet normal 0.622705 -0.782457 0
    outer loop
      vertex -158.588 -77.9279 0
      vertex -158.852 -78.138 -1
      vertex -158.588 -77.9279 -1
    endloop
  endfacet
  facet normal 0.598025 -0.801477 0
    outer loop
      vertex -158.588 -77.9279 -1
      vertex -158.575 -77.9182 0
      vertex -158.588 -77.9279 0
    endloop
  endfacet
  facet normal 0.598025 -0.801477 0
    outer loop
      vertex -158.575 -77.9182 0
      vertex -158.588 -77.9279 -1
      vertex -158.575 -77.9182 -1
    endloop
  endfacet
  facet normal 0.532506 -0.846426 0
    outer loop
      vertex -158.575 -77.9182 -1
      vertex -158.29 -77.7389 0
      vertex -158.575 -77.9182 0
    endloop
  endfacet
  facet normal 0.532506 -0.846426 0
    outer loop
      vertex -158.29 -77.7389 0
      vertex -158.575 -77.9182 -1
      vertex -158.29 -77.7389 -1
    endloop
  endfacet
  facet normal 0.475149 -0.879905 0
    outer loop
      vertex -158.29 -77.7389 -1
      vertex -158.275 -77.7308 0
      vertex -158.29 -77.7389 0
    endloop
  endfacet
  facet normal 0.475149 -0.879905 0
    outer loop
      vertex -158.275 -77.7308 0
      vertex -158.29 -77.7389 -1
      vertex -158.275 -77.7308 -1
    endloop
  endfacet
  facet normal 0.433406 -0.901199 0
    outer loop
      vertex -158.275 -77.7308 -1
      vertex -157.971 -77.5846 0
      vertex -158.275 -77.7308 0
    endloop
  endfacet
  facet normal 0.433406 -0.901199 0
    outer loop
      vertex -157.971 -77.5846 0
      vertex -158.275 -77.7308 -1
      vertex -157.971 -77.5846 -1
    endloop
  endfacet
  facet normal 0.397607 -0.917556 0
    outer loop
      vertex -157.971 -77.5846 -1
      vertex -157.956 -77.5781 0
      vertex -157.971 -77.5846 0
    endloop
  endfacet
  facet normal 0.397607 -0.917556 0
    outer loop
      vertex -157.956 -77.5781 0
      vertex -157.971 -77.5846 -1
      vertex -157.956 -77.5781 -1
    endloop
  endfacet
  facet normal 0.33035 -0.943858 0
    outer loop
      vertex -157.956 -77.5781 -1
      vertex -157.638 -77.4668 0
      vertex -157.956 -77.5781 0
    endloop
  endfacet
  facet normal 0.33035 -0.943858 0
    outer loop
      vertex -157.638 -77.4668 0
      vertex -157.956 -77.5781 -1
      vertex -157.638 -77.4668 -1
    endloop
  endfacet
  facet normal 0.276307 -0.961069 0
    outer loop
      vertex -157.638 -77.4668 -1
      vertex -157.622 -77.4622 0
      vertex -157.638 -77.4668 0
    endloop
  endfacet
  facet normal 0.276307 -0.961069 0
    outer loop
      vertex -157.622 -77.4622 0
      vertex -157.638 -77.4668 -1
      vertex -157.622 -77.4622 -1
    endloop
  endfacet
  facet normal 0.222543 -0.974923 0
    outer loop
      vertex -157.622 -77.4622 -1
      vertex -157.293 -77.3871 0
      vertex -157.622 -77.4622 0
    endloop
  endfacet
  facet normal 0.222543 -0.974923 0
    outer loop
      vertex -157.293 -77.3871 0
      vertex -157.622 -77.4622 -1
      vertex -157.293 -77.3871 -1
    endloop
  endfacet
  facet normal 0.17238 -0.98503 0
    outer loop
      vertex -157.293 -77.3871 -1
      vertex -157.277 -77.3843 0
      vertex -157.293 -77.3871 0
    endloop
  endfacet
  facet normal 0.17238 -0.98503 0
    outer loop
      vertex -157.277 -77.3843 0
      vertex -157.293 -77.3871 -1
      vertex -157.277 -77.3843 -1
    endloop
  endfacet
  facet normal 0.111831 -0.993727 0
    outer loop
      vertex -157.277 -77.3843 -1
      vertex -156.942 -77.3466 0
      vertex -157.277 -77.3843 0
    endloop
  endfacet
  facet normal 0.111831 -0.993727 0
    outer loop
      vertex -156.942 -77.3466 0
      vertex -157.277 -77.3843 -1
      vertex -156.942 -77.3466 -1
    endloop
  endfacet
  facet normal 0.0598923 -0.998205 0
    outer loop
      vertex -156.942 -77.3466 -1
      vertex -156.927 -77.3457 0
      vertex -156.942 -77.3466 0
    endloop
  endfacet
  facet normal 0.0598923 -0.998205 0
    outer loop
      vertex -156.927 -77.3457 0
      vertex -156.942 -77.3466 -1
      vertex -156.927 -77.3457 -1
    endloop
  endfacet
  facet normal 0.0136892 -0.999906 0
    outer loop
      vertex -156.927 -77.3457 -1
      vertex -156.759 -77.3434 0
      vertex -156.927 -77.3457 0
    endloop
  endfacet
  facet normal 0.0136892 -0.999906 0
    outer loop
      vertex -156.759 -77.3434 0
      vertex -156.927 -77.3457 -1
      vertex -156.759 -77.3434 -1
    endloop
  endfacet
  facet normal 0 -1 0
    outer loop
      vertex -156.759 -77.3434 -1
      vertex -94 -77.3434 0
      vertex -156.759 -77.3434 0
    endloop
  endfacet
  facet normal 0 -1 -0
    outer loop
      vertex -94 -77.3434 0
      vertex -156.759 -77.3434 -1
      vertex -94 -77.3434 -1
    endloop
  endfacet
  facet normal -0.0140831 -0.999901 0
    outer loop
      vertex -94 -77.3434 -1
      vertex -93.8296 -77.3458 0
      vertex -94 -77.3434 0
    endloop
  endfacet
  facet normal -0.0140831 -0.999901 -0
    outer loop
      vertex -93.8296 -77.3458 0
      vertex -94 -77.3434 -1
      vertex -93.8296 -77.3458 -1
    endloop
  endfacet
  facet normal -0.0611101 -0.998131 0
    outer loop
      vertex -93.8296 -77.3458 -1
      vertex -93.8149 -77.3467 0
      vertex -93.8296 -77.3458 0
    endloop
  endfacet
  facet normal -0.0611101 -0.998131 -0
    outer loop
      vertex -93.8149 -77.3467 0
      vertex -93.8296 -77.3458 -1
      vertex -93.8149 -77.3467 -1
    endloop
  endfacet
  facet normal -0.111963 -0.993712 0
    outer loop
      vertex -93.8149 -77.3467 -1
      vertex -93.4803 -77.3844 0
      vertex -93.8149 -77.3467 0
    endloop
  endfacet
  facet normal -0.111963 -0.993712 -0
    outer loop
      vertex -93.4803 -77.3844 0
      vertex -93.8149 -77.3467 -1
      vertex -93.4803 -77.3844 -1
    endloop
  endfacet
  facet normal -0.172092 -0.985081 0
    outer loop
      vertex -93.4803 -77.3844 -1
      vertex -93.4637 -77.3873 0
      vertex -93.4803 -77.3844 0
    endloop
  endfacet
  facet normal -0.172092 -0.985081 -0
    outer loop
      vertex -93.4637 -77.3873 0
      vertex -93.4803 -77.3844 -1
      vertex -93.4637 -77.3873 -1
    endloop
  endfacet
  facet normal -0.22243 -0.974949 0
    outer loop
      vertex -93.4637 -77.3873 -1
      vertex -93.1354 -77.4622 0
      vertex -93.4637 -77.3873 0
    endloop
  endfacet
  facet normal -0.22243 -0.974949 -0
    outer loop
      vertex -93.1354 -77.4622 0
      vertex -93.4637 -77.3873 -1
      vertex -93.1354 -77.4622 -1
    endloop
  endfacet
  facet normal -0.273152 -0.961971 0
    outer loop
      vertex -93.1354 -77.4622 -1
      vertex -93.1192 -77.4668 0
      vertex -93.1354 -77.4622 0
    endloop
  endfacet
  facet normal -0.273152 -0.961971 -0
    outer loop
      vertex -93.1192 -77.4668 0
      vertex -93.1354 -77.4622 -1
      vertex -93.1192 -77.4668 -1
    endloop
  endfacet
  facet normal -0.330364 -0.943854 0
    outer loop
      vertex -93.1192 -77.4668 -1
      vertex -92.8015 -77.578 0
      vertex -93.1192 -77.4668 0
    endloop
  endfacet
  facet normal -0.330364 -0.943854 -0
    outer loop
      vertex -92.8015 -77.578 0
      vertex -93.1192 -77.4668 -1
      vertex -92.8015 -77.578 -1
    endloop
  endfacet
  facet normal -0.379556 -0.925169 0
    outer loop
      vertex -92.8015 -77.578 -1
      vertex -92.7859 -77.5844 0
      vertex -92.8015 -77.578 0
    endloop
  endfacet
  facet normal -0.379556 -0.925169 -0
    outer loop
      vertex -92.7859 -77.5844 0
      vertex -92.8015 -77.578 -1
      vertex -92.7859 -77.5844 -1
    endloop
  endfacet
  facet normal -0.433735 -0.90104 0
    outer loop
      vertex -92.7859 -77.5844 -1
      vertex -92.4826 -77.7304 0
      vertex -92.7859 -77.5844 0
    endloop
  endfacet
  facet normal -0.433735 -0.90104 -0
    outer loop
      vertex -92.4826 -77.7304 0
      vertex -92.7859 -77.5844 -1
      vertex -92.4826 -77.7304 -1
    endloop
  endfacet
  facet normal -0.487155 -0.873315 0
    outer loop
      vertex -92.4826 -77.7304 -1
      vertex -92.4679 -77.7386 0
      vertex -92.4826 -77.7304 0
    endloop
  endfacet
  facet normal -0.487155 -0.873315 -0
    outer loop
      vertex -92.4679 -77.7386 0
      vertex -92.4826 -77.7304 -1
      vertex -92.4679 -77.7386 -1
    endloop
  endfacet
  facet normal -0.532159 -0.846644 0
    outer loop
      vertex -92.4679 -77.7386 -1
      vertex -92.1828 -77.9178 0
      vertex -92.4679 -77.7386 0
    endloop
  endfacet
  facet normal -0.532159 -0.846644 -0
    outer loop
      vertex -92.1828 -77.9178 0
      vertex -92.4679 -77.7386 -1
      vertex -92.1828 -77.9178 -1
    endloop
  endfacet
  facet normal -0.577852 -0.816142 0
    outer loop
      vertex -92.1828 -77.9178 -1
      vertex -92.1691 -77.9275 0
      vertex -92.1828 -77.9178 0
    endloop
  endfacet
  facet normal -0.577852 -0.816142 -0
    outer loop
      vertex -92.1691 -77.9275 0
      vertex -92.1828 -77.9178 -1
      vertex -92.1691 -77.9275 -1
    endloop
  endfacet
  facet normal -0.623354 -0.78194 0
    outer loop
      vertex -92.1691 -77.9275 -1
      vertex -91.9058 -78.1374 0
      vertex -92.1691 -77.9275 0
    endloop
  endfacet
  facet normal -0.623354 -0.78194 -0
    outer loop
      vertex -91.9058 -78.1374 0
      vertex -92.1691 -77.9275 -1
      vertex -91.9058 -78.1374 -1
    endloop
  endfacet
  facet normal -0.664364 -0.747409 0
    outer loop
      vertex -91.9058 -78.1374 -1
      vertex -91.8932 -78.1486 0
      vertex -91.9058 -78.1374 0
    endloop
  endfacet
  facet normal -0.664364 -0.747409 -0
    outer loop
      vertex -91.8932 -78.1486 0
      vertex -91.9058 -78.1374 -1
      vertex -91.8932 -78.1486 -1
    endloop
  endfacet
  facet normal -0.707107 -0.707107 0
    outer loop
      vertex -91.6551 -78.3867 -1
      vertex -91.8932 -78.1486 0
      vertex -91.8932 -78.1486 -1
    endloop
  endfacet
  facet normal -0.707107 -0.707107 0
    outer loop
      vertex -91.8932 -78.1486 0
      vertex -91.6551 -78.3867 -1
      vertex -91.6551 -78.3867 0
    endloop
  endfacet
  facet normal -0.747409 -0.664364 0
    outer loop
      vertex -91.6439 -78.3993 -1
      vertex -91.6551 -78.3867 0
      vertex -91.6551 -78.3867 -1
    endloop
  endfacet
  facet normal -0.747409 -0.664364 0
    outer loop
      vertex -91.6551 -78.3867 0
      vertex -91.6439 -78.3993 -1
      vertex -91.6439 -78.3993 0
    endloop
  endfacet
  facet normal -0.781824 -0.623499 0
    outer loop
      vertex -91.434 -78.6625 -1
      vertex -91.6439 -78.3993 0
      vertex -91.6439 -78.3993 -1
    endloop
  endfacet
  facet normal -0.781824 -0.623499 0
    outer loop
      vertex -91.6439 -78.3993 0
      vertex -91.434 -78.6625 -1
      vertex -91.434 -78.6625 0
    endloop
  endfacet
  facet normal -0.816142 -0.577852 0
    outer loop
      vertex -91.4243 -78.6762 -1
      vertex -91.434 -78.6625 0
      vertex -91.434 -78.6625 -1
    endloop
  endfacet
  facet normal -0.816142 -0.577852 0
    outer loop
      vertex -91.434 -78.6625 0
      vertex -91.4243 -78.6762 -1
      vertex -91.4243 -78.6762 0
    endloop
  endfacet
  facet normal -0.846778 -0.531946 0
    outer loop
      vertex -91.2452 -78.9613 -1
      vertex -91.4243 -78.6762 0
      vertex -91.4243 -78.6762 -1
    endloop
  endfacet
  facet normal -0.846778 -0.531946 0
    outer loop
      vertex -91.4243 -78.6762 0
      vertex -91.2452 -78.9613 -1
      vertex -91.2452 -78.9613 0
    endloop
  endfacet
  facet normal -0.873315 -0.487155 0
    outer loop
      vertex -91.237 -78.976 -1
      vertex -91.2452 -78.9613 0
      vertex -91.2452 -78.9613 -1
    endloop
  endfacet
  facet normal -0.873315 -0.487155 0
    outer loop
      vertex -91.2452 -78.9613 0
      vertex -91.237 -78.976 -1
      vertex -91.237 -78.976 0
    endloop
  endfacet
  facet normal -0.90098 -0.43386 0
    outer loop
      vertex -91.0909 -79.2794 -1
      vertex -91.237 -78.976 0
      vertex -91.237 -78.976 -1
    endloop
  endfacet
  facet normal -0.90098 -0.43386 0
    outer loop
      vertex -91.237 -78.976 0
      vertex -91.0909 -79.2794 -1
      vertex -91.0909 -79.2794 0
    endloop
  endfacet
  facet normal -0.925169 -0.379556 0
    outer loop
      vertex -91.0845 -79.295 -1
      vertex -91.0909 -79.2794 0
      vertex -91.0909 -79.2794 -1
    endloop
  endfacet
  facet normal -0.925169 -0.379556 0
    outer loop
      vertex -91.0909 -79.2794 0
      vertex -91.0845 -79.295 -1
      vertex -91.0845 -79.295 0
    endloop
  endfacet
  facet normal -0.943854 -0.330364 0
    outer loop
      vertex -90.9733 -79.6127 -1
      vertex -91.0845 -79.295 0
      vertex -91.0845 -79.295 -1
    endloop
  endfacet
  facet normal -0.943854 -0.330364 0
    outer loop
      vertex -91.0845 -79.295 0
      vertex -90.9733 -79.6127 -1
      vertex -90.9733 -79.6127 0
    endloop
  endfacet
  facet normal -0.961971 -0.273152 0
    outer loop
      vertex -90.9687 -79.6289 -1
      vertex -90.9733 -79.6127 0
      vertex -90.9733 -79.6127 -1
    endloop
  endfacet
  facet normal -0.961971 -0.273152 0
    outer loop
      vertex -90.9733 -79.6127 0
      vertex -90.9687 -79.6289 -1
      vertex -90.9687 -79.6289 0
    endloop
  endfacet
  facet normal -0.974934 -0.222494 0
    outer loop
      vertex -90.8938 -79.9571 -1
      vertex -90.9687 -79.6289 0
      vertex -90.9687 -79.6289 -1
    endloop
  endfacet
  facet normal -0.974934 -0.222494 0
    outer loop
      vertex -90.9687 -79.6289 0
      vertex -90.8938 -79.9571 -1
      vertex -90.8938 -79.9571 0
    endloop
  endfacet
  facet normal -0.985081 -0.172092 0
    outer loop
      vertex -90.8909 -79.9737 -1
      vertex -90.8938 -79.9571 0
      vertex -90.8938 -79.9571 -1
    endloop
  endfacet
  facet normal -0.985081 -0.172092 0
    outer loop
      vertex -90.8938 -79.9571 0
      vertex -90.8909 -79.9737 -1
      vertex -90.8909 -79.9737 0
    endloop
  endfacet
  facet normal -0.993712 -0.111963 0
    outer loop
      vertex -90.8532 -80.3083 -1
      vertex -90.8909 -79.9737 0
      vertex -90.8909 -79.9737 -1
    endloop
  endfacet
  facet normal -0.993712 -0.111963 0
    outer loop
      vertex -90.8909 -79.9737 0
      vertex -90.8532 -80.3083 -1
      vertex -90.8532 -80.3083 0
    endloop
  endfacet
  facet normal -0.998131 -0.0611101 0
    outer loop
      vertex -90.8523 -80.323 -1
      vertex -90.8532 -80.3083 0
      vertex -90.8532 -80.3083 -1
    endloop
  endfacet
  facet normal -0.998131 -0.0611101 0
    outer loop
      vertex -90.8532 -80.3083 0
      vertex -90.8523 -80.323 -1
      vertex -90.8523 -80.323 0
    endloop
  endfacet
  facet normal -0.999907 -0.0136648 0
    outer loop
      vertex -90.85 -80.4913 -1
      vertex -90.8523 -80.323 0
      vertex -90.8523 -80.323 -1
    endloop
  endfacet
  facet normal -0.999907 -0.0136648 0
    outer loop
      vertex -90.8523 -80.323 0
      vertex -90.85 -80.4913 -1
      vertex -90.85 -80.4913 0
    endloop
  endfacet
  facet normal -1 0 0
    outer loop
      vertex -90.85 -140 -1
      vertex -90.85 -80.4913 0
      vertex -90.85 -80.4913 -1
    endloop
  endfacet
  facet normal -1 -0 0
    outer loop
      vertex -90.85 -80.4913 0
      vertex -90.85 -140 -1
      vertex -90.85 -140 0
    endloop
  endfacet
  facet normal -0.9999 0.0141162 0
    outer loop
      vertex -90.8524 -140.17 -1
      vertex -90.85 -140 0
      vertex -90.85 -140 -1
    endloop
  endfacet
  facet normal -0.9999 0.0141162 0
    outer loop
      vertex -90.85 -140 0
      vertex -90.8524 -140.17 -1
      vertex -90.8524 -140.17 0
    endloop
  endfacet
  facet normal -0.998205 0.0598923 0
    outer loop
      vertex -90.8533 -140.185 -1
      vertex -90.8524 -140.17 0
      vertex -90.8524 -140.17 -1
    endloop
  endfacet
  facet normal -0.998205 0.0598923 0
    outer loop
      vertex -90.8524 -140.17 0
      vertex -90.8533 -140.185 -1
      vertex -90.8533 -140.185 0
    endloop
  endfacet
  facet normal -0.993727 0.111831 0
    outer loop
      vertex -90.891 -140.52 -1
      vertex -90.8533 -140.185 0
      vertex -90.8533 -140.185 -1
    endloop
  endfacet
  facet normal -0.993727 0.111831 0
    outer loop
      vertex -90.8533 -140.185 0
      vertex -90.891 -140.52 -1
      vertex -90.891 -140.52 0
    endloop
  endfacet
  facet normal -0.98503 0.17238 0
    outer loop
      vertex -90.8938 -140.536 -1
      vertex -90.891 -140.52 0
      vertex -90.891 -140.52 -1
    endloop
  endfacet
  facet normal -0.98503 0.17238 0
    outer loop
      vertex -90.891 -140.52 0
      vertex -90.8938 -140.536 -1
      vertex -90.8938 -140.536 0
    endloop
  endfacet
  facet normal -0.974987 0.222261 0
    outer loop
      vertex -90.9688 -140.865 -1
      vertex -90.8938 -140.536 0
      vertex -90.8938 -140.536 -1
    endloop
  endfacet
  facet normal -0.974987 0.222261 0
    outer loop
      vertex -90.8938 -140.536 0
      vertex -90.9688 -140.865 -1
      vertex -90.9688 -140.865 0
    endloop
  endfacet
  facet normal -0.961069 0.276307 0
    outer loop
      vertex -90.9734 -140.881 -1
      vertex -90.9688 -140.865 0
      vertex -90.9688 -140.865 -1
    endloop
  endfacet
  facet normal -0.961069 0.276307 0
    outer loop
      vertex -90.9688 -140.865 0
      vertex -90.9734 -140.881 -1
      vertex -90.9734 -140.881 0
    endloop
  endfacet
  facet normal -0.943951 0.330086 0
    outer loop
      vertex -91.0846 -141.199 -1
      vertex -90.9734 -140.881 0
      vertex -90.9734 -140.881 -1
    endloop
  endfacet
  facet normal -0.943951 0.330086 0
    outer loop
      vertex -90.9734 -140.881 0
      vertex -91.0846 -141.199 -1
      vertex -91.0846 -141.199 0
    endloop
  endfacet
  facet normal -0.917556 0.397607 0
    outer loop
      vertex -91.0911 -141.214 -1
      vertex -91.0846 -141.199 0
      vertex -91.0846 -141.199 -1
    endloop
  endfacet
  facet normal -0.917556 0.397607 0
    outer loop
      vertex -91.0846 -141.199 0
      vertex -91.0911 -141.214 -1
      vertex -91.0911 -141.214 0
    endloop
  endfacet
  facet normal -0.900756 0.434325 0
    outer loop
      vertex -91.2372 -141.517 -1
      vertex -91.0911 -141.214 0
      vertex -91.0911 -141.214 -1
    endloop
  endfacet
  facet normal -0.900756 0.434325 0
    outer loop
      vertex -91.0911 -141.214 0
      vertex -91.2372 -141.517 -1
      vertex -91.2372 -141.517 0
    endloop
  endfacet
  facet normal -0.879905 0.475149 0
    outer loop
      vertex -91.2453 -141.532 -1
      vertex -91.2372 -141.517 0
      vertex -91.2372 -141.517 -1
    endloop
  endfacet
  facet normal -0.879905 0.475149 0
    outer loop
      vertex -91.2372 -141.517 0
      vertex -91.2453 -141.532 -1
      vertex -91.2453 -141.532 0
    endloop
  endfacet
  facet normal -0.846694 0.53208 0
    outer loop
      vertex -91.4244 -141.817 -1
      vertex -91.2453 -141.532 0
      vertex -91.2453 -141.532 -1
    endloop
  endfacet
  facet normal -0.846694 0.53208 0
    outer loop
      vertex -91.2453 -141.532 0
      vertex -91.4244 -141.817 -1
      vertex -91.4244 -141.817 0
    endloop
  endfacet
  facet normal -0.821981 0.569515 0
    outer loop
      vertex -91.4341 -141.831 -1
      vertex -91.4244 -141.817 0
      vertex -91.4244 -141.817 -1
    endloop
  endfacet
  facet normal -0.821981 0.569515 0
    outer loop
      vertex -91.4244 -141.817 0
      vertex -91.4341 -141.831 -1
      vertex -91.4341 -141.831 0
    endloop
  endfacet
  facet normal -0.781593 0.623789 0
    outer loop
      vertex -91.644 -142.094 -1
      vertex -91.4341 -141.831 0
      vertex -91.4341 -141.831 -1
    endloop
  endfacet
  facet normal -0.781593 0.623789 0
    outer loop
      vertex -91.4341 -141.831 0
      vertex -91.644 -142.094 -1
      vertex -91.644 -142.094 0
    endloop
  endfacet
  facet normal -0.757609 0.652709 0
    outer loop
      vertex -91.6552 -142.107 -1
      vertex -91.644 -142.094 0
      vertex -91.644 -142.094 -1
    endloop
  endfacet
  facet normal -0.757609 0.652709 0
    outer loop
      vertex -91.644 -142.094 0
      vertex -91.6552 -142.107 -1
      vertex -91.6552 -142.107 0
    endloop
  endfacet
  facet normal -0.706958 0.707255 0
    outer loop
      vertex -91.8933 -142.345 -1
      vertex -91.6552 -142.107 0
      vertex -91.6552 -142.107 -1
    endloop
  endfacet
  facet normal -0.706958 0.707255 0
    outer loop
      vertex -91.6552 -142.107 0
      vertex -91.8933 -142.345 -1
      vertex -91.8933 -142.345 0
    endloop
  endfacet
  facet normal -0.657658 0.753317 0
    outer loop
      vertex -91.8933 -142.345 -1
      vertex -91.9059 -142.356 0
      vertex -91.8933 -142.345 0
    endloop
  endfacet
  facet normal -0.657658 0.753317 0
    outer loop
      vertex -91.9059 -142.356 0
      vertex -91.8933 -142.345 -1
      vertex -91.9059 -142.356 -1
    endloop
  endfacet
  facet normal -0.62368 0.781679 0
    outer loop
      vertex -91.9059 -142.356 -1
      vertex -92.1691 -142.566 0
      vertex -91.9059 -142.356 0
    endloop
  endfacet
  facet normal -0.62368 0.781679 0
    outer loop
      vertex -92.1691 -142.566 0
      vertex -91.9059 -142.356 -1
      vertex -92.1691 -142.566 -1
    endloop
  endfacet
  facet normal -0.589573 0.807715 0
    outer loop
      vertex -92.1691 -142.566 -1
      vertex -92.1828 -142.576 0
      vertex -92.1691 -142.566 0
    endloop
  endfacet
  facet normal -0.589573 0.807715 0
    outer loop
      vertex -92.1828 -142.576 0
      vertex -92.1691 -142.566 -1
      vertex -92.1828 -142.576 -1
    endloop
  endfacet
  facet normal -0.531733 0.846912 0
    outer loop
      vertex -92.1828 -142.576 -1
      vertex -92.4679 -142.755 0
      vertex -92.1828 -142.576 0
    endloop
  endfacet
  facet normal -0.531733 0.846912 0
    outer loop
      vertex -92.4679 -142.755 0
      vertex -92.1828 -142.576 -1
      vertex -92.4679 -142.755 -1
    endloop
  endfacet
  facet normal -0.478015 0.878352 0
    outer loop
      vertex -92.4679 -142.755 -1
      vertex -92.4826 -142.763 0
      vertex -92.4679 -142.755 0
    endloop
  endfacet
  facet normal -0.478015 0.878352 0
    outer loop
      vertex -92.4826 -142.763 0
      vertex -92.4679 -142.755 -1
      vertex -92.4826 -142.763 -1
    endloop
  endfacet
  facet normal -0.433735 0.90104 0
    outer loop
      vertex -92.4826 -142.763 -1
      vertex -92.7859 -142.909 0
      vertex -92.4826 -142.763 0
    endloop
  endfacet
  facet normal -0.433735 0.90104 0
    outer loop
      vertex -92.7859 -142.909 0
      vertex -92.4826 -142.763 -1
      vertex -92.7859 -142.909 -1
    endloop
  endfacet
  facet normal -0.358979 0.933346 0
    outer loop
      vertex -92.7859 -142.909 -1
      vertex -92.8015 -142.915 0
      vertex -92.7859 -142.909 0
    endloop
  endfacet
  facet normal -0.358979 0.933346 0
    outer loop
      vertex -92.8015 -142.915 0
      vertex -92.7859 -142.909 -1
      vertex -92.8015 -142.915 -1
    endloop
  endfacet
  facet normal -0.332478 0.943111 0
    outer loop
      vertex -92.8015 -142.915 -1
      vertex -93.1192 -143.027 0
      vertex -92.8015 -142.915 0
    endloop
  endfacet
  facet normal -0.332478 0.943111 0
    outer loop
      vertex -93.1192 -143.027 0
      vertex -92.8015 -142.915 -1
      vertex -93.1192 -143.027 -1
    endloop
  endfacet
  facet normal -0.239714 0.970843 0
    outer loop
      vertex -93.1192 -143.027 -1
      vertex -93.1354 -143.031 0
      vertex -93.1192 -143.027 0
    endloop
  endfacet
  facet normal -0.239714 0.970843 0
    outer loop
      vertex -93.1354 -143.031 0
      vertex -93.1192 -143.027 -1
      vertex -93.1354 -143.031 -1
    endloop
  endfacet
  facet normal -0.222712 0.974884 0
    outer loop
      vertex -93.1354 -143.031 -1
      vertex -93.4637 -143.106 0
      vertex -93.1354 -143.031 0
    endloop
  endfacet
  facet normal -0.222712 0.974884 0
    outer loop
      vertex -93.4637 -143.106 0
      vertex -93.1354 -143.031 -1
      vertex -93.4637 -143.106 -1
    endloop
  endfacet
  facet normal -0.177842 0.984059 0
    outer loop
      vertex -93.4637 -143.106 -1
      vertex -93.4803 -143.109 0
      vertex -93.4637 -143.106 0
    endloop
  endfacet
  facet normal -0.177842 0.984059 0
    outer loop
      vertex -93.4803 -143.109 0
      vertex -93.4637 -143.106 -1
      vertex -93.4803 -143.109 -1
    endloop
  endfacet
  facet normal -0.112843 0.993613 0
    outer loop
      vertex -93.4803 -143.109 -1
      vertex -93.8149 -143.147 0
      vertex -93.4803 -143.109 0
    endloop
  endfacet
  facet normal -0.112843 0.993613 0
    outer loop
      vertex -93.8149 -143.147 0
      vertex -93.4803 -143.109 -1
      vertex -93.8149 -143.147 -1
    endloop
  endfacet
  facet normal -0.0683331 0.997663 0
    outer loop
      vertex -93.8149 -143.147 -1
      vertex -93.8295 -143.148 0
      vertex -93.8149 -143.147 0
    endloop
  endfacet
  facet normal -0.0683331 0.997663 0
    outer loop
      vertex -93.8295 -143.148 0
      vertex -93.8149 -143.147 -1
      vertex -93.8295 -143.148 -1
    endloop
  endfacet
  facet normal -0.0117294 0.999931 0
    outer loop
      vertex -93.8295 -143.148 -1
      vertex -94 -143.15 0
      vertex -93.8295 -143.148 0
    endloop
  endfacet
  facet normal -0.0117294 0.999931 0
    outer loop
      vertex -94 -143.15 0
      vertex -93.8295 -143.148 -1
      vertex -94 -143.15 -1
    endloop
  endfacet
  facet normal 0 1 -0
    outer loop
      vertex -94 -143.15 -1
      vertex -160.692 -143.15 0
      vertex -94 -143.15 0
    endloop
  endfacet
  facet normal 0 1 0
    outer loop
      vertex -160.692 -143.15 0
      vertex -94 -143.15 -1
      vertex -160.692 -143.15 -1
    endloop
  endfacet
  facet normal -0.194151 0.980972 0
    outer loop
      vertex -153.629 -90.431 0
      vertex -153.725 -90.45 0.2
      vertex -153.629 -90.431 0.2
    endloop
  endfacet
  facet normal -0.194151 0.980972 0
    outer loop
      vertex -153.725 -90.45 0.2
      vertex -153.629 -90.431 0
      vertex -153.725 -90.45 0
    endloop
  endfacet
  facet normal -0.980856 -0.194736 0
    outer loop
      vertex -153.475 -87.2 0
      vertex -153.494 -87.1043 0.2
      vertex -153.494 -87.1043 0
    endloop
  endfacet
  facet normal -0.980856 -0.194736 0
    outer loop
      vertex -153.494 -87.1043 0.2
      vertex -153.475 -87.2 0
      vertex -153.475 -87.2 0.2
    endloop
  endfacet
  facet normal 0 -1 0
    outer loop
      vertex -155.025 -86.95 0
      vertex -153.725 -86.95 0.2
      vertex -155.025 -86.95 0.2
    endloop
  endfacet
  facet normal 0 -1 -0
    outer loop
      vertex -153.725 -86.95 0.2
      vertex -155.025 -86.95 0
      vertex -153.725 -86.95 0
    endloop
  endfacet
  facet normal 0.194151 0.980972 -0
    outer loop
      vertex -155.025 -90.45 0
      vertex -155.121 -90.431 0.2
      vertex -155.025 -90.45 0.2
    endloop
  endfacet
  facet normal 0.194151 0.980972 0
    outer loop
      vertex -155.121 -90.431 0.2
      vertex -155.025 -90.45 0
      vertex -155.121 -90.431 0
    endloop
  endfacet
  facet normal 1 -0 0
    outer loop
      vertex -155.275 -90.2 0.2
      vertex -155.275 -87.2 0
      vertex -155.275 -87.2 0.2
    endloop
  endfacet
  facet normal 1 0 0
    outer loop
      vertex -155.275 -87.2 0
      vertex -155.275 -90.2 0.2
      vertex -155.275 -90.2 0
    endloop
  endfacet
  facet normal -0.194151 -0.980972 0
    outer loop
      vertex -153.725 -86.95 0
      vertex -153.629 -86.969 0.2
      vertex -153.725 -86.95 0.2
    endloop
  endfacet
  facet normal -0.194151 -0.980972 -0
    outer loop
      vertex -153.629 -86.969 0.2
      vertex -153.725 -86.95 0
      vertex -153.629 -86.969 0
    endloop
  endfacet
  facet normal 0.55612 0.831102 -0
    outer loop
      vertex -155.121 -90.431 0
      vertex -155.202 -90.3768 0.2
      vertex -155.121 -90.431 0.2
    endloop
  endfacet
  facet normal 0.55612 0.831102 0
    outer loop
      vertex -155.202 -90.3768 0.2
      vertex -155.121 -90.431 0
      vertex -155.202 -90.3768 0
    endloop
  endfacet
  facet normal -1 0 0
    outer loop
      vertex -153.475 -90.2 0
      vertex -153.475 -87.2 0.2
      vertex -153.475 -87.2 0
    endloop
  endfacet
  facet normal -1 -0 0
    outer loop
      vertex -153.475 -87.2 0.2
      vertex -153.475 -90.2 0
      vertex -153.475 -90.2 0.2
    endloop
  endfacet
  facet normal 0.832366 0.554226 0
    outer loop
      vertex -155.202 -90.3768 0.2
      vertex -155.256 -90.2957 0
      vertex -155.256 -90.2957 0.2
    endloop
  endfacet
  facet normal 0.832366 0.554226 0
    outer loop
      vertex -155.256 -90.2957 0
      vertex -155.202 -90.3768 0.2
      vertex -155.202 -90.3768 0
    endloop
  endfacet
  facet normal 0.980856 0.194736 0
    outer loop
      vertex -155.256 -90.2957 0.2
      vertex -155.275 -90.2 0
      vertex -155.275 -90.2 0.2
    endloop
  endfacet
  facet normal 0.980856 0.194736 0
    outer loop
      vertex -155.275 -90.2 0
      vertex -155.256 -90.2957 0.2
      vertex -155.256 -90.2957 0
    endloop
  endfacet
  facet normal 0.55612 -0.831102 0
    outer loop
      vertex -155.202 -87.0232 0
      vertex -155.121 -86.969 0.2
      vertex -155.202 -87.0232 0.2
    endloop
  endfacet
  facet normal 0.55612 -0.831102 0
    outer loop
      vertex -155.121 -86.969 0.2
      vertex -155.202 -87.0232 0
      vertex -155.121 -86.969 0
    endloop
  endfacet
  facet normal 0 1 -0
    outer loop
      vertex -153.725 -90.45 0
      vertex -155.025 -90.45 0.2
      vertex -153.725 -90.45 0.2
    endloop
  endfacet
  facet normal 0 1 0
    outer loop
      vertex -155.025 -90.45 0.2
      vertex -153.725 -90.45 0
      vertex -155.025 -90.45 0
    endloop
  endfacet
  facet normal 0.832366 -0.554226 0
    outer loop
      vertex -155.256 -87.1043 0.2
      vertex -155.202 -87.0232 0
      vertex -155.202 -87.0232 0.2
    endloop
  endfacet
  facet normal 0.832366 -0.554226 0
    outer loop
      vertex -155.202 -87.0232 0
      vertex -155.256 -87.1043 0.2
      vertex -155.256 -87.1043 0
    endloop
  endfacet
  facet normal -0.980856 0.194736 0
    outer loop
      vertex -153.494 -90.2957 0
      vertex -153.475 -90.2 0.2
      vertex -153.475 -90.2 0
    endloop
  endfacet
  facet normal -0.980856 0.194736 0
    outer loop
      vertex -153.475 -90.2 0.2
      vertex -153.494 -90.2957 0
      vertex -153.494 -90.2957 0.2
    endloop
  endfacet
  facet normal 0.194151 -0.980972 0
    outer loop
      vertex -155.121 -86.969 0
      vertex -155.025 -86.95 0.2
      vertex -155.121 -86.969 0.2
    endloop
  endfacet
  facet normal 0.194151 -0.980972 0
    outer loop
      vertex -155.025 -86.95 0.2
      vertex -155.121 -86.969 0
      vertex -155.025 -86.95 0
    endloop
  endfacet
  facet normal 0.980856 -0.194736 0
    outer loop
      vertex -155.275 -87.2 0.2
      vertex -155.256 -87.1043 0
      vertex -155.256 -87.1043 0.2
    endloop
  endfacet
  facet normal 0.980856 -0.194736 0
    outer loop
      vertex -155.256 -87.1043 0
      vertex -155.275 -87.2 0.2
      vertex -155.275 -87.2 0
    endloop
  endfacet
  facet normal -0.832366 -0.554226 0
    outer loop
      vertex -153.494 -87.1043 0
      vertex -153.548 -87.0232 0.2
      vertex -153.548 -87.0232 0
    endloop
  endfacet
  facet normal -0.832366 -0.554226 0
    outer loop
      vertex -153.548 -87.0232 0.2
      vertex -153.494 -87.1043 0
      vertex -153.494 -87.1043 0.2
    endloop
  endfacet
  facet normal -0.832366 0.554226 0
    outer loop
      vertex -153.548 -90.3768 0
      vertex -153.494 -90.2957 0.2
      vertex -153.494 -90.2957 0
    endloop
  endfacet
  facet normal -0.832366 0.554226 0
    outer loop
      vertex -153.494 -90.2957 0.2
      vertex -153.548 -90.3768 0
      vertex -153.548 -90.3768 0.2
    endloop
  endfacet
  facet normal -0.55612 -0.831102 0
    outer loop
      vertex -153.629 -86.969 0
      vertex -153.548 -87.0232 0.2
      vertex -153.629 -86.969 0.2
    endloop
  endfacet
  facet normal -0.55612 -0.831102 -0
    outer loop
      vertex -153.548 -87.0232 0.2
      vertex -153.629 -86.969 0
      vertex -153.548 -87.0232 0
    endloop
  endfacet
  facet normal -0.55612 0.831102 0
    outer loop
      vertex -153.548 -90.3768 0
      vertex -153.629 -90.431 0.2
      vertex -153.548 -90.3768 0.2
    endloop
  endfacet
  facet normal -0.55612 0.831102 0
    outer loop
      vertex -153.629 -90.431 0.2
      vertex -153.548 -90.3768 0
      vertex -153.629 -90.431 0
    endloop
  endfacet
  facet normal -0.194151 0.980972 0
    outer loop
      vertex -153.629 -95.431 0
      vertex -153.725 -95.45 0.2
      vertex -153.629 -95.431 0.2
    endloop
  endfacet
  facet normal -0.194151 0.980972 0
    outer loop
      vertex -153.725 -95.45 0.2
      vertex -153.629 -95.431 0
      vertex -153.725 -95.45 0
    endloop
  endfacet
  facet normal -0.980856 -0.194736 0
    outer loop
      vertex -153.475 -92.2 0
      vertex -153.494 -92.1043 0.2
      vertex -153.494 -92.1043 0
    endloop
  endfacet
  facet normal -0.980856 -0.194736 0
    outer loop
      vertex -153.494 -92.1043 0.2
      vertex -153.475 -92.2 0
      vertex -153.475 -92.2 0.2
    endloop
  endfacet
  facet normal 0 -1 0
    outer loop
      vertex -155.025 -91.95 0
      vertex -153.725 -91.95 0.2
      vertex -155.025 -91.95 0.2
    endloop
  endfacet
  facet normal 0 -1 -0
    outer loop
      vertex -153.725 -91.95 0.2
      vertex -155.025 -91.95 0
      vertex -153.725 -91.95 0
    endloop
  endfacet
  facet normal 0.194151 0.980972 -0
    outer loop
      vertex -155.025 -95.45 0
      vertex -155.121 -95.431 0.2
      vertex -155.025 -95.45 0.2
    endloop
  endfacet
  facet normal 0.194151 0.980972 0
    outer loop
      vertex -155.121 -95.431 0.2
      vertex -155.025 -95.45 0
      vertex -155.121 -95.431 0
    endloop
  endfacet
  facet normal 1 -0 0
    outer loop
      vertex -155.275 -95.2 0.2
      vertex -155.275 -92.2 0
      vertex -155.275 -92.2 0.2
    endloop
  endfacet
  facet normal 1 0 0
    outer loop
      vertex -155.275 -92.2 0
      vertex -155.275 -95.2 0.2
      vertex -155.275 -95.2 0
    endloop
  endfacet
  facet normal -0.194151 -0.980972 0
    outer loop
      vertex -153.725 -91.95 0
      vertex -153.629 -91.969 0.2
      vertex -153.725 -91.95 0.2
    endloop
  endfacet
  facet normal -0.194151 -0.980972 -0
    outer loop
      vertex -153.629 -91.969 0.2
      vertex -153.725 -91.95 0
      vertex -153.629 -91.969 0
    endloop
  endfacet
  facet normal 0.55612 0.831102 -0
    outer loop
      vertex -155.121 -95.431 0
      vertex -155.202 -95.3768 0.2
      vertex -155.121 -95.431 0.2
    endloop
  endfacet
  facet normal 0.55612 0.831102 0
    outer loop
      vertex -155.202 -95.3768 0.2
      vertex -155.121 -95.431 0
      vertex -155.202 -95.3768 0
    endloop
  endfacet
  facet normal -1 0 0
    outer loop
      vertex -153.475 -95.2 0
      vertex -153.475 -92.2 0.2
      vertex -153.475 -92.2 0
    endloop
  endfacet
  facet normal -1 -0 0
    outer loop
      vertex -153.475 -92.2 0.2
      vertex -153.475 -95.2 0
      vertex -153.475 -95.2 0.2
    endloop
  endfacet
  facet normal 0.832366 0.554226 0
    outer loop
      vertex -155.202 -95.3768 0.2
      vertex -155.256 -95.2957 0
      vertex -155.256 -95.2957 0.2
    endloop
  endfacet
  facet normal 0.832366 0.554226 0
    outer loop
      vertex -155.256 -95.2957 0
      vertex -155.202 -95.3768 0.2
      vertex -155.202 -95.3768 0
    endloop
  endfacet
  facet normal 0.980856 0.194736 0
    outer loop
      vertex -155.256 -95.2957 0.2
      vertex -155.275 -95.2 0
      vertex -155.275 -95.2 0.2
    endloop
  endfacet
  facet normal 0.980856 0.194736 0
    outer loop
      vertex -155.275 -95.2 0
      vertex -155.256 -95.2957 0.2
      vertex -155.256 -95.2957 0
    endloop
  endfacet
  facet normal 0.55612 -0.831102 0
    outer loop
      vertex -155.202 -92.0232 0
      vertex -155.121 -91.969 0.2
      vertex -155.202 -92.0232 0.2
    endloop
  endfacet
  facet normal 0.55612 -0.831102 0
    outer loop
      vertex -155.121 -91.969 0.2
      vertex -155.202 -92.0232 0
      vertex -155.121 -91.969 0
    endloop
  endfacet
  facet normal 0 1 -0
    outer loop
      vertex -153.725 -95.45 0
      vertex -155.025 -95.45 0.2
      vertex -153.725 -95.45 0.2
    endloop
  endfacet
  facet normal 0 1 0
    outer loop
      vertex -155.025 -95.45 0.2
      vertex -153.725 -95.45 0
      vertex -155.025 -95.45 0
    endloop
  endfacet
  facet normal 0.832366 -0.554226 0
    outer loop
      vertex -155.256 -92.1043 0.2
      vertex -155.202 -92.0232 0
      vertex -155.202 -92.0232 0.2
    endloop
  endfacet
  facet normal 0.832366 -0.554226 0
    outer loop
      vertex -155.202 -92.0232 0
      vertex -155.256 -92.1043 0.2
      vertex -155.256 -92.1043 0
    endloop
  endfacet
  facet normal 0.194151 -0.980972 0
    outer loop
      vertex -155.121 -91.969 0
      vertex -155.025 -91.95 0.2
      vertex -155.121 -91.969 0.2
    endloop
  endfacet
  facet normal 0.194151 -0.980972 0
    outer loop
      vertex -155.025 -91.95 0.2
      vertex -155.121 -91.969 0
      vertex -155.025 -91.95 0
    endloop
  endfacet
  facet normal 0.980856 -0.194736 0
    outer loop
      vertex -155.275 -92.2 0.2
      vertex -155.256 -92.1043 0
      vertex -155.256 -92.1043 0.2
    endloop
  endfacet
  facet normal 0.980856 -0.194736 0
    outer loop
      vertex -155.256 -92.1043 0
      vertex -155.275 -92.2 0.2
      vertex -155.275 -92.2 0
    endloop
  endfacet
  facet normal -0.832366 -0.554226 0
    outer loop
      vertex -153.494 -92.1043 0
      vertex -153.548 -92.0232 0.2
      vertex -153.548 -92.0232 0
    endloop
  endfacet
  facet normal -0.832366 -0.554226 0
    outer loop
      vertex -153.548 -92.0232 0.2
      vertex -153.494 -92.1043 0
      vertex -153.494 -92.1043 0.2
    endloop
  endfacet
  facet normal -0.832366 0.554226 0
    outer loop
      vertex -153.548 -95.3768 0
      vertex -153.494 -95.2957 0.2
      vertex -153.494 -95.2957 0
    endloop
  endfacet
  facet normal -0.832366 0.554226 0
    outer loop
      vertex -153.494 -95.2957 0.2
      vertex -153.548 -95.3768 0
      vertex -153.548 -95.3768 0.2
    endloop
  endfacet
  facet normal -0.55612 -0.831102 0
    outer loop
      vertex -153.629 -91.969 0
      vertex -153.548 -92.0232 0.2
      vertex -153.629 -91.969 0.2
    endloop
  endfacet
  facet normal -0.55612 -0.831102 -0
    outer loop
      vertex -153.548 -92.0232 0.2
      vertex -153.629 -91.969 0
      vertex -153.548 -92.0232 0
    endloop
  endfacet
  facet normal -0.980856 0.194736 0
    outer loop
      vertex -153.494 -95.2957 0
      vertex -153.475 -95.2 0.2
      vertex -153.475 -95.2 0
    endloop
  endfacet
  facet normal -0.980856 0.194736 0
    outer loop
      vertex -153.475 -95.2 0.2
      vertex -153.494 -95.2957 0
      vertex -153.494 -95.2957 0.2
    endloop
  endfacet
  facet normal -0.55612 0.831102 0
    outer loop
      vertex -153.548 -95.3768 0
      vertex -153.629 -95.431 0.2
      vertex -153.548 -95.3768 0.2
    endloop
  endfacet
  facet normal -0.55612 0.831102 0
    outer loop
      vertex -153.629 -95.431 0.2
      vertex -153.548 -95.3768 0
      vertex -153.629 -95.431 0
    endloop
  endfacet
  facet normal 1 -0 0
    outer loop
      vertex -130.155 -108.68 0.2
      vertex -130.155 -108.18 0
      vertex -130.155 -108.18 0.2
    endloop
  endfacet
  facet normal 1 0 0
    outer loop
      vertex -130.155 -108.18 0
      vertex -130.155 -108.68 0.2
      vertex -130.155 -108.68 0
    endloop
  endfacet
  facet normal 0.83205 0.5547 0
    outer loop
      vertex -130.082 -108.857 0.2
      vertex -130.136 -108.776 0
      vertex -130.136 -108.776 0.2
    endloop
  endfacet
  facet normal 0.83205 0.5547 0
    outer loop
      vertex -130.136 -108.776 0
      vertex -130.082 -108.857 0.2
      vertex -130.082 -108.857 0
    endloop
  endfacet
  facet normal -0.194151 0.980972 0
    outer loop
      vertex -128.859 -108.911 0
      vertex -128.955 -108.93 0.2
      vertex -128.859 -108.911 0.2
    endloop
  endfacet
  facet normal -0.194151 0.980972 0
    outer loop
      vertex -128.955 -108.93 0.2
      vertex -128.859 -108.911 0
      vertex -128.955 -108.93 0
    endloop
  endfacet
  facet normal -1 0 0
    outer loop
      vertex -128.705 -108.68 0
      vertex -128.705 -108.18 0.2
      vertex -128.705 -108.18 0
    endloop
  endfacet
  facet normal -1 -0 0
    outer loop
      vertex -128.705 -108.18 0.2
      vertex -128.705 -108.68 0
      vertex -128.705 -108.68 0.2
    endloop
  endfacet
  facet normal 0.194151 0.980972 -0
    outer loop
      vertex -129.905 -108.93 0
      vertex -130.001 -108.911 0.2
      vertex -129.905 -108.93 0.2
    endloop
  endfacet
  facet normal 0.194151 0.980972 0
    outer loop
      vertex -130.001 -108.911 0.2
      vertex -129.905 -108.93 0
      vertex -130.001 -108.911 0
    endloop
  endfacet
  facet normal -0.980972 0.194151 0
    outer loop
      vertex -128.724 -108.776 0
      vertex -128.705 -108.68 0.2
      vertex -128.705 -108.68 0
    endloop
  endfacet
  facet normal -0.980972 0.194151 0
    outer loop
      vertex -128.705 -108.68 0.2
      vertex -128.724 -108.776 0
      vertex -128.724 -108.776 0.2
    endloop
  endfacet
  facet normal 0.980972 0.194151 0
    outer loop
      vertex -130.136 -108.776 0.2
      vertex -130.155 -108.68 0
      vertex -130.155 -108.68 0.2
    endloop
  endfacet
  facet normal 0.980972 0.194151 0
    outer loop
      vertex -130.155 -108.68 0
      vertex -130.136 -108.776 0.2
      vertex -130.136 -108.776 0
    endloop
  endfacet
  facet normal -0.5547 -0.83205 0
    outer loop
      vertex -128.859 -107.949 0
      vertex -128.778 -108.003 0.2
      vertex -128.859 -107.949 0.2
    endloop
  endfacet
  facet normal -0.5547 -0.83205 -0
    outer loop
      vertex -128.778 -108.003 0.2
      vertex -128.859 -107.949 0
      vertex -128.778 -108.003 0
    endloop
  endfacet
  facet normal 0.83205 -0.5547 0
    outer loop
      vertex -130.136 -108.084 0.2
      vertex -130.082 -108.003 0
      vertex -130.082 -108.003 0.2
    endloop
  endfacet
  facet normal 0.83205 -0.5547 0
    outer loop
      vertex -130.082 -108.003 0
      vertex -130.136 -108.084 0.2
      vertex -130.136 -108.084 0
    endloop
  endfacet
  facet normal -0.980972 -0.194151 0
    outer loop
      vertex -128.705 -108.18 0
      vertex -128.724 -108.084 0.2
      vertex -128.724 -108.084 0
    endloop
  endfacet
  facet normal -0.980972 -0.194151 0
    outer loop
      vertex -128.724 -108.084 0.2
      vertex -128.705 -108.18 0
      vertex -128.705 -108.18 0.2
    endloop
  endfacet
  facet normal 0 -1 0
    outer loop
      vertex -129.905 -107.93 0
      vertex -128.955 -107.93 0.2
      vertex -129.905 -107.93 0.2
    endloop
  endfacet
  facet normal 0 -1 -0
    outer loop
      vertex -128.955 -107.93 0.2
      vertex -129.905 -107.93 0
      vertex -128.955 -107.93 0
    endloop
  endfacet
  facet normal 0.5547 -0.83205 0
    outer loop
      vertex -130.082 -108.003 0
      vertex -130.001 -107.949 0.2
      vertex -130.082 -108.003 0.2
    endloop
  endfacet
  facet normal 0.5547 -0.83205 0
    outer loop
      vertex -130.001 -107.949 0.2
      vertex -130.082 -108.003 0
      vertex -130.001 -107.949 0
    endloop
  endfacet
  facet normal 0 1 -0
    outer loop
      vertex -128.955 -108.93 0
      vertex -129.905 -108.93 0.2
      vertex -128.955 -108.93 0.2
    endloop
  endfacet
  facet normal 0 1 0
    outer loop
      vertex -129.905 -108.93 0.2
      vertex -128.955 -108.93 0
      vertex -129.905 -108.93 0
    endloop
  endfacet
  facet normal 0.194151 -0.980972 0
    outer loop
      vertex -130.001 -107.949 0
      vertex -129.905 -107.93 0.2
      vertex -130.001 -107.949 0.2
    endloop
  endfacet
  facet normal 0.194151 -0.980972 0
    outer loop
      vertex -129.905 -107.93 0.2
      vertex -130.001 -107.949 0
      vertex -129.905 -107.93 0
    endloop
  endfacet
  facet normal 0.5547 0.83205 -0
    outer loop
      vertex -130.001 -108.911 0
      vertex -130.082 -108.857 0.2
      vertex -130.001 -108.911 0.2
    endloop
  endfacet
  facet normal 0.5547 0.83205 0
    outer loop
      vertex -130.082 -108.857 0.2
      vertex -130.001 -108.911 0
      vertex -130.082 -108.857 0
    endloop
  endfacet
  facet normal -0.83205 -0.5547 0
    outer loop
      vertex -128.724 -108.084 0
      vertex -128.778 -108.003 0.2
      vertex -128.778 -108.003 0
    endloop
  endfacet
  facet normal -0.83205 -0.5547 0
    outer loop
      vertex -128.778 -108.003 0.2
      vertex -128.724 -108.084 0
      vertex -128.724 -108.084 0.2
    endloop
  endfacet
  facet normal -0.194151 -0.980972 0
    outer loop
      vertex -128.955 -107.93 0
      vertex -128.859 -107.949 0.2
      vertex -128.955 -107.93 0.2
    endloop
  endfacet
  facet normal -0.194151 -0.980972 -0
    outer loop
      vertex -128.859 -107.949 0.2
      vertex -128.955 -107.93 0
      vertex -128.859 -107.949 0
    endloop
  endfacet
  facet normal -0.83205 0.5547 0
    outer loop
      vertex -128.778 -108.857 0
      vertex -128.724 -108.776 0.2
      vertex -128.724 -108.776 0
    endloop
  endfacet
  facet normal -0.83205 0.5547 0
    outer loop
      vertex -128.724 -108.776 0.2
      vertex -128.778 -108.857 0
      vertex -128.778 -108.857 0.2
    endloop
  endfacet
  facet normal 0.980972 -0.194151 0
    outer loop
      vertex -130.155 -108.18 0.2
      vertex -130.136 -108.084 0
      vertex -130.136 -108.084 0.2
    endloop
  endfacet
  facet normal 0.980972 -0.194151 0
    outer loop
      vertex -130.136 -108.084 0
      vertex -130.155 -108.18 0.2
      vertex -130.155 -108.18 0
    endloop
  endfacet
  facet normal -0.5547 0.83205 0
    outer loop
      vertex -128.778 -108.857 0
      vertex -128.859 -108.911 0.2
      vertex -128.778 -108.857 0.2
    endloop
  endfacet
  facet normal -0.5547 0.83205 0
    outer loop
      vertex -128.859 -108.911 0.2
      vertex -128.778 -108.857 0
      vertex -128.859 -108.911 0
    endloop
  endfacet
  facet normal 0.194151 0.980972 -0
    outer loop
      vertex -129.905 -110.83 0
      vertex -130.001 -110.811 0.2
      vertex -129.905 -110.83 0.2
    endloop
  endfacet
  facet normal 0.194151 0.980972 0
    outer loop
      vertex -130.001 -110.811 0.2
      vertex -129.905 -110.83 0
      vertex -130.001 -110.811 0
    endloop
  endfacet
  facet normal -0.194151 0.980972 0
    outer loop
      vertex -128.859 -110.811 0
      vertex -128.955 -110.83 0.2
      vertex -128.859 -110.811 0.2
    endloop
  endfacet
  facet normal -0.194151 0.980972 0
    outer loop
      vertex -128.955 -110.83 0.2
      vertex -128.859 -110.811 0
      vertex -128.955 -110.83 0
    endloop
  endfacet
  facet normal -1 0 0
    outer loop
      vertex -128.705 -110.58 0
      vertex -128.705 -110.08 0.2
      vertex -128.705 -110.08 0
    endloop
  endfacet
  facet normal -1 -0 0
    outer loop
      vertex -128.705 -110.08 0.2
      vertex -128.705 -110.58 0
      vertex -128.705 -110.58 0.2
    endloop
  endfacet
  facet normal 0 1 -0
    outer loop
      vertex -128.955 -110.83 0
      vertex -129.905 -110.83 0.2
      vertex -128.955 -110.83 0.2
    endloop
  endfacet
  facet normal 0 1 0
    outer loop
      vertex -129.905 -110.83 0.2
      vertex -128.955 -110.83 0
      vertex -129.905 -110.83 0
    endloop
  endfacet
  facet normal -0.5547 -0.83205 0
    outer loop
      vertex -128.859 -109.849 0
      vertex -128.778 -109.903 0.2
      vertex -128.859 -109.849 0.2
    endloop
  endfacet
  facet normal -0.5547 -0.83205 -0
    outer loop
      vertex -128.778 -109.903 0.2
      vertex -128.859 -109.849 0
      vertex -128.778 -109.903 0
    endloop
  endfacet
  facet normal -0.83205 0.5547 0
    outer loop
      vertex -128.778 -110.757 0
      vertex -128.724 -110.676 0.2
      vertex -128.724 -110.676 0
    endloop
  endfacet
  facet normal -0.83205 0.5547 0
    outer loop
      vertex -128.724 -110.676 0.2
      vertex -128.778 -110.757 0
      vertex -128.778 -110.757 0.2
    endloop
  endfacet
  facet normal -0.194151 -0.980972 0
    outer loop
      vertex -128.955 -109.83 0
      vertex -128.859 -109.849 0.2
      vertex -128.955 -109.83 0.2
    endloop
  endfacet
  facet normal -0.194151 -0.980972 -0
    outer loop
      vertex -128.859 -109.849 0.2
      vertex -128.955 -109.83 0
      vertex -128.859 -109.849 0
    endloop
  endfacet
  facet normal 0.5547 0.83205 -0
    outer loop
      vertex -130.001 -110.811 0
      vertex -130.082 -110.757 0.2
      vertex -130.001 -110.811 0.2
    endloop
  endfacet
  facet normal 0.5547 0.83205 0
    outer loop
      vertex -130.082 -110.757 0.2
      vertex -130.001 -110.811 0
      vertex -130.082 -110.757 0
    endloop
  endfacet
  facet normal 0.83205 0.5547 0
    outer loop
      vertex -130.082 -110.757 0.2
      vertex -130.136 -110.676 0
      vertex -130.136 -110.676 0.2
    endloop
  endfacet
  facet normal 0.83205 0.5547 0
    outer loop
      vertex -130.136 -110.676 0
      vertex -130.082 -110.757 0.2
      vertex -130.082 -110.757 0
    endloop
  endfacet
  facet normal 0 -1 0
    outer loop
      vertex -129.905 -109.83 0
      vertex -128.955 -109.83 0.2
      vertex -129.905 -109.83 0.2
    endloop
  endfacet
  facet normal 0 -1 -0
    outer loop
      vertex -128.955 -109.83 0.2
      vertex -129.905 -109.83 0
      vertex -128.955 -109.83 0
    endloop
  endfacet
  facet normal 0.5547 -0.83205 0
    outer loop
      vertex -130.082 -109.903 0
      vertex -130.001 -109.849 0.2
      vertex -130.082 -109.903 0.2
    endloop
  endfacet
  facet normal 0.5547 -0.83205 0
    outer loop
      vertex -130.001 -109.849 0.2
      vertex -130.082 -109.903 0
      vertex -130.001 -109.849 0
    endloop
  endfacet
  facet normal 0.194151 -0.980972 0
    outer loop
      vertex -130.001 -109.849 0
      vertex -129.905 -109.83 0.2
      vertex -130.001 -109.849 0.2
    endloop
  endfacet
  facet normal 0.194151 -0.980972 0
    outer loop
      vertex -129.905 -109.83 0.2
      vertex -130.001 -109.849 0
      vertex -129.905 -109.83 0
    endloop
  endfacet
  facet normal 0.980972 -0.194151 0
    outer loop
      vertex -130.155 -110.08 0.2
      vertex -130.136 -109.984 0
      vertex -130.136 -109.984 0.2
    endloop
  endfacet
  facet normal 0.980972 -0.194151 0
    outer loop
      vertex -130.136 -109.984 0
      vertex -130.155 -110.08 0.2
      vertex -130.155 -110.08 0
    endloop
  endfacet
  facet normal -0.5547 0.83205 0
    outer loop
      vertex -128.778 -110.757 0
      vertex -128.859 -110.811 0.2
      vertex -128.778 -110.757 0.2
    endloop
  endfacet
  facet normal -0.5547 0.83205 0
    outer loop
      vertex -128.859 -110.811 0.2
      vertex -128.778 -110.757 0
      vertex -128.859 -110.811 0
    endloop
  endfacet
  facet normal 0.83205 -0.5547 0
    outer loop
      vertex -130.136 -109.984 0.2
      vertex -130.082 -109.903 0
      vertex -130.082 -109.903 0.2
    endloop
  endfacet
  facet normal 0.83205 -0.5547 0
    outer loop
      vertex -130.082 -109.903 0
      vertex -130.136 -109.984 0.2
      vertex -130.136 -109.984 0
    endloop
  endfacet
  facet normal -0.980972 -0.194151 0
    outer loop
      vertex -128.705 -110.08 0
      vertex -128.724 -109.984 0.2
      vertex -128.724 -109.984 0
    endloop
  endfacet
  facet normal -0.980972 -0.194151 0
    outer loop
      vertex -128.724 -109.984 0.2
      vertex -128.705 -110.08 0
      vertex -128.705 -110.08 0.2
    endloop
  endfacet
  facet normal 1 -0 0
    outer loop
      vertex -130.155 -110.58 0.2
      vertex -130.155 -110.08 0
      vertex -130.155 -110.08 0.2
    endloop
  endfacet
  facet normal 1 0 0
    outer loop
      vertex -130.155 -110.08 0
      vertex -130.155 -110.58 0.2
      vertex -130.155 -110.58 0
    endloop
  endfacet
  facet normal -0.83205 -0.5547 0
    outer loop
      vertex -128.724 -109.984 0
      vertex -128.778 -109.903 0.2
      vertex -128.778 -109.903 0
    endloop
  endfacet
  facet normal -0.83205 -0.5547 0
    outer loop
      vertex -128.778 -109.903 0.2
      vertex -128.724 -109.984 0
      vertex -128.724 -109.984 0.2
    endloop
  endfacet
  facet normal -0.980972 0.194151 0
    outer loop
      vertex -128.724 -110.676 0
      vertex -128.705 -110.58 0.2
      vertex -128.705 -110.58 0
    endloop
  endfacet
  facet normal -0.980972 0.194151 0
    outer loop
      vertex -128.705 -110.58 0.2
      vertex -128.724 -110.676 0
      vertex -128.724 -110.676 0.2
    endloop
  endfacet
  facet normal 0.980972 0.194151 0
    outer loop
      vertex -130.136 -110.676 0.2
      vertex -130.155 -110.58 0
      vertex -130.155 -110.58 0.2
    endloop
  endfacet
  facet normal 0.980972 0.194151 0
    outer loop
      vertex -130.155 -110.58 0
      vertex -130.136 -110.676 0.2
      vertex -130.136 -110.676 0
    endloop
  endfacet
  facet normal -0.194736 0.980856 0
    outer loop
      vertex -97.5293 -90.481 0
      vertex -97.625 -90.5 0.2
      vertex -97.5293 -90.481 0.2
    endloop
  endfacet
  facet normal -0.194736 0.980856 0
    outer loop
      vertex -97.625 -90.5 0.2
      vertex -97.5293 -90.481 0
      vertex -97.625 -90.5 0
    endloop
  endfacet
  facet normal 0.831419 -0.555646 0
    outer loop
      vertex -99.156 -87.1543 0.2
      vertex -99.1018 -87.0732 0
      vertex -99.1018 -87.0732 0.2
    endloop
  endfacet
  facet normal 0.831419 -0.555646 0
    outer loop
      vertex -99.1018 -87.0732 0
      vertex -99.156 -87.1543 0.2
      vertex -99.156 -87.1543 0
    endloop
  endfacet
  facet normal 1 -0 0
    outer loop
      vertex -99.175 -90.25 0.2
      vertex -99.175 -87.25 0
      vertex -99.175 -87.25 0.2
    endloop
  endfacet
  facet normal 1 0 0
    outer loop
      vertex -99.175 -87.25 0
      vertex -99.175 -90.25 0.2
      vertex -99.175 -90.25 0
    endloop
  endfacet
  facet normal -1 0 0
    outer loop
      vertex -97.375 -90.25 0
      vertex -97.375 -87.25 0.2
      vertex -97.375 -87.25 0
    endloop
  endfacet
  facet normal -1 -0 0
    outer loop
      vertex -97.375 -87.25 0.2
      vertex -97.375 -90.25 0
      vertex -97.375 -90.25 0.2
    endloop
  endfacet
  facet normal 0.194736 0.980856 -0
    outer loop
      vertex -98.925 -90.5 0
      vertex -99.0207 -90.481 0.2
      vertex -98.925 -90.5 0.2
    endloop
  endfacet
  facet normal 0.194736 0.980856 0
    outer loop
      vertex -99.0207 -90.481 0.2
      vertex -98.925 -90.5 0
      vertex -99.0207 -90.481 0
    endloop
  endfacet
  facet normal 0.980856 -0.194736 0
    outer loop
      vertex -99.175 -87.25 0.2
      vertex -99.156 -87.1543 0
      vertex -99.156 -87.1543 0.2
    endloop
  endfacet
  facet normal 0.980856 -0.194736 0
    outer loop
      vertex -99.156 -87.1543 0
      vertex -99.175 -87.25 0.2
      vertex -99.175 -87.25 0
    endloop
  endfacet
  facet normal -0.980856 -0.194736 0
    outer loop
      vertex -97.375 -87.25 0
      vertex -97.394 -87.1543 0.2
      vertex -97.394 -87.1543 0
    endloop
  endfacet
  facet normal -0.980856 -0.194736 0
    outer loop
      vertex -97.394 -87.1543 0.2
      vertex -97.375 -87.25 0
      vertex -97.375 -87.25 0.2
    endloop
  endfacet
  facet normal 0.555646 0.831419 -0
    outer loop
      vertex -99.0207 -90.481 0
      vertex -99.1018 -90.4268 0.2
      vertex -99.0207 -90.481 0.2
    endloop
  endfacet
  facet normal 0.555646 0.831419 0
    outer loop
      vertex -99.1018 -90.4268 0.2
      vertex -99.0207 -90.481 0
      vertex -99.1018 -90.4268 0
    endloop
  endfacet
  facet normal -0.194736 -0.980856 0
    outer loop
      vertex -97.625 -87 0
      vertex -97.5293 -87.019 0.2
      vertex -97.625 -87 0.2
    endloop
  endfacet
  facet normal -0.194736 -0.980856 -0
    outer loop
      vertex -97.5293 -87.019 0.2
      vertex -97.625 -87 0
      vertex -97.5293 -87.019 0
    endloop
  endfacet
  facet normal 0 1 -0
    outer loop
      vertex -97.625 -90.5 0
      vertex -98.925 -90.5 0.2
      vertex -97.625 -90.5 0.2
    endloop
  endfacet
  facet normal 0 1 0
    outer loop
      vertex -98.925 -90.5 0.2
      vertex -97.625 -90.5 0
      vertex -98.925 -90.5 0
    endloop
  endfacet
  facet normal 0.831419 0.555646 0
    outer loop
      vertex -99.1018 -90.4268 0.2
      vertex -99.156 -90.3457 0
      vertex -99.156 -90.3457 0.2
    endloop
  endfacet
  facet normal 0.831419 0.555646 0
    outer loop
      vertex -99.156 -90.3457 0
      vertex -99.1018 -90.4268 0.2
      vertex -99.1018 -90.4268 0
    endloop
  endfacet
  facet normal 0.980856 0.194736 0
    outer loop
      vertex -99.156 -90.3457 0.2
      vertex -99.175 -90.25 0
      vertex -99.175 -90.25 0.2
    endloop
  endfacet
  facet normal 0.980856 0.194736 0
    outer loop
      vertex -99.175 -90.25 0
      vertex -99.156 -90.3457 0.2
      vertex -99.156 -90.3457 0
    endloop
  endfacet
  facet normal -0.555646 -0.831419 0
    outer loop
      vertex -97.5293 -87.019 0
      vertex -97.4482 -87.0732 0.2
      vertex -97.5293 -87.019 0.2
    endloop
  endfacet
  facet normal -0.555646 -0.831419 -0
    outer loop
      vertex -97.4482 -87.0732 0.2
      vertex -97.5293 -87.019 0
      vertex -97.4482 -87.0732 0
    endloop
  endfacet
  facet normal -0.831419 0.555646 0
    outer loop
      vertex -97.4482 -90.4268 0
      vertex -97.394 -90.3457 0.2
      vertex -97.394 -90.3457 0
    endloop
  endfacet
  facet normal -0.831419 0.555646 0
    outer loop
      vertex -97.394 -90.3457 0.2
      vertex -97.4482 -90.4268 0
      vertex -97.4482 -90.4268 0.2
    endloop
  endfacet
  facet normal -0.831419 -0.555646 0
    outer loop
      vertex -97.394 -87.1543 0
      vertex -97.4482 -87.0732 0.2
      vertex -97.4482 -87.0732 0
    endloop
  endfacet
  facet normal -0.831419 -0.555646 0
    outer loop
      vertex -97.4482 -87.0732 0.2
      vertex -97.394 -87.1543 0
      vertex -97.394 -87.1543 0.2
    endloop
  endfacet
  facet normal 0 -1 0
    outer loop
      vertex -98.925 -87 0
      vertex -97.625 -87 0.2
      vertex -98.925 -87 0.2
    endloop
  endfacet
  facet normal 0 -1 -0
    outer loop
      vertex -97.625 -87 0.2
      vertex -98.925 -87 0
      vertex -97.625 -87 0
    endloop
  endfacet
  facet normal 0.555646 -0.831419 0
    outer loop
      vertex -99.1018 -87.0732 0
      vertex -99.0207 -87.019 0.2
      vertex -99.1018 -87.0732 0.2
    endloop
  endfacet
  facet normal 0.555646 -0.831419 0
    outer loop
      vertex -99.0207 -87.019 0.2
      vertex -99.1018 -87.0732 0
      vertex -99.0207 -87.019 0
    endloop
  endfacet
  facet normal -0.980856 0.194736 0
    outer loop
      vertex -97.394 -90.3457 0
      vertex -97.375 -90.25 0.2
      vertex -97.375 -90.25 0
    endloop
  endfacet
  facet normal -0.980856 0.194736 0
    outer loop
      vertex -97.375 -90.25 0.2
      vertex -97.394 -90.3457 0
      vertex -97.394 -90.3457 0.2
    endloop
  endfacet
  facet normal -0.555646 0.831419 0
    outer loop
      vertex -97.4482 -90.4268 0
      vertex -97.5293 -90.481 0.2
      vertex -97.4482 -90.4268 0.2
    endloop
  endfacet
  facet normal -0.555646 0.831419 0
    outer loop
      vertex -97.5293 -90.481 0.2
      vertex -97.4482 -90.4268 0
      vertex -97.5293 -90.481 0
    endloop
  endfacet
  facet normal 0.194736 -0.980856 0
    outer loop
      vertex -99.0207 -87.019 0
      vertex -98.925 -87 0.2
      vertex -99.0207 -87.019 0.2
    endloop
  endfacet
  facet normal 0.194736 -0.980856 0
    outer loop
      vertex -98.925 -87 0.2
      vertex -99.0207 -87.019 0
      vertex -98.925 -87 0
    endloop
  endfacet
  facet normal 0 1 -0
    outer loop
      vertex -97.625 -95.5 0
      vertex -98.925 -95.5 0.2
      vertex -97.625 -95.5 0.2
    endloop
  endfacet
  facet normal 0 1 0
    outer loop
      vertex -98.925 -95.5 0.2
      vertex -97.625 -95.5 0
      vertex -98.925 -95.5 0
    endloop
  endfacet
  facet normal -0.194736 0.980856 0
    outer loop
      vertex -97.5293 -95.481 0
      vertex -97.625 -95.5 0.2
      vertex -97.5293 -95.481 0.2
    endloop
  endfacet
  facet normal -0.194736 0.980856 0
    outer loop
      vertex -97.625 -95.5 0.2
      vertex -97.5293 -95.481 0
      vertex -97.625 -95.5 0
    endloop
  endfacet
  facet normal -0.980856 -0.194736 0
    outer loop
      vertex -97.375 -92.25 0
      vertex -97.394 -92.1543 0.2
      vertex -97.394 -92.1543 0
    endloop
  endfacet
  facet normal -0.980856 -0.194736 0
    outer loop
      vertex -97.394 -92.1543 0.2
      vertex -97.375 -92.25 0
      vertex -97.375 -92.25 0.2
    endloop
  endfacet
  facet normal 0.980856 0.194736 0
    outer loop
      vertex -99.156 -95.3457 0.2
      vertex -99.175 -95.25 0
      vertex -99.175 -95.25 0.2
    endloop
  endfacet
  facet normal 0.980856 0.194736 0
    outer loop
      vertex -99.175 -95.25 0
      vertex -99.156 -95.3457 0.2
      vertex -99.156 -95.3457 0
    endloop
  endfacet
  facet normal 0.194736 0.980856 -0
    outer loop
      vertex -98.925 -95.5 0
      vertex -99.0207 -95.481 0.2
      vertex -98.925 -95.5 0.2
    endloop
  endfacet
  facet normal 0.194736 0.980856 0
    outer loop
      vertex -99.0207 -95.481 0.2
      vertex -98.925 -95.5 0
      vertex -99.0207 -95.481 0
    endloop
  endfacet
  facet normal -0.980856 0.194736 0
    outer loop
      vertex -97.394 -95.3457 0
      vertex -97.375 -95.25 0.2
      vertex -97.375 -95.25 0
    endloop
  endfacet
  facet normal -0.980856 0.194736 0
    outer loop
      vertex -97.375 -95.25 0.2
      vertex -97.394 -95.3457 0
      vertex -97.394 -95.3457 0.2
    endloop
  endfacet
  facet normal -0.831419 -0.555646 0
    outer loop
      vertex -97.394 -92.1543 0
      vertex -97.4482 -92.0732 0.2
      vertex -97.4482 -92.0732 0
    endloop
  endfacet
  facet normal -0.831419 -0.555646 0
    outer loop
      vertex -97.4482 -92.0732 0.2
      vertex -97.394 -92.1543 0
      vertex -97.394 -92.1543 0.2
    endloop
  endfacet
  facet normal 0.980856 -0.194736 0
    outer loop
      vertex -99.175 -92.25 0.2
      vertex -99.156 -92.1543 0
      vertex -99.156 -92.1543 0.2
    endloop
  endfacet
  facet normal 0.980856 -0.194736 0
    outer loop
      vertex -99.156 -92.1543 0
      vertex -99.175 -92.25 0.2
      vertex -99.175 -92.25 0
    endloop
  endfacet
  facet normal -0.555646 -0.831419 0
    outer loop
      vertex -97.5293 -92.019 0
      vertex -97.4482 -92.0732 0.2
      vertex -97.5293 -92.019 0.2
    endloop
  endfacet
  facet normal -0.555646 -0.831419 -0
    outer loop
      vertex -97.4482 -92.0732 0.2
      vertex -97.5293 -92.019 0
      vertex -97.4482 -92.0732 0
    endloop
  endfacet
  facet normal -0.194736 -0.980856 0
    outer loop
      vertex -97.625 -92 0
      vertex -97.5293 -92.019 0.2
      vertex -97.625 -92 0.2
    endloop
  endfacet
  facet normal -0.194736 -0.980856 -0
    outer loop
      vertex -97.5293 -92.019 0.2
      vertex -97.625 -92 0
      vertex -97.5293 -92.019 0
    endloop
  endfacet
  facet normal -0.555646 0.831419 0
    outer loop
      vertex -97.4482 -95.4268 0
      vertex -97.5293 -95.481 0.2
      vertex -97.4482 -95.4268 0.2
    endloop
  endfacet
  facet normal -0.555646 0.831419 0
    outer loop
      vertex -97.5293 -95.481 0.2
      vertex -97.4482 -95.4268 0
      vertex -97.5293 -95.481 0
    endloop
  endfacet
  facet normal 0.194736 -0.980856 0
    outer loop
      vertex -99.0207 -92.019 0
      vertex -98.925 -92 0.2
      vertex -99.0207 -92.019 0.2
    endloop
  endfacet
  facet normal 0.194736 -0.980856 0
    outer loop
      vertex -98.925 -92 0.2
      vertex -99.0207 -92.019 0
      vertex -98.925 -92 0
    endloop
  endfacet
  facet normal 0.555646 0.831419 -0
    outer loop
      vertex -99.0207 -95.481 0
      vertex -99.1018 -95.4268 0.2
      vertex -99.0207 -95.481 0.2
    endloop
  endfacet
  facet normal 0.555646 0.831419 0
    outer loop
      vertex -99.1018 -95.4268 0.2
      vertex -99.0207 -95.481 0
      vertex -99.1018 -95.4268 0
    endloop
  endfacet
  facet normal -0.831419 0.555646 0
    outer loop
      vertex -97.4482 -95.4268 0
      vertex -97.394 -95.3457 0.2
      vertex -97.394 -95.3457 0
    endloop
  endfacet
  facet normal -0.831419 0.555646 0
    outer loop
      vertex -97.394 -95.3457 0.2
      vertex -97.4482 -95.4268 0
      vertex -97.4482 -95.4268 0.2
    endloop
  endfacet
  facet normal 0.831419 0.555646 0
    outer loop
      vertex -99.1018 -95.4268 0.2
      vertex -99.156 -95.3457 0
      vertex -99.156 -95.3457 0.2
    endloop
  endfacet
  facet normal 0.831419 0.555646 0
    outer loop
      vertex -99.156 -95.3457 0
      vertex -99.1018 -95.4268 0.2
      vertex -99.1018 -95.4268 0
    endloop
  endfacet
  facet normal 1 -0 0
    outer loop
      vertex -99.175 -95.25 0.2
      vertex -99.175 -92.25 0
      vertex -99.175 -92.25 0.2
    endloop
  endfacet
  facet normal 1 0 0
    outer loop
      vertex -99.175 -92.25 0
      vertex -99.175 -95.25 0.2
      vertex -99.175 -95.25 0
    endloop
  endfacet
  facet normal 0.555646 -0.831419 0
    outer loop
      vertex -99.1018 -92.0732 0
      vertex -99.0207 -92.019 0.2
      vertex -99.1018 -92.0732 0.2
    endloop
  endfacet
  facet normal 0.555646 -0.831419 0
    outer loop
      vertex -99.0207 -92.019 0.2
      vertex -99.1018 -92.0732 0
      vertex -99.0207 -92.019 0
    endloop
  endfacet
  facet normal 0.831419 -0.555646 0
    outer loop
      vertex -99.156 -92.1543 0.2
      vertex -99.1018 -92.0732 0
      vertex -99.1018 -92.0732 0.2
    endloop
  endfacet
  facet normal 0.831419 -0.555646 0
    outer loop
      vertex -99.1018 -92.0732 0
      vertex -99.156 -92.1543 0.2
      vertex -99.156 -92.1543 0
    endloop
  endfacet
  facet normal 0 -1 0
    outer loop
      vertex -98.925 -92 0
      vertex -97.625 -92 0.2
      vertex -98.925 -92 0.2
    endloop
  endfacet
  facet normal 0 -1 -0
    outer loop
      vertex -97.625 -92 0.2
      vertex -98.925 -92 0
      vertex -97.625 -92 0
    endloop
  endfacet
  facet normal -1 0 0
    outer loop
      vertex -97.375 -95.25 0
      vertex -97.375 -92.25 0.2
      vertex -97.375 -92.25 0
    endloop
  endfacet
  facet normal -1 -0 0
    outer loop
      vertex -97.375 -92.25 0.2
      vertex -97.375 -95.25 0
      vertex -97.375 -95.25 0.2
    endloop
  endfacet
  facet normal 1 -0 0
    outer loop
      vertex -117.455 -108.68 0.2
      vertex -117.455 -108.18 0
      vertex -117.455 -108.18 0.2
    endloop
  endfacet
  facet normal 1 0 0
    outer loop
      vertex -117.455 -108.18 0
      vertex -117.455 -108.68 0.2
      vertex -117.455 -108.68 0
    endloop
  endfacet
  facet normal 0.83205 0.5547 0
    outer loop
      vertex -117.382 -108.857 0.2
      vertex -117.436 -108.776 0
      vertex -117.436 -108.776 0.2
    endloop
  endfacet
  facet normal 0.83205 0.5547 0
    outer loop
      vertex -117.436 -108.776 0
      vertex -117.382 -108.857 0.2
      vertex -117.382 -108.857 0
    endloop
  endfacet
  facet normal -0.194151 0.980972 0
    outer loop
      vertex -116.159 -108.911 0
      vertex -116.255 -108.93 0.2
      vertex -116.159 -108.911 0.2
    endloop
  endfacet
  facet normal -0.194151 0.980972 0
    outer loop
      vertex -116.255 -108.93 0.2
      vertex -116.159 -108.911 0
      vertex -116.255 -108.93 0
    endloop
  endfacet
  facet normal -1 0 0
    outer loop
      vertex -116.005 -108.68 0
      vertex -116.005 -108.18 0.2
      vertex -116.005 -108.18 0
    endloop
  endfacet
  facet normal -1 -0 0
    outer loop
      vertex -116.005 -108.18 0.2
      vertex -116.005 -108.68 0
      vertex -116.005 -108.68 0.2
    endloop
  endfacet
  facet normal 0.194151 0.980972 -0
    outer loop
      vertex -117.205 -108.93 0
      vertex -117.301 -108.911 0.2
      vertex -117.205 -108.93 0.2
    endloop
  endfacet
  facet normal 0.194151 0.980972 0
    outer loop
      vertex -117.301 -108.911 0.2
      vertex -117.205 -108.93 0
      vertex -117.301 -108.911 0
    endloop
  endfacet
  facet normal -0.980972 0.194151 0
    outer loop
      vertex -116.024 -108.776 0
      vertex -116.005 -108.68 0.2
      vertex -116.005 -108.68 0
    endloop
  endfacet
  facet normal -0.980972 0.194151 0
    outer loop
      vertex -116.005 -108.68 0.2
      vertex -116.024 -108.776 0
      vertex -116.024 -108.776 0.2
    endloop
  endfacet
  facet normal 0.980972 0.194151 0
    outer loop
      vertex -117.436 -108.776 0.2
      vertex -117.455 -108.68 0
      vertex -117.455 -108.68 0.2
    endloop
  endfacet
  facet normal 0.980972 0.194151 0
    outer loop
      vertex -117.455 -108.68 0
      vertex -117.436 -108.776 0.2
      vertex -117.436 -108.776 0
    endloop
  endfacet
  facet normal -0.5547 -0.83205 0
    outer loop
      vertex -116.159 -107.949 0
      vertex -116.078 -108.003 0.2
      vertex -116.159 -107.949 0.2
    endloop
  endfacet
  facet normal -0.5547 -0.83205 -0
    outer loop
      vertex -116.078 -108.003 0.2
      vertex -116.159 -107.949 0
      vertex -116.078 -108.003 0
    endloop
  endfacet
  facet normal 0.83205 -0.5547 0
    outer loop
      vertex -117.436 -108.084 0.2
      vertex -117.382 -108.003 0
      vertex -117.382 -108.003 0.2
    endloop
  endfacet
  facet normal 0.83205 -0.5547 0
    outer loop
      vertex -117.382 -108.003 0
      vertex -117.436 -108.084 0.2
      vertex -117.436 -108.084 0
    endloop
  endfacet
  facet normal -0.980972 -0.194151 0
    outer loop
      vertex -116.005 -108.18 0
      vertex -116.024 -108.084 0.2
      vertex -116.024 -108.084 0
    endloop
  endfacet
  facet normal -0.980972 -0.194151 0
    outer loop
      vertex -116.024 -108.084 0.2
      vertex -116.005 -108.18 0
      vertex -116.005 -108.18 0.2
    endloop
  endfacet
  facet normal 0 -1 0
    outer loop
      vertex -117.205 -107.93 0
      vertex -116.255 -107.93 0.2
      vertex -117.205 -107.93 0.2
    endloop
  endfacet
  facet normal 0 -1 -0
    outer loop
      vertex -116.255 -107.93 0.2
      vertex -117.205 -107.93 0
      vertex -116.255 -107.93 0
    endloop
  endfacet
  facet normal 0.5547 -0.83205 0
    outer loop
      vertex -117.382 -108.003 0
      vertex -117.301 -107.949 0.2
      vertex -117.382 -108.003 0.2
    endloop
  endfacet
  facet normal 0.5547 -0.83205 0
    outer loop
      vertex -117.301 -107.949 0.2
      vertex -117.382 -108.003 0
      vertex -117.301 -107.949 0
    endloop
  endfacet
  facet normal 0 1 -0
    outer loop
      vertex -116.255 -108.93 0
      vertex -117.205 -108.93 0.2
      vertex -116.255 -108.93 0.2
    endloop
  endfacet
  facet normal 0 1 0
    outer loop
      vertex -117.205 -108.93 0.2
      vertex -116.255 -108.93 0
      vertex -117.205 -108.93 0
    endloop
  endfacet
  facet normal 0.194151 -0.980972 0
    outer loop
      vertex -117.301 -107.949 0
      vertex -117.205 -107.93 0.2
      vertex -117.301 -107.949 0.2
    endloop
  endfacet
  facet normal 0.194151 -0.980972 0
    outer loop
      vertex -117.205 -107.93 0.2
      vertex -117.301 -107.949 0
      vertex -117.205 -107.93 0
    endloop
  endfacet
  facet normal 0.5547 0.83205 -0
    outer loop
      vertex -117.301 -108.911 0
      vertex -117.382 -108.857 0.2
      vertex -117.301 -108.911 0.2
    endloop
  endfacet
  facet normal 0.5547 0.83205 0
    outer loop
      vertex -117.382 -108.857 0.2
      vertex -117.301 -108.911 0
      vertex -117.382 -108.857 0
    endloop
  endfacet
  facet normal -0.83205 -0.5547 0
    outer loop
      vertex -116.024 -108.084 0
      vertex -116.078 -108.003 0.2
      vertex -116.078 -108.003 0
    endloop
  endfacet
  facet normal -0.83205 -0.5547 0
    outer loop
      vertex -116.078 -108.003 0.2
      vertex -116.024 -108.084 0
      vertex -116.024 -108.084 0.2
    endloop
  endfacet
  facet normal -0.194151 -0.980972 0
    outer loop
      vertex -116.255 -107.93 0
      vertex -116.159 -107.949 0.2
      vertex -116.255 -107.93 0.2
    endloop
  endfacet
  facet normal -0.194151 -0.980972 -0
    outer loop
      vertex -116.159 -107.949 0.2
      vertex -116.255 -107.93 0
      vertex -116.159 -107.949 0
    endloop
  endfacet
  facet normal -0.83205 0.5547 0
    outer loop
      vertex -116.078 -108.857 0
      vertex -116.024 -108.776 0.2
      vertex -116.024 -108.776 0
    endloop
  endfacet
  facet normal -0.83205 0.5547 0
    outer loop
      vertex -116.024 -108.776 0.2
      vertex -116.078 -108.857 0
      vertex -116.078 -108.857 0.2
    endloop
  endfacet
  facet normal 0.980972 -0.194151 0
    outer loop
      vertex -117.455 -108.18 0.2
      vertex -117.436 -108.084 0
      vertex -117.436 -108.084 0.2
    endloop
  endfacet
  facet normal 0.980972 -0.194151 0
    outer loop
      vertex -117.436 -108.084 0
      vertex -117.455 -108.18 0.2
      vertex -117.455 -108.18 0
    endloop
  endfacet
  facet normal -0.5547 0.83205 0
    outer loop
      vertex -116.078 -108.857 0
      vertex -116.159 -108.911 0.2
      vertex -116.078 -108.857 0.2
    endloop
  endfacet
  facet normal -0.5547 0.83205 0
    outer loop
      vertex -116.159 -108.911 0.2
      vertex -116.078 -108.857 0
      vertex -116.159 -108.911 0
    endloop
  endfacet
  facet normal 1 -0 0
    outer loop
      vertex -117.455 -110.58 0.2
      vertex -117.455 -110.08 0
      vertex -117.455 -110.08 0.2
    endloop
  endfacet
  facet normal 1 0 0
    outer loop
      vertex -117.455 -110.08 0
      vertex -117.455 -110.58 0.2
      vertex -117.455 -110.58 0
    endloop
  endfacet
  facet normal 0.83205 0.5547 0
    outer loop
      vertex -117.382 -110.757 0.2
      vertex -117.436 -110.676 0
      vertex -117.436 -110.676 0.2
    endloop
  endfacet
  facet normal 0.83205 0.5547 0
    outer loop
      vertex -117.436 -110.676 0
      vertex -117.382 -110.757 0.2
      vertex -117.382 -110.757 0
    endloop
  endfacet
  facet normal -0.194151 0.980972 0
    outer loop
      vertex -116.159 -110.811 0
      vertex -116.255 -110.83 0.2
      vertex -116.159 -110.811 0.2
    endloop
  endfacet
  facet normal -0.194151 0.980972 0
    outer loop
      vertex -116.255 -110.83 0.2
      vertex -116.159 -110.811 0
      vertex -116.255 -110.83 0
    endloop
  endfacet
  facet normal -1 0 0
    outer loop
      vertex -116.005 -110.58 0
      vertex -116.005 -110.08 0.2
      vertex -116.005 -110.08 0
    endloop
  endfacet
  facet normal -1 -0 0
    outer loop
      vertex -116.005 -110.08 0.2
      vertex -116.005 -110.58 0
      vertex -116.005 -110.58 0.2
    endloop
  endfacet
  facet normal 0.194151 0.980972 -0
    outer loop
      vertex -117.205 -110.83 0
      vertex -117.301 -110.811 0.2
      vertex -117.205 -110.83 0.2
    endloop
  endfacet
  facet normal 0.194151 0.980972 0
    outer loop
      vertex -117.301 -110.811 0.2
      vertex -117.205 -110.83 0
      vertex -117.301 -110.811 0
    endloop
  endfacet
  facet normal -0.980972 0.194151 0
    outer loop
      vertex -116.024 -110.676 0
      vertex -116.005 -110.58 0.2
      vertex -116.005 -110.58 0
    endloop
  endfacet
  facet normal -0.980972 0.194151 0
    outer loop
      vertex -116.005 -110.58 0.2
      vertex -116.024 -110.676 0
      vertex -116.024 -110.676 0.2
    endloop
  endfacet
  facet normal 0.980972 0.194151 0
    outer loop
      vertex -117.436 -110.676 0.2
      vertex -117.455 -110.58 0
      vertex -117.455 -110.58 0.2
    endloop
  endfacet
  facet normal 0.980972 0.194151 0
    outer loop
      vertex -117.455 -110.58 0
      vertex -117.436 -110.676 0.2
      vertex -117.436 -110.676 0
    endloop
  endfacet
  facet normal -0.5547 -0.83205 0
    outer loop
      vertex -116.159 -109.849 0
      vertex -116.078 -109.903 0.2
      vertex -116.159 -109.849 0.2
    endloop
  endfacet
  facet normal -0.5547 -0.83205 -0
    outer loop
      vertex -116.078 -109.903 0.2
      vertex -116.159 -109.849 0
      vertex -116.078 -109.903 0
    endloop
  endfacet
  facet normal 0.83205 -0.5547 0
    outer loop
      vertex -117.436 -109.984 0.2
      vertex -117.382 -109.903 0
      vertex -117.382 -109.903 0.2
    endloop
  endfacet
  facet normal 0.83205 -0.5547 0
    outer loop
      vertex -117.382 -109.903 0
      vertex -117.436 -109.984 0.2
      vertex -117.436 -109.984 0
    endloop
  endfacet
  facet normal -0.980972 -0.194151 0
    outer loop
      vertex -116.005 -110.08 0
      vertex -116.024 -109.984 0.2
      vertex -116.024 -109.984 0
    endloop
  endfacet
  facet normal -0.980972 -0.194151 0
    outer loop
      vertex -116.024 -109.984 0.2
      vertex -116.005 -110.08 0
      vertex -116.005 -110.08 0.2
    endloop
  endfacet
  facet normal 0 -1 0
    outer loop
      vertex -117.205 -109.83 0
      vertex -116.255 -109.83 0.2
      vertex -117.205 -109.83 0.2
    endloop
  endfacet
  facet normal 0 -1 -0
    outer loop
      vertex -116.255 -109.83 0.2
      vertex -117.205 -109.83 0
      vertex -116.255 -109.83 0
    endloop
  endfacet
  facet normal 0.5547 -0.83205 0
    outer loop
      vertex -117.382 -109.903 0
      vertex -117.301 -109.849 0.2
      vertex -117.382 -109.903 0.2
    endloop
  endfacet
  facet normal 0.5547 -0.83205 0
    outer loop
      vertex -117.301 -109.849 0.2
      vertex -117.382 -109.903 0
      vertex -117.301 -109.849 0
    endloop
  endfacet
  facet normal 0 1 -0
    outer loop
      vertex -116.255 -110.83 0
      vertex -117.205 -110.83 0.2
      vertex -116.255 -110.83 0.2
    endloop
  endfacet
  facet normal 0 1 0
    outer loop
      vertex -117.205 -110.83 0.2
      vertex -116.255 -110.83 0
      vertex -117.205 -110.83 0
    endloop
  endfacet
  facet normal 0.194151 -0.980972 0
    outer loop
      vertex -117.301 -109.849 0
      vertex -117.205 -109.83 0.2
      vertex -117.301 -109.849 0.2
    endloop
  endfacet
  facet normal 0.194151 -0.980972 0
    outer loop
      vertex -117.205 -109.83 0.2
      vertex -117.301 -109.849 0
      vertex -117.205 -109.83 0
    endloop
  endfacet
  facet normal 0.5547 0.83205 -0
    outer loop
      vertex -117.301 -110.811 0
      vertex -117.382 -110.757 0.2
      vertex -117.301 -110.811 0.2
    endloop
  endfacet
  facet normal 0.5547 0.83205 0
    outer loop
      vertex -117.382 -110.757 0.2
      vertex -117.301 -110.811 0
      vertex -117.382 -110.757 0
    endloop
  endfacet
  facet normal -0.83205 -0.5547 0
    outer loop
      vertex -116.024 -109.984 0
      vertex -116.078 -109.903 0.2
      vertex -116.078 -109.903 0
    endloop
  endfacet
  facet normal -0.83205 -0.5547 0
    outer loop
      vertex -116.078 -109.903 0.2
      vertex -116.024 -109.984 0
      vertex -116.024 -109.984 0.2
    endloop
  endfacet
  facet normal -0.194151 -0.980972 0
    outer loop
      vertex -116.255 -109.83 0
      vertex -116.159 -109.849 0.2
      vertex -116.255 -109.83 0.2
    endloop
  endfacet
  facet normal -0.194151 -0.980972 -0
    outer loop
      vertex -116.159 -109.849 0.2
      vertex -116.255 -109.83 0
      vertex -116.159 -109.849 0
    endloop
  endfacet
  facet normal -0.83205 0.5547 0
    outer loop
      vertex -116.078 -110.757 0
      vertex -116.024 -110.676 0.2
      vertex -116.024 -110.676 0
    endloop
  endfacet
  facet normal -0.83205 0.5547 0
    outer loop
      vertex -116.024 -110.676 0.2
      vertex -116.078 -110.757 0
      vertex -116.078 -110.757 0.2
    endloop
  endfacet
  facet normal 0.980972 -0.194151 0
    outer loop
      vertex -117.455 -110.08 0.2
      vertex -117.436 -109.984 0
      vertex -117.436 -109.984 0.2
    endloop
  endfacet
  facet normal 0.980972 -0.194151 0
    outer loop
      vertex -117.436 -109.984 0
      vertex -117.455 -110.08 0.2
      vertex -117.455 -110.08 0
    endloop
  endfacet
  facet normal -0.5547 0.83205 0
    outer loop
      vertex -116.078 -110.757 0
      vertex -116.159 -110.811 0.2
      vertex -116.078 -110.757 0.2
    endloop
  endfacet
  facet normal -0.5547 0.83205 0
    outer loop
      vertex -116.159 -110.811 0.2
      vertex -116.078 -110.757 0
      vertex -116.159 -110.811 0
    endloop
  endfacet
  facet normal 1 -0 0
    outer loop
      vertex -119.995 -108.68 0.2
      vertex -119.995 -108.18 0
      vertex -119.995 -108.18 0.2
    endloop
  endfacet
  facet normal 1 0 0
    outer loop
      vertex -119.995 -108.18 0
      vertex -119.995 -108.68 0.2
      vertex -119.995 -108.68 0
    endloop
  endfacet
  facet normal 0.83205 0.5547 0
    outer loop
      vertex -119.922 -108.857 0.2
      vertex -119.976 -108.776 0
      vertex -119.976 -108.776 0.2
    endloop
  endfacet
  facet normal 0.83205 0.5547 0
    outer loop
      vertex -119.976 -108.776 0
      vertex -119.922 -108.857 0.2
      vertex -119.922 -108.857 0
    endloop
  endfacet
  facet normal -0.194151 0.980972 0
    outer loop
      vertex -118.699 -108.911 0
      vertex -118.795 -108.93 0.2
      vertex -118.699 -108.911 0.2
    endloop
  endfacet
  facet normal -0.194151 0.980972 0
    outer loop
      vertex -118.795 -108.93 0.2
      vertex -118.699 -108.911 0
      vertex -118.795 -108.93 0
    endloop
  endfacet
  facet normal -1 0 0
    outer loop
      vertex -118.545 -108.68 0
      vertex -118.545 -108.18 0.2
      vertex -118.545 -108.18 0
    endloop
  endfacet
  facet normal -1 -0 0
    outer loop
      vertex -118.545 -108.18 0.2
      vertex -118.545 -108.68 0
      vertex -118.545 -108.68 0.2
    endloop
  endfacet
  facet normal 0.194151 0.980972 -0
    outer loop
      vertex -119.745 -108.93 0
      vertex -119.841 -108.911 0.2
      vertex -119.745 -108.93 0.2
    endloop
  endfacet
  facet normal 0.194151 0.980972 0
    outer loop
      vertex -119.841 -108.911 0.2
      vertex -119.745 -108.93 0
      vertex -119.841 -108.911 0
    endloop
  endfacet
  facet normal 0.980972 0.194151 0
    outer loop
      vertex -119.976 -108.776 0.2
      vertex -119.995 -108.68 0
      vertex -119.995 -108.68 0.2
    endloop
  endfacet
  facet normal 0.980972 0.194151 0
    outer loop
      vertex -119.995 -108.68 0
      vertex -119.976 -108.776 0.2
      vertex -119.976 -108.776 0
    endloop
  endfacet
  facet normal -0.5547 -0.83205 0
    outer loop
      vertex -118.699 -107.949 0
      vertex -118.618 -108.003 0.2
      vertex -118.699 -107.949 0.2
    endloop
  endfacet
  facet normal -0.5547 -0.83205 -0
    outer loop
      vertex -118.618 -108.003 0.2
      vertex -118.699 -107.949 0
      vertex -118.618 -108.003 0
    endloop
  endfacet
  facet normal 0.83205 -0.5547 0
    outer loop
      vertex -119.976 -108.084 0.2
      vertex -119.922 -108.003 0
      vertex -119.922 -108.003 0.2
    endloop
  endfacet
  facet normal 0.83205 -0.5547 0
    outer loop
      vertex -119.922 -108.003 0
      vertex -119.976 -108.084 0.2
      vertex -119.976 -108.084 0
    endloop
  endfacet
  facet normal -0.980972 -0.194151 0
    outer loop
      vertex -118.545 -108.18 0
      vertex -118.564 -108.084 0.2
      vertex -118.564 -108.084 0
    endloop
  endfacet
  facet normal -0.980972 -0.194151 0
    outer loop
      vertex -118.564 -108.084 0.2
      vertex -118.545 -108.18 0
      vertex -118.545 -108.18 0.2
    endloop
  endfacet
  facet normal 0 -1 0
    outer loop
      vertex -119.745 -107.93 0
      vertex -118.795 -107.93 0.2
      vertex -119.745 -107.93 0.2
    endloop
  endfacet
  facet normal 0 -1 -0
    outer loop
      vertex -118.795 -107.93 0.2
      vertex -119.745 -107.93 0
      vertex -118.795 -107.93 0
    endloop
  endfacet
  facet normal 0.5547 -0.83205 0
    outer loop
      vertex -119.922 -108.003 0
      vertex -119.841 -107.949 0.2
      vertex -119.922 -108.003 0.2
    endloop
  endfacet
  facet normal 0.5547 -0.83205 0
    outer loop
      vertex -119.841 -107.949 0.2
      vertex -119.922 -108.003 0
      vertex -119.841 -107.949 0
    endloop
  endfacet
  facet normal 0 1 -0
    outer loop
      vertex -118.795 -108.93 0
      vertex -119.745 -108.93 0.2
      vertex -118.795 -108.93 0.2
    endloop
  endfacet
  facet normal 0 1 0
    outer loop
      vertex -119.745 -108.93 0.2
      vertex -118.795 -108.93 0
      vertex -119.745 -108.93 0
    endloop
  endfacet
  facet normal 0.194151 -0.980972 0
    outer loop
      vertex -119.841 -107.949 0
      vertex -119.745 -107.93 0.2
      vertex -119.841 -107.949 0.2
    endloop
  endfacet
  facet normal 0.194151 -0.980972 0
    outer loop
      vertex -119.745 -107.93 0.2
      vertex -119.841 -107.949 0
      vertex -119.745 -107.93 0
    endloop
  endfacet
  facet normal 0.5547 0.83205 -0
    outer loop
      vertex -119.841 -108.911 0
      vertex -119.922 -108.857 0.2
      vertex -119.841 -108.911 0.2
    endloop
  endfacet
  facet normal 0.5547 0.83205 0
    outer loop
      vertex -119.922 -108.857 0.2
      vertex -119.841 -108.911 0
      vertex -119.922 -108.857 0
    endloop
  endfacet
  facet normal -0.83205 -0.5547 0
    outer loop
      vertex -118.564 -108.084 0
      vertex -118.618 -108.003 0.2
      vertex -118.618 -108.003 0
    endloop
  endfacet
  facet normal -0.83205 -0.5547 0
    outer loop
      vertex -118.618 -108.003 0.2
      vertex -118.564 -108.084 0
      vertex -118.564 -108.084 0.2
    endloop
  endfacet
  facet normal -0.194151 -0.980972 0
    outer loop
      vertex -118.795 -107.93 0
      vertex -118.699 -107.949 0.2
      vertex -118.795 -107.93 0.2
    endloop
  endfacet
  facet normal -0.194151 -0.980972 -0
    outer loop
      vertex -118.699 -107.949 0.2
      vertex -118.795 -107.93 0
      vertex -118.699 -107.949 0
    endloop
  endfacet
  facet normal -0.83205 0.5547 0
    outer loop
      vertex -118.618 -108.857 0
      vertex -118.564 -108.776 0.2
      vertex -118.564 -108.776 0
    endloop
  endfacet
  facet normal -0.83205 0.5547 0
    outer loop
      vertex -118.564 -108.776 0.2
      vertex -118.618 -108.857 0
      vertex -118.618 -108.857 0.2
    endloop
  endfacet
  facet normal 0.980972 -0.194151 0
    outer loop
      vertex -119.995 -108.18 0.2
      vertex -119.976 -108.084 0
      vertex -119.976 -108.084 0.2
    endloop
  endfacet
  facet normal 0.980972 -0.194151 0
    outer loop
      vertex -119.976 -108.084 0
      vertex -119.995 -108.18 0.2
      vertex -119.995 -108.18 0
    endloop
  endfacet
  facet normal -0.980972 0.194151 0
    outer loop
      vertex -118.564 -108.776 0
      vertex -118.545 -108.68 0.2
      vertex -118.545 -108.68 0
    endloop
  endfacet
  facet normal -0.980972 0.194151 0
    outer loop
      vertex -118.545 -108.68 0.2
      vertex -118.564 -108.776 0
      vertex -118.564 -108.776 0.2
    endloop
  endfacet
  facet normal -0.5547 0.83205 0
    outer loop
      vertex -118.618 -108.857 0
      vertex -118.699 -108.911 0.2
      vertex -118.618 -108.857 0.2
    endloop
  endfacet
  facet normal -0.5547 0.83205 0
    outer loop
      vertex -118.699 -108.911 0.2
      vertex -118.618 -108.857 0
      vertex -118.699 -108.911 0
    endloop
  endfacet
  facet normal 1 -0 0
    outer loop
      vertex -119.995 -110.58 0.2
      vertex -119.995 -110.08 0
      vertex -119.995 -110.08 0.2
    endloop
  endfacet
  facet normal 1 0 0
    outer loop
      vertex -119.995 -110.08 0
      vertex -119.995 -110.58 0.2
      vertex -119.995 -110.58 0
    endloop
  endfacet
  facet normal 0.83205 0.5547 0
    outer loop
      vertex -119.922 -110.757 0.2
      vertex -119.976 -110.676 0
      vertex -119.976 -110.676 0.2
    endloop
  endfacet
  facet normal 0.83205 0.5547 0
    outer loop
      vertex -119.976 -110.676 0
      vertex -119.922 -110.757 0.2
      vertex -119.922 -110.757 0
    endloop
  endfacet
  facet normal -0.194151 0.980972 0
    outer loop
      vertex -118.699 -110.811 0
      vertex -118.795 -110.83 0.2
      vertex -118.699 -110.811 0.2
    endloop
  endfacet
  facet normal -0.194151 0.980972 0
    outer loop
      vertex -118.795 -110.83 0.2
      vertex -118.699 -110.811 0
      vertex -118.795 -110.83 0
    endloop
  endfacet
  facet normal -1 0 0
    outer loop
      vertex -118.545 -110.58 0
      vertex -118.545 -110.08 0.2
      vertex -118.545 -110.08 0
    endloop
  endfacet
  facet normal -1 -0 0
    outer loop
      vertex -118.545 -110.08 0.2
      vertex -118.545 -110.58 0
      vertex -118.545 -110.58 0.2
    endloop
  endfacet
  facet normal 0.194151 0.980972 -0
    outer loop
      vertex -119.745 -110.83 0
      vertex -119.841 -110.811 0.2
      vertex -119.745 -110.83 0.2
    endloop
  endfacet
  facet normal 0.194151 0.980972 0
    outer loop
      vertex -119.841 -110.811 0.2
      vertex -119.745 -110.83 0
      vertex -119.841 -110.811 0
    endloop
  endfacet
  facet normal 0.980972 0.194151 0
    outer loop
      vertex -119.976 -110.676 0.2
      vertex -119.995 -110.58 0
      vertex -119.995 -110.58 0.2
    endloop
  endfacet
  facet normal 0.980972 0.194151 0
    outer loop
      vertex -119.995 -110.58 0
      vertex -119.976 -110.676 0.2
      vertex -119.976 -110.676 0
    endloop
  endfacet
  facet normal -0.5547 -0.83205 0
    outer loop
      vertex -118.699 -109.849 0
      vertex -118.618 -109.903 0.2
      vertex -118.699 -109.849 0.2
    endloop
  endfacet
  facet normal -0.5547 -0.83205 -0
    outer loop
      vertex -118.618 -109.903 0.2
      vertex -118.699 -109.849 0
      vertex -118.618 -109.903 0
    endloop
  endfacet
  facet normal 0.83205 -0.5547 0
    outer loop
      vertex -119.976 -109.984 0.2
      vertex -119.922 -109.903 0
      vertex -119.922 -109.903 0.2
    endloop
  endfacet
  facet normal 0.83205 -0.5547 0
    outer loop
      vertex -119.922 -109.903 0
      vertex -119.976 -109.984 0.2
      vertex -119.976 -109.984 0
    endloop
  endfacet
  facet normal -0.980972 -0.194151 0
    outer loop
      vertex -118.545 -110.08 0
      vertex -118.564 -109.984 0.2
      vertex -118.564 -109.984 0
    endloop
  endfacet
  facet normal -0.980972 -0.194151 0
    outer loop
      vertex -118.564 -109.984 0.2
      vertex -118.545 -110.08 0
      vertex -118.545 -110.08 0.2
    endloop
  endfacet
  facet normal 0 -1 0
    outer loop
      vertex -119.745 -109.83 0
      vertex -118.795 -109.83 0.2
      vertex -119.745 -109.83 0.2
    endloop
  endfacet
  facet normal 0 -1 -0
    outer loop
      vertex -118.795 -109.83 0.2
      vertex -119.745 -109.83 0
      vertex -118.795 -109.83 0
    endloop
  endfacet
  facet normal 0.5547 -0.83205 0
    outer loop
      vertex -119.922 -109.903 0
      vertex -119.841 -109.849 0.2
      vertex -119.922 -109.903 0.2
    endloop
  endfacet
  facet normal 0.5547 -0.83205 0
    outer loop
      vertex -119.841 -109.849 0.2
      vertex -119.922 -109.903 0
      vertex -119.841 -109.849 0
    endloop
  endfacet
  facet normal 0 1 -0
    outer loop
      vertex -118.795 -110.83 0
      vertex -119.745 -110.83 0.2
      vertex -118.795 -110.83 0.2
    endloop
  endfacet
  facet normal 0 1 0
    outer loop
      vertex -119.745 -110.83 0.2
      vertex -118.795 -110.83 0
      vertex -119.745 -110.83 0
    endloop
  endfacet
  facet normal 0.194151 -0.980972 0
    outer loop
      vertex -119.841 -109.849 0
      vertex -119.745 -109.83 0.2
      vertex -119.841 -109.849 0.2
    endloop
  endfacet
  facet normal 0.194151 -0.980972 0
    outer loop
      vertex -119.745 -109.83 0.2
      vertex -119.841 -109.849 0
      vertex -119.745 -109.83 0
    endloop
  endfacet
  facet normal 0.5547 0.83205 -0
    outer loop
      vertex -119.841 -110.811 0
      vertex -119.922 -110.757 0.2
      vertex -119.841 -110.811 0.2
    endloop
  endfacet
  facet normal 0.5547 0.83205 0
    outer loop
      vertex -119.922 -110.757 0.2
      vertex -119.841 -110.811 0
      vertex -119.922 -110.757 0
    endloop
  endfacet
  facet normal -0.83205 -0.5547 0
    outer loop
      vertex -118.564 -109.984 0
      vertex -118.618 -109.903 0.2
      vertex -118.618 -109.903 0
    endloop
  endfacet
  facet normal -0.83205 -0.5547 0
    outer loop
      vertex -118.618 -109.903 0.2
      vertex -118.564 -109.984 0
      vertex -118.564 -109.984 0.2
    endloop
  endfacet
  facet normal -0.194151 -0.980972 0
    outer loop
      vertex -118.795 -109.83 0
      vertex -118.699 -109.849 0.2
      vertex -118.795 -109.83 0.2
    endloop
  endfacet
  facet normal -0.194151 -0.980972 -0
    outer loop
      vertex -118.699 -109.849 0.2
      vertex -118.795 -109.83 0
      vertex -118.699 -109.849 0
    endloop
  endfacet
  facet normal -0.83205 0.5547 0
    outer loop
      vertex -118.618 -110.757 0
      vertex -118.564 -110.676 0.2
      vertex -118.564 -110.676 0
    endloop
  endfacet
  facet normal -0.83205 0.5547 0
    outer loop
      vertex -118.564 -110.676 0.2
      vertex -118.618 -110.757 0
      vertex -118.618 -110.757 0.2
    endloop
  endfacet
  facet normal 0.980972 -0.194151 0
    outer loop
      vertex -119.995 -110.08 0.2
      vertex -119.976 -109.984 0
      vertex -119.976 -109.984 0.2
    endloop
  endfacet
  facet normal 0.980972 -0.194151 0
    outer loop
      vertex -119.976 -109.984 0
      vertex -119.995 -110.08 0.2
      vertex -119.995 -110.08 0
    endloop
  endfacet
  facet normal -0.980972 0.194151 0
    outer loop
      vertex -118.564 -110.676 0
      vertex -118.545 -110.58 0.2
      vertex -118.545 -110.58 0
    endloop
  endfacet
  facet normal -0.980972 0.194151 0
    outer loop
      vertex -118.545 -110.58 0.2
      vertex -118.564 -110.676 0
      vertex -118.564 -110.676 0.2
    endloop
  endfacet
  facet normal -0.5547 0.83205 0
    outer loop
      vertex -118.618 -110.757 0
      vertex -118.699 -110.811 0.2
      vertex -118.618 -110.757 0.2
    endloop
  endfacet
  facet normal -0.5547 0.83205 0
    outer loop
      vertex -118.699 -110.811 0.2
      vertex -118.618 -110.757 0
      vertex -118.699 -110.811 0
    endloop
  endfacet
  facet normal 1 -0 0
    outer loop
      vertex -109.835 -108.68 0.2
      vertex -109.835 -108.18 0
      vertex -109.835 -108.18 0.2
    endloop
  endfacet
  facet normal 1 0 0
    outer loop
      vertex -109.835 -108.18 0
      vertex -109.835 -108.68 0.2
      vertex -109.835 -108.68 0
    endloop
  endfacet
  facet normal 0.83205 0.5547 0
    outer loop
      vertex -109.762 -108.857 0.2
      vertex -109.816 -108.776 0
      vertex -109.816 -108.776 0.2
    endloop
  endfacet
  facet normal 0.83205 0.5547 0
    outer loop
      vertex -109.816 -108.776 0
      vertex -109.762 -108.857 0.2
      vertex -109.762 -108.857 0
    endloop
  endfacet
  facet normal -0.194151 0.980972 0
    outer loop
      vertex -108.539 -108.911 0
      vertex -108.635 -108.93 0.2
      vertex -108.539 -108.911 0.2
    endloop
  endfacet
  facet normal -0.194151 0.980972 0
    outer loop
      vertex -108.635 -108.93 0.2
      vertex -108.539 -108.911 0
      vertex -108.635 -108.93 0
    endloop
  endfacet
  facet normal -1 0 0
    outer loop
      vertex -108.385 -108.68 0
      vertex -108.385 -108.18 0.2
      vertex -108.385 -108.18 0
    endloop
  endfacet
  facet normal -1 -0 0
    outer loop
      vertex -108.385 -108.18 0.2
      vertex -108.385 -108.68 0
      vertex -108.385 -108.68 0.2
    endloop
  endfacet
  facet normal 0.194151 0.980972 -0
    outer loop
      vertex -109.585 -108.93 0
      vertex -109.681 -108.911 0.2
      vertex -109.585 -108.93 0.2
    endloop
  endfacet
  facet normal 0.194151 0.980972 0
    outer loop
      vertex -109.681 -108.911 0.2
      vertex -109.585 -108.93 0
      vertex -109.681 -108.911 0
    endloop
  endfacet
  facet normal -0.980972 0.194151 0
    outer loop
      vertex -108.404 -108.776 0
      vertex -108.385 -108.68 0.2
      vertex -108.385 -108.68 0
    endloop
  endfacet
  facet normal -0.980972 0.194151 0
    outer loop
      vertex -108.385 -108.68 0.2
      vertex -108.404 -108.776 0
      vertex -108.404 -108.776 0.2
    endloop
  endfacet
  facet normal 0.980972 0.194151 0
    outer loop
      vertex -109.816 -108.776 0.2
      vertex -109.835 -108.68 0
      vertex -109.835 -108.68 0.2
    endloop
  endfacet
  facet normal 0.980972 0.194151 0
    outer loop
      vertex -109.835 -108.68 0
      vertex -109.816 -108.776 0.2
      vertex -109.816 -108.776 0
    endloop
  endfacet
  facet normal -0.5547 -0.83205 0
    outer loop
      vertex -108.539 -107.949 0
      vertex -108.458 -108.003 0.2
      vertex -108.539 -107.949 0.2
    endloop
  endfacet
  facet normal -0.5547 -0.83205 -0
    outer loop
      vertex -108.458 -108.003 0.2
      vertex -108.539 -107.949 0
      vertex -108.458 -108.003 0
    endloop
  endfacet
  facet normal 0.83205 -0.5547 0
    outer loop
      vertex -109.816 -108.084 0.2
      vertex -109.762 -108.003 0
      vertex -109.762 -108.003 0.2
    endloop
  endfacet
  facet normal 0.83205 -0.5547 0
    outer loop
      vertex -109.762 -108.003 0
      vertex -109.816 -108.084 0.2
      vertex -109.816 -108.084 0
    endloop
  endfacet
  facet normal -0.980972 -0.194151 0
    outer loop
      vertex -108.385 -108.18 0
      vertex -108.404 -108.084 0.2
      vertex -108.404 -108.084 0
    endloop
  endfacet
  facet normal -0.980972 -0.194151 0
    outer loop
      vertex -108.404 -108.084 0.2
      vertex -108.385 -108.18 0
      vertex -108.385 -108.18 0.2
    endloop
  endfacet
  facet normal 0 -1 0
    outer loop
      vertex -109.585 -107.93 0
      vertex -108.635 -107.93 0.2
      vertex -109.585 -107.93 0.2
    endloop
  endfacet
  facet normal 0 -1 -0
    outer loop
      vertex -108.635 -107.93 0.2
      vertex -109.585 -107.93 0
      vertex -108.635 -107.93 0
    endloop
  endfacet
  facet normal 0.5547 -0.83205 0
    outer loop
      vertex -109.762 -108.003 0
      vertex -109.681 -107.949 0.2
      vertex -109.762 -108.003 0.2
    endloop
  endfacet
  facet normal 0.5547 -0.83205 0
    outer loop
      vertex -109.681 -107.949 0.2
      vertex -109.762 -108.003 0
      vertex -109.681 -107.949 0
    endloop
  endfacet
  facet normal 0 1 -0
    outer loop
      vertex -108.635 -108.93 0
      vertex -109.585 -108.93 0.2
      vertex -108.635 -108.93 0.2
    endloop
  endfacet
  facet normal 0 1 0
    outer loop
      vertex -109.585 -108.93 0.2
      vertex -108.635 -108.93 0
      vertex -109.585 -108.93 0
    endloop
  endfacet
  facet normal 0.194151 -0.980972 0
    outer loop
      vertex -109.681 -107.949 0
      vertex -109.585 -107.93 0.2
      vertex -109.681 -107.949 0.2
    endloop
  endfacet
  facet normal 0.194151 -0.980972 0
    outer loop
      vertex -109.585 -107.93 0.2
      vertex -109.681 -107.949 0
      vertex -109.585 -107.93 0
    endloop
  endfacet
  facet normal 0.5547 0.83205 -0
    outer loop
      vertex -109.681 -108.911 0
      vertex -109.762 -108.857 0.2
      vertex -109.681 -108.911 0.2
    endloop
  endfacet
  facet normal 0.5547 0.83205 0
    outer loop
      vertex -109.762 -108.857 0.2
      vertex -109.681 -108.911 0
      vertex -109.762 -108.857 0
    endloop
  endfacet
  facet normal -0.83205 -0.5547 0
    outer loop
      vertex -108.404 -108.084 0
      vertex -108.458 -108.003 0.2
      vertex -108.458 -108.003 0
    endloop
  endfacet
  facet normal -0.83205 -0.5547 0
    outer loop
      vertex -108.458 -108.003 0.2
      vertex -108.404 -108.084 0
      vertex -108.404 -108.084 0.2
    endloop
  endfacet
  facet normal -0.194151 -0.980972 0
    outer loop
      vertex -108.635 -107.93 0
      vertex -108.539 -107.949 0.2
      vertex -108.635 -107.93 0.2
    endloop
  endfacet
  facet normal -0.194151 -0.980972 -0
    outer loop
      vertex -108.539 -107.949 0.2
      vertex -108.635 -107.93 0
      vertex -108.539 -107.949 0
    endloop
  endfacet
  facet normal -0.83205 0.5547 0
    outer loop
      vertex -108.458 -108.857 0
      vertex -108.404 -108.776 0.2
      vertex -108.404 -108.776 0
    endloop
  endfacet
  facet normal -0.83205 0.5547 0
    outer loop
      vertex -108.404 -108.776 0.2
      vertex -108.458 -108.857 0
      vertex -108.458 -108.857 0.2
    endloop
  endfacet
  facet normal 0.980972 -0.194151 0
    outer loop
      vertex -109.835 -108.18 0.2
      vertex -109.816 -108.084 0
      vertex -109.816 -108.084 0.2
    endloop
  endfacet
  facet normal 0.980972 -0.194151 0
    outer loop
      vertex -109.816 -108.084 0
      vertex -109.835 -108.18 0.2
      vertex -109.835 -108.18 0
    endloop
  endfacet
  facet normal -0.5547 0.83205 0
    outer loop
      vertex -108.458 -108.857 0
      vertex -108.539 -108.911 0.2
      vertex -108.458 -108.857 0.2
    endloop
  endfacet
  facet normal -0.5547 0.83205 0
    outer loop
      vertex -108.539 -108.911 0.2
      vertex -108.458 -108.857 0
      vertex -108.539 -108.911 0
    endloop
  endfacet
  facet normal 0.194151 0.980972 -0
    outer loop
      vertex -109.585 -110.83 0
      vertex -109.681 -110.811 0.2
      vertex -109.585 -110.83 0.2
    endloop
  endfacet
  facet normal 0.194151 0.980972 0
    outer loop
      vertex -109.681 -110.811 0.2
      vertex -109.585 -110.83 0
      vertex -109.681 -110.811 0
    endloop
  endfacet
  facet normal -0.194151 0.980972 0
    outer loop
      vertex -108.539 -110.811 0
      vertex -108.635 -110.83 0.2
      vertex -108.539 -110.811 0.2
    endloop
  endfacet
  facet normal -0.194151 0.980972 0
    outer loop
      vertex -108.635 -110.83 0.2
      vertex -108.539 -110.811 0
      vertex -108.635 -110.83 0
    endloop
  endfacet
  facet normal -1 0 0
    outer loop
      vertex -108.385 -110.58 0
      vertex -108.385 -110.08 0.2
      vertex -108.385 -110.08 0
    endloop
  endfacet
  facet normal -1 -0 0
    outer loop
      vertex -108.385 -110.08 0.2
      vertex -108.385 -110.58 0
      vertex -108.385 -110.58 0.2
    endloop
  endfacet
  facet normal 0 1 -0
    outer loop
      vertex -108.635 -110.83 0
      vertex -109.585 -110.83 0.2
      vertex -108.635 -110.83 0.2
    endloop
  endfacet
  facet normal 0 1 0
    outer loop
      vertex -109.585 -110.83 0.2
      vertex -108.635 -110.83 0
      vertex -109.585 -110.83 0
    endloop
  endfacet
  facet normal -0.5547 -0.83205 0
    outer loop
      vertex -108.539 -109.849 0
      vertex -108.458 -109.903 0.2
      vertex -108.539 -109.849 0.2
    endloop
  endfacet
  facet normal -0.5547 -0.83205 -0
    outer loop
      vertex -108.458 -109.903 0.2
      vertex -108.539 -109.849 0
      vertex -108.458 -109.903 0
    endloop
  endfacet
  facet normal -0.83205 0.5547 0
    outer loop
      vertex -108.458 -110.757 0
      vertex -108.404 -110.676 0.2
      vertex -108.404 -110.676 0
    endloop
  endfacet
  facet normal -0.83205 0.5547 0
    outer loop
      vertex -108.404 -110.676 0.2
      vertex -108.458 -110.757 0
      vertex -108.458 -110.757 0.2
    endloop
  endfacet
  facet normal -0.194151 -0.980972 0
    outer loop
      vertex -108.635 -109.83 0
      vertex -108.539 -109.849 0.2
      vertex -108.635 -109.83 0.2
    endloop
  endfacet
  facet normal -0.194151 -0.980972 -0
    outer loop
      vertex -108.539 -109.849 0.2
      vertex -108.635 -109.83 0
      vertex -108.539 -109.849 0
    endloop
  endfacet
  facet normal 0.5547 0.83205 -0
    outer loop
      vertex -109.681 -110.811 0
      vertex -109.762 -110.757 0.2
      vertex -109.681 -110.811 0.2
    endloop
  endfacet
  facet normal 0.5547 0.83205 0
    outer loop
      vertex -109.762 -110.757 0.2
      vertex -109.681 -110.811 0
      vertex -109.762 -110.757 0
    endloop
  endfacet
  facet normal 0.83205 0.5547 0
    outer loop
      vertex -109.762 -110.757 0.2
      vertex -109.816 -110.676 0
      vertex -109.816 -110.676 0.2
    endloop
  endfacet
  facet normal 0.83205 0.5547 0
    outer loop
      vertex -109.816 -110.676 0
      vertex -109.762 -110.757 0.2
      vertex -109.762 -110.757 0
    endloop
  endfacet
  facet normal 0 -1 0
    outer loop
      vertex -109.585 -109.83 0
      vertex -108.635 -109.83 0.2
      vertex -109.585 -109.83 0.2
    endloop
  endfacet
  facet normal 0 -1 -0
    outer loop
      vertex -108.635 -109.83 0.2
      vertex -109.585 -109.83 0
      vertex -108.635 -109.83 0
    endloop
  endfacet
  facet normal 0.5547 -0.83205 0
    outer loop
      vertex -109.762 -109.903 0
      vertex -109.681 -109.849 0.2
      vertex -109.762 -109.903 0.2
    endloop
  endfacet
  facet normal 0.5547 -0.83205 0
    outer loop
      vertex -109.681 -109.849 0.2
      vertex -109.762 -109.903 0
      vertex -109.681 -109.849 0
    endloop
  endfacet
  facet normal -0.83205 -0.5547 0
    outer loop
      vertex -108.404 -109.984 0
      vertex -108.458 -109.903 0.2
      vertex -108.458 -109.903 0
    endloop
  endfacet
  facet normal -0.83205 -0.5547 0
    outer loop
      vertex -108.458 -109.903 0.2
      vertex -108.404 -109.984 0
      vertex -108.404 -109.984 0.2
    endloop
  endfacet
  facet normal 0.194151 -0.980972 0
    outer loop
      vertex -109.681 -109.849 0
      vertex -109.585 -109.83 0.2
      vertex -109.681 -109.849 0.2
    endloop
  endfacet
  facet normal 0.194151 -0.980972 0
    outer loop
      vertex -109.585 -109.83 0.2
      vertex -109.681 -109.849 0
      vertex -109.585 -109.83 0
    endloop
  endfacet
  facet normal 0.980972 -0.194151 0
    outer loop
      vertex -109.835 -110.08 0.2
      vertex -109.816 -109.984 0
      vertex -109.816 -109.984 0.2
    endloop
  endfacet
  facet normal 0.980972 -0.194151 0
    outer loop
      vertex -109.816 -109.984 0
      vertex -109.835 -110.08 0.2
      vertex -109.835 -110.08 0
    endloop
  endfacet
  facet normal -0.5547 0.83205 0
    outer loop
      vertex -108.458 -110.757 0
      vertex -108.539 -110.811 0.2
      vertex -108.458 -110.757 0.2
    endloop
  endfacet
  facet normal -0.5547 0.83205 0
    outer loop
      vertex -108.539 -110.811 0.2
      vertex -108.458 -110.757 0
      vertex -108.539 -110.811 0
    endloop
  endfacet
  facet normal 0.83205 -0.5547 0
    outer loop
      vertex -109.816 -109.984 0.2
      vertex -109.762 -109.903 0
      vertex -109.762 -109.903 0.2
    endloop
  endfacet
  facet normal 0.83205 -0.5547 0
    outer loop
      vertex -109.762 -109.903 0
      vertex -109.816 -109.984 0.2
      vertex -109.816 -109.984 0
    endloop
  endfacet
  facet normal -0.980972 -0.194151 0
    outer loop
      vertex -108.385 -110.08 0
      vertex -108.404 -109.984 0.2
      vertex -108.404 -109.984 0
    endloop
  endfacet
  facet normal -0.980972 -0.194151 0
    outer loop
      vertex -108.404 -109.984 0.2
      vertex -108.385 -110.08 0
      vertex -108.385 -110.08 0.2
    endloop
  endfacet
  facet normal 1 -0 0
    outer loop
      vertex -109.835 -110.58 0.2
      vertex -109.835 -110.08 0
      vertex -109.835 -110.08 0.2
    endloop
  endfacet
  facet normal 1 0 0
    outer loop
      vertex -109.835 -110.08 0
      vertex -109.835 -110.58 0.2
      vertex -109.835 -110.58 0
    endloop
  endfacet
  facet normal -0.980972 0.194151 0
    outer loop
      vertex -108.404 -110.676 0
      vertex -108.385 -110.58 0.2
      vertex -108.385 -110.58 0
    endloop
  endfacet
  facet normal -0.980972 0.194151 0
    outer loop
      vertex -108.385 -110.58 0.2
      vertex -108.404 -110.676 0
      vertex -108.404 -110.676 0.2
    endloop
  endfacet
  facet normal 0.980972 0.194151 0
    outer loop
      vertex -109.816 -110.676 0.2
      vertex -109.835 -110.58 0
      vertex -109.835 -110.58 0.2
    endloop
  endfacet
  facet normal 0.980972 0.194151 0
    outer loop
      vertex -109.835 -110.58 0
      vertex -109.816 -110.676 0.2
      vertex -109.816 -110.676 0
    endloop
  endfacet
  facet normal -0.194151 0.980972 0
    outer loop
      vertex -111.629 -90.481 0
      vertex -111.725 -90.5 0.2
      vertex -111.629 -90.481 0.2
    endloop
  endfacet
  facet normal -0.194151 0.980972 0
    outer loop
      vertex -111.725 -90.5 0.2
      vertex -111.629 -90.481 0
      vertex -111.725 -90.5 0
    endloop
  endfacet
  facet normal 0.832366 -0.554226 0
    outer loop
      vertex -113.256 -87.1543 0.2
      vertex -113.202 -87.0732 0
      vertex -113.202 -87.0732 0.2
    endloop
  endfacet
  facet normal 0.832366 -0.554226 0
    outer loop
      vertex -113.202 -87.0732 0
      vertex -113.256 -87.1543 0.2
      vertex -113.256 -87.1543 0
    endloop
  endfacet
  facet normal 1 -0 0
    outer loop
      vertex -113.275 -90.25 0.2
      vertex -113.275 -87.25 0
      vertex -113.275 -87.25 0.2
    endloop
  endfacet
  facet normal 1 0 0
    outer loop
      vertex -113.275 -87.25 0
      vertex -113.275 -90.25 0.2
      vertex -113.275 -90.25 0
    endloop
  endfacet
  facet normal -1 0 0
    outer loop
      vertex -111.475 -90.25 0
      vertex -111.475 -87.25 0.2
      vertex -111.475 -87.25 0
    endloop
  endfacet
  facet normal -1 -0 0
    outer loop
      vertex -111.475 -87.25 0.2
      vertex -111.475 -90.25 0
      vertex -111.475 -90.25 0.2
    endloop
  endfacet
  facet normal 0.194151 0.980972 -0
    outer loop
      vertex -113.025 -90.5 0
      vertex -113.121 -90.481 0.2
      vertex -113.025 -90.5 0.2
    endloop
  endfacet
  facet normal 0.194151 0.980972 0
    outer loop
      vertex -113.121 -90.481 0.2
      vertex -113.025 -90.5 0
      vertex -113.121 -90.481 0
    endloop
  endfacet
  facet normal 0.980856 -0.194736 0
    outer loop
      vertex -113.275 -87.25 0.2
      vertex -113.256 -87.1543 0
      vertex -113.256 -87.1543 0.2
    endloop
  endfacet
  facet normal 0.980856 -0.194736 0
    outer loop
      vertex -113.256 -87.1543 0
      vertex -113.275 -87.25 0.2
      vertex -113.275 -87.25 0
    endloop
  endfacet
  facet normal -0.980856 -0.194736 0
    outer loop
      vertex -111.475 -87.25 0
      vertex -111.494 -87.1543 0.2
      vertex -111.494 -87.1543 0
    endloop
  endfacet
  facet normal -0.980856 -0.194736 0
    outer loop
      vertex -111.494 -87.1543 0.2
      vertex -111.475 -87.25 0
      vertex -111.475 -87.25 0.2
    endloop
  endfacet
  facet normal 0.55612 0.831102 -0
    outer loop
      vertex -113.121 -90.481 0
      vertex -113.202 -90.4268 0.2
      vertex -113.121 -90.481 0.2
    endloop
  endfacet
  facet normal 0.55612 0.831102 0
    outer loop
      vertex -113.202 -90.4268 0.2
      vertex -113.121 -90.481 0
      vertex -113.202 -90.4268 0
    endloop
  endfacet
  facet normal -0.194151 -0.980972 0
    outer loop
      vertex -111.725 -87 0
      vertex -111.629 -87.019 0.2
      vertex -111.725 -87 0.2
    endloop
  endfacet
  facet normal -0.194151 -0.980972 -0
    outer loop
      vertex -111.629 -87.019 0.2
      vertex -111.725 -87 0
      vertex -111.629 -87.019 0
    endloop
  endfacet
  facet normal 0 1 -0
    outer loop
      vertex -111.725 -90.5 0
      vertex -113.025 -90.5 0.2
      vertex -111.725 -90.5 0.2
    endloop
  endfacet
  facet normal 0 1 0
    outer loop
      vertex -113.025 -90.5 0.2
      vertex -111.725 -90.5 0
      vertex -113.025 -90.5 0
    endloop
  endfacet
  facet normal 0.832366 0.554226 0
    outer loop
      vertex -113.202 -90.4268 0.2
      vertex -113.256 -90.3457 0
      vertex -113.256 -90.3457 0.2
    endloop
  endfacet
  facet normal 0.832366 0.554226 0
    outer loop
      vertex -113.256 -90.3457 0
      vertex -113.202 -90.4268 0.2
      vertex -113.202 -90.4268 0
    endloop
  endfacet
  facet normal 0.980856 0.194736 0
    outer loop
      vertex -113.256 -90.3457 0.2
      vertex -113.275 -90.25 0
      vertex -113.275 -90.25 0.2
    endloop
  endfacet
  facet normal 0.980856 0.194736 0
    outer loop
      vertex -113.275 -90.25 0
      vertex -113.256 -90.3457 0.2
      vertex -113.256 -90.3457 0
    endloop
  endfacet
  facet normal -0.55612 -0.831102 0
    outer loop
      vertex -111.629 -87.019 0
      vertex -111.548 -87.0732 0.2
      vertex -111.629 -87.019 0.2
    endloop
  endfacet
  facet normal -0.55612 -0.831102 -0
    outer loop
      vertex -111.548 -87.0732 0.2
      vertex -111.629 -87.019 0
      vertex -111.548 -87.0732 0
    endloop
  endfacet
  facet normal -0.832366 0.554226 0
    outer loop
      vertex -111.548 -90.4268 0
      vertex -111.494 -90.3457 0.2
      vertex -111.494 -90.3457 0
    endloop
  endfacet
  facet normal -0.832366 0.554226 0
    outer loop
      vertex -111.494 -90.3457 0.2
      vertex -111.548 -90.4268 0
      vertex -111.548 -90.4268 0.2
    endloop
  endfacet
  facet normal 0 -1 0
    outer loop
      vertex -113.025 -87 0
      vertex -111.725 -87 0.2
      vertex -113.025 -87 0.2
    endloop
  endfacet
  facet normal 0 -1 -0
    outer loop
      vertex -111.725 -87 0.2
      vertex -113.025 -87 0
      vertex -111.725 -87 0
    endloop
  endfacet
  facet normal 0.55612 -0.831102 0
    outer loop
      vertex -113.202 -87.0732 0
      vertex -113.121 -87.019 0.2
      vertex -113.202 -87.0732 0.2
    endloop
  endfacet
  facet normal 0.55612 -0.831102 0
    outer loop
      vertex -113.121 -87.019 0.2
      vertex -113.202 -87.0732 0
      vertex -113.121 -87.019 0
    endloop
  endfacet
  facet normal -0.980856 0.194736 0
    outer loop
      vertex -111.494 -90.3457 0
      vertex -111.475 -90.25 0.2
      vertex -111.475 -90.25 0
    endloop
  endfacet
  facet normal -0.980856 0.194736 0
    outer loop
      vertex -111.475 -90.25 0.2
      vertex -111.494 -90.3457 0
      vertex -111.494 -90.3457 0.2
    endloop
  endfacet
  facet normal -0.55612 0.831102 0
    outer loop
      vertex -111.548 -90.4268 0
      vertex -111.629 -90.481 0.2
      vertex -111.548 -90.4268 0.2
    endloop
  endfacet
  facet normal -0.55612 0.831102 0
    outer loop
      vertex -111.629 -90.481 0.2
      vertex -111.548 -90.4268 0
      vertex -111.629 -90.481 0
    endloop
  endfacet
  facet normal -0.832366 -0.554226 0
    outer loop
      vertex -111.494 -87.1543 0
      vertex -111.548 -87.0732 0.2
      vertex -111.548 -87.0732 0
    endloop
  endfacet
  facet normal -0.832366 -0.554226 0
    outer loop
      vertex -111.548 -87.0732 0.2
      vertex -111.494 -87.1543 0
      vertex -111.494 -87.1543 0.2
    endloop
  endfacet
  facet normal 0.194151 -0.980972 0
    outer loop
      vertex -113.121 -87.019 0
      vertex -113.025 -87 0.2
      vertex -113.121 -87.019 0.2
    endloop
  endfacet
  facet normal 0.194151 -0.980972 0
    outer loop
      vertex -113.025 -87 0.2
      vertex -113.121 -87.019 0
      vertex -113.025 -87 0
    endloop
  endfacet
  facet normal -0.194151 0.980972 0
    outer loop
      vertex -111.629 -95.481 0
      vertex -111.725 -95.5 0.2
      vertex -111.629 -95.481 0.2
    endloop
  endfacet
  facet normal -0.194151 0.980972 0
    outer loop
      vertex -111.725 -95.5 0.2
      vertex -111.629 -95.481 0
      vertex -111.725 -95.5 0
    endloop
  endfacet
  facet normal 0.832366 -0.554226 0
    outer loop
      vertex -113.256 -92.1543 0.2
      vertex -113.202 -92.0732 0
      vertex -113.202 -92.0732 0.2
    endloop
  endfacet
  facet normal 0.832366 -0.554226 0
    outer loop
      vertex -113.202 -92.0732 0
      vertex -113.256 -92.1543 0.2
      vertex -113.256 -92.1543 0
    endloop
  endfacet
  facet normal 1 -0 0
    outer loop
      vertex -113.275 -95.25 0.2
      vertex -113.275 -92.25 0
      vertex -113.275 -92.25 0.2
    endloop
  endfacet
  facet normal 1 0 0
    outer loop
      vertex -113.275 -92.25 0
      vertex -113.275 -95.25 0.2
      vertex -113.275 -95.25 0
    endloop
  endfacet
  facet normal -1 0 0
    outer loop
      vertex -111.475 -95.25 0
      vertex -111.475 -92.25 0.2
      vertex -111.475 -92.25 0
    endloop
  endfacet
  facet normal -1 -0 0
    outer loop
      vertex -111.475 -92.25 0.2
      vertex -111.475 -95.25 0
      vertex -111.475 -95.25 0.2
    endloop
  endfacet
  facet normal 0.194151 0.980972 -0
    outer loop
      vertex -113.025 -95.5 0
      vertex -113.121 -95.481 0.2
      vertex -113.025 -95.5 0.2
    endloop
  endfacet
  facet normal 0.194151 0.980972 0
    outer loop
      vertex -113.121 -95.481 0.2
      vertex -113.025 -95.5 0
      vertex -113.121 -95.481 0
    endloop
  endfacet
  facet normal 0.980856 -0.194736 0
    outer loop
      vertex -113.275 -92.25 0.2
      vertex -113.256 -92.1543 0
      vertex -113.256 -92.1543 0.2
    endloop
  endfacet
  facet normal 0.980856 -0.194736 0
    outer loop
      vertex -113.256 -92.1543 0
      vertex -113.275 -92.25 0.2
      vertex -113.275 -92.25 0
    endloop
  endfacet
  facet normal -0.980856 -0.194736 0
    outer loop
      vertex -111.475 -92.25 0
      vertex -111.494 -92.1543 0.2
      vertex -111.494 -92.1543 0
    endloop
  endfacet
  facet normal -0.980856 -0.194736 0
    outer loop
      vertex -111.494 -92.1543 0.2
      vertex -111.475 -92.25 0
      vertex -111.475 -92.25 0.2
    endloop
  endfacet
  facet normal 0.55612 0.831102 -0
    outer loop
      vertex -113.121 -95.481 0
      vertex -113.202 -95.4268 0.2
      vertex -113.121 -95.481 0.2
    endloop
  endfacet
  facet normal 0.55612 0.831102 0
    outer loop
      vertex -113.202 -95.4268 0.2
      vertex -113.121 -95.481 0
      vertex -113.202 -95.4268 0
    endloop
  endfacet
  facet normal -0.194151 -0.980972 0
    outer loop
      vertex -111.725 -92 0
      vertex -111.629 -92.019 0.2
      vertex -111.725 -92 0.2
    endloop
  endfacet
  facet normal -0.194151 -0.980972 -0
    outer loop
      vertex -111.629 -92.019 0.2
      vertex -111.725 -92 0
      vertex -111.629 -92.019 0
    endloop
  endfacet
  facet normal 0 1 -0
    outer loop
      vertex -111.725 -95.5 0
      vertex -113.025 -95.5 0.2
      vertex -111.725 -95.5 0.2
    endloop
  endfacet
  facet normal 0 1 0
    outer loop
      vertex -113.025 -95.5 0.2
      vertex -111.725 -95.5 0
      vertex -113.025 -95.5 0
    endloop
  endfacet
  facet normal 0.832366 0.554226 0
    outer loop
      vertex -113.202 -95.4268 0.2
      vertex -113.256 -95.3457 0
      vertex -113.256 -95.3457 0.2
    endloop
  endfacet
  facet normal 0.832366 0.554226 0
    outer loop
      vertex -113.256 -95.3457 0
      vertex -113.202 -95.4268 0.2
      vertex -113.202 -95.4268 0
    endloop
  endfacet
  facet normal 0.980856 0.194736 0
    outer loop
      vertex -113.256 -95.3457 0.2
      vertex -113.275 -95.25 0
      vertex -113.275 -95.25 0.2
    endloop
  endfacet
  facet normal 0.980856 0.194736 0
    outer loop
      vertex -113.275 -95.25 0
      vertex -113.256 -95.3457 0.2
      vertex -113.256 -95.3457 0
    endloop
  endfacet
  facet normal -0.55612 -0.831102 0
    outer loop
      vertex -111.629 -92.019 0
      vertex -111.548 -92.0732 0.2
      vertex -111.629 -92.019 0.2
    endloop
  endfacet
  facet normal -0.55612 -0.831102 -0
    outer loop
      vertex -111.548 -92.0732 0.2
      vertex -111.629 -92.019 0
      vertex -111.548 -92.0732 0
    endloop
  endfacet
  facet normal -0.832366 0.554226 0
    outer loop
      vertex -111.548 -95.4268 0
      vertex -111.494 -95.3457 0.2
      vertex -111.494 -95.3457 0
    endloop
  endfacet
  facet normal -0.832366 0.554226 0
    outer loop
      vertex -111.494 -95.3457 0.2
      vertex -111.548 -95.4268 0
      vertex -111.548 -95.4268 0.2
    endloop
  endfacet
  facet normal 0 -1 0
    outer loop
      vertex -113.025 -92 0
      vertex -111.725 -92 0.2
      vertex -113.025 -92 0.2
    endloop
  endfacet
  facet normal 0 -1 -0
    outer loop
      vertex -111.725 -92 0.2
      vertex -113.025 -92 0
      vertex -111.725 -92 0
    endloop
  endfacet
  facet normal 0.55612 -0.831102 0
    outer loop
      vertex -113.202 -92.0732 0
      vertex -113.121 -92.019 0.2
      vertex -113.202 -92.0732 0.2
    endloop
  endfacet
  facet normal 0.55612 -0.831102 0
    outer loop
      vertex -113.121 -92.019 0.2
      vertex -113.202 -92.0732 0
      vertex -113.121 -92.019 0
    endloop
  endfacet
  facet normal -0.980856 0.194736 0
    outer loop
      vertex -111.494 -95.3457 0
      vertex -111.475 -95.25 0.2
      vertex -111.475 -95.25 0
    endloop
  endfacet
  facet normal -0.980856 0.194736 0
    outer loop
      vertex -111.475 -95.25 0.2
      vertex -111.494 -95.3457 0
      vertex -111.494 -95.3457 0.2
    endloop
  endfacet
  facet normal -0.55612 0.831102 0
    outer loop
      vertex -111.548 -95.4268 0
      vertex -111.629 -95.481 0.2
      vertex -111.548 -95.4268 0.2
    endloop
  endfacet
  facet normal -0.55612 0.831102 0
    outer loop
      vertex -111.629 -95.481 0.2
      vertex -111.548 -95.4268 0
      vertex -111.629 -95.481 0
    endloop
  endfacet
  facet normal -0.832366 -0.554226 0
    outer loop
      vertex -111.494 -92.1543 0
      vertex -111.548 -92.0732 0.2
      vertex -111.548 -92.0732 0
    endloop
  endfacet
  facet normal -0.832366 -0.554226 0
    outer loop
      vertex -111.548 -92.0732 0.2
      vertex -111.494 -92.1543 0
      vertex -111.494 -92.1543 0.2
    endloop
  endfacet
  facet normal 0.194151 -0.980972 0
    outer loop
      vertex -113.121 -92.019 0
      vertex -113.025 -92 0.2
      vertex -113.121 -92.019 0.2
    endloop
  endfacet
  facet normal 0.194151 -0.980972 0
    outer loop
      vertex -113.025 -92 0.2
      vertex -113.121 -92.019 0
      vertex -113.025 -92 0
    endloop
  endfacet
  facet normal -0.194151 0.980972 0
    outer loop
      vertex -139.604 -90.431 0
      vertex -139.7 -90.45 0.2
      vertex -139.604 -90.431 0.2
    endloop
  endfacet
  facet normal -0.194151 0.980972 0
    outer loop
      vertex -139.7 -90.45 0.2
      vertex -139.604 -90.431 0
      vertex -139.7 -90.45 0
    endloop
  endfacet
  facet normal -0.980856 -0.194736 0
    outer loop
      vertex -139.45 -87.2 0
      vertex -139.469 -87.1043 0.2
      vertex -139.469 -87.1043 0
    endloop
  endfacet
  facet normal -0.980856 -0.194736 0
    outer loop
      vertex -139.469 -87.1043 0.2
      vertex -139.45 -87.2 0
      vertex -139.45 -87.2 0.2
    endloop
  endfacet
  facet normal 0 -1 0
    outer loop
      vertex -141 -86.95 0
      vertex -139.7 -86.95 0.2
      vertex -141 -86.95 0.2
    endloop
  endfacet
  facet normal 0 -1 -0
    outer loop
      vertex -139.7 -86.95 0.2
      vertex -141 -86.95 0
      vertex -139.7 -86.95 0
    endloop
  endfacet
  facet normal 0.194151 0.980972 -0
    outer loop
      vertex -141 -90.45 0
      vertex -141.096 -90.431 0.2
      vertex -141 -90.45 0.2
    endloop
  endfacet
  facet normal 0.194151 0.980972 0
    outer loop
      vertex -141.096 -90.431 0.2
      vertex -141 -90.45 0
      vertex -141.096 -90.431 0
    endloop
  endfacet
  facet normal 1 -0 0
    outer loop
      vertex -141.25 -90.2 0.2
      vertex -141.25 -87.2 0
      vertex -141.25 -87.2 0.2
    endloop
  endfacet
  facet normal 1 0 0
    outer loop
      vertex -141.25 -87.2 0
      vertex -141.25 -90.2 0.2
      vertex -141.25 -90.2 0
    endloop
  endfacet
  facet normal -0.194151 -0.980972 0
    outer loop
      vertex -139.7 -86.95 0
      vertex -139.604 -86.969 0.2
      vertex -139.7 -86.95 0.2
    endloop
  endfacet
  facet normal -0.194151 -0.980972 -0
    outer loop
      vertex -139.604 -86.969 0.2
      vertex -139.7 -86.95 0
      vertex -139.604 -86.969 0
    endloop
  endfacet
  facet normal 0.55612 0.831102 -0
    outer loop
      vertex -141.096 -90.431 0
      vertex -141.177 -90.3768 0.2
      vertex -141.096 -90.431 0.2
    endloop
  endfacet
  facet normal 0.55612 0.831102 0
    outer loop
      vertex -141.177 -90.3768 0.2
      vertex -141.096 -90.431 0
      vertex -141.177 -90.3768 0
    endloop
  endfacet
  facet normal -1 0 0
    outer loop
      vertex -139.45 -90.2 0
      vertex -139.45 -87.2 0.2
      vertex -139.45 -87.2 0
    endloop
  endfacet
  facet normal -1 -0 0
    outer loop
      vertex -139.45 -87.2 0.2
      vertex -139.45 -90.2 0
      vertex -139.45 -90.2 0.2
    endloop
  endfacet
  facet normal 0.832366 0.554226 0
    outer loop
      vertex -141.177 -90.3768 0.2
      vertex -141.231 -90.2957 0
      vertex -141.231 -90.2957 0.2
    endloop
  endfacet
  facet normal 0.832366 0.554226 0
    outer loop
      vertex -141.231 -90.2957 0
      vertex -141.177 -90.3768 0.2
      vertex -141.177 -90.3768 0
    endloop
  endfacet
  facet normal 0.980856 0.194736 0
    outer loop
      vertex -141.231 -90.2957 0.2
      vertex -141.25 -90.2 0
      vertex -141.25 -90.2 0.2
    endloop
  endfacet
  facet normal 0.980856 0.194736 0
    outer loop
      vertex -141.25 -90.2 0
      vertex -141.231 -90.2957 0.2
      vertex -141.231 -90.2957 0
    endloop
  endfacet
  facet normal 0.55612 -0.831102 0
    outer loop
      vertex -141.177 -87.0232 0
      vertex -141.096 -86.969 0.2
      vertex -141.177 -87.0232 0.2
    endloop
  endfacet
  facet normal 0.55612 -0.831102 0
    outer loop
      vertex -141.096 -86.969 0.2
      vertex -141.177 -87.0232 0
      vertex -141.096 -86.969 0
    endloop
  endfacet
  facet normal 0 1 -0
    outer loop
      vertex -139.7 -90.45 0
      vertex -141 -90.45 0.2
      vertex -139.7 -90.45 0.2
    endloop
  endfacet
  facet normal 0 1 0
    outer loop
      vertex -141 -90.45 0.2
      vertex -139.7 -90.45 0
      vertex -141 -90.45 0
    endloop
  endfacet
  facet normal 0.832366 -0.554226 0
    outer loop
      vertex -141.231 -87.1043 0.2
      vertex -141.177 -87.0232 0
      vertex -141.177 -87.0232 0.2
    endloop
  endfacet
  facet normal 0.832366 -0.554226 0
    outer loop
      vertex -141.177 -87.0232 0
      vertex -141.231 -87.1043 0.2
      vertex -141.231 -87.1043 0
    endloop
  endfacet
  facet normal -0.980856 0.194736 0
    outer loop
      vertex -139.469 -90.2957 0
      vertex -139.45 -90.2 0.2
      vertex -139.45 -90.2 0
    endloop
  endfacet
  facet normal -0.980856 0.194736 0
    outer loop
      vertex -139.45 -90.2 0.2
      vertex -139.469 -90.2957 0
      vertex -139.469 -90.2957 0.2
    endloop
  endfacet
  facet normal 0.194151 -0.980972 0
    outer loop
      vertex -141.096 -86.969 0
      vertex -141 -86.95 0.2
      vertex -141.096 -86.969 0.2
    endloop
  endfacet
  facet normal 0.194151 -0.980972 0
    outer loop
      vertex -141 -86.95 0.2
      vertex -141.096 -86.969 0
      vertex -141 -86.95 0
    endloop
  endfacet
  facet normal 0.980856 -0.194736 0
    outer loop
      vertex -141.25 -87.2 0.2
      vertex -141.231 -87.1043 0
      vertex -141.231 -87.1043 0.2
    endloop
  endfacet
  facet normal 0.980856 -0.194736 0
    outer loop
      vertex -141.231 -87.1043 0
      vertex -141.25 -87.2 0.2
      vertex -141.25 -87.2 0
    endloop
  endfacet
  facet normal -0.832366 0.554226 0
    outer loop
      vertex -139.523 -90.3768 0
      vertex -139.469 -90.2957 0.2
      vertex -139.469 -90.2957 0
    endloop
  endfacet
  facet normal -0.832366 0.554226 0
    outer loop
      vertex -139.469 -90.2957 0.2
      vertex -139.523 -90.3768 0
      vertex -139.523 -90.3768 0.2
    endloop
  endfacet
  facet normal -0.55612 -0.831102 0
    outer loop
      vertex -139.604 -86.969 0
      vertex -139.523 -87.0232 0.2
      vertex -139.604 -86.969 0.2
    endloop
  endfacet
  facet normal -0.55612 -0.831102 -0
    outer loop
      vertex -139.523 -87.0232 0.2
      vertex -139.604 -86.969 0
      vertex -139.523 -87.0232 0
    endloop
  endfacet
  facet normal -0.832366 -0.554226 0
    outer loop
      vertex -139.469 -87.1043 0
      vertex -139.523 -87.0232 0.2
      vertex -139.523 -87.0232 0
    endloop
  endfacet
  facet normal -0.832366 -0.554226 0
    outer loop
      vertex -139.523 -87.0232 0.2
      vertex -139.469 -87.1043 0
      vertex -139.469 -87.1043 0.2
    endloop
  endfacet
  facet normal -0.55612 0.831102 0
    outer loop
      vertex -139.523 -90.3768 0
      vertex -139.604 -90.431 0.2
      vertex -139.523 -90.3768 0.2
    endloop
  endfacet
  facet normal -0.55612 0.831102 0
    outer loop
      vertex -139.604 -90.431 0.2
      vertex -139.523 -90.3768 0
      vertex -139.604 -90.431 0
    endloop
  endfacet
  facet normal -0.194151 0.980972 0
    outer loop
      vertex -139.604 -95.431 0
      vertex -139.7 -95.45 0.2
      vertex -139.604 -95.431 0.2
    endloop
  endfacet
  facet normal -0.194151 0.980972 0
    outer loop
      vertex -139.7 -95.45 0.2
      vertex -139.604 -95.431 0
      vertex -139.7 -95.45 0
    endloop
  endfacet
  facet normal -0.980856 -0.194736 0
    outer loop
      vertex -139.45 -92.2 0
      vertex -139.469 -92.1043 0.2
      vertex -139.469 -92.1043 0
    endloop
  endfacet
  facet normal -0.980856 -0.194736 0
    outer loop
      vertex -139.469 -92.1043 0.2
      vertex -139.45 -92.2 0
      vertex -139.45 -92.2 0.2
    endloop
  endfacet
  facet normal 0 -1 0
    outer loop
      vertex -141 -91.95 0
      vertex -139.7 -91.95 0.2
      vertex -141 -91.95 0.2
    endloop
  endfacet
  facet normal 0 -1 -0
    outer loop
      vertex -139.7 -91.95 0.2
      vertex -141 -91.95 0
      vertex -139.7 -91.95 0
    endloop
  endfacet
  facet normal 0.194151 0.980972 -0
    outer loop
      vertex -141 -95.45 0
      vertex -141.096 -95.431 0.2
      vertex -141 -95.45 0.2
    endloop
  endfacet
  facet normal 0.194151 0.980972 0
    outer loop
      vertex -141.096 -95.431 0.2
      vertex -141 -95.45 0
      vertex -141.096 -95.431 0
    endloop
  endfacet
  facet normal 1 -0 0
    outer loop
      vertex -141.25 -95.2 0.2
      vertex -141.25 -92.2 0
      vertex -141.25 -92.2 0.2
    endloop
  endfacet
  facet normal 1 0 0
    outer loop
      vertex -141.25 -92.2 0
      vertex -141.25 -95.2 0.2
      vertex -141.25 -95.2 0
    endloop
  endfacet
  facet normal -0.194151 -0.980972 0
    outer loop
      vertex -139.7 -91.95 0
      vertex -139.604 -91.969 0.2
      vertex -139.7 -91.95 0.2
    endloop
  endfacet
  facet normal -0.194151 -0.980972 -0
    outer loop
      vertex -139.604 -91.969 0.2
      vertex -139.7 -91.95 0
      vertex -139.604 -91.969 0
    endloop
  endfacet
  facet normal 0.55612 0.831102 -0
    outer loop
      vertex -141.096 -95.431 0
      vertex -141.177 -95.3768 0.2
      vertex -141.096 -95.431 0.2
    endloop
  endfacet
  facet normal 0.55612 0.831102 0
    outer loop
      vertex -141.177 -95.3768 0.2
      vertex -141.096 -95.431 0
      vertex -141.177 -95.3768 0
    endloop
  endfacet
  facet normal -1 0 0
    outer loop
      vertex -139.45 -95.2 0
      vertex -139.45 -92.2 0.2
      vertex -139.45 -92.2 0
    endloop
  endfacet
  facet normal -1 -0 0
    outer loop
      vertex -139.45 -92.2 0.2
      vertex -139.45 -95.2 0
      vertex -139.45 -95.2 0.2
    endloop
  endfacet
  facet normal 0.832366 0.554226 0
    outer loop
      vertex -141.177 -95.3768 0.2
      vertex -141.231 -95.2957 0
      vertex -141.231 -95.2957 0.2
    endloop
  endfacet
  facet normal 0.832366 0.554226 0
    outer loop
      vertex -141.231 -95.2957 0
      vertex -141.177 -95.3768 0.2
      vertex -141.177 -95.3768 0
    endloop
  endfacet
  facet normal 0.980856 0.194736 0
    outer loop
      vertex -141.231 -95.2957 0.2
      vertex -141.25 -95.2 0
      vertex -141.25 -95.2 0.2
    endloop
  endfacet
  facet normal 0.980856 0.194736 0
    outer loop
      vertex -141.25 -95.2 0
      vertex -141.231 -95.2957 0.2
      vertex -141.231 -95.2957 0
    endloop
  endfacet
  facet normal 0.55612 -0.831102 0
    outer loop
      vertex -141.177 -92.0232 0
      vertex -141.096 -91.969 0.2
      vertex -141.177 -92.0232 0.2
    endloop
  endfacet
  facet normal 0.55612 -0.831102 0
    outer loop
      vertex -141.096 -91.969 0.2
      vertex -141.177 -92.0232 0
      vertex -141.096 -91.969 0
    endloop
  endfacet
  facet normal 0 1 -0
    outer loop
      vertex -139.7 -95.45 0
      vertex -141 -95.45 0.2
      vertex -139.7 -95.45 0.2
    endloop
  endfacet
  facet normal 0 1 0
    outer loop
      vertex -141 -95.45 0.2
      vertex -139.7 -95.45 0
      vertex -141 -95.45 0
    endloop
  endfacet
  facet normal 0.832366 -0.554226 0
    outer loop
      vertex -141.231 -92.1043 0.2
      vertex -141.177 -92.0232 0
      vertex -141.177 -92.0232 0.2
    endloop
  endfacet
  facet normal 0.832366 -0.554226 0
    outer loop
      vertex -141.177 -92.0232 0
      vertex -141.231 -92.1043 0.2
      vertex -141.231 -92.1043 0
    endloop
  endfacet
  facet normal 0.194151 -0.980972 0
    outer loop
      vertex -141.096 -91.969 0
      vertex -141 -91.95 0.2
      vertex -141.096 -91.969 0.2
    endloop
  endfacet
  facet normal 0.194151 -0.980972 0
    outer loop
      vertex -141 -91.95 0.2
      vertex -141.096 -91.969 0
      vertex -141 -91.95 0
    endloop
  endfacet
  facet normal 0.980856 -0.194736 0
    outer loop
      vertex -141.25 -92.2 0.2
      vertex -141.231 -92.1043 0
      vertex -141.231 -92.1043 0.2
    endloop
  endfacet
  facet normal 0.980856 -0.194736 0
    outer loop
      vertex -141.231 -92.1043 0
      vertex -141.25 -92.2 0.2
      vertex -141.25 -92.2 0
    endloop
  endfacet
  facet normal -0.832366 0.554226 0
    outer loop
      vertex -139.523 -95.3768 0
      vertex -139.469 -95.2957 0.2
      vertex -139.469 -95.2957 0
    endloop
  endfacet
  facet normal -0.832366 0.554226 0
    outer loop
      vertex -139.469 -95.2957 0.2
      vertex -139.523 -95.3768 0
      vertex -139.523 -95.3768 0.2
    endloop
  endfacet
  facet normal -0.55612 -0.831102 0
    outer loop
      vertex -139.604 -91.969 0
      vertex -139.523 -92.0232 0.2
      vertex -139.604 -91.969 0.2
    endloop
  endfacet
  facet normal -0.55612 -0.831102 -0
    outer loop
      vertex -139.523 -92.0232 0.2
      vertex -139.604 -91.969 0
      vertex -139.523 -92.0232 0
    endloop
  endfacet
  facet normal -0.832366 -0.554226 0
    outer loop
      vertex -139.469 -92.1043 0
      vertex -139.523 -92.0232 0.2
      vertex -139.523 -92.0232 0
    endloop
  endfacet
  facet normal -0.832366 -0.554226 0
    outer loop
      vertex -139.523 -92.0232 0.2
      vertex -139.469 -92.1043 0
      vertex -139.469 -92.1043 0.2
    endloop
  endfacet
  facet normal -0.980856 0.194736 0
    outer loop
      vertex -139.469 -95.2957 0
      vertex -139.45 -95.2 0.2
      vertex -139.45 -95.2 0
    endloop
  endfacet
  facet normal -0.980856 0.194736 0
    outer loop
      vertex -139.45 -95.2 0.2
      vertex -139.469 -95.2957 0
      vertex -139.469 -95.2957 0.2
    endloop
  endfacet
  facet normal -0.55612 0.831102 0
    outer loop
      vertex -139.523 -95.3768 0
      vertex -139.604 -95.431 0.2
      vertex -139.523 -95.3768 0.2
    endloop
  endfacet
  facet normal -0.55612 0.831102 0
    outer loop
      vertex -139.604 -95.431 0.2
      vertex -139.523 -95.3768 0
      vertex -139.604 -95.431 0
    endloop
  endfacet
  facet normal -0.194151 0.980972 0
    outer loop
      vertex -125.604 -90.431 0
      vertex -125.7 -90.45 0.2
      vertex -125.604 -90.431 0.2
    endloop
  endfacet
  facet normal -0.194151 0.980972 0
    outer loop
      vertex -125.7 -90.45 0.2
      vertex -125.604 -90.431 0
      vertex -125.7 -90.45 0
    endloop
  endfacet
  facet normal -0.980856 -0.194736 0
    outer loop
      vertex -125.45 -87.2 0
      vertex -125.469 -87.1043 0.2
      vertex -125.469 -87.1043 0
    endloop
  endfacet
  facet normal -0.980856 -0.194736 0
    outer loop
      vertex -125.469 -87.1043 0.2
      vertex -125.45 -87.2 0
      vertex -125.45 -87.2 0.2
    endloop
  endfacet
  facet normal 0 -1 0
    outer loop
      vertex -127 -86.95 0
      vertex -125.7 -86.95 0.2
      vertex -127 -86.95 0.2
    endloop
  endfacet
  facet normal 0 -1 -0
    outer loop
      vertex -125.7 -86.95 0.2
      vertex -127 -86.95 0
      vertex -125.7 -86.95 0
    endloop
  endfacet
  facet normal 0.194151 0.980972 -0
    outer loop
      vertex -127 -90.45 0
      vertex -127.096 -90.431 0.2
      vertex -127 -90.45 0.2
    endloop
  endfacet
  facet normal 0.194151 0.980972 0
    outer loop
      vertex -127.096 -90.431 0.2
      vertex -127 -90.45 0
      vertex -127.096 -90.431 0
    endloop
  endfacet
  facet normal 1 -0 0
    outer loop
      vertex -127.25 -90.2 0.2
      vertex -127.25 -87.2 0
      vertex -127.25 -87.2 0.2
    endloop
  endfacet
  facet normal 1 0 0
    outer loop
      vertex -127.25 -87.2 0
      vertex -127.25 -90.2 0.2
      vertex -127.25 -90.2 0
    endloop
  endfacet
  facet normal -0.194151 -0.980972 0
    outer loop
      vertex -125.7 -86.95 0
      vertex -125.604 -86.969 0.2
      vertex -125.7 -86.95 0.2
    endloop
  endfacet
  facet normal -0.194151 -0.980972 -0
    outer loop
      vertex -125.604 -86.969 0.2
      vertex -125.7 -86.95 0
      vertex -125.604 -86.969 0
    endloop
  endfacet
  facet normal 0.55612 0.831102 -0
    outer loop
      vertex -127.096 -90.431 0
      vertex -127.177 -90.3768 0.2
      vertex -127.096 -90.431 0.2
    endloop
  endfacet
  facet normal 0.55612 0.831102 0
    outer loop
      vertex -127.177 -90.3768 0.2
      vertex -127.096 -90.431 0
      vertex -127.177 -90.3768 0
    endloop
  endfacet
  facet normal -1 0 0
    outer loop
      vertex -125.45 -90.2 0
      vertex -125.45 -87.2 0.2
      vertex -125.45 -87.2 0
    endloop
  endfacet
  facet normal -1 -0 0
    outer loop
      vertex -125.45 -87.2 0.2
      vertex -125.45 -90.2 0
      vertex -125.45 -90.2 0.2
    endloop
  endfacet
  facet normal 0.832366 0.554226 0
    outer loop
      vertex -127.177 -90.3768 0.2
      vertex -127.231 -90.2957 0
      vertex -127.231 -90.2957 0.2
    endloop
  endfacet
  facet normal 0.832366 0.554226 0
    outer loop
      vertex -127.231 -90.2957 0
      vertex -127.177 -90.3768 0.2
      vertex -127.177 -90.3768 0
    endloop
  endfacet
  facet normal 0.980856 0.194736 0
    outer loop
      vertex -127.231 -90.2957 0.2
      vertex -127.25 -90.2 0
      vertex -127.25 -90.2 0.2
    endloop
  endfacet
  facet normal 0.980856 0.194736 0
    outer loop
      vertex -127.25 -90.2 0
      vertex -127.231 -90.2957 0.2
      vertex -127.231 -90.2957 0
    endloop
  endfacet
  facet normal 0.55612 -0.831102 0
    outer loop
      vertex -127.177 -87.0232 0
      vertex -127.096 -86.969 0.2
      vertex -127.177 -87.0232 0.2
    endloop
  endfacet
  facet normal 0.55612 -0.831102 0
    outer loop
      vertex -127.096 -86.969 0.2
      vertex -127.177 -87.0232 0
      vertex -127.096 -86.969 0
    endloop
  endfacet
  facet normal 0 1 -0
    outer loop
      vertex -125.7 -90.45 0
      vertex -127 -90.45 0.2
      vertex -125.7 -90.45 0.2
    endloop
  endfacet
  facet normal 0 1 0
    outer loop
      vertex -127 -90.45 0.2
      vertex -125.7 -90.45 0
      vertex -127 -90.45 0
    endloop
  endfacet
  facet normal 0.832366 -0.554226 0
    outer loop
      vertex -127.231 -87.1043 0.2
      vertex -127.177 -87.0232 0
      vertex -127.177 -87.0232 0.2
    endloop
  endfacet
  facet normal 0.832366 -0.554226 0
    outer loop
      vertex -127.177 -87.0232 0
      vertex -127.231 -87.1043 0.2
      vertex -127.231 -87.1043 0
    endloop
  endfacet
  facet normal 0.194151 -0.980972 0
    outer loop
      vertex -127.096 -86.969 0
      vertex -127 -86.95 0.2
      vertex -127.096 -86.969 0.2
    endloop
  endfacet
  facet normal 0.194151 -0.980972 0
    outer loop
      vertex -127 -86.95 0.2
      vertex -127.096 -86.969 0
      vertex -127 -86.95 0
    endloop
  endfacet
  facet normal 0.980856 -0.194736 0
    outer loop
      vertex -127.25 -87.2 0.2
      vertex -127.231 -87.1043 0
      vertex -127.231 -87.1043 0.2
    endloop
  endfacet
  facet normal 0.980856 -0.194736 0
    outer loop
      vertex -127.231 -87.1043 0
      vertex -127.25 -87.2 0.2
      vertex -127.25 -87.2 0
    endloop
  endfacet
  facet normal -0.832366 -0.554226 0
    outer loop
      vertex -125.469 -87.1043 0
      vertex -125.523 -87.0232 0.2
      vertex -125.523 -87.0232 0
    endloop
  endfacet
  facet normal -0.832366 -0.554226 0
    outer loop
      vertex -125.523 -87.0232 0.2
      vertex -125.469 -87.1043 0
      vertex -125.469 -87.1043 0.2
    endloop
  endfacet
  facet normal -0.832366 0.554226 0
    outer loop
      vertex -125.523 -90.3768 0
      vertex -125.469 -90.2957 0.2
      vertex -125.469 -90.2957 0
    endloop
  endfacet
  facet normal -0.832366 0.554226 0
    outer loop
      vertex -125.469 -90.2957 0.2
      vertex -125.523 -90.3768 0
      vertex -125.523 -90.3768 0.2
    endloop
  endfacet
  facet normal -0.55612 -0.831102 0
    outer loop
      vertex -125.604 -86.969 0
      vertex -125.523 -87.0232 0.2
      vertex -125.604 -86.969 0.2
    endloop
  endfacet
  facet normal -0.55612 -0.831102 -0
    outer loop
      vertex -125.523 -87.0232 0.2
      vertex -125.604 -86.969 0
      vertex -125.523 -87.0232 0
    endloop
  endfacet
  facet normal -0.980856 0.194736 0
    outer loop
      vertex -125.469 -90.2957 0
      vertex -125.45 -90.2 0.2
      vertex -125.45 -90.2 0
    endloop
  endfacet
  facet normal -0.980856 0.194736 0
    outer loop
      vertex -125.45 -90.2 0.2
      vertex -125.469 -90.2957 0
      vertex -125.469 -90.2957 0.2
    endloop
  endfacet
  facet normal -0.55612 0.831102 0
    outer loop
      vertex -125.523 -90.3768 0
      vertex -125.604 -90.431 0.2
      vertex -125.523 -90.3768 0.2
    endloop
  endfacet
  facet normal -0.55612 0.831102 0
    outer loop
      vertex -125.604 -90.431 0.2
      vertex -125.523 -90.3768 0
      vertex -125.604 -90.431 0
    endloop
  endfacet
  facet normal -0.194151 0.980972 0
    outer loop
      vertex -125.604 -95.431 0
      vertex -125.7 -95.45 0.2
      vertex -125.604 -95.431 0.2
    endloop
  endfacet
  facet normal -0.194151 0.980972 0
    outer loop
      vertex -125.7 -95.45 0.2
      vertex -125.604 -95.431 0
      vertex -125.7 -95.45 0
    endloop
  endfacet
  facet normal -0.980856 -0.194736 0
    outer loop
      vertex -125.45 -92.2 0
      vertex -125.469 -92.1043 0.2
      vertex -125.469 -92.1043 0
    endloop
  endfacet
  facet normal -0.980856 -0.194736 0
    outer loop
      vertex -125.469 -92.1043 0.2
      vertex -125.45 -92.2 0
      vertex -125.45 -92.2 0.2
    endloop
  endfacet
  facet normal 0 -1 0
    outer loop
      vertex -127 -91.95 0
      vertex -125.7 -91.95 0.2
      vertex -127 -91.95 0.2
    endloop
  endfacet
  facet normal 0 -1 -0
    outer loop
      vertex -125.7 -91.95 0.2
      vertex -127 -91.95 0
      vertex -125.7 -91.95 0
    endloop
  endfacet
  facet normal 0.194151 0.980972 -0
    outer loop
      vertex -127 -95.45 0
      vertex -127.096 -95.431 0.2
      vertex -127 -95.45 0.2
    endloop
  endfacet
  facet normal 0.194151 0.980972 0
    outer loop
      vertex -127.096 -95.431 0.2
      vertex -127 -95.45 0
      vertex -127.096 -95.431 0
    endloop
  endfacet
  facet normal 1 -0 0
    outer loop
      vertex -127.25 -95.2 0.2
      vertex -127.25 -92.2 0
      vertex -127.25 -92.2 0.2
    endloop
  endfacet
  facet normal 1 0 0
    outer loop
      vertex -127.25 -92.2 0
      vertex -127.25 -95.2 0.2
      vertex -127.25 -95.2 0
    endloop
  endfacet
  facet normal -0.194151 -0.980972 0
    outer loop
      vertex -125.7 -91.95 0
      vertex -125.604 -91.969 0.2
      vertex -125.7 -91.95 0.2
    endloop
  endfacet
  facet normal -0.194151 -0.980972 -0
    outer loop
      vertex -125.604 -91.969 0.2
      vertex -125.7 -91.95 0
      vertex -125.604 -91.969 0
    endloop
  endfacet
  facet normal 0.55612 0.831102 -0
    outer loop
      vertex -127.096 -95.431 0
      vertex -127.177 -95.3768 0.2
      vertex -127.096 -95.431 0.2
    endloop
  endfacet
  facet normal 0.55612 0.831102 0
    outer loop
      vertex -127.177 -95.3768 0.2
      vertex -127.096 -95.431 0
      vertex -127.177 -95.3768 0
    endloop
  endfacet
  facet normal -1 0 0
    outer loop
      vertex -125.45 -95.2 0
      vertex -125.45 -92.2 0.2
      vertex -125.45 -92.2 0
    endloop
  endfacet
  facet normal -1 -0 0
    outer loop
      vertex -125.45 -92.2 0.2
      vertex -125.45 -95.2 0
      vertex -125.45 -95.2 0.2
    endloop
  endfacet
  facet normal 0.832366 0.554226 0
    outer loop
      vertex -127.177 -95.3768 0.2
      vertex -127.231 -95.2957 0
      vertex -127.231 -95.2957 0.2
    endloop
  endfacet
  facet normal 0.832366 0.554226 0
    outer loop
      vertex -127.231 -95.2957 0
      vertex -127.177 -95.3768 0.2
      vertex -127.177 -95.3768 0
    endloop
  endfacet
  facet normal 0.980856 0.194736 0
    outer loop
      vertex -127.231 -95.2957 0.2
      vertex -127.25 -95.2 0
      vertex -127.25 -95.2 0.2
    endloop
  endfacet
  facet normal 0.980856 0.194736 0
    outer loop
      vertex -127.25 -95.2 0
      vertex -127.231 -95.2957 0.2
      vertex -127.231 -95.2957 0
    endloop
  endfacet
  facet normal 0.55612 -0.831102 0
    outer loop
      vertex -127.177 -92.0232 0
      vertex -127.096 -91.969 0.2
      vertex -127.177 -92.0232 0.2
    endloop
  endfacet
  facet normal 0.55612 -0.831102 0
    outer loop
      vertex -127.096 -91.969 0.2
      vertex -127.177 -92.0232 0
      vertex -127.096 -91.969 0
    endloop
  endfacet
  facet normal 0 1 -0
    outer loop
      vertex -125.7 -95.45 0
      vertex -127 -95.45 0.2
      vertex -125.7 -95.45 0.2
    endloop
  endfacet
  facet normal 0 1 0
    outer loop
      vertex -127 -95.45 0.2
      vertex -125.7 -95.45 0
      vertex -127 -95.45 0
    endloop
  endfacet
  facet normal 0.832366 -0.554226 0
    outer loop
      vertex -127.231 -92.1043 0.2
      vertex -127.177 -92.0232 0
      vertex -127.177 -92.0232 0.2
    endloop
  endfacet
  facet normal 0.832366 -0.554226 0
    outer loop
      vertex -127.177 -92.0232 0
      vertex -127.231 -92.1043 0.2
      vertex -127.231 -92.1043 0
    endloop
  endfacet
  facet normal -0.980856 0.194736 0
    outer loop
      vertex -125.469 -95.2957 0
      vertex -125.45 -95.2 0.2
      vertex -125.45 -95.2 0
    endloop
  endfacet
  facet normal -0.980856 0.194736 0
    outer loop
      vertex -125.45 -95.2 0.2
      vertex -125.469 -95.2957 0
      vertex -125.469 -95.2957 0.2
    endloop
  endfacet
  facet normal 0.194151 -0.980972 0
    outer loop
      vertex -127.096 -91.969 0
      vertex -127 -91.95 0.2
      vertex -127.096 -91.969 0.2
    endloop
  endfacet
  facet normal 0.194151 -0.980972 0
    outer loop
      vertex -127 -91.95 0.2
      vertex -127.096 -91.969 0
      vertex -127 -91.95 0
    endloop
  endfacet
  facet normal 0.980856 -0.194736 0
    outer loop
      vertex -127.25 -92.2 0.2
      vertex -127.231 -92.1043 0
      vertex -127.231 -92.1043 0.2
    endloop
  endfacet
  facet normal 0.980856 -0.194736 0
    outer loop
      vertex -127.231 -92.1043 0
      vertex -127.25 -92.2 0.2
      vertex -127.25 -92.2 0
    endloop
  endfacet
  facet normal -0.832366 -0.554226 0
    outer loop
      vertex -125.469 -92.1043 0
      vertex -125.523 -92.0232 0.2
      vertex -125.523 -92.0232 0
    endloop
  endfacet
  facet normal -0.832366 -0.554226 0
    outer loop
      vertex -125.523 -92.0232 0.2
      vertex -125.469 -92.1043 0
      vertex -125.469 -92.1043 0.2
    endloop
  endfacet
  facet normal -0.832366 0.554226 0
    outer loop
      vertex -125.523 -95.3768 0
      vertex -125.469 -95.2957 0.2
      vertex -125.469 -95.2957 0
    endloop
  endfacet
  facet normal -0.832366 0.554226 0
    outer loop
      vertex -125.469 -95.2957 0.2
      vertex -125.523 -95.3768 0
      vertex -125.523 -95.3768 0.2
    endloop
  endfacet
  facet normal -0.55612 -0.831102 0
    outer loop
      vertex -125.604 -91.969 0
      vertex -125.523 -92.0232 0.2
      vertex -125.604 -91.969 0.2
    endloop
  endfacet
  facet normal -0.55612 -0.831102 -0
    outer loop
      vertex -125.523 -92.0232 0.2
      vertex -125.604 -91.969 0
      vertex -125.523 -92.0232 0
    endloop
  endfacet
  facet normal -0.55612 0.831102 0
    outer loop
      vertex -125.523 -95.3768 0
      vertex -125.604 -95.431 0.2
      vertex -125.523 -95.3768 0.2
    endloop
  endfacet
  facet normal -0.55612 0.831102 0
    outer loop
      vertex -125.604 -95.431 0.2
      vertex -125.523 -95.3768 0
      vertex -125.604 -95.431 0
    endloop
  endfacet
  facet normal 1 -0 0
    outer loop
      vertex -112.375 -108.68 0.2
      vertex -112.375 -108.18 0
      vertex -112.375 -108.18 0.2
    endloop
  endfacet
  facet normal 1 0 0
    outer loop
      vertex -112.375 -108.18 0
      vertex -112.375 -108.68 0.2
      vertex -112.375 -108.68 0
    endloop
  endfacet
  facet normal 0.83205 0.5547 0
    outer loop
      vertex -112.302 -108.857 0.2
      vertex -112.356 -108.776 0
      vertex -112.356 -108.776 0.2
    endloop
  endfacet
  facet normal 0.83205 0.5547 0
    outer loop
      vertex -112.356 -108.776 0
      vertex -112.302 -108.857 0.2
      vertex -112.302 -108.857 0
    endloop
  endfacet
  facet normal -0.194151 0.980972 0
    outer loop
      vertex -111.079 -108.911 0
      vertex -111.175 -108.93 0.2
      vertex -111.079 -108.911 0.2
    endloop
  endfacet
  facet normal -0.194151 0.980972 0
    outer loop
      vertex -111.175 -108.93 0.2
      vertex -111.079 -108.911 0
      vertex -111.175 -108.93 0
    endloop
  endfacet
  facet normal -1 0 0
    outer loop
      vertex -110.925 -108.68 0
      vertex -110.925 -108.18 0.2
      vertex -110.925 -108.18 0
    endloop
  endfacet
  facet normal -1 -0 0
    outer loop
      vertex -110.925 -108.18 0.2
      vertex -110.925 -108.68 0
      vertex -110.925 -108.68 0.2
    endloop
  endfacet
  facet normal 0.194151 0.980972 -0
    outer loop
      vertex -112.125 -108.93 0
      vertex -112.221 -108.911 0.2
      vertex -112.125 -108.93 0.2
    endloop
  endfacet
  facet normal 0.194151 0.980972 0
    outer loop
      vertex -112.221 -108.911 0.2
      vertex -112.125 -108.93 0
      vertex -112.221 -108.911 0
    endloop
  endfacet
  facet normal 0.980972 0.194151 0
    outer loop
      vertex -112.356 -108.776 0.2
      vertex -112.375 -108.68 0
      vertex -112.375 -108.68 0.2
    endloop
  endfacet
  facet normal 0.980972 0.194151 0
    outer loop
      vertex -112.375 -108.68 0
      vertex -112.356 -108.776 0.2
      vertex -112.356 -108.776 0
    endloop
  endfacet
  facet normal -0.5547 -0.83205 0
    outer loop
      vertex -111.079 -107.949 0
      vertex -110.998 -108.003 0.2
      vertex -111.079 -107.949 0.2
    endloop
  endfacet
  facet normal -0.5547 -0.83205 -0
    outer loop
      vertex -110.998 -108.003 0.2
      vertex -111.079 -107.949 0
      vertex -110.998 -108.003 0
    endloop
  endfacet
  facet normal 0.83205 -0.5547 0
    outer loop
      vertex -112.356 -108.084 0.2
      vertex -112.302 -108.003 0
      vertex -112.302 -108.003 0.2
    endloop
  endfacet
  facet normal 0.83205 -0.5547 0
    outer loop
      vertex -112.302 -108.003 0
      vertex -112.356 -108.084 0.2
      vertex -112.356 -108.084 0
    endloop
  endfacet
  facet normal -0.980972 -0.194151 0
    outer loop
      vertex -110.925 -108.18 0
      vertex -110.944 -108.084 0.2
      vertex -110.944 -108.084 0
    endloop
  endfacet
  facet normal -0.980972 -0.194151 0
    outer loop
      vertex -110.944 -108.084 0.2
      vertex -110.925 -108.18 0
      vertex -110.925 -108.18 0.2
    endloop
  endfacet
  facet normal 0 -1 0
    outer loop
      vertex -112.125 -107.93 0
      vertex -111.175 -107.93 0.2
      vertex -112.125 -107.93 0.2
    endloop
  endfacet
  facet normal 0 -1 -0
    outer loop
      vertex -111.175 -107.93 0.2
      vertex -112.125 -107.93 0
      vertex -111.175 -107.93 0
    endloop
  endfacet
  facet normal 0.5547 -0.83205 0
    outer loop
      vertex -112.302 -108.003 0
      vertex -112.221 -107.949 0.2
      vertex -112.302 -108.003 0.2
    endloop
  endfacet
  facet normal 0.5547 -0.83205 0
    outer loop
      vertex -112.221 -107.949 0.2
      vertex -112.302 -108.003 0
      vertex -112.221 -107.949 0
    endloop
  endfacet
  facet normal 0 1 -0
    outer loop
      vertex -111.175 -108.93 0
      vertex -112.125 -108.93 0.2
      vertex -111.175 -108.93 0.2
    endloop
  endfacet
  facet normal 0 1 0
    outer loop
      vertex -112.125 -108.93 0.2
      vertex -111.175 -108.93 0
      vertex -112.125 -108.93 0
    endloop
  endfacet
  facet normal 0.194151 -0.980972 0
    outer loop
      vertex -112.221 -107.949 0
      vertex -112.125 -107.93 0.2
      vertex -112.221 -107.949 0.2
    endloop
  endfacet
  facet normal 0.194151 -0.980972 0
    outer loop
      vertex -112.125 -107.93 0.2
      vertex -112.221 -107.949 0
      vertex -112.125 -107.93 0
    endloop
  endfacet
  facet normal 0.5547 0.83205 -0
    outer loop
      vertex -112.221 -108.911 0
      vertex -112.302 -108.857 0.2
      vertex -112.221 -108.911 0.2
    endloop
  endfacet
  facet normal 0.5547 0.83205 0
    outer loop
      vertex -112.302 -108.857 0.2
      vertex -112.221 -108.911 0
      vertex -112.302 -108.857 0
    endloop
  endfacet
  facet normal -0.83205 -0.5547 0
    outer loop
      vertex -110.944 -108.084 0
      vertex -110.998 -108.003 0.2
      vertex -110.998 -108.003 0
    endloop
  endfacet
  facet normal -0.83205 -0.5547 0
    outer loop
      vertex -110.998 -108.003 0.2
      vertex -110.944 -108.084 0
      vertex -110.944 -108.084 0.2
    endloop
  endfacet
  facet normal -0.194151 -0.980972 0
    outer loop
      vertex -111.175 -107.93 0
      vertex -111.079 -107.949 0.2
      vertex -111.175 -107.93 0.2
    endloop
  endfacet
  facet normal -0.194151 -0.980972 -0
    outer loop
      vertex -111.079 -107.949 0.2
      vertex -111.175 -107.93 0
      vertex -111.079 -107.949 0
    endloop
  endfacet
  facet normal -0.83205 0.5547 0
    outer loop
      vertex -110.998 -108.857 0
      vertex -110.944 -108.776 0.2
      vertex -110.944 -108.776 0
    endloop
  endfacet
  facet normal -0.83205 0.5547 0
    outer loop
      vertex -110.944 -108.776 0.2
      vertex -110.998 -108.857 0
      vertex -110.998 -108.857 0.2
    endloop
  endfacet
  facet normal 0.980972 -0.194151 0
    outer loop
      vertex -112.375 -108.18 0.2
      vertex -112.356 -108.084 0
      vertex -112.356 -108.084 0.2
    endloop
  endfacet
  facet normal 0.980972 -0.194151 0
    outer loop
      vertex -112.356 -108.084 0
      vertex -112.375 -108.18 0.2
      vertex -112.375 -108.18 0
    endloop
  endfacet
  facet normal -0.980972 0.194151 0
    outer loop
      vertex -110.944 -108.776 0
      vertex -110.925 -108.68 0.2
      vertex -110.925 -108.68 0
    endloop
  endfacet
  facet normal -0.980972 0.194151 0
    outer loop
      vertex -110.925 -108.68 0.2
      vertex -110.944 -108.776 0
      vertex -110.944 -108.776 0.2
    endloop
  endfacet
  facet normal -0.5547 0.83205 0
    outer loop
      vertex -110.998 -108.857 0
      vertex -111.079 -108.911 0.2
      vertex -110.998 -108.857 0.2
    endloop
  endfacet
  facet normal -0.5547 0.83205 0
    outer loop
      vertex -111.079 -108.911 0.2
      vertex -110.998 -108.857 0
      vertex -111.079 -108.911 0
    endloop
  endfacet
  facet normal 1 -0 0
    outer loop
      vertex -112.375 -110.58 0.2
      vertex -112.375 -110.08 0
      vertex -112.375 -110.08 0.2
    endloop
  endfacet
  facet normal 1 0 0
    outer loop
      vertex -112.375 -110.08 0
      vertex -112.375 -110.58 0.2
      vertex -112.375 -110.58 0
    endloop
  endfacet
  facet normal 0.83205 0.5547 0
    outer loop
      vertex -112.302 -110.757 0.2
      vertex -112.356 -110.676 0
      vertex -112.356 -110.676 0.2
    endloop
  endfacet
  facet normal 0.83205 0.5547 0
    outer loop
      vertex -112.356 -110.676 0
      vertex -112.302 -110.757 0.2
      vertex -112.302 -110.757 0
    endloop
  endfacet
  facet normal -0.194151 0.980972 0
    outer loop
      vertex -111.079 -110.811 0
      vertex -111.175 -110.83 0.2
      vertex -111.079 -110.811 0.2
    endloop
  endfacet
  facet normal -0.194151 0.980972 0
    outer loop
      vertex -111.175 -110.83 0.2
      vertex -111.079 -110.811 0
      vertex -111.175 -110.83 0
    endloop
  endfacet
  facet normal -1 0 0
    outer loop
      vertex -110.925 -110.58 0
      vertex -110.925 -110.08 0.2
      vertex -110.925 -110.08 0
    endloop
  endfacet
  facet normal -1 -0 0
    outer loop
      vertex -110.925 -110.08 0.2
      vertex -110.925 -110.58 0
      vertex -110.925 -110.58 0.2
    endloop
  endfacet
  facet normal 0.194151 0.980972 -0
    outer loop
      vertex -112.125 -110.83 0
      vertex -112.221 -110.811 0.2
      vertex -112.125 -110.83 0.2
    endloop
  endfacet
  facet normal 0.194151 0.980972 0
    outer loop
      vertex -112.221 -110.811 0.2
      vertex -112.125 -110.83 0
      vertex -112.221 -110.811 0
    endloop
  endfacet
  facet normal 0.980972 0.194151 0
    outer loop
      vertex -112.356 -110.676 0.2
      vertex -112.375 -110.58 0
      vertex -112.375 -110.58 0.2
    endloop
  endfacet
  facet normal 0.980972 0.194151 0
    outer loop
      vertex -112.375 -110.58 0
      vertex -112.356 -110.676 0.2
      vertex -112.356 -110.676 0
    endloop
  endfacet
  facet normal -0.5547 -0.83205 0
    outer loop
      vertex -111.079 -109.849 0
      vertex -110.998 -109.903 0.2
      vertex -111.079 -109.849 0.2
    endloop
  endfacet
  facet normal -0.5547 -0.83205 -0
    outer loop
      vertex -110.998 -109.903 0.2
      vertex -111.079 -109.849 0
      vertex -110.998 -109.903 0
    endloop
  endfacet
  facet normal 0.83205 -0.5547 0
    outer loop
      vertex -112.356 -109.984 0.2
      vertex -112.302 -109.903 0
      vertex -112.302 -109.903 0.2
    endloop
  endfacet
  facet normal 0.83205 -0.5547 0
    outer loop
      vertex -112.302 -109.903 0
      vertex -112.356 -109.984 0.2
      vertex -112.356 -109.984 0
    endloop
  endfacet
  facet normal -0.980972 -0.194151 0
    outer loop
      vertex -110.925 -110.08 0
      vertex -110.944 -109.984 0.2
      vertex -110.944 -109.984 0
    endloop
  endfacet
  facet normal -0.980972 -0.194151 0
    outer loop
      vertex -110.944 -109.984 0.2
      vertex -110.925 -110.08 0
      vertex -110.925 -110.08 0.2
    endloop
  endfacet
  facet normal 0 -1 0
    outer loop
      vertex -112.125 -109.83 0
      vertex -111.175 -109.83 0.2
      vertex -112.125 -109.83 0.2
    endloop
  endfacet
  facet normal 0 -1 -0
    outer loop
      vertex -111.175 -109.83 0.2
      vertex -112.125 -109.83 0
      vertex -111.175 -109.83 0
    endloop
  endfacet
  facet normal 0.5547 -0.83205 0
    outer loop
      vertex -112.302 -109.903 0
      vertex -112.221 -109.849 0.2
      vertex -112.302 -109.903 0.2
    endloop
  endfacet
  facet normal 0.5547 -0.83205 0
    outer loop
      vertex -112.221 -109.849 0.2
      vertex -112.302 -109.903 0
      vertex -112.221 -109.849 0
    endloop
  endfacet
  facet normal 0 1 -0
    outer loop
      vertex -111.175 -110.83 0
      vertex -112.125 -110.83 0.2
      vertex -111.175 -110.83 0.2
    endloop
  endfacet
  facet normal 0 1 0
    outer loop
      vertex -112.125 -110.83 0.2
      vertex -111.175 -110.83 0
      vertex -112.125 -110.83 0
    endloop
  endfacet
  facet normal 0.194151 -0.980972 0
    outer loop
      vertex -112.221 -109.849 0
      vertex -112.125 -109.83 0.2
      vertex -112.221 -109.849 0.2
    endloop
  endfacet
  facet normal 0.194151 -0.980972 0
    outer loop
      vertex -112.125 -109.83 0.2
      vertex -112.221 -109.849 0
      vertex -112.125 -109.83 0
    endloop
  endfacet
  facet normal 0.5547 0.83205 -0
    outer loop
      vertex -112.221 -110.811 0
      vertex -112.302 -110.757 0.2
      vertex -112.221 -110.811 0.2
    endloop
  endfacet
  facet normal 0.5547 0.83205 0
    outer loop
      vertex -112.302 -110.757 0.2
      vertex -112.221 -110.811 0
      vertex -112.302 -110.757 0
    endloop
  endfacet
  facet normal -0.83205 -0.5547 0
    outer loop
      vertex -110.944 -109.984 0
      vertex -110.998 -109.903 0.2
      vertex -110.998 -109.903 0
    endloop
  endfacet
  facet normal -0.83205 -0.5547 0
    outer loop
      vertex -110.998 -109.903 0.2
      vertex -110.944 -109.984 0
      vertex -110.944 -109.984 0.2
    endloop
  endfacet
  facet normal -0.194151 -0.980972 0
    outer loop
      vertex -111.175 -109.83 0
      vertex -111.079 -109.849 0.2
      vertex -111.175 -109.83 0.2
    endloop
  endfacet
  facet normal -0.194151 -0.980972 -0
    outer loop
      vertex -111.079 -109.849 0.2
      vertex -111.175 -109.83 0
      vertex -111.079 -109.849 0
    endloop
  endfacet
  facet normal -0.83205 0.5547 0
    outer loop
      vertex -110.998 -110.757 0
      vertex -110.944 -110.676 0.2
      vertex -110.944 -110.676 0
    endloop
  endfacet
  facet normal -0.83205 0.5547 0
    outer loop
      vertex -110.944 -110.676 0.2
      vertex -110.998 -110.757 0
      vertex -110.998 -110.757 0.2
    endloop
  endfacet
  facet normal 0.980972 -0.194151 0
    outer loop
      vertex -112.375 -110.08 0.2
      vertex -112.356 -109.984 0
      vertex -112.356 -109.984 0.2
    endloop
  endfacet
  facet normal 0.980972 -0.194151 0
    outer loop
      vertex -112.356 -109.984 0
      vertex -112.375 -110.08 0.2
      vertex -112.375 -110.08 0
    endloop
  endfacet
  facet normal -0.980972 0.194151 0
    outer loop
      vertex -110.944 -110.676 0
      vertex -110.925 -110.58 0.2
      vertex -110.925 -110.58 0
    endloop
  endfacet
  facet normal -0.980972 0.194151 0
    outer loop
      vertex -110.925 -110.58 0.2
      vertex -110.944 -110.676 0
      vertex -110.944 -110.676 0.2
    endloop
  endfacet
  facet normal -0.5547 0.83205 0
    outer loop
      vertex -110.998 -110.757 0
      vertex -111.079 -110.811 0.2
      vertex -110.998 -110.757 0.2
    endloop
  endfacet
  facet normal -0.5547 0.83205 0
    outer loop
      vertex -111.079 -110.811 0.2
      vertex -110.998 -110.757 0
      vertex -111.079 -110.811 0
    endloop
  endfacet
  facet normal -0.194151 0.980972 0
    outer loop
      vertex -146.604 -90.431 0
      vertex -146.7 -90.45 0.2
      vertex -146.604 -90.431 0.2
    endloop
  endfacet
  facet normal -0.194151 0.980972 0
    outer loop
      vertex -146.7 -90.45 0.2
      vertex -146.604 -90.431 0
      vertex -146.7 -90.45 0
    endloop
  endfacet
  facet normal -0.980856 -0.194736 0
    outer loop
      vertex -146.45 -87.2 0
      vertex -146.469 -87.1043 0.2
      vertex -146.469 -87.1043 0
    endloop
  endfacet
  facet normal -0.980856 -0.194736 0
    outer loop
      vertex -146.469 -87.1043 0.2
      vertex -146.45 -87.2 0
      vertex -146.45 -87.2 0.2
    endloop
  endfacet
  facet normal 0 -1 0
    outer loop
      vertex -148 -86.95 0
      vertex -146.7 -86.95 0.2
      vertex -148 -86.95 0.2
    endloop
  endfacet
  facet normal 0 -1 -0
    outer loop
      vertex -146.7 -86.95 0.2
      vertex -148 -86.95 0
      vertex -146.7 -86.95 0
    endloop
  endfacet
  facet normal 0.194151 0.980972 -0
    outer loop
      vertex -148 -90.45 0
      vertex -148.096 -90.431 0.2
      vertex -148 -90.45 0.2
    endloop
  endfacet
  facet normal 0.194151 0.980972 0
    outer loop
      vertex -148.096 -90.431 0.2
      vertex -148 -90.45 0
      vertex -148.096 -90.431 0
    endloop
  endfacet
  facet normal 1 -0 0
    outer loop
      vertex -148.25 -90.2 0.2
      vertex -148.25 -87.2 0
      vertex -148.25 -87.2 0.2
    endloop
  endfacet
  facet normal 1 0 0
    outer loop
      vertex -148.25 -87.2 0
      vertex -148.25 -90.2 0.2
      vertex -148.25 -90.2 0
    endloop
  endfacet
  facet normal -0.194151 -0.980972 0
    outer loop
      vertex -146.7 -86.95 0
      vertex -146.604 -86.969 0.2
      vertex -146.7 -86.95 0.2
    endloop
  endfacet
  facet normal -0.194151 -0.980972 -0
    outer loop
      vertex -146.604 -86.969 0.2
      vertex -146.7 -86.95 0
      vertex -146.604 -86.969 0
    endloop
  endfacet
  facet normal 0.55612 0.831102 -0
    outer loop
      vertex -148.096 -90.431 0
      vertex -148.177 -90.3768 0.2
      vertex -148.096 -90.431 0.2
    endloop
  endfacet
  facet normal 0.55612 0.831102 0
    outer loop
      vertex -148.177 -90.3768 0.2
      vertex -148.096 -90.431 0
      vertex -148.177 -90.3768 0
    endloop
  endfacet
  facet normal -1 0 0
    outer loop
      vertex -146.45 -90.2 0
      vertex -146.45 -87.2 0.2
      vertex -146.45 -87.2 0
    endloop
  endfacet
  facet normal -1 -0 0
    outer loop
      vertex -146.45 -87.2 0.2
      vertex -146.45 -90.2 0
      vertex -146.45 -90.2 0.2
    endloop
  endfacet
  facet normal 0.832366 0.554226 0
    outer loop
      vertex -148.177 -90.3768 0.2
      vertex -148.231 -90.2957 0
      vertex -148.231 -90.2957 0.2
    endloop
  endfacet
  facet normal 0.832366 0.554226 0
    outer loop
      vertex -148.231 -90.2957 0
      vertex -148.177 -90.3768 0.2
      vertex -148.177 -90.3768 0
    endloop
  endfacet
  facet normal 0.980856 0.194736 0
    outer loop
      vertex -148.231 -90.2957 0.2
      vertex -148.25 -90.2 0
      vertex -148.25 -90.2 0.2
    endloop
  endfacet
  facet normal 0.980856 0.194736 0
    outer loop
      vertex -148.25 -90.2 0
      vertex -148.231 -90.2957 0.2
      vertex -148.231 -90.2957 0
    endloop
  endfacet
  facet normal 0.55612 -0.831102 0
    outer loop
      vertex -148.177 -87.0232 0
      vertex -148.096 -86.969 0.2
      vertex -148.177 -87.0232 0.2
    endloop
  endfacet
  facet normal 0.55612 -0.831102 0
    outer loop
      vertex -148.096 -86.969 0.2
      vertex -148.177 -87.0232 0
      vertex -148.096 -86.969 0
    endloop
  endfacet
  facet normal 0 1 -0
    outer loop
      vertex -146.7 -90.45 0
      vertex -148 -90.45 0.2
      vertex -146.7 -90.45 0.2
    endloop
  endfacet
  facet normal 0 1 0
    outer loop
      vertex -148 -90.45 0.2
      vertex -146.7 -90.45 0
      vertex -148 -90.45 0
    endloop
  endfacet
  facet normal 0.832366 -0.554226 0
    outer loop
      vertex -148.231 -87.1043 0.2
      vertex -148.177 -87.0232 0
      vertex -148.177 -87.0232 0.2
    endloop
  endfacet
  facet normal 0.832366 -0.554226 0
    outer loop
      vertex -148.177 -87.0232 0
      vertex -148.231 -87.1043 0.2
      vertex -148.231 -87.1043 0
    endloop
  endfacet
  facet normal 0.194151 -0.980972 0
    outer loop
      vertex -148.096 -86.969 0
      vertex -148 -86.95 0.2
      vertex -148.096 -86.969 0.2
    endloop
  endfacet
  facet normal 0.194151 -0.980972 0
    outer loop
      vertex -148 -86.95 0.2
      vertex -148.096 -86.969 0
      vertex -148 -86.95 0
    endloop
  endfacet
  facet normal 0.980856 -0.194736 0
    outer loop
      vertex -148.25 -87.2 0.2
      vertex -148.231 -87.1043 0
      vertex -148.231 -87.1043 0.2
    endloop
  endfacet
  facet normal 0.980856 -0.194736 0
    outer loop
      vertex -148.231 -87.1043 0
      vertex -148.25 -87.2 0.2
      vertex -148.25 -87.2 0
    endloop
  endfacet
  facet normal -0.832366 0.554226 0
    outer loop
      vertex -146.523 -90.3768 0
      vertex -146.469 -90.2957 0.2
      vertex -146.469 -90.2957 0
    endloop
  endfacet
  facet normal -0.832366 0.554226 0
    outer loop
      vertex -146.469 -90.2957 0.2
      vertex -146.523 -90.3768 0
      vertex -146.523 -90.3768 0.2
    endloop
  endfacet
  facet normal -0.55612 -0.831102 0
    outer loop
      vertex -146.604 -86.969 0
      vertex -146.523 -87.0232 0.2
      vertex -146.604 -86.969 0.2
    endloop
  endfacet
  facet normal -0.55612 -0.831102 -0
    outer loop
      vertex -146.523 -87.0232 0.2
      vertex -146.604 -86.969 0
      vertex -146.523 -87.0232 0
    endloop
  endfacet
  facet normal -0.832366 -0.554226 0
    outer loop
      vertex -146.469 -87.1043 0
      vertex -146.523 -87.0232 0.2
      vertex -146.523 -87.0232 0
    endloop
  endfacet
  facet normal -0.832366 -0.554226 0
    outer loop
      vertex -146.523 -87.0232 0.2
      vertex -146.469 -87.1043 0
      vertex -146.469 -87.1043 0.2
    endloop
  endfacet
  facet normal -0.980856 0.194736 0
    outer loop
      vertex -146.469 -90.2957 0
      vertex -146.45 -90.2 0.2
      vertex -146.45 -90.2 0
    endloop
  endfacet
  facet normal -0.980856 0.194736 0
    outer loop
      vertex -146.45 -90.2 0.2
      vertex -146.469 -90.2957 0
      vertex -146.469 -90.2957 0.2
    endloop
  endfacet
  facet normal -0.55612 0.831102 0
    outer loop
      vertex -146.523 -90.3768 0
      vertex -146.604 -90.431 0.2
      vertex -146.523 -90.3768 0.2
    endloop
  endfacet
  facet normal -0.55612 0.831102 0
    outer loop
      vertex -146.604 -90.431 0.2
      vertex -146.523 -90.3768 0
      vertex -146.604 -90.431 0
    endloop
  endfacet
  facet normal 0.194151 0.980972 -0
    outer loop
      vertex -148 -95.45 0
      vertex -148.096 -95.431 0.2
      vertex -148 -95.45 0.2
    endloop
  endfacet
  facet normal 0.194151 0.980972 0
    outer loop
      vertex -148.096 -95.431 0.2
      vertex -148 -95.45 0
      vertex -148.096 -95.431 0
    endloop
  endfacet
  facet normal -0.194151 0.980972 0
    outer loop
      vertex -146.604 -95.431 0
      vertex -146.7 -95.45 0.2
      vertex -146.604 -95.431 0.2
    endloop
  endfacet
  facet normal -0.194151 0.980972 0
    outer loop
      vertex -146.7 -95.45 0.2
      vertex -146.604 -95.431 0
      vertex -146.7 -95.45 0
    endloop
  endfacet
  facet normal 0.980856 0.194736 0
    outer loop
      vertex -148.231 -95.2957 0.2
      vertex -148.25 -95.2 0
      vertex -148.25 -95.2 0.2
    endloop
  endfacet
  facet normal 0.980856 0.194736 0
    outer loop
      vertex -148.25 -95.2 0
      vertex -148.231 -95.2957 0.2
      vertex -148.231 -95.2957 0
    endloop
  endfacet
  facet normal 0 1 -0
    outer loop
      vertex -146.7 -95.45 0
      vertex -148 -95.45 0.2
      vertex -146.7 -95.45 0.2
    endloop
  endfacet
  facet normal 0 1 0
    outer loop
      vertex -148 -95.45 0.2
      vertex -146.7 -95.45 0
      vertex -148 -95.45 0
    endloop
  endfacet
  facet normal 0.55612 -0.831102 0
    outer loop
      vertex -148.177 -92.0232 0
      vertex -148.096 -91.969 0.2
      vertex -148.177 -92.0232 0.2
    endloop
  endfacet
  facet normal 0.55612 -0.831102 0
    outer loop
      vertex -148.096 -91.969 0.2
      vertex -148.177 -92.0232 0
      vertex -148.096 -91.969 0
    endloop
  endfacet
  facet normal -0.832366 0.554226 0
    outer loop
      vertex -146.523 -95.3768 0
      vertex -146.469 -95.2957 0.2
      vertex -146.469 -95.2957 0
    endloop
  endfacet
  facet normal -0.832366 0.554226 0
    outer loop
      vertex -146.469 -95.2957 0.2
      vertex -146.523 -95.3768 0
      vertex -146.523 -95.3768 0.2
    endloop
  endfacet
  facet normal -0.832366 -0.554226 0
    outer loop
      vertex -146.469 -92.1043 0
      vertex -146.523 -92.0232 0.2
      vertex -146.523 -92.0232 0
    endloop
  endfacet
  facet normal -0.832366 -0.554226 0
    outer loop
      vertex -146.523 -92.0232 0.2
      vertex -146.469 -92.1043 0
      vertex -146.469 -92.1043 0.2
    endloop
  endfacet
  facet normal 0 -1 0
    outer loop
      vertex -148 -91.95 0
      vertex -146.7 -91.95 0.2
      vertex -148 -91.95 0.2
    endloop
  endfacet
  facet normal 0 -1 -0
    outer loop
      vertex -146.7 -91.95 0.2
      vertex -148 -91.95 0
      vertex -146.7 -91.95 0
    endloop
  endfacet
  facet normal -1 0 0
    outer loop
      vertex -146.45 -95.2 0
      vertex -146.45 -92.2 0.2
      vertex -146.45 -92.2 0
    endloop
  endfacet
  facet normal -1 -0 0
    outer loop
      vertex -146.45 -92.2 0.2
      vertex -146.45 -95.2 0
      vertex -146.45 -95.2 0.2
    endloop
  endfacet
  facet normal -0.980856 -0.194736 0
    outer loop
      vertex -146.45 -92.2 0
      vertex -146.469 -92.1043 0.2
      vertex -146.469 -92.1043 0
    endloop
  endfacet
  facet normal -0.980856 -0.194736 0
    outer loop
      vertex -146.469 -92.1043 0.2
      vertex -146.45 -92.2 0
      vertex -146.45 -92.2 0.2
    endloop
  endfacet
  facet normal 0.55612 0.831102 -0
    outer loop
      vertex -148.096 -95.431 0
      vertex -148.177 -95.3768 0.2
      vertex -148.096 -95.431 0.2
    endloop
  endfacet
  facet normal 0.55612 0.831102 0
    outer loop
      vertex -148.177 -95.3768 0.2
      vertex -148.096 -95.431 0
      vertex -148.177 -95.3768 0
    endloop
  endfacet
  facet normal -0.194151 -0.980972 0
    outer loop
      vertex -146.7 -91.95 0
      vertex -146.604 -91.969 0.2
      vertex -146.7 -91.95 0.2
    endloop
  endfacet
  facet normal -0.194151 -0.980972 -0
    outer loop
      vertex -146.604 -91.969 0.2
      vertex -146.7 -91.95 0
      vertex -146.604 -91.969 0
    endloop
  endfacet
  facet normal 0.194151 -0.980972 0
    outer loop
      vertex -148.096 -91.969 0
      vertex -148 -91.95 0.2
      vertex -148.096 -91.969 0.2
    endloop
  endfacet
  facet normal 0.194151 -0.980972 0
    outer loop
      vertex -148 -91.95 0.2
      vertex -148.096 -91.969 0
      vertex -148 -91.95 0
    endloop
  endfacet
  facet normal 0.832366 0.554226 0
    outer loop
      vertex -148.177 -95.3768 0.2
      vertex -148.231 -95.2957 0
      vertex -148.231 -95.2957 0.2
    endloop
  endfacet
  facet normal 0.832366 0.554226 0
    outer loop
      vertex -148.231 -95.2957 0
      vertex -148.177 -95.3768 0.2
      vertex -148.177 -95.3768 0
    endloop
  endfacet
  facet normal 0.980856 -0.194736 0
    outer loop
      vertex -148.25 -92.2 0.2
      vertex -148.231 -92.1043 0
      vertex -148.231 -92.1043 0.2
    endloop
  endfacet
  facet normal 0.980856 -0.194736 0
    outer loop
      vertex -148.231 -92.1043 0
      vertex -148.25 -92.2 0.2
      vertex -148.25 -92.2 0
    endloop
  endfacet
  facet normal 1 -0 0
    outer loop
      vertex -148.25 -95.2 0.2
      vertex -148.25 -92.2 0
      vertex -148.25 -92.2 0.2
    endloop
  endfacet
  facet normal 1 0 0
    outer loop
      vertex -148.25 -92.2 0
      vertex -148.25 -95.2 0.2
      vertex -148.25 -95.2 0
    endloop
  endfacet
  facet normal -0.55612 0.831102 0
    outer loop
      vertex -146.523 -95.3768 0
      vertex -146.604 -95.431 0.2
      vertex -146.523 -95.3768 0.2
    endloop
  endfacet
  facet normal -0.55612 0.831102 0
    outer loop
      vertex -146.604 -95.431 0.2
      vertex -146.523 -95.3768 0
      vertex -146.604 -95.431 0
    endloop
  endfacet
  facet normal -0.55612 -0.831102 0
    outer loop
      vertex -146.604 -91.969 0
      vertex -146.523 -92.0232 0.2
      vertex -146.604 -91.969 0.2
    endloop
  endfacet
  facet normal -0.55612 -0.831102 -0
    outer loop
      vertex -146.523 -92.0232 0.2
      vertex -146.604 -91.969 0
      vertex -146.523 -92.0232 0
    endloop
  endfacet
  facet normal 0.832366 -0.554226 0
    outer loop
      vertex -148.231 -92.1043 0.2
      vertex -148.177 -92.0232 0
      vertex -148.177 -92.0232 0.2
    endloop
  endfacet
  facet normal 0.832366 -0.554226 0
    outer loop
      vertex -148.177 -92.0232 0
      vertex -148.231 -92.1043 0.2
      vertex -148.231 -92.1043 0
    endloop
  endfacet
  facet normal -0.980856 0.194736 0
    outer loop
      vertex -146.469 -95.2957 0
      vertex -146.45 -95.2 0.2
      vertex -146.45 -95.2 0
    endloop
  endfacet
  facet normal -0.980856 0.194736 0
    outer loop
      vertex -146.45 -95.2 0.2
      vertex -146.469 -95.2957 0
      vertex -146.469 -95.2957 0.2
    endloop
  endfacet
  facet normal 0.194151 0.980972 -0
    outer loop
      vertex -127.365 -108.93 0
      vertex -127.461 -108.911 0.2
      vertex -127.365 -108.93 0.2
    endloop
  endfacet
  facet normal 0.194151 0.980972 0
    outer loop
      vertex -127.461 -108.911 0.2
      vertex -127.365 -108.93 0
      vertex -127.461 -108.911 0
    endloop
  endfacet
  facet normal -0.194151 0.980972 0
    outer loop
      vertex -126.319 -108.911 0
      vertex -126.415 -108.93 0.2
      vertex -126.319 -108.911 0.2
    endloop
  endfacet
  facet normal -0.194151 0.980972 0
    outer loop
      vertex -126.415 -108.93 0.2
      vertex -126.319 -108.911 0
      vertex -126.415 -108.93 0
    endloop
  endfacet
  facet normal -1 0 0
    outer loop
      vertex -126.165 -108.68 0
      vertex -126.165 -108.18 0.2
      vertex -126.165 -108.18 0
    endloop
  endfacet
  facet normal -1 -0 0
    outer loop
      vertex -126.165 -108.18 0.2
      vertex -126.165 -108.68 0
      vertex -126.165 -108.68 0.2
    endloop
  endfacet
  facet normal 0 1 -0
    outer loop
      vertex -126.415 -108.93 0
      vertex -127.365 -108.93 0.2
      vertex -126.415 -108.93 0.2
    endloop
  endfacet
  facet normal 0 1 0
    outer loop
      vertex -127.365 -108.93 0.2
      vertex -126.415 -108.93 0
      vertex -127.365 -108.93 0
    endloop
  endfacet
  facet normal -0.5547 -0.83205 0
    outer loop
      vertex -126.319 -107.949 0
      vertex -126.238 -108.003 0.2
      vertex -126.319 -107.949 0.2
    endloop
  endfacet
  facet normal -0.5547 -0.83205 -0
    outer loop
      vertex -126.238 -108.003 0.2
      vertex -126.319 -107.949 0
      vertex -126.238 -108.003 0
    endloop
  endfacet
  facet normal -0.83205 0.5547 0
    outer loop
      vertex -126.238 -108.857 0
      vertex -126.184 -108.776 0.2
      vertex -126.184 -108.776 0
    endloop
  endfacet
  facet normal -0.83205 0.5547 0
    outer loop
      vertex -126.184 -108.776 0.2
      vertex -126.238 -108.857 0
      vertex -126.238 -108.857 0.2
    endloop
  endfacet
  facet normal -0.194151 -0.980972 0
    outer loop
      vertex -126.415 -107.93 0
      vertex -126.319 -107.949 0.2
      vertex -126.415 -107.93 0.2
    endloop
  endfacet
  facet normal -0.194151 -0.980972 -0
    outer loop
      vertex -126.319 -107.949 0.2
      vertex -126.415 -107.93 0
      vertex -126.319 -107.949 0
    endloop
  endfacet
  facet normal 0.5547 0.83205 -0
    outer loop
      vertex -127.461 -108.911 0
      vertex -127.542 -108.857 0.2
      vertex -127.461 -108.911 0.2
    endloop
  endfacet
  facet normal 0.5547 0.83205 0
    outer loop
      vertex -127.542 -108.857 0.2
      vertex -127.461 -108.911 0
      vertex -127.542 -108.857 0
    endloop
  endfacet
  facet normal 0.83205 0.5547 0
    outer loop
      vertex -127.542 -108.857 0.2
      vertex -127.596 -108.776 0
      vertex -127.596 -108.776 0.2
    endloop
  endfacet
  facet normal 0.83205 0.5547 0
    outer loop
      vertex -127.596 -108.776 0
      vertex -127.542 -108.857 0.2
      vertex -127.542 -108.857 0
    endloop
  endfacet
  facet normal 0 -1 0
    outer loop
      vertex -127.365 -107.93 0
      vertex -126.415 -107.93 0.2
      vertex -127.365 -107.93 0.2
    endloop
  endfacet
  facet normal 0 -1 -0
    outer loop
      vertex -126.415 -107.93 0.2
      vertex -127.365 -107.93 0
      vertex -126.415 -107.93 0
    endloop
  endfacet
  facet normal 0.5547 -0.83205 0
    outer loop
      vertex -127.542 -108.003 0
      vertex -127.461 -107.949 0.2
      vertex -127.542 -108.003 0.2
    endloop
  endfacet
  facet normal 0.5547 -0.83205 0
    outer loop
      vertex -127.461 -107.949 0.2
      vertex -127.542 -108.003 0
      vertex -127.461 -107.949 0
    endloop
  endfacet
  facet normal -0.83205 -0.5547 0
    outer loop
      vertex -126.184 -108.084 0
      vertex -126.238 -108.003 0.2
      vertex -126.238 -108.003 0
    endloop
  endfacet
  facet normal -0.83205 -0.5547 0
    outer loop
      vertex -126.238 -108.003 0.2
      vertex -126.184 -108.084 0
      vertex -126.184 -108.084 0.2
    endloop
  endfacet
  facet normal 0.194151 -0.980972 0
    outer loop
      vertex -127.461 -107.949 0
      vertex -127.365 -107.93 0.2
      vertex -127.461 -107.949 0.2
    endloop
  endfacet
  facet normal 0.194151 -0.980972 0
    outer loop
      vertex -127.365 -107.93 0.2
      vertex -127.461 -107.949 0
      vertex -127.365 -107.93 0
    endloop
  endfacet
  facet normal 0.980972 -0.194151 0
    outer loop
      vertex -127.615 -108.18 0.2
      vertex -127.596 -108.084 0
      vertex -127.596 -108.084 0.2
    endloop
  endfacet
  facet normal 0.980972 -0.194151 0
    outer loop
      vertex -127.596 -108.084 0
      vertex -127.615 -108.18 0.2
      vertex -127.615 -108.18 0
    endloop
  endfacet
  facet normal -0.5547 0.83205 0
    outer loop
      vertex -126.238 -108.857 0
      vertex -126.319 -108.911 0.2
      vertex -126.238 -108.857 0.2
    endloop
  endfacet
  facet normal -0.5547 0.83205 0
    outer loop
      vertex -126.319 -108.911 0.2
      vertex -126.238 -108.857 0
      vertex -126.319 -108.911 0
    endloop
  endfacet
  facet normal 0.83205 -0.5547 0
    outer loop
      vertex -127.596 -108.084 0.2
      vertex -127.542 -108.003 0
      vertex -127.542 -108.003 0.2
    endloop
  endfacet
  facet normal 0.83205 -0.5547 0
    outer loop
      vertex -127.542 -108.003 0
      vertex -127.596 -108.084 0.2
      vertex -127.596 -108.084 0
    endloop
  endfacet
  facet normal -0.980972 -0.194151 0
    outer loop
      vertex -126.165 -108.18 0
      vertex -126.184 -108.084 0.2
      vertex -126.184 -108.084 0
    endloop
  endfacet
  facet normal -0.980972 -0.194151 0
    outer loop
      vertex -126.184 -108.084 0.2
      vertex -126.165 -108.18 0
      vertex -126.165 -108.18 0.2
    endloop
  endfacet
  facet normal 1 -0 0
    outer loop
      vertex -127.615 -108.68 0.2
      vertex -127.615 -108.18 0
      vertex -127.615 -108.18 0.2
    endloop
  endfacet
  facet normal 1 0 0
    outer loop
      vertex -127.615 -108.18 0
      vertex -127.615 -108.68 0.2
      vertex -127.615 -108.68 0
    endloop
  endfacet
  facet normal -0.980972 0.194151 0
    outer loop
      vertex -126.184 -108.776 0
      vertex -126.165 -108.68 0.2
      vertex -126.165 -108.68 0
    endloop
  endfacet
  facet normal -0.980972 0.194151 0
    outer loop
      vertex -126.165 -108.68 0.2
      vertex -126.184 -108.776 0
      vertex -126.184 -108.776 0.2
    endloop
  endfacet
  facet normal 0.980972 0.194151 0
    outer loop
      vertex -127.596 -108.776 0.2
      vertex -127.615 -108.68 0
      vertex -127.615 -108.68 0.2
    endloop
  endfacet
  facet normal 0.980972 0.194151 0
    outer loop
      vertex -127.615 -108.68 0
      vertex -127.596 -108.776 0.2
      vertex -127.596 -108.776 0
    endloop
  endfacet
  facet normal 0.194151 0.980972 -0
    outer loop
      vertex -127.365 -110.83 0
      vertex -127.461 -110.811 0.2
      vertex -127.365 -110.83 0.2
    endloop
  endfacet
  facet normal 0.194151 0.980972 0
    outer loop
      vertex -127.461 -110.811 0.2
      vertex -127.365 -110.83 0
      vertex -127.461 -110.811 0
    endloop
  endfacet
  facet normal -0.194151 0.980972 0
    outer loop
      vertex -126.319 -110.811 0
      vertex -126.415 -110.83 0.2
      vertex -126.319 -110.811 0.2
    endloop
  endfacet
  facet normal -0.194151 0.980972 0
    outer loop
      vertex -126.415 -110.83 0.2
      vertex -126.319 -110.811 0
      vertex -126.415 -110.83 0
    endloop
  endfacet
  facet normal -1 0 0
    outer loop
      vertex -126.165 -110.58 0
      vertex -126.165 -110.08 0.2
      vertex -126.165 -110.08 0
    endloop
  endfacet
  facet normal -1 -0 0
    outer loop
      vertex -126.165 -110.08 0.2
      vertex -126.165 -110.58 0
      vertex -126.165 -110.58 0.2
    endloop
  endfacet
  facet normal 0 1 -0
    outer loop
      vertex -126.415 -110.83 0
      vertex -127.365 -110.83 0.2
      vertex -126.415 -110.83 0.2
    endloop
  endfacet
  facet normal 0 1 0
    outer loop
      vertex -127.365 -110.83 0.2
      vertex -126.415 -110.83 0
      vertex -127.365 -110.83 0
    endloop
  endfacet
  facet normal -0.5547 -0.83205 0
    outer loop
      vertex -126.319 -109.849 0
      vertex -126.238 -109.903 0.2
      vertex -126.319 -109.849 0.2
    endloop
  endfacet
  facet normal -0.5547 -0.83205 -0
    outer loop
      vertex -126.238 -109.903 0.2
      vertex -126.319 -109.849 0
      vertex -126.238 -109.903 0
    endloop
  endfacet
  facet normal -0.83205 0.5547 0
    outer loop
      vertex -126.238 -110.757 0
      vertex -126.184 -110.676 0.2
      vertex -126.184 -110.676 0
    endloop
  endfacet
  facet normal -0.83205 0.5547 0
    outer loop
      vertex -126.184 -110.676 0.2
      vertex -126.238 -110.757 0
      vertex -126.238 -110.757 0.2
    endloop
  endfacet
  facet normal -0.194151 -0.980972 0
    outer loop
      vertex -126.415 -109.83 0
      vertex -126.319 -109.849 0.2
      vertex -126.415 -109.83 0.2
    endloop
  endfacet
  facet normal -0.194151 -0.980972 -0
    outer loop
      vertex -126.319 -109.849 0.2
      vertex -126.415 -109.83 0
      vertex -126.319 -109.849 0
    endloop
  endfacet
  facet normal 0.5547 0.83205 -0
    outer loop
      vertex -127.461 -110.811 0
      vertex -127.542 -110.757 0.2
      vertex -127.461 -110.811 0.2
    endloop
  endfacet
  facet normal 0.5547 0.83205 0
    outer loop
      vertex -127.542 -110.757 0.2
      vertex -127.461 -110.811 0
      vertex -127.542 -110.757 0
    endloop
  endfacet
  facet normal 0.83205 0.5547 0
    outer loop
      vertex -127.542 -110.757 0.2
      vertex -127.596 -110.676 0
      vertex -127.596 -110.676 0.2
    endloop
  endfacet
  facet normal 0.83205 0.5547 0
    outer loop
      vertex -127.596 -110.676 0
      vertex -127.542 -110.757 0.2
      vertex -127.542 -110.757 0
    endloop
  endfacet
  facet normal 0 -1 0
    outer loop
      vertex -127.365 -109.83 0
      vertex -126.415 -109.83 0.2
      vertex -127.365 -109.83 0.2
    endloop
  endfacet
  facet normal 0 -1 -0
    outer loop
      vertex -126.415 -109.83 0.2
      vertex -127.365 -109.83 0
      vertex -126.415 -109.83 0
    endloop
  endfacet
  facet normal 0.5547 -0.83205 0
    outer loop
      vertex -127.542 -109.903 0
      vertex -127.461 -109.849 0.2
      vertex -127.542 -109.903 0.2
    endloop
  endfacet
  facet normal 0.5547 -0.83205 0
    outer loop
      vertex -127.461 -109.849 0.2
      vertex -127.542 -109.903 0
      vertex -127.461 -109.849 0
    endloop
  endfacet
  facet normal 0.194151 -0.980972 0
    outer loop
      vertex -127.461 -109.849 0
      vertex -127.365 -109.83 0.2
      vertex -127.461 -109.849 0.2
    endloop
  endfacet
  facet normal 0.194151 -0.980972 0
    outer loop
      vertex -127.365 -109.83 0.2
      vertex -127.461 -109.849 0
      vertex -127.365 -109.83 0
    endloop
  endfacet
  facet normal 0.980972 -0.194151 0
    outer loop
      vertex -127.615 -110.08 0.2
      vertex -127.596 -109.984 0
      vertex -127.596 -109.984 0.2
    endloop
  endfacet
  facet normal 0.980972 -0.194151 0
    outer loop
      vertex -127.596 -109.984 0
      vertex -127.615 -110.08 0.2
      vertex -127.615 -110.08 0
    endloop
  endfacet
  facet normal -0.5547 0.83205 0
    outer loop
      vertex -126.238 -110.757 0
      vertex -126.319 -110.811 0.2
      vertex -126.238 -110.757 0.2
    endloop
  endfacet
  facet normal -0.5547 0.83205 0
    outer loop
      vertex -126.319 -110.811 0.2
      vertex -126.238 -110.757 0
      vertex -126.319 -110.811 0
    endloop
  endfacet
  facet normal 0.83205 -0.5547 0
    outer loop
      vertex -127.596 -109.984 0.2
      vertex -127.542 -109.903 0
      vertex -127.542 -109.903 0.2
    endloop
  endfacet
  facet normal 0.83205 -0.5547 0
    outer loop
      vertex -127.542 -109.903 0
      vertex -127.596 -109.984 0.2
      vertex -127.596 -109.984 0
    endloop
  endfacet
  facet normal -0.980972 -0.194151 0
    outer loop
      vertex -126.165 -110.08 0
      vertex -126.184 -109.984 0.2
      vertex -126.184 -109.984 0
    endloop
  endfacet
  facet normal -0.980972 -0.194151 0
    outer loop
      vertex -126.184 -109.984 0.2
      vertex -126.165 -110.08 0
      vertex -126.165 -110.08 0.2
    endloop
  endfacet
  facet normal 1 -0 0
    outer loop
      vertex -127.615 -110.58 0.2
      vertex -127.615 -110.08 0
      vertex -127.615 -110.08 0.2
    endloop
  endfacet
  facet normal 1 0 0
    outer loop
      vertex -127.615 -110.08 0
      vertex -127.615 -110.58 0.2
      vertex -127.615 -110.58 0
    endloop
  endfacet
  facet normal -0.83205 -0.5547 0
    outer loop
      vertex -126.184 -109.984 0
      vertex -126.238 -109.903 0.2
      vertex -126.238 -109.903 0
    endloop
  endfacet
  facet normal -0.83205 -0.5547 0
    outer loop
      vertex -126.238 -109.903 0.2
      vertex -126.184 -109.984 0
      vertex -126.184 -109.984 0.2
    endloop
  endfacet
  facet normal -0.980972 0.194151 0
    outer loop
      vertex -126.184 -110.676 0
      vertex -126.165 -110.58 0.2
      vertex -126.165 -110.58 0
    endloop
  endfacet
  facet normal -0.980972 0.194151 0
    outer loop
      vertex -126.165 -110.58 0.2
      vertex -126.184 -110.676 0
      vertex -126.184 -110.676 0.2
    endloop
  endfacet
  facet normal 0.980972 0.194151 0
    outer loop
      vertex -127.596 -110.676 0.2
      vertex -127.615 -110.58 0
      vertex -127.615 -110.58 0.2
    endloop
  endfacet
  facet normal 0.980972 0.194151 0
    outer loop
      vertex -127.615 -110.58 0
      vertex -127.596 -110.676 0.2
      vertex -127.596 -110.676 0
    endloop
  endfacet
  facet normal 1 -0 0
    outer loop
      vertex -122.535 -108.68 0.2
      vertex -122.535 -108.18 0
      vertex -122.535 -108.18 0.2
    endloop
  endfacet
  facet normal 1 0 0
    outer loop
      vertex -122.535 -108.18 0
      vertex -122.535 -108.68 0.2
      vertex -122.535 -108.68 0
    endloop
  endfacet
  facet normal 0.83205 0.5547 0
    outer loop
      vertex -122.462 -108.857 0.2
      vertex -122.516 -108.776 0
      vertex -122.516 -108.776 0.2
    endloop
  endfacet
  facet normal 0.83205 0.5547 0
    outer loop
      vertex -122.516 -108.776 0
      vertex -122.462 -108.857 0.2
      vertex -122.462 -108.857 0
    endloop
  endfacet
  facet normal -0.194151 0.980972 0
    outer loop
      vertex -121.239 -108.911 0
      vertex -121.335 -108.93 0.2
      vertex -121.239 -108.911 0.2
    endloop
  endfacet
  facet normal -0.194151 0.980972 0
    outer loop
      vertex -121.335 -108.93 0.2
      vertex -121.239 -108.911 0
      vertex -121.335 -108.93 0
    endloop
  endfacet
  facet normal -1 0 0
    outer loop
      vertex -121.085 -108.68 0
      vertex -121.085 -108.18 0.2
      vertex -121.085 -108.18 0
    endloop
  endfacet
  facet normal -1 -0 0
    outer loop
      vertex -121.085 -108.18 0.2
      vertex -121.085 -108.68 0
      vertex -121.085 -108.68 0.2
    endloop
  endfacet
  facet normal 0.194151 0.980972 -0
    outer loop
      vertex -122.285 -108.93 0
      vertex -122.381 -108.911 0.2
      vertex -122.285 -108.93 0.2
    endloop
  endfacet
  facet normal 0.194151 0.980972 0
    outer loop
      vertex -122.381 -108.911 0.2
      vertex -122.285 -108.93 0
      vertex -122.381 -108.911 0
    endloop
  endfacet
  facet normal 0.980972 0.194151 0
    outer loop
      vertex -122.516 -108.776 0.2
      vertex -122.535 -108.68 0
      vertex -122.535 -108.68 0.2
    endloop
  endfacet
  facet normal 0.980972 0.194151 0
    outer loop
      vertex -122.535 -108.68 0
      vertex -122.516 -108.776 0.2
      vertex -122.516 -108.776 0
    endloop
  endfacet
  facet normal -0.5547 -0.83205 0
    outer loop
      vertex -121.239 -107.949 0
      vertex -121.158 -108.003 0.2
      vertex -121.239 -107.949 0.2
    endloop
  endfacet
  facet normal -0.5547 -0.83205 -0
    outer loop
      vertex -121.158 -108.003 0.2
      vertex -121.239 -107.949 0
      vertex -121.158 -108.003 0
    endloop
  endfacet
  facet normal 0.83205 -0.5547 0
    outer loop
      vertex -122.516 -108.084 0.2
      vertex -122.462 -108.003 0
      vertex -122.462 -108.003 0.2
    endloop
  endfacet
  facet normal 0.83205 -0.5547 0
    outer loop
      vertex -122.462 -108.003 0
      vertex -122.516 -108.084 0.2
      vertex -122.516 -108.084 0
    endloop
  endfacet
  facet normal -0.980972 -0.194151 0
    outer loop
      vertex -121.085 -108.18 0
      vertex -121.104 -108.084 0.2
      vertex -121.104 -108.084 0
    endloop
  endfacet
  facet normal -0.980972 -0.194151 0
    outer loop
      vertex -121.104 -108.084 0.2
      vertex -121.085 -108.18 0
      vertex -121.085 -108.18 0.2
    endloop
  endfacet
  facet normal 0 -1 0
    outer loop
      vertex -122.285 -107.93 0
      vertex -121.335 -107.93 0.2
      vertex -122.285 -107.93 0.2
    endloop
  endfacet
  facet normal 0 -1 -0
    outer loop
      vertex -121.335 -107.93 0.2
      vertex -122.285 -107.93 0
      vertex -121.335 -107.93 0
    endloop
  endfacet
  facet normal 0.5547 -0.83205 0
    outer loop
      vertex -122.462 -108.003 0
      vertex -122.381 -107.949 0.2
      vertex -122.462 -108.003 0.2
    endloop
  endfacet
  facet normal 0.5547 -0.83205 0
    outer loop
      vertex -122.381 -107.949 0.2
      vertex -122.462 -108.003 0
      vertex -122.381 -107.949 0
    endloop
  endfacet
  facet normal 0 1 -0
    outer loop
      vertex -121.335 -108.93 0
      vertex -122.285 -108.93 0.2
      vertex -121.335 -108.93 0.2
    endloop
  endfacet
  facet normal 0 1 0
    outer loop
      vertex -122.285 -108.93 0.2
      vertex -121.335 -108.93 0
      vertex -122.285 -108.93 0
    endloop
  endfacet
  facet normal 0.194151 -0.980972 0
    outer loop
      vertex -122.381 -107.949 0
      vertex -122.285 -107.93 0.2
      vertex -122.381 -107.949 0.2
    endloop
  endfacet
  facet normal 0.194151 -0.980972 0
    outer loop
      vertex -122.285 -107.93 0.2
      vertex -122.381 -107.949 0
      vertex -122.285 -107.93 0
    endloop
  endfacet
  facet normal 0.5547 0.83205 -0
    outer loop
      vertex -122.381 -108.911 0
      vertex -122.462 -108.857 0.2
      vertex -122.381 -108.911 0.2
    endloop
  endfacet
  facet normal 0.5547 0.83205 0
    outer loop
      vertex -122.462 -108.857 0.2
      vertex -122.381 -108.911 0
      vertex -122.462 -108.857 0
    endloop
  endfacet
  facet normal -0.83205 -0.5547 0
    outer loop
      vertex -121.104 -108.084 0
      vertex -121.158 -108.003 0.2
      vertex -121.158 -108.003 0
    endloop
  endfacet
  facet normal -0.83205 -0.5547 0
    outer loop
      vertex -121.158 -108.003 0.2
      vertex -121.104 -108.084 0
      vertex -121.104 -108.084 0.2
    endloop
  endfacet
  facet normal -0.194151 -0.980972 0
    outer loop
      vertex -121.335 -107.93 0
      vertex -121.239 -107.949 0.2
      vertex -121.335 -107.93 0.2
    endloop
  endfacet
  facet normal -0.194151 -0.980972 -0
    outer loop
      vertex -121.239 -107.949 0.2
      vertex -121.335 -107.93 0
      vertex -121.239 -107.949 0
    endloop
  endfacet
  facet normal -0.83205 0.5547 0
    outer loop
      vertex -121.158 -108.857 0
      vertex -121.104 -108.776 0.2
      vertex -121.104 -108.776 0
    endloop
  endfacet
  facet normal -0.83205 0.5547 0
    outer loop
      vertex -121.104 -108.776 0.2
      vertex -121.158 -108.857 0
      vertex -121.158 -108.857 0.2
    endloop
  endfacet
  facet normal 0.980972 -0.194151 0
    outer loop
      vertex -122.535 -108.18 0.2
      vertex -122.516 -108.084 0
      vertex -122.516 -108.084 0.2
    endloop
  endfacet
  facet normal 0.980972 -0.194151 0
    outer loop
      vertex -122.516 -108.084 0
      vertex -122.535 -108.18 0.2
      vertex -122.535 -108.18 0
    endloop
  endfacet
  facet normal -0.980972 0.194151 0
    outer loop
      vertex -121.104 -108.776 0
      vertex -121.085 -108.68 0.2
      vertex -121.085 -108.68 0
    endloop
  endfacet
  facet normal -0.980972 0.194151 0
    outer loop
      vertex -121.085 -108.68 0.2
      vertex -121.104 -108.776 0
      vertex -121.104 -108.776 0.2
    endloop
  endfacet
  facet normal -0.5547 0.83205 0
    outer loop
      vertex -121.158 -108.857 0
      vertex -121.239 -108.911 0.2
      vertex -121.158 -108.857 0.2
    endloop
  endfacet
  facet normal -0.5547 0.83205 0
    outer loop
      vertex -121.239 -108.911 0.2
      vertex -121.158 -108.857 0
      vertex -121.239 -108.911 0
    endloop
  endfacet
  facet normal 1 -0 0
    outer loop
      vertex -122.535 -110.58 0.2
      vertex -122.535 -110.08 0
      vertex -122.535 -110.08 0.2
    endloop
  endfacet
  facet normal 1 0 0
    outer loop
      vertex -122.535 -110.08 0
      vertex -122.535 -110.58 0.2
      vertex -122.535 -110.58 0
    endloop
  endfacet
  facet normal 0.83205 0.5547 0
    outer loop
      vertex -122.462 -110.757 0.2
      vertex -122.516 -110.676 0
      vertex -122.516 -110.676 0.2
    endloop
  endfacet
  facet normal 0.83205 0.5547 0
    outer loop
      vertex -122.516 -110.676 0
      vertex -122.462 -110.757 0.2
      vertex -122.462 -110.757 0
    endloop
  endfacet
  facet normal -0.194151 0.980972 0
    outer loop
      vertex -121.239 -110.811 0
      vertex -121.335 -110.83 0.2
      vertex -121.239 -110.811 0.2
    endloop
  endfacet
  facet normal -0.194151 0.980972 0
    outer loop
      vertex -121.335 -110.83 0.2
      vertex -121.239 -110.811 0
      vertex -121.335 -110.83 0
    endloop
  endfacet
  facet normal -1 0 0
    outer loop
      vertex -121.085 -110.58 0
      vertex -121.085 -110.08 0.2
      vertex -121.085 -110.08 0
    endloop
  endfacet
  facet normal -1 -0 0
    outer loop
      vertex -121.085 -110.08 0.2
      vertex -121.085 -110.58 0
      vertex -121.085 -110.58 0.2
    endloop
  endfacet
  facet normal 0.194151 0.980972 -0
    outer loop
      vertex -122.285 -110.83 0
      vertex -122.381 -110.811 0.2
      vertex -122.285 -110.83 0.2
    endloop
  endfacet
  facet normal 0.194151 0.980972 0
    outer loop
      vertex -122.381 -110.811 0.2
      vertex -122.285 -110.83 0
      vertex -122.381 -110.811 0
    endloop
  endfacet
  facet normal 0.980972 0.194151 0
    outer loop
      vertex -122.516 -110.676 0.2
      vertex -122.535 -110.58 0
      vertex -122.535 -110.58 0.2
    endloop
  endfacet
  facet normal 0.980972 0.194151 0
    outer loop
      vertex -122.535 -110.58 0
      vertex -122.516 -110.676 0.2
      vertex -122.516 -110.676 0
    endloop
  endfacet
  facet normal -0.5547 -0.83205 0
    outer loop
      vertex -121.239 -109.849 0
      vertex -121.158 -109.903 0.2
      vertex -121.239 -109.849 0.2
    endloop
  endfacet
  facet normal -0.5547 -0.83205 -0
    outer loop
      vertex -121.158 -109.903 0.2
      vertex -121.239 -109.849 0
      vertex -121.158 -109.903 0
    endloop
  endfacet
  facet normal 0.83205 -0.5547 0
    outer loop
      vertex -122.516 -109.984 0.2
      vertex -122.462 -109.903 0
      vertex -122.462 -109.903 0.2
    endloop
  endfacet
  facet normal 0.83205 -0.5547 0
    outer loop
      vertex -122.462 -109.903 0
      vertex -122.516 -109.984 0.2
      vertex -122.516 -109.984 0
    endloop
  endfacet
  facet normal -0.980972 -0.194151 0
    outer loop
      vertex -121.085 -110.08 0
      vertex -121.104 -109.984 0.2
      vertex -121.104 -109.984 0
    endloop
  endfacet
  facet normal -0.980972 -0.194151 0
    outer loop
      vertex -121.104 -109.984 0.2
      vertex -121.085 -110.08 0
      vertex -121.085 -110.08 0.2
    endloop
  endfacet
  facet normal 0 -1 0
    outer loop
      vertex -122.285 -109.83 0
      vertex -121.335 -109.83 0.2
      vertex -122.285 -109.83 0.2
    endloop
  endfacet
  facet normal 0 -1 -0
    outer loop
      vertex -121.335 -109.83 0.2
      vertex -122.285 -109.83 0
      vertex -121.335 -109.83 0
    endloop
  endfacet
  facet normal 0.5547 -0.83205 0
    outer loop
      vertex -122.462 -109.903 0
      vertex -122.381 -109.849 0.2
      vertex -122.462 -109.903 0.2
    endloop
  endfacet
  facet normal 0.5547 -0.83205 0
    outer loop
      vertex -122.381 -109.849 0.2
      vertex -122.462 -109.903 0
      vertex -122.381 -109.849 0
    endloop
  endfacet
  facet normal 0 1 -0
    outer loop
      vertex -121.335 -110.83 0
      vertex -122.285 -110.83 0.2
      vertex -121.335 -110.83 0.2
    endloop
  endfacet
  facet normal 0 1 0
    outer loop
      vertex -122.285 -110.83 0.2
      vertex -121.335 -110.83 0
      vertex -122.285 -110.83 0
    endloop
  endfacet
  facet normal 0.194151 -0.980972 0
    outer loop
      vertex -122.381 -109.849 0
      vertex -122.285 -109.83 0.2
      vertex -122.381 -109.849 0.2
    endloop
  endfacet
  facet normal 0.194151 -0.980972 0
    outer loop
      vertex -122.285 -109.83 0.2
      vertex -122.381 -109.849 0
      vertex -122.285 -109.83 0
    endloop
  endfacet
  facet normal 0.5547 0.83205 -0
    outer loop
      vertex -122.381 -110.811 0
      vertex -122.462 -110.757 0.2
      vertex -122.381 -110.811 0.2
    endloop
  endfacet
  facet normal 0.5547 0.83205 0
    outer loop
      vertex -122.462 -110.757 0.2
      vertex -122.381 -110.811 0
      vertex -122.462 -110.757 0
    endloop
  endfacet
  facet normal -0.83205 -0.5547 0
    outer loop
      vertex -121.104 -109.984 0
      vertex -121.158 -109.903 0.2
      vertex -121.158 -109.903 0
    endloop
  endfacet
  facet normal -0.83205 -0.5547 0
    outer loop
      vertex -121.158 -109.903 0.2
      vertex -121.104 -109.984 0
      vertex -121.104 -109.984 0.2
    endloop
  endfacet
  facet normal -0.194151 -0.980972 0
    outer loop
      vertex -121.335 -109.83 0
      vertex -121.239 -109.849 0.2
      vertex -121.335 -109.83 0.2
    endloop
  endfacet
  facet normal -0.194151 -0.980972 -0
    outer loop
      vertex -121.239 -109.849 0.2
      vertex -121.335 -109.83 0
      vertex -121.239 -109.849 0
    endloop
  endfacet
  facet normal -0.83205 0.5547 0
    outer loop
      vertex -121.158 -110.757 0
      vertex -121.104 -110.676 0.2
      vertex -121.104 -110.676 0
    endloop
  endfacet
  facet normal -0.83205 0.5547 0
    outer loop
      vertex -121.104 -110.676 0.2
      vertex -121.158 -110.757 0
      vertex -121.158 -110.757 0.2
    endloop
  endfacet
  facet normal 0.980972 -0.194151 0
    outer loop
      vertex -122.535 -110.08 0.2
      vertex -122.516 -109.984 0
      vertex -122.516 -109.984 0.2
    endloop
  endfacet
  facet normal 0.980972 -0.194151 0
    outer loop
      vertex -122.516 -109.984 0
      vertex -122.535 -110.08 0.2
      vertex -122.535 -110.08 0
    endloop
  endfacet
  facet normal -0.980972 0.194151 0
    outer loop
      vertex -121.104 -110.676 0
      vertex -121.085 -110.58 0.2
      vertex -121.085 -110.58 0
    endloop
  endfacet
  facet normal -0.980972 0.194151 0
    outer loop
      vertex -121.085 -110.58 0.2
      vertex -121.104 -110.676 0
      vertex -121.104 -110.676 0.2
    endloop
  endfacet
  facet normal -0.5547 0.83205 0
    outer loop
      vertex -121.158 -110.757 0
      vertex -121.239 -110.811 0.2
      vertex -121.158 -110.757 0.2
    endloop
  endfacet
  facet normal -0.5547 0.83205 0
    outer loop
      vertex -121.239 -110.811 0.2
      vertex -121.158 -110.757 0
      vertex -121.239 -110.811 0
    endloop
  endfacet
  facet normal 0.194151 0.980972 -0
    outer loop
      vertex -106 -90.55 0
      vertex -106.096 -90.531 0.2
      vertex -106 -90.55 0.2
    endloop
  endfacet
  facet normal 0.194151 0.980972 0
    outer loop
      vertex -106.096 -90.531 0.2
      vertex -106 -90.55 0
      vertex -106.096 -90.531 0
    endloop
  endfacet
  facet normal -0.194151 0.980972 0
    outer loop
      vertex -104.604 -90.531 0
      vertex -104.7 -90.55 0.2
      vertex -104.604 -90.531 0.2
    endloop
  endfacet
  facet normal -0.194151 0.980972 0
    outer loop
      vertex -104.7 -90.55 0.2
      vertex -104.604 -90.531 0
      vertex -104.7 -90.55 0
    endloop
  endfacet
  facet normal 0.980856 0.194736 0
    outer loop
      vertex -106.231 -90.3957 0.2
      vertex -106.25 -90.3 0
      vertex -106.25 -90.3 0.2
    endloop
  endfacet
  facet normal 0.980856 0.194736 0
    outer loop
      vertex -106.25 -90.3 0
      vertex -106.231 -90.3957 0.2
      vertex -106.231 -90.3957 0
    endloop
  endfacet
  facet normal 0 1 -0
    outer loop
      vertex -104.7 -90.55 0
      vertex -106 -90.55 0.2
      vertex -104.7 -90.55 0.2
    endloop
  endfacet
  facet normal 0 1 0
    outer loop
      vertex -106 -90.55 0.2
      vertex -104.7 -90.55 0
      vertex -106 -90.55 0
    endloop
  endfacet
  facet normal 0.55612 -0.831102 0
    outer loop
      vertex -106.177 -87.1232 0
      vertex -106.096 -87.069 0.2
      vertex -106.177 -87.1232 0.2
    endloop
  endfacet
  facet normal 0.55612 -0.831102 0
    outer loop
      vertex -106.096 -87.069 0.2
      vertex -106.177 -87.1232 0
      vertex -106.096 -87.069 0
    endloop
  endfacet
  facet normal -0.832366 0.554226 0
    outer loop
      vertex -104.523 -90.4768 0
      vertex -104.469 -90.3957 0.2
      vertex -104.469 -90.3957 0
    endloop
  endfacet
  facet normal -0.832366 0.554226 0
    outer loop
      vertex -104.469 -90.3957 0.2
      vertex -104.523 -90.4768 0
      vertex -104.523 -90.4768 0.2
    endloop
  endfacet
  facet normal -0.832366 -0.554226 0
    outer loop
      vertex -104.469 -87.2043 0
      vertex -104.523 -87.1232 0.2
      vertex -104.523 -87.1232 0
    endloop
  endfacet
  facet normal -0.832366 -0.554226 0
    outer loop
      vertex -104.523 -87.1232 0.2
      vertex -104.469 -87.2043 0
      vertex -104.469 -87.2043 0.2
    endloop
  endfacet
  facet normal 0 -1 0
    outer loop
      vertex -106 -87.05 0
      vertex -104.7 -87.05 0.2
      vertex -106 -87.05 0.2
    endloop
  endfacet
  facet normal 0 -1 -0
    outer loop
      vertex -104.7 -87.05 0.2
      vertex -106 -87.05 0
      vertex -104.7 -87.05 0
    endloop
  endfacet
  facet normal -1 0 0
    outer loop
      vertex -104.45 -90.3 0
      vertex -104.45 -87.3 0.2
      vertex -104.45 -87.3 0
    endloop
  endfacet
  facet normal -1 -0 0
    outer loop
      vertex -104.45 -87.3 0.2
      vertex -104.45 -90.3 0
      vertex -104.45 -90.3 0.2
    endloop
  endfacet
  facet normal -0.980856 -0.194736 0
    outer loop
      vertex -104.45 -87.3 0
      vertex -104.469 -87.2043 0.2
      vertex -104.469 -87.2043 0
    endloop
  endfacet
  facet normal -0.980856 -0.194736 0
    outer loop
      vertex -104.469 -87.2043 0.2
      vertex -104.45 -87.3 0
      vertex -104.45 -87.3 0.2
    endloop
  endfacet
  facet normal 0.55612 0.831102 -0
    outer loop
      vertex -106.096 -90.531 0
      vertex -106.177 -90.4768 0.2
      vertex -106.096 -90.531 0.2
    endloop
  endfacet
  facet normal 0.55612 0.831102 0
    outer loop
      vertex -106.177 -90.4768 0.2
      vertex -106.096 -90.531 0
      vertex -106.177 -90.4768 0
    endloop
  endfacet
  facet normal -0.194151 -0.980972 0
    outer loop
      vertex -104.7 -87.05 0
      vertex -104.604 -87.069 0.2
      vertex -104.7 -87.05 0.2
    endloop
  endfacet
  facet normal -0.194151 -0.980972 -0
    outer loop
      vertex -104.604 -87.069 0.2
      vertex -104.7 -87.05 0
      vertex -104.604 -87.069 0
    endloop
  endfacet
  facet normal 0.194151 -0.980972 0
    outer loop
      vertex -106.096 -87.069 0
      vertex -106 -87.05 0.2
      vertex -106.096 -87.069 0.2
    endloop
  endfacet
  facet normal 0.194151 -0.980972 0
    outer loop
      vertex -106 -87.05 0.2
      vertex -106.096 -87.069 0
      vertex -106 -87.05 0
    endloop
  endfacet
  facet normal 0.832366 0.554226 0
    outer loop
      vertex -106.177 -90.4768 0.2
      vertex -106.231 -90.3957 0
      vertex -106.231 -90.3957 0.2
    endloop
  endfacet
  facet normal 0.832366 0.554226 0
    outer loop
      vertex -106.231 -90.3957 0
      vertex -106.177 -90.4768 0.2
      vertex -106.177 -90.4768 0
    endloop
  endfacet
  facet normal 0.980856 -0.194736 0
    outer loop
      vertex -106.25 -87.3 0.2
      vertex -106.231 -87.2043 0
      vertex -106.231 -87.2043 0.2
    endloop
  endfacet
  facet normal 0.980856 -0.194736 0
    outer loop
      vertex -106.231 -87.2043 0
      vertex -106.25 -87.3 0.2
      vertex -106.25 -87.3 0
    endloop
  endfacet
  facet normal 1 -0 0
    outer loop
      vertex -106.25 -90.3 0.2
      vertex -106.25 -87.3 0
      vertex -106.25 -87.3 0.2
    endloop
  endfacet
  facet normal 1 0 0
    outer loop
      vertex -106.25 -87.3 0
      vertex -106.25 -90.3 0.2
      vertex -106.25 -90.3 0
    endloop
  endfacet
  facet normal -0.55612 0.831102 0
    outer loop
      vertex -104.523 -90.4768 0
      vertex -104.604 -90.531 0.2
      vertex -104.523 -90.4768 0.2
    endloop
  endfacet
  facet normal -0.55612 0.831102 0
    outer loop
      vertex -104.604 -90.531 0.2
      vertex -104.523 -90.4768 0
      vertex -104.604 -90.531 0
    endloop
  endfacet
  facet normal -0.55612 -0.831102 0
    outer loop
      vertex -104.604 -87.069 0
      vertex -104.523 -87.1232 0.2
      vertex -104.604 -87.069 0.2
    endloop
  endfacet
  facet normal -0.55612 -0.831102 -0
    outer loop
      vertex -104.523 -87.1232 0.2
      vertex -104.604 -87.069 0
      vertex -104.523 -87.1232 0
    endloop
  endfacet
  facet normal 0.832366 -0.554226 0
    outer loop
      vertex -106.231 -87.2043 0.2
      vertex -106.177 -87.1232 0
      vertex -106.177 -87.1232 0.2
    endloop
  endfacet
  facet normal 0.832366 -0.554226 0
    outer loop
      vertex -106.177 -87.1232 0
      vertex -106.231 -87.2043 0.2
      vertex -106.231 -87.2043 0
    endloop
  endfacet
  facet normal -0.980856 0.194736 0
    outer loop
      vertex -104.469 -90.3957 0
      vertex -104.45 -90.3 0.2
      vertex -104.45 -90.3 0
    endloop
  endfacet
  facet normal -0.980856 0.194736 0
    outer loop
      vertex -104.45 -90.3 0.2
      vertex -104.469 -90.3957 0
      vertex -104.469 -90.3957 0.2
    endloop
  endfacet
  facet normal -0.194151 0.980972 0
    outer loop
      vertex -104.604 -95.531 0
      vertex -104.7 -95.55 0.2
      vertex -104.604 -95.531 0.2
    endloop
  endfacet
  facet normal -0.194151 0.980972 0
    outer loop
      vertex -104.7 -95.55 0.2
      vertex -104.604 -95.531 0
      vertex -104.7 -95.55 0
    endloop
  endfacet
  facet normal -0.980856 -0.194736 0
    outer loop
      vertex -104.45 -92.3 0
      vertex -104.469 -92.2043 0.2
      vertex -104.469 -92.2043 0
    endloop
  endfacet
  facet normal -0.980856 -0.194736 0
    outer loop
      vertex -104.469 -92.2043 0.2
      vertex -104.45 -92.3 0
      vertex -104.45 -92.3 0.2
    endloop
  endfacet
  facet normal 0 -1 0
    outer loop
      vertex -106 -92.05 0
      vertex -104.7 -92.05 0.2
      vertex -106 -92.05 0.2
    endloop
  endfacet
  facet normal 0 -1 -0
    outer loop
      vertex -104.7 -92.05 0.2
      vertex -106 -92.05 0
      vertex -104.7 -92.05 0
    endloop
  endfacet
  facet normal 0.194151 0.980972 -0
    outer loop
      vertex -106 -95.55 0
      vertex -106.096 -95.531 0.2
      vertex -106 -95.55 0.2
    endloop
  endfacet
  facet normal 0.194151 0.980972 0
    outer loop
      vertex -106.096 -95.531 0.2
      vertex -106 -95.55 0
      vertex -106.096 -95.531 0
    endloop
  endfacet
  facet normal 1 -0 0
    outer loop
      vertex -106.25 -95.3 0.2
      vertex -106.25 -92.3 0
      vertex -106.25 -92.3 0.2
    endloop
  endfacet
  facet normal 1 0 0
    outer loop
      vertex -106.25 -92.3 0
      vertex -106.25 -95.3 0.2
      vertex -106.25 -95.3 0
    endloop
  endfacet
  facet normal -0.194151 -0.980972 0
    outer loop
      vertex -104.7 -92.05 0
      vertex -104.604 -92.069 0.2
      vertex -104.7 -92.05 0.2
    endloop
  endfacet
  facet normal -0.194151 -0.980972 -0
    outer loop
      vertex -104.604 -92.069 0.2
      vertex -104.7 -92.05 0
      vertex -104.604 -92.069 0
    endloop
  endfacet
  facet normal 0.55612 0.831102 -0
    outer loop
      vertex -106.096 -95.531 0
      vertex -106.177 -95.4768 0.2
      vertex -106.096 -95.531 0.2
    endloop
  endfacet
  facet normal 0.55612 0.831102 0
    outer loop
      vertex -106.177 -95.4768 0.2
      vertex -106.096 -95.531 0
      vertex -106.177 -95.4768 0
    endloop
  endfacet
  facet normal -1 0 0
    outer loop
      vertex -104.45 -95.3 0
      vertex -104.45 -92.3 0.2
      vertex -104.45 -92.3 0
    endloop
  endfacet
  facet normal -1 -0 0
    outer loop
      vertex -104.45 -92.3 0.2
      vertex -104.45 -95.3 0
      vertex -104.45 -95.3 0.2
    endloop
  endfacet
  facet normal 0.832366 0.554226 0
    outer loop
      vertex -106.177 -95.4768 0.2
      vertex -106.231 -95.3957 0
      vertex -106.231 -95.3957 0.2
    endloop
  endfacet
  facet normal 0.832366 0.554226 0
    outer loop
      vertex -106.231 -95.3957 0
      vertex -106.177 -95.4768 0.2
      vertex -106.177 -95.4768 0
    endloop
  endfacet
  facet normal 0.980856 0.194736 0
    outer loop
      vertex -106.231 -95.3957 0.2
      vertex -106.25 -95.3 0
      vertex -106.25 -95.3 0.2
    endloop
  endfacet
  facet normal 0.980856 0.194736 0
    outer loop
      vertex -106.25 -95.3 0
      vertex -106.231 -95.3957 0.2
      vertex -106.231 -95.3957 0
    endloop
  endfacet
  facet normal 0.55612 -0.831102 0
    outer loop
      vertex -106.177 -92.1232 0
      vertex -106.096 -92.069 0.2
      vertex -106.177 -92.1232 0.2
    endloop
  endfacet
  facet normal 0.55612 -0.831102 0
    outer loop
      vertex -106.096 -92.069 0.2
      vertex -106.177 -92.1232 0
      vertex -106.096 -92.069 0
    endloop
  endfacet
  facet normal 0 1 -0
    outer loop
      vertex -104.7 -95.55 0
      vertex -106 -95.55 0.2
      vertex -104.7 -95.55 0.2
    endloop
  endfacet
  facet normal 0 1 0
    outer loop
      vertex -106 -95.55 0.2
      vertex -104.7 -95.55 0
      vertex -106 -95.55 0
    endloop
  endfacet
  facet normal 0.832366 -0.554226 0
    outer loop
      vertex -106.231 -92.2043 0.2
      vertex -106.177 -92.1232 0
      vertex -106.177 -92.1232 0.2
    endloop
  endfacet
  facet normal 0.832366 -0.554226 0
    outer loop
      vertex -106.177 -92.1232 0
      vertex -106.231 -92.2043 0.2
      vertex -106.231 -92.2043 0
    endloop
  endfacet
  facet normal -0.980856 0.194736 0
    outer loop
      vertex -104.469 -95.3957 0
      vertex -104.45 -95.3 0.2
      vertex -104.45 -95.3 0
    endloop
  endfacet
  facet normal -0.980856 0.194736 0
    outer loop
      vertex -104.45 -95.3 0.2
      vertex -104.469 -95.3957 0
      vertex -104.469 -95.3957 0.2
    endloop
  endfacet
  facet normal 0.194151 -0.980972 0
    outer loop
      vertex -106.096 -92.069 0
      vertex -106 -92.05 0.2
      vertex -106.096 -92.069 0.2
    endloop
  endfacet
  facet normal 0.194151 -0.980972 0
    outer loop
      vertex -106 -92.05 0.2
      vertex -106.096 -92.069 0
      vertex -106 -92.05 0
    endloop
  endfacet
  facet normal 0.980856 -0.194736 0
    outer loop
      vertex -106.25 -92.3 0.2
      vertex -106.231 -92.2043 0
      vertex -106.231 -92.2043 0.2
    endloop
  endfacet
  facet normal 0.980856 -0.194736 0
    outer loop
      vertex -106.231 -92.2043 0
      vertex -106.25 -92.3 0.2
      vertex -106.25 -92.3 0
    endloop
  endfacet
  facet normal -0.832366 0.554226 0
    outer loop
      vertex -104.523 -95.4768 0
      vertex -104.469 -95.3957 0.2
      vertex -104.469 -95.3957 0
    endloop
  endfacet
  facet normal -0.832366 0.554226 0
    outer loop
      vertex -104.469 -95.3957 0.2
      vertex -104.523 -95.4768 0
      vertex -104.523 -95.4768 0.2
    endloop
  endfacet
  facet normal -0.55612 -0.831102 0
    outer loop
      vertex -104.604 -92.069 0
      vertex -104.523 -92.1232 0.2
      vertex -104.604 -92.069 0.2
    endloop
  endfacet
  facet normal -0.55612 -0.831102 -0
    outer loop
      vertex -104.523 -92.1232 0.2
      vertex -104.604 -92.069 0
      vertex -104.523 -92.1232 0
    endloop
  endfacet
  facet normal -0.832366 -0.554226 0
    outer loop
      vertex -104.469 -92.2043 0
      vertex -104.523 -92.1232 0.2
      vertex -104.523 -92.1232 0
    endloop
  endfacet
  facet normal -0.832366 -0.554226 0
    outer loop
      vertex -104.523 -92.1232 0.2
      vertex -104.469 -92.2043 0
      vertex -104.469 -92.2043 0.2
    endloop
  endfacet
  facet normal -0.55612 0.831102 0
    outer loop
      vertex -104.523 -95.4768 0
      vertex -104.604 -95.531 0.2
      vertex -104.523 -95.4768 0.2
    endloop
  endfacet
  facet normal -0.55612 0.831102 0
    outer loop
      vertex -104.604 -95.531 0.2
      vertex -104.523 -95.4768 0
      vertex -104.604 -95.531 0
    endloop
  endfacet
  facet normal 0.194151 0.980972 -0
    outer loop
      vertex -134 -90.45 0
      vertex -134.096 -90.431 0.2
      vertex -134 -90.45 0.2
    endloop
  endfacet
  facet normal 0.194151 0.980972 0
    outer loop
      vertex -134.096 -90.431 0.2
      vertex -134 -90.45 0
      vertex -134.096 -90.431 0
    endloop
  endfacet
  facet normal -0.194151 0.980972 0
    outer loop
      vertex -132.604 -90.431 0
      vertex -132.7 -90.45 0.2
      vertex -132.604 -90.431 0.2
    endloop
  endfacet
  facet normal -0.194151 0.980972 0
    outer loop
      vertex -132.7 -90.45 0.2
      vertex -132.604 -90.431 0
      vertex -132.7 -90.45 0
    endloop
  endfacet
  facet normal 0.980856 0.194736 0
    outer loop
      vertex -134.231 -90.2957 0.2
      vertex -134.25 -90.2 0
      vertex -134.25 -90.2 0.2
    endloop
  endfacet
  facet normal 0.980856 0.194736 0
    outer loop
      vertex -134.25 -90.2 0
      vertex -134.231 -90.2957 0.2
      vertex -134.231 -90.2957 0
    endloop
  endfacet
  facet normal 0 1 -0
    outer loop
      vertex -132.7 -90.45 0
      vertex -134 -90.45 0.2
      vertex -132.7 -90.45 0.2
    endloop
  endfacet
  facet normal 0 1 0
    outer loop
      vertex -134 -90.45 0.2
      vertex -132.7 -90.45 0
      vertex -134 -90.45 0
    endloop
  endfacet
  facet normal 0.55612 -0.831102 0
    outer loop
      vertex -134.177 -87.0232 0
      vertex -134.096 -86.969 0.2
      vertex -134.177 -87.0232 0.2
    endloop
  endfacet
  facet normal 0.55612 -0.831102 0
    outer loop
      vertex -134.096 -86.969 0.2
      vertex -134.177 -87.0232 0
      vertex -134.096 -86.969 0
    endloop
  endfacet
  facet normal -0.832366 0.554226 0
    outer loop
      vertex -132.523 -90.3768 0
      vertex -132.469 -90.2957 0.2
      vertex -132.469 -90.2957 0
    endloop
  endfacet
  facet normal -0.832366 0.554226 0
    outer loop
      vertex -132.469 -90.2957 0.2
      vertex -132.523 -90.3768 0
      vertex -132.523 -90.3768 0.2
    endloop
  endfacet
  facet normal -0.832366 -0.554226 0
    outer loop
      vertex -132.469 -87.1043 0
      vertex -132.523 -87.0232 0.2
      vertex -132.523 -87.0232 0
    endloop
  endfacet
  facet normal -0.832366 -0.554226 0
    outer loop
      vertex -132.523 -87.0232 0.2
      vertex -132.469 -87.1043 0
      vertex -132.469 -87.1043 0.2
    endloop
  endfacet
  facet normal 0 -1 0
    outer loop
      vertex -134 -86.95 0
      vertex -132.7 -86.95 0.2
      vertex -134 -86.95 0.2
    endloop
  endfacet
  facet normal 0 -1 -0
    outer loop
      vertex -132.7 -86.95 0.2
      vertex -134 -86.95 0
      vertex -132.7 -86.95 0
    endloop
  endfacet
  facet normal -0.980856 -0.194736 0
    outer loop
      vertex -132.45 -87.2 0
      vertex -132.469 -87.1043 0.2
      vertex -132.469 -87.1043 0
    endloop
  endfacet
  facet normal -0.980856 -0.194736 0
    outer loop
      vertex -132.469 -87.1043 0.2
      vertex -132.45 -87.2 0
      vertex -132.45 -87.2 0.2
    endloop
  endfacet
  facet normal -1 0 0
    outer loop
      vertex -132.45 -90.2 0
      vertex -132.45 -87.2 0.2
      vertex -132.45 -87.2 0
    endloop
  endfacet
  facet normal -1 -0 0
    outer loop
      vertex -132.45 -87.2 0.2
      vertex -132.45 -90.2 0
      vertex -132.45 -90.2 0.2
    endloop
  endfacet
  facet normal 0.55612 0.831102 -0
    outer loop
      vertex -134.096 -90.431 0
      vertex -134.177 -90.3768 0.2
      vertex -134.096 -90.431 0.2
    endloop
  endfacet
  facet normal 0.55612 0.831102 0
    outer loop
      vertex -134.177 -90.3768 0.2
      vertex -134.096 -90.431 0
      vertex -134.177 -90.3768 0
    endloop
  endfacet
  facet normal -0.194151 -0.980972 0
    outer loop
      vertex -132.7 -86.95 0
      vertex -132.604 -86.969 0.2
      vertex -132.7 -86.95 0.2
    endloop
  endfacet
  facet normal -0.194151 -0.980972 -0
    outer loop
      vertex -132.604 -86.969 0.2
      vertex -132.7 -86.95 0
      vertex -132.604 -86.969 0
    endloop
  endfacet
  facet normal 0.194151 -0.980972 0
    outer loop
      vertex -134.096 -86.969 0
      vertex -134 -86.95 0.2
      vertex -134.096 -86.969 0.2
    endloop
  endfacet
  facet normal 0.194151 -0.980972 0
    outer loop
      vertex -134 -86.95 0.2
      vertex -134.096 -86.969 0
      vertex -134 -86.95 0
    endloop
  endfacet
  facet normal 0.832366 0.554226 0
    outer loop
      vertex -134.177 -90.3768 0.2
      vertex -134.231 -90.2957 0
      vertex -134.231 -90.2957 0.2
    endloop
  endfacet
  facet normal 0.832366 0.554226 0
    outer loop
      vertex -134.231 -90.2957 0
      vertex -134.177 -90.3768 0.2
      vertex -134.177 -90.3768 0
    endloop
  endfacet
  facet normal 0.980856 -0.194736 0
    outer loop
      vertex -134.25 -87.2 0.2
      vertex -134.231 -87.1043 0
      vertex -134.231 -87.1043 0.2
    endloop
  endfacet
  facet normal 0.980856 -0.194736 0
    outer loop
      vertex -134.231 -87.1043 0
      vertex -134.25 -87.2 0.2
      vertex -134.25 -87.2 0
    endloop
  endfacet
  facet normal 1 -0 0
    outer loop
      vertex -134.25 -90.2 0.2
      vertex -134.25 -87.2 0
      vertex -134.25 -87.2 0.2
    endloop
  endfacet
  facet normal 1 0 0
    outer loop
      vertex -134.25 -87.2 0
      vertex -134.25 -90.2 0.2
      vertex -134.25 -90.2 0
    endloop
  endfacet
  facet normal -0.55612 0.831102 0
    outer loop
      vertex -132.523 -90.3768 0
      vertex -132.604 -90.431 0.2
      vertex -132.523 -90.3768 0.2
    endloop
  endfacet
  facet normal -0.55612 0.831102 0
    outer loop
      vertex -132.604 -90.431 0.2
      vertex -132.523 -90.3768 0
      vertex -132.604 -90.431 0
    endloop
  endfacet
  facet normal -0.55612 -0.831102 0
    outer loop
      vertex -132.604 -86.969 0
      vertex -132.523 -87.0232 0.2
      vertex -132.604 -86.969 0.2
    endloop
  endfacet
  facet normal -0.55612 -0.831102 -0
    outer loop
      vertex -132.523 -87.0232 0.2
      vertex -132.604 -86.969 0
      vertex -132.523 -87.0232 0
    endloop
  endfacet
  facet normal 0.832366 -0.554226 0
    outer loop
      vertex -134.231 -87.1043 0.2
      vertex -134.177 -87.0232 0
      vertex -134.177 -87.0232 0.2
    endloop
  endfacet
  facet normal 0.832366 -0.554226 0
    outer loop
      vertex -134.177 -87.0232 0
      vertex -134.231 -87.1043 0.2
      vertex -134.231 -87.1043 0
    endloop
  endfacet
  facet normal -0.980856 0.194736 0
    outer loop
      vertex -132.469 -90.2957 0
      vertex -132.45 -90.2 0.2
      vertex -132.45 -90.2 0
    endloop
  endfacet
  facet normal -0.980856 0.194736 0
    outer loop
      vertex -132.45 -90.2 0.2
      vertex -132.469 -90.2957 0
      vertex -132.469 -90.2957 0.2
    endloop
  endfacet
  facet normal 0.194151 0.980972 -0
    outer loop
      vertex -134 -95.45 0
      vertex -134.096 -95.431 0.2
      vertex -134 -95.45 0.2
    endloop
  endfacet
  facet normal 0.194151 0.980972 0
    outer loop
      vertex -134.096 -95.431 0.2
      vertex -134 -95.45 0
      vertex -134.096 -95.431 0
    endloop
  endfacet
  facet normal -0.194151 0.980972 0
    outer loop
      vertex -132.604 -95.431 0
      vertex -132.7 -95.45 0.2
      vertex -132.604 -95.431 0.2
    endloop
  endfacet
  facet normal -0.194151 0.980972 0
    outer loop
      vertex -132.7 -95.45 0.2
      vertex -132.604 -95.431 0
      vertex -132.7 -95.45 0
    endloop
  endfacet
  facet normal 0.980856 0.194736 0
    outer loop
      vertex -134.231 -95.2957 0.2
      vertex -134.25 -95.2 0
      vertex -134.25 -95.2 0.2
    endloop
  endfacet
  facet normal 0.980856 0.194736 0
    outer loop
      vertex -134.25 -95.2 0
      vertex -134.231 -95.2957 0.2
      vertex -134.231 -95.2957 0
    endloop
  endfacet
  facet normal 0 1 -0
    outer loop
      vertex -132.7 -95.45 0
      vertex -134 -95.45 0.2
      vertex -132.7 -95.45 0.2
    endloop
  endfacet
  facet normal 0 1 0
    outer loop
      vertex -134 -95.45 0.2
      vertex -132.7 -95.45 0
      vertex -134 -95.45 0
    endloop
  endfacet
  facet normal 0.55612 -0.831102 0
    outer loop
      vertex -134.177 -92.0232 0
      vertex -134.096 -91.969 0.2
      vertex -134.177 -92.0232 0.2
    endloop
  endfacet
  facet normal 0.55612 -0.831102 0
    outer loop
      vertex -134.096 -91.969 0.2
      vertex -134.177 -92.0232 0
      vertex -134.096 -91.969 0
    endloop
  endfacet
  facet normal -0.832366 0.554226 0
    outer loop
      vertex -132.523 -95.3768 0
      vertex -132.469 -95.2957 0.2
      vertex -132.469 -95.2957 0
    endloop
  endfacet
  facet normal -0.832366 0.554226 0
    outer loop
      vertex -132.469 -95.2957 0.2
      vertex -132.523 -95.3768 0
      vertex -132.523 -95.3768 0.2
    endloop
  endfacet
  facet normal -0.832366 -0.554226 0
    outer loop
      vertex -132.469 -92.1043 0
      vertex -132.523 -92.0232 0.2
      vertex -132.523 -92.0232 0
    endloop
  endfacet
  facet normal -0.832366 -0.554226 0
    outer loop
      vertex -132.523 -92.0232 0.2
      vertex -132.469 -92.1043 0
      vertex -132.469 -92.1043 0.2
    endloop
  endfacet
  facet normal 0 -1 0
    outer loop
      vertex -134 -91.95 0
      vertex -132.7 -91.95 0.2
      vertex -134 -91.95 0.2
    endloop
  endfacet
  facet normal 0 -1 -0
    outer loop
      vertex -132.7 -91.95 0.2
      vertex -134 -91.95 0
      vertex -132.7 -91.95 0
    endloop
  endfacet
  facet normal -1 0 0
    outer loop
      vertex -132.45 -95.2 0
      vertex -132.45 -92.2 0.2
      vertex -132.45 -92.2 0
    endloop
  endfacet
  facet normal -1 -0 0
    outer loop
      vertex -132.45 -92.2 0.2
      vertex -132.45 -95.2 0
      vertex -132.45 -95.2 0.2
    endloop
  endfacet
  facet normal -0.980856 -0.194736 0
    outer loop
      vertex -132.45 -92.2 0
      vertex -132.469 -92.1043 0.2
      vertex -132.469 -92.1043 0
    endloop
  endfacet
  facet normal -0.980856 -0.194736 0
    outer loop
      vertex -132.469 -92.1043 0.2
      vertex -132.45 -92.2 0
      vertex -132.45 -92.2 0.2
    endloop
  endfacet
  facet normal 0.55612 0.831102 -0
    outer loop
      vertex -134.096 -95.431 0
      vertex -134.177 -95.3768 0.2
      vertex -134.096 -95.431 0.2
    endloop
  endfacet
  facet normal 0.55612 0.831102 0
    outer loop
      vertex -134.177 -95.3768 0.2
      vertex -134.096 -95.431 0
      vertex -134.177 -95.3768 0
    endloop
  endfacet
  facet normal -0.194151 -0.980972 0
    outer loop
      vertex -132.7 -91.95 0
      vertex -132.604 -91.969 0.2
      vertex -132.7 -91.95 0.2
    endloop
  endfacet
  facet normal -0.194151 -0.980972 -0
    outer loop
      vertex -132.604 -91.969 0.2
      vertex -132.7 -91.95 0
      vertex -132.604 -91.969 0
    endloop
  endfacet
  facet normal 0.194151 -0.980972 0
    outer loop
      vertex -134.096 -91.969 0
      vertex -134 -91.95 0.2
      vertex -134.096 -91.969 0.2
    endloop
  endfacet
  facet normal 0.194151 -0.980972 0
    outer loop
      vertex -134 -91.95 0.2
      vertex -134.096 -91.969 0
      vertex -134 -91.95 0
    endloop
  endfacet
  facet normal 0.832366 0.554226 0
    outer loop
      vertex -134.177 -95.3768 0.2
      vertex -134.231 -95.2957 0
      vertex -134.231 -95.2957 0.2
    endloop
  endfacet
  facet normal 0.832366 0.554226 0
    outer loop
      vertex -134.231 -95.2957 0
      vertex -134.177 -95.3768 0.2
      vertex -134.177 -95.3768 0
    endloop
  endfacet
  facet normal 0.980856 -0.194736 0
    outer loop
      vertex -134.25 -92.2 0.2
      vertex -134.231 -92.1043 0
      vertex -134.231 -92.1043 0.2
    endloop
  endfacet
  facet normal 0.980856 -0.194736 0
    outer loop
      vertex -134.231 -92.1043 0
      vertex -134.25 -92.2 0.2
      vertex -134.25 -92.2 0
    endloop
  endfacet
  facet normal 1 -0 0
    outer loop
      vertex -134.25 -95.2 0.2
      vertex -134.25 -92.2 0
      vertex -134.25 -92.2 0.2
    endloop
  endfacet
  facet normal 1 0 0
    outer loop
      vertex -134.25 -92.2 0
      vertex -134.25 -95.2 0.2
      vertex -134.25 -95.2 0
    endloop
  endfacet
  facet normal -0.55612 0.831102 0
    outer loop
      vertex -132.523 -95.3768 0
      vertex -132.604 -95.431 0.2
      vertex -132.523 -95.3768 0.2
    endloop
  endfacet
  facet normal -0.55612 0.831102 0
    outer loop
      vertex -132.604 -95.431 0.2
      vertex -132.523 -95.3768 0
      vertex -132.604 -95.431 0
    endloop
  endfacet
  facet normal -0.55612 -0.831102 0
    outer loop
      vertex -132.604 -91.969 0
      vertex -132.523 -92.0232 0.2
      vertex -132.604 -91.969 0.2
    endloop
  endfacet
  facet normal -0.55612 -0.831102 -0
    outer loop
      vertex -132.523 -92.0232 0.2
      vertex -132.604 -91.969 0
      vertex -132.523 -92.0232 0
    endloop
  endfacet
  facet normal 0.832366 -0.554226 0
    outer loop
      vertex -134.231 -92.1043 0.2
      vertex -134.177 -92.0232 0
      vertex -134.177 -92.0232 0.2
    endloop
  endfacet
  facet normal 0.832366 -0.554226 0
    outer loop
      vertex -134.177 -92.0232 0
      vertex -134.231 -92.1043 0.2
      vertex -134.231 -92.1043 0
    endloop
  endfacet
  facet normal -0.980856 0.194736 0
    outer loop
      vertex -132.469 -95.2957 0
      vertex -132.45 -95.2 0.2
      vertex -132.45 -95.2 0
    endloop
  endfacet
  facet normal -0.980856 0.194736 0
    outer loop
      vertex -132.45 -95.2 0.2
      vertex -132.469 -95.2957 0
      vertex -132.469 -95.2957 0.2
    endloop
  endfacet
  facet normal 1 -0 0
    outer loop
      vertex -114.915 -108.68 0.2
      vertex -114.915 -108.18 0
      vertex -114.915 -108.18 0.2
    endloop
  endfacet
  facet normal 1 0 0
    outer loop
      vertex -114.915 -108.18 0
      vertex -114.915 -108.68 0.2
      vertex -114.915 -108.68 0
    endloop
  endfacet
  facet normal 0.83205 0.5547 0
    outer loop
      vertex -114.842 -108.857 0.2
      vertex -114.896 -108.776 0
      vertex -114.896 -108.776 0.2
    endloop
  endfacet
  facet normal 0.83205 0.5547 0
    outer loop
      vertex -114.896 -108.776 0
      vertex -114.842 -108.857 0.2
      vertex -114.842 -108.857 0
    endloop
  endfacet
  facet normal -0.194151 0.980972 0
    outer loop
      vertex -113.619 -108.911 0
      vertex -113.715 -108.93 0.2
      vertex -113.619 -108.911 0.2
    endloop
  endfacet
  facet normal -0.194151 0.980972 0
    outer loop
      vertex -113.715 -108.93 0.2
      vertex -113.619 -108.911 0
      vertex -113.715 -108.93 0
    endloop
  endfacet
  facet normal -1 0 0
    outer loop
      vertex -113.465 -108.68 0
      vertex -113.465 -108.18 0.2
      vertex -113.465 -108.18 0
    endloop
  endfacet
  facet normal -1 -0 0
    outer loop
      vertex -113.465 -108.18 0.2
      vertex -113.465 -108.68 0
      vertex -113.465 -108.68 0.2
    endloop
  endfacet
  facet normal 0.194151 0.980972 -0
    outer loop
      vertex -114.665 -108.93 0
      vertex -114.761 -108.911 0.2
      vertex -114.665 -108.93 0.2
    endloop
  endfacet
  facet normal 0.194151 0.980972 0
    outer loop
      vertex -114.761 -108.911 0.2
      vertex -114.665 -108.93 0
      vertex -114.761 -108.911 0
    endloop
  endfacet
  facet normal -0.980972 0.194151 0
    outer loop
      vertex -113.484 -108.776 0
      vertex -113.465 -108.68 0.2
      vertex -113.465 -108.68 0
    endloop
  endfacet
  facet normal -0.980972 0.194151 0
    outer loop
      vertex -113.465 -108.68 0.2
      vertex -113.484 -108.776 0
      vertex -113.484 -108.776 0.2
    endloop
  endfacet
  facet normal 0.980972 0.194151 0
    outer loop
      vertex -114.896 -108.776 0.2
      vertex -114.915 -108.68 0
      vertex -114.915 -108.68 0.2
    endloop
  endfacet
  facet normal 0.980972 0.194151 0
    outer loop
      vertex -114.915 -108.68 0
      vertex -114.896 -108.776 0.2
      vertex -114.896 -108.776 0
    endloop
  endfacet
  facet normal -0.5547 -0.83205 0
    outer loop
      vertex -113.619 -107.949 0
      vertex -113.538 -108.003 0.2
      vertex -113.619 -107.949 0.2
    endloop
  endfacet
  facet normal -0.5547 -0.83205 -0
    outer loop
      vertex -113.538 -108.003 0.2
      vertex -113.619 -107.949 0
      vertex -113.538 -108.003 0
    endloop
  endfacet
  facet normal 0.83205 -0.5547 0
    outer loop
      vertex -114.896 -108.084 0.2
      vertex -114.842 -108.003 0
      vertex -114.842 -108.003 0.2
    endloop
  endfacet
  facet normal 0.83205 -0.5547 0
    outer loop
      vertex -114.842 -108.003 0
      vertex -114.896 -108.084 0.2
      vertex -114.896 -108.084 0
    endloop
  endfacet
  facet normal -0.980972 -0.194151 0
    outer loop
      vertex -113.465 -108.18 0
      vertex -113.484 -108.084 0.2
      vertex -113.484 -108.084 0
    endloop
  endfacet
  facet normal -0.980972 -0.194151 0
    outer loop
      vertex -113.484 -108.084 0.2
      vertex -113.465 -108.18 0
      vertex -113.465 -108.18 0.2
    endloop
  endfacet
  facet normal 0 -1 0
    outer loop
      vertex -114.665 -107.93 0
      vertex -113.715 -107.93 0.2
      vertex -114.665 -107.93 0.2
    endloop
  endfacet
  facet normal 0 -1 -0
    outer loop
      vertex -113.715 -107.93 0.2
      vertex -114.665 -107.93 0
      vertex -113.715 -107.93 0
    endloop
  endfacet
  facet normal 0.5547 -0.83205 0
    outer loop
      vertex -114.842 -108.003 0
      vertex -114.761 -107.949 0.2
      vertex -114.842 -108.003 0.2
    endloop
  endfacet
  facet normal 0.5547 -0.83205 0
    outer loop
      vertex -114.761 -107.949 0.2
      vertex -114.842 -108.003 0
      vertex -114.761 -107.949 0
    endloop
  endfacet
  facet normal 0 1 -0
    outer loop
      vertex -113.715 -108.93 0
      vertex -114.665 -108.93 0.2
      vertex -113.715 -108.93 0.2
    endloop
  endfacet
  facet normal 0 1 0
    outer loop
      vertex -114.665 -108.93 0.2
      vertex -113.715 -108.93 0
      vertex -114.665 -108.93 0
    endloop
  endfacet
  facet normal 0.194151 -0.980972 0
    outer loop
      vertex -114.761 -107.949 0
      vertex -114.665 -107.93 0.2
      vertex -114.761 -107.949 0.2
    endloop
  endfacet
  facet normal 0.194151 -0.980972 0
    outer loop
      vertex -114.665 -107.93 0.2
      vertex -114.761 -107.949 0
      vertex -114.665 -107.93 0
    endloop
  endfacet
  facet normal 0.5547 0.83205 -0
    outer loop
      vertex -114.761 -108.911 0
      vertex -114.842 -108.857 0.2
      vertex -114.761 -108.911 0.2
    endloop
  endfacet
  facet normal 0.5547 0.83205 0
    outer loop
      vertex -114.842 -108.857 0.2
      vertex -114.761 -108.911 0
      vertex -114.842 -108.857 0
    endloop
  endfacet
  facet normal -0.83205 -0.5547 0
    outer loop
      vertex -113.484 -108.084 0
      vertex -113.538 -108.003 0.2
      vertex -113.538 -108.003 0
    endloop
  endfacet
  facet normal -0.83205 -0.5547 0
    outer loop
      vertex -113.538 -108.003 0.2
      vertex -113.484 -108.084 0
      vertex -113.484 -108.084 0.2
    endloop
  endfacet
  facet normal -0.194151 -0.980972 0
    outer loop
      vertex -113.715 -107.93 0
      vertex -113.619 -107.949 0.2
      vertex -113.715 -107.93 0.2
    endloop
  endfacet
  facet normal -0.194151 -0.980972 -0
    outer loop
      vertex -113.619 -107.949 0.2
      vertex -113.715 -107.93 0
      vertex -113.619 -107.949 0
    endloop
  endfacet
  facet normal -0.83205 0.5547 0
    outer loop
      vertex -113.538 -108.857 0
      vertex -113.484 -108.776 0.2
      vertex -113.484 -108.776 0
    endloop
  endfacet
  facet normal -0.83205 0.5547 0
    outer loop
      vertex -113.484 -108.776 0.2
      vertex -113.538 -108.857 0
      vertex -113.538 -108.857 0.2
    endloop
  endfacet
  facet normal 0.980972 -0.194151 0
    outer loop
      vertex -114.915 -108.18 0.2
      vertex -114.896 -108.084 0
      vertex -114.896 -108.084 0.2
    endloop
  endfacet
  facet normal 0.980972 -0.194151 0
    outer loop
      vertex -114.896 -108.084 0
      vertex -114.915 -108.18 0.2
      vertex -114.915 -108.18 0
    endloop
  endfacet
  facet normal -0.5547 0.83205 0
    outer loop
      vertex -113.538 -108.857 0
      vertex -113.619 -108.911 0.2
      vertex -113.538 -108.857 0.2
    endloop
  endfacet
  facet normal -0.5547 0.83205 0
    outer loop
      vertex -113.619 -108.911 0.2
      vertex -113.538 -108.857 0
      vertex -113.619 -108.911 0
    endloop
  endfacet
  facet normal 1 -0 0
    outer loop
      vertex -114.915 -110.58 0.2
      vertex -114.915 -110.08 0
      vertex -114.915 -110.08 0.2
    endloop
  endfacet
  facet normal 1 0 0
    outer loop
      vertex -114.915 -110.08 0
      vertex -114.915 -110.58 0.2
      vertex -114.915 -110.58 0
    endloop
  endfacet
  facet normal 0.83205 0.5547 0
    outer loop
      vertex -114.842 -110.757 0.2
      vertex -114.896 -110.676 0
      vertex -114.896 -110.676 0.2
    endloop
  endfacet
  facet normal 0.83205 0.5547 0
    outer loop
      vertex -114.896 -110.676 0
      vertex -114.842 -110.757 0.2
      vertex -114.842 -110.757 0
    endloop
  endfacet
  facet normal -0.194151 0.980972 0
    outer loop
      vertex -113.619 -110.811 0
      vertex -113.715 -110.83 0.2
      vertex -113.619 -110.811 0.2
    endloop
  endfacet
  facet normal -0.194151 0.980972 0
    outer loop
      vertex -113.715 -110.83 0.2
      vertex -113.619 -110.811 0
      vertex -113.715 -110.83 0
    endloop
  endfacet
  facet normal -1 0 0
    outer loop
      vertex -113.465 -110.58 0
      vertex -113.465 -110.08 0.2
      vertex -113.465 -110.08 0
    endloop
  endfacet
  facet normal -1 -0 0
    outer loop
      vertex -113.465 -110.08 0.2
      vertex -113.465 -110.58 0
      vertex -113.465 -110.58 0.2
    endloop
  endfacet
  facet normal 0.194151 0.980972 -0
    outer loop
      vertex -114.665 -110.83 0
      vertex -114.761 -110.811 0.2
      vertex -114.665 -110.83 0.2
    endloop
  endfacet
  facet normal 0.194151 0.980972 0
    outer loop
      vertex -114.761 -110.811 0.2
      vertex -114.665 -110.83 0
      vertex -114.761 -110.811 0
    endloop
  endfacet
  facet normal -0.980972 0.194151 0
    outer loop
      vertex -113.484 -110.676 0
      vertex -113.465 -110.58 0.2
      vertex -113.465 -110.58 0
    endloop
  endfacet
  facet normal -0.980972 0.194151 0
    outer loop
      vertex -113.465 -110.58 0.2
      vertex -113.484 -110.676 0
      vertex -113.484 -110.676 0.2
    endloop
  endfacet
  facet normal 0.980972 0.194151 0
    outer loop
      vertex -114.896 -110.676 0.2
      vertex -114.915 -110.58 0
      vertex -114.915 -110.58 0.2
    endloop
  endfacet
  facet normal 0.980972 0.194151 0
    outer loop
      vertex -114.915 -110.58 0
      vertex -114.896 -110.676 0.2
      vertex -114.896 -110.676 0
    endloop
  endfacet
  facet normal -0.5547 -0.83205 0
    outer loop
      vertex -113.619 -109.849 0
      vertex -113.538 -109.903 0.2
      vertex -113.619 -109.849 0.2
    endloop
  endfacet
  facet normal -0.5547 -0.83205 -0
    outer loop
      vertex -113.538 -109.903 0.2
      vertex -113.619 -109.849 0
      vertex -113.538 -109.903 0
    endloop
  endfacet
  facet normal 0.83205 -0.5547 0
    outer loop
      vertex -114.896 -109.984 0.2
      vertex -114.842 -109.903 0
      vertex -114.842 -109.903 0.2
    endloop
  endfacet
  facet normal 0.83205 -0.5547 0
    outer loop
      vertex -114.842 -109.903 0
      vertex -114.896 -109.984 0.2
      vertex -114.896 -109.984 0
    endloop
  endfacet
  facet normal -0.980972 -0.194151 0
    outer loop
      vertex -113.465 -110.08 0
      vertex -113.484 -109.984 0.2
      vertex -113.484 -109.984 0
    endloop
  endfacet
  facet normal -0.980972 -0.194151 0
    outer loop
      vertex -113.484 -109.984 0.2
      vertex -113.465 -110.08 0
      vertex -113.465 -110.08 0.2
    endloop
  endfacet
  facet normal 0 -1 0
    outer loop
      vertex -114.665 -109.83 0
      vertex -113.715 -109.83 0.2
      vertex -114.665 -109.83 0.2
    endloop
  endfacet
  facet normal 0 -1 -0
    outer loop
      vertex -113.715 -109.83 0.2
      vertex -114.665 -109.83 0
      vertex -113.715 -109.83 0
    endloop
  endfacet
  facet normal 0.5547 -0.83205 0
    outer loop
      vertex -114.842 -109.903 0
      vertex -114.761 -109.849 0.2
      vertex -114.842 -109.903 0.2
    endloop
  endfacet
  facet normal 0.5547 -0.83205 0
    outer loop
      vertex -114.761 -109.849 0.2
      vertex -114.842 -109.903 0
      vertex -114.761 -109.849 0
    endloop
  endfacet
  facet normal 0 1 -0
    outer loop
      vertex -113.715 -110.83 0
      vertex -114.665 -110.83 0.2
      vertex -113.715 -110.83 0.2
    endloop
  endfacet
  facet normal 0 1 0
    outer loop
      vertex -114.665 -110.83 0.2
      vertex -113.715 -110.83 0
      vertex -114.665 -110.83 0
    endloop
  endfacet
  facet normal 0.194151 -0.980972 0
    outer loop
      vertex -114.761 -109.849 0
      vertex -114.665 -109.83 0.2
      vertex -114.761 -109.849 0.2
    endloop
  endfacet
  facet normal 0.194151 -0.980972 0
    outer loop
      vertex -114.665 -109.83 0.2
      vertex -114.761 -109.849 0
      vertex -114.665 -109.83 0
    endloop
  endfacet
  facet normal 0.5547 0.83205 -0
    outer loop
      vertex -114.761 -110.811 0
      vertex -114.842 -110.757 0.2
      vertex -114.761 -110.811 0.2
    endloop
  endfacet
  facet normal 0.5547 0.83205 0
    outer loop
      vertex -114.842 -110.757 0.2
      vertex -114.761 -110.811 0
      vertex -114.842 -110.757 0
    endloop
  endfacet
  facet normal -0.83205 -0.5547 0
    outer loop
      vertex -113.484 -109.984 0
      vertex -113.538 -109.903 0.2
      vertex -113.538 -109.903 0
    endloop
  endfacet
  facet normal -0.83205 -0.5547 0
    outer loop
      vertex -113.538 -109.903 0.2
      vertex -113.484 -109.984 0
      vertex -113.484 -109.984 0.2
    endloop
  endfacet
  facet normal -0.194151 -0.980972 0
    outer loop
      vertex -113.715 -109.83 0
      vertex -113.619 -109.849 0.2
      vertex -113.715 -109.83 0.2
    endloop
  endfacet
  facet normal -0.194151 -0.980972 -0
    outer loop
      vertex -113.619 -109.849 0.2
      vertex -113.715 -109.83 0
      vertex -113.619 -109.849 0
    endloop
  endfacet
  facet normal -0.83205 0.5547 0
    outer loop
      vertex -113.538 -110.757 0
      vertex -113.484 -110.676 0.2
      vertex -113.484 -110.676 0
    endloop
  endfacet
  facet normal -0.83205 0.5547 0
    outer loop
      vertex -113.484 -110.676 0.2
      vertex -113.538 -110.757 0
      vertex -113.538 -110.757 0.2
    endloop
  endfacet
  facet normal 0.980972 -0.194151 0
    outer loop
      vertex -114.915 -110.08 0.2
      vertex -114.896 -109.984 0
      vertex -114.896 -109.984 0.2
    endloop
  endfacet
  facet normal 0.980972 -0.194151 0
    outer loop
      vertex -114.896 -109.984 0
      vertex -114.915 -110.08 0.2
      vertex -114.915 -110.08 0
    endloop
  endfacet
  facet normal -0.5547 0.83205 0
    outer loop
      vertex -113.538 -110.757 0
      vertex -113.619 -110.811 0.2
      vertex -113.538 -110.757 0.2
    endloop
  endfacet
  facet normal -0.5547 0.83205 0
    outer loop
      vertex -113.619 -110.811 0.2
      vertex -113.538 -110.757 0
      vertex -113.619 -110.811 0
    endloop
  endfacet
  facet normal 0.194151 0.980972 -0
    outer loop
      vertex -120 -90.45 0
      vertex -120.096 -90.431 0.2
      vertex -120 -90.45 0.2
    endloop
  endfacet
  facet normal 0.194151 0.980972 0
    outer loop
      vertex -120.096 -90.431 0.2
      vertex -120 -90.45 0
      vertex -120.096 -90.431 0
    endloop
  endfacet
  facet normal -0.194151 0.980972 0
    outer loop
      vertex -118.604 -90.431 0
      vertex -118.7 -90.45 0.2
      vertex -118.604 -90.431 0.2
    endloop
  endfacet
  facet normal -0.194151 0.980972 0
    outer loop
      vertex -118.7 -90.45 0.2
      vertex -118.604 -90.431 0
      vertex -118.7 -90.45 0
    endloop
  endfacet
  facet normal 0.980856 0.194736 0
    outer loop
      vertex -120.231 -90.2957 0.2
      vertex -120.25 -90.2 0
      vertex -120.25 -90.2 0.2
    endloop
  endfacet
  facet normal 0.980856 0.194736 0
    outer loop
      vertex -120.25 -90.2 0
      vertex -120.231 -90.2957 0.2
      vertex -120.231 -90.2957 0
    endloop
  endfacet
  facet normal 0 1 -0
    outer loop
      vertex -118.7 -90.45 0
      vertex -120 -90.45 0.2
      vertex -118.7 -90.45 0.2
    endloop
  endfacet
  facet normal 0 1 0
    outer loop
      vertex -120 -90.45 0.2
      vertex -118.7 -90.45 0
      vertex -120 -90.45 0
    endloop
  endfacet
  facet normal 0.55612 -0.831102 0
    outer loop
      vertex -120.177 -87.0232 0
      vertex -120.096 -86.969 0.2
      vertex -120.177 -87.0232 0.2
    endloop
  endfacet
  facet normal 0.55612 -0.831102 0
    outer loop
      vertex -120.096 -86.969 0.2
      vertex -120.177 -87.0232 0
      vertex -120.096 -86.969 0
    endloop
  endfacet
  facet normal -0.832366 0.554226 0
    outer loop
      vertex -118.523 -90.3768 0
      vertex -118.469 -90.2957 0.2
      vertex -118.469 -90.2957 0
    endloop
  endfacet
  facet normal -0.832366 0.554226 0
    outer loop
      vertex -118.469 -90.2957 0.2
      vertex -118.523 -90.3768 0
      vertex -118.523 -90.3768 0.2
    endloop
  endfacet
  facet normal -0.832366 -0.554226 0
    outer loop
      vertex -118.469 -87.1043 0
      vertex -118.523 -87.0232 0.2
      vertex -118.523 -87.0232 0
    endloop
  endfacet
  facet normal -0.832366 -0.554226 0
    outer loop
      vertex -118.523 -87.0232 0.2
      vertex -118.469 -87.1043 0
      vertex -118.469 -87.1043 0.2
    endloop
  endfacet
  facet normal 0 -1 0
    outer loop
      vertex -120 -86.95 0
      vertex -118.7 -86.95 0.2
      vertex -120 -86.95 0.2
    endloop
  endfacet
  facet normal 0 -1 -0
    outer loop
      vertex -118.7 -86.95 0.2
      vertex -120 -86.95 0
      vertex -118.7 -86.95 0
    endloop
  endfacet
  facet normal -1 0 0
    outer loop
      vertex -118.45 -90.2 0
      vertex -118.45 -87.2 0.2
      vertex -118.45 -87.2 0
    endloop
  endfacet
  facet normal -1 -0 0
    outer loop
      vertex -118.45 -87.2 0.2
      vertex -118.45 -90.2 0
      vertex -118.45 -90.2 0.2
    endloop
  endfacet
  facet normal -0.980856 -0.194736 0
    outer loop
      vertex -118.45 -87.2 0
      vertex -118.469 -87.1043 0.2
      vertex -118.469 -87.1043 0
    endloop
  endfacet
  facet normal -0.980856 -0.194736 0
    outer loop
      vertex -118.469 -87.1043 0.2
      vertex -118.45 -87.2 0
      vertex -118.45 -87.2 0.2
    endloop
  endfacet
  facet normal 0.55612 0.831102 -0
    outer loop
      vertex -120.096 -90.431 0
      vertex -120.177 -90.3768 0.2
      vertex -120.096 -90.431 0.2
    endloop
  endfacet
  facet normal 0.55612 0.831102 0
    outer loop
      vertex -120.177 -90.3768 0.2
      vertex -120.096 -90.431 0
      vertex -120.177 -90.3768 0
    endloop
  endfacet
  facet normal -0.194151 -0.980972 0
    outer loop
      vertex -118.7 -86.95 0
      vertex -118.604 -86.969 0.2
      vertex -118.7 -86.95 0.2
    endloop
  endfacet
  facet normal -0.194151 -0.980972 -0
    outer loop
      vertex -118.604 -86.969 0.2
      vertex -118.7 -86.95 0
      vertex -118.604 -86.969 0
    endloop
  endfacet
  facet normal 0.194151 -0.980972 0
    outer loop
      vertex -120.096 -86.969 0
      vertex -120 -86.95 0.2
      vertex -120.096 -86.969 0.2
    endloop
  endfacet
  facet normal 0.194151 -0.980972 0
    outer loop
      vertex -120 -86.95 0.2
      vertex -120.096 -86.969 0
      vertex -120 -86.95 0
    endloop
  endfacet
  facet normal 0.832366 0.554226 0
    outer loop
      vertex -120.177 -90.3768 0.2
      vertex -120.231 -90.2957 0
      vertex -120.231 -90.2957 0.2
    endloop
  endfacet
  facet normal 0.832366 0.554226 0
    outer loop
      vertex -120.231 -90.2957 0
      vertex -120.177 -90.3768 0.2
      vertex -120.177 -90.3768 0
    endloop
  endfacet
  facet normal 0.980856 -0.194736 0
    outer loop
      vertex -120.25 -87.2 0.2
      vertex -120.231 -87.1043 0
      vertex -120.231 -87.1043 0.2
    endloop
  endfacet
  facet normal 0.980856 -0.194736 0
    outer loop
      vertex -120.231 -87.1043 0
      vertex -120.25 -87.2 0.2
      vertex -120.25 -87.2 0
    endloop
  endfacet
  facet normal 1 -0 0
    outer loop
      vertex -120.25 -90.2 0.2
      vertex -120.25 -87.2 0
      vertex -120.25 -87.2 0.2
    endloop
  endfacet
  facet normal 1 0 0
    outer loop
      vertex -120.25 -87.2 0
      vertex -120.25 -90.2 0.2
      vertex -120.25 -90.2 0
    endloop
  endfacet
  facet normal -0.55612 0.831102 0
    outer loop
      vertex -118.523 -90.3768 0
      vertex -118.604 -90.431 0.2
      vertex -118.523 -90.3768 0.2
    endloop
  endfacet
  facet normal -0.55612 0.831102 0
    outer loop
      vertex -118.604 -90.431 0.2
      vertex -118.523 -90.3768 0
      vertex -118.604 -90.431 0
    endloop
  endfacet
  facet normal -0.55612 -0.831102 0
    outer loop
      vertex -118.604 -86.969 0
      vertex -118.523 -87.0232 0.2
      vertex -118.604 -86.969 0.2
    endloop
  endfacet
  facet normal -0.55612 -0.831102 -0
    outer loop
      vertex -118.523 -87.0232 0.2
      vertex -118.604 -86.969 0
      vertex -118.523 -87.0232 0
    endloop
  endfacet
  facet normal 0.832366 -0.554226 0
    outer loop
      vertex -120.231 -87.1043 0.2
      vertex -120.177 -87.0232 0
      vertex -120.177 -87.0232 0.2
    endloop
  endfacet
  facet normal 0.832366 -0.554226 0
    outer loop
      vertex -120.177 -87.0232 0
      vertex -120.231 -87.1043 0.2
      vertex -120.231 -87.1043 0
    endloop
  endfacet
  facet normal -0.980856 0.194736 0
    outer loop
      vertex -118.469 -90.2957 0
      vertex -118.45 -90.2 0.2
      vertex -118.45 -90.2 0
    endloop
  endfacet
  facet normal -0.980856 0.194736 0
    outer loop
      vertex -118.45 -90.2 0.2
      vertex -118.469 -90.2957 0
      vertex -118.469 -90.2957 0.2
    endloop
  endfacet
  facet normal 0.194151 0.980972 -0
    outer loop
      vertex -120 -95.45 0
      vertex -120.096 -95.431 0.2
      vertex -120 -95.45 0.2
    endloop
  endfacet
  facet normal 0.194151 0.980972 0
    outer loop
      vertex -120.096 -95.431 0.2
      vertex -120 -95.45 0
      vertex -120.096 -95.431 0
    endloop
  endfacet
  facet normal -0.194151 0.980972 0
    outer loop
      vertex -118.604 -95.431 0
      vertex -118.7 -95.45 0.2
      vertex -118.604 -95.431 0.2
    endloop
  endfacet
  facet normal -0.194151 0.980972 0
    outer loop
      vertex -118.7 -95.45 0.2
      vertex -118.604 -95.431 0
      vertex -118.7 -95.45 0
    endloop
  endfacet
  facet normal 0.980856 0.194736 0
    outer loop
      vertex -120.231 -95.2957 0.2
      vertex -120.25 -95.2 0
      vertex -120.25 -95.2 0.2
    endloop
  endfacet
  facet normal 0.980856 0.194736 0
    outer loop
      vertex -120.25 -95.2 0
      vertex -120.231 -95.2957 0.2
      vertex -120.231 -95.2957 0
    endloop
  endfacet
  facet normal 0 1 -0
    outer loop
      vertex -118.7 -95.45 0
      vertex -120 -95.45 0.2
      vertex -118.7 -95.45 0.2
    endloop
  endfacet
  facet normal 0 1 0
    outer loop
      vertex -120 -95.45 0.2
      vertex -118.7 -95.45 0
      vertex -120 -95.45 0
    endloop
  endfacet
  facet normal 0.55612 -0.831102 0
    outer loop
      vertex -120.177 -92.0232 0
      vertex -120.096 -91.969 0.2
      vertex -120.177 -92.0232 0.2
    endloop
  endfacet
  facet normal 0.55612 -0.831102 0
    outer loop
      vertex -120.096 -91.969 0.2
      vertex -120.177 -92.0232 0
      vertex -120.096 -91.969 0
    endloop
  endfacet
  facet normal -0.832366 0.554226 0
    outer loop
      vertex -118.523 -95.3768 0
      vertex -118.469 -95.2957 0.2
      vertex -118.469 -95.2957 0
    endloop
  endfacet
  facet normal -0.832366 0.554226 0
    outer loop
      vertex -118.469 -95.2957 0.2
      vertex -118.523 -95.3768 0
      vertex -118.523 -95.3768 0.2
    endloop
  endfacet
  facet normal -0.832366 -0.554226 0
    outer loop
      vertex -118.469 -92.1043 0
      vertex -118.523 -92.0232 0.2
      vertex -118.523 -92.0232 0
    endloop
  endfacet
  facet normal -0.832366 -0.554226 0
    outer loop
      vertex -118.523 -92.0232 0.2
      vertex -118.469 -92.1043 0
      vertex -118.469 -92.1043 0.2
    endloop
  endfacet
  facet normal 0 -1 0
    outer loop
      vertex -120 -91.95 0
      vertex -118.7 -91.95 0.2
      vertex -120 -91.95 0.2
    endloop
  endfacet
  facet normal 0 -1 -0
    outer loop
      vertex -118.7 -91.95 0.2
      vertex -120 -91.95 0
      vertex -118.7 -91.95 0
    endloop
  endfacet
  facet normal -1 0 0
    outer loop
      vertex -118.45 -95.2 0
      vertex -118.45 -92.2 0.2
      vertex -118.45 -92.2 0
    endloop
  endfacet
  facet normal -1 -0 0
    outer loop
      vertex -118.45 -92.2 0.2
      vertex -118.45 -95.2 0
      vertex -118.45 -95.2 0.2
    endloop
  endfacet
  facet normal -0.980856 -0.194736 0
    outer loop
      vertex -118.45 -92.2 0
      vertex -118.469 -92.1043 0.2
      vertex -118.469 -92.1043 0
    endloop
  endfacet
  facet normal -0.980856 -0.194736 0
    outer loop
      vertex -118.469 -92.1043 0.2
      vertex -118.45 -92.2 0
      vertex -118.45 -92.2 0.2
    endloop
  endfacet
  facet normal 0.55612 0.831102 -0
    outer loop
      vertex -120.096 -95.431 0
      vertex -120.177 -95.3768 0.2
      vertex -120.096 -95.431 0.2
    endloop
  endfacet
  facet normal 0.55612 0.831102 0
    outer loop
      vertex -120.177 -95.3768 0.2
      vertex -120.096 -95.431 0
      vertex -120.177 -95.3768 0
    endloop
  endfacet
  facet normal -0.194151 -0.980972 0
    outer loop
      vertex -118.7 -91.95 0
      vertex -118.604 -91.969 0.2
      vertex -118.7 -91.95 0.2
    endloop
  endfacet
  facet normal -0.194151 -0.980972 -0
    outer loop
      vertex -118.604 -91.969 0.2
      vertex -118.7 -91.95 0
      vertex -118.604 -91.969 0
    endloop
  endfacet
  facet normal 0.194151 -0.980972 0
    outer loop
      vertex -120.096 -91.969 0
      vertex -120 -91.95 0.2
      vertex -120.096 -91.969 0.2
    endloop
  endfacet
  facet normal 0.194151 -0.980972 0
    outer loop
      vertex -120 -91.95 0.2
      vertex -120.096 -91.969 0
      vertex -120 -91.95 0
    endloop
  endfacet
  facet normal 0.832366 0.554226 0
    outer loop
      vertex -120.177 -95.3768 0.2
      vertex -120.231 -95.2957 0
      vertex -120.231 -95.2957 0.2
    endloop
  endfacet
  facet normal 0.832366 0.554226 0
    outer loop
      vertex -120.231 -95.2957 0
      vertex -120.177 -95.3768 0.2
      vertex -120.177 -95.3768 0
    endloop
  endfacet
  facet normal 0.980856 -0.194736 0
    outer loop
      vertex -120.25 -92.2 0.2
      vertex -120.231 -92.1043 0
      vertex -120.231 -92.1043 0.2
    endloop
  endfacet
  facet normal 0.980856 -0.194736 0
    outer loop
      vertex -120.231 -92.1043 0
      vertex -120.25 -92.2 0.2
      vertex -120.25 -92.2 0
    endloop
  endfacet
  facet normal 1 -0 0
    outer loop
      vertex -120.25 -95.2 0.2
      vertex -120.25 -92.2 0
      vertex -120.25 -92.2 0.2
    endloop
  endfacet
  facet normal 1 0 0
    outer loop
      vertex -120.25 -92.2 0
      vertex -120.25 -95.2 0.2
      vertex -120.25 -95.2 0
    endloop
  endfacet
  facet normal -0.55612 0.831102 0
    outer loop
      vertex -118.523 -95.3768 0
      vertex -118.604 -95.431 0.2
      vertex -118.523 -95.3768 0.2
    endloop
  endfacet
  facet normal -0.55612 0.831102 0
    outer loop
      vertex -118.604 -95.431 0.2
      vertex -118.523 -95.3768 0
      vertex -118.604 -95.431 0
    endloop
  endfacet
  facet normal -0.55612 -0.831102 0
    outer loop
      vertex -118.604 -91.969 0
      vertex -118.523 -92.0232 0.2
      vertex -118.604 -91.969 0.2
    endloop
  endfacet
  facet normal -0.55612 -0.831102 -0
    outer loop
      vertex -118.523 -92.0232 0.2
      vertex -118.604 -91.969 0
      vertex -118.523 -92.0232 0
    endloop
  endfacet
  facet normal 0.832366 -0.554226 0
    outer loop
      vertex -120.231 -92.1043 0.2
      vertex -120.177 -92.0232 0
      vertex -120.177 -92.0232 0.2
    endloop
  endfacet
  facet normal 0.832366 -0.554226 0
    outer loop
      vertex -120.177 -92.0232 0
      vertex -120.231 -92.1043 0.2
      vertex -120.231 -92.1043 0
    endloop
  endfacet
  facet normal -0.980856 0.194736 0
    outer loop
      vertex -118.469 -95.2957 0
      vertex -118.45 -95.2 0.2
      vertex -118.45 -95.2 0
    endloop
  endfacet
  facet normal -0.980856 0.194736 0
    outer loop
      vertex -118.45 -95.2 0.2
      vertex -118.469 -95.2957 0
      vertex -118.469 -95.2957 0.2
    endloop
  endfacet
  facet normal 1 -0 0
    outer loop
      vertex -125.075 -108.68 0.2
      vertex -125.075 -108.18 0
      vertex -125.075 -108.18 0.2
    endloop
  endfacet
  facet normal 1 0 0
    outer loop
      vertex -125.075 -108.18 0
      vertex -125.075 -108.68 0.2
      vertex -125.075 -108.68 0
    endloop
  endfacet
  facet normal 0.83205 0.5547 0
    outer loop
      vertex -125.002 -108.857 0.2
      vertex -125.056 -108.776 0
      vertex -125.056 -108.776 0.2
    endloop
  endfacet
  facet normal 0.83205 0.5547 0
    outer loop
      vertex -125.056 -108.776 0
      vertex -125.002 -108.857 0.2
      vertex -125.002 -108.857 0
    endloop
  endfacet
  facet normal -0.194151 0.980972 0
    outer loop
      vertex -123.779 -108.911 0
      vertex -123.875 -108.93 0.2
      vertex -123.779 -108.911 0.2
    endloop
  endfacet
  facet normal -0.194151 0.980972 0
    outer loop
      vertex -123.875 -108.93 0.2
      vertex -123.779 -108.911 0
      vertex -123.875 -108.93 0
    endloop
  endfacet
  facet normal -1 0 0
    outer loop
      vertex -123.625 -108.68 0
      vertex -123.625 -108.18 0.2
      vertex -123.625 -108.18 0
    endloop
  endfacet
  facet normal -1 -0 0
    outer loop
      vertex -123.625 -108.18 0.2
      vertex -123.625 -108.68 0
      vertex -123.625 -108.68 0.2
    endloop
  endfacet
  facet normal 0.194151 0.980972 -0
    outer loop
      vertex -124.825 -108.93 0
      vertex -124.921 -108.911 0.2
      vertex -124.825 -108.93 0.2
    endloop
  endfacet
  facet normal 0.194151 0.980972 0
    outer loop
      vertex -124.921 -108.911 0.2
      vertex -124.825 -108.93 0
      vertex -124.921 -108.911 0
    endloop
  endfacet
  facet normal 0.980972 0.194151 0
    outer loop
      vertex -125.056 -108.776 0.2
      vertex -125.075 -108.68 0
      vertex -125.075 -108.68 0.2
    endloop
  endfacet
  facet normal 0.980972 0.194151 0
    outer loop
      vertex -125.075 -108.68 0
      vertex -125.056 -108.776 0.2
      vertex -125.056 -108.776 0
    endloop
  endfacet
  facet normal -0.5547 -0.83205 0
    outer loop
      vertex -123.779 -107.949 0
      vertex -123.698 -108.003 0.2
      vertex -123.779 -107.949 0.2
    endloop
  endfacet
  facet normal -0.5547 -0.83205 -0
    outer loop
      vertex -123.698 -108.003 0.2
      vertex -123.779 -107.949 0
      vertex -123.698 -108.003 0
    endloop
  endfacet
  facet normal 0.83205 -0.5547 0
    outer loop
      vertex -125.056 -108.084 0.2
      vertex -125.002 -108.003 0
      vertex -125.002 -108.003 0.2
    endloop
  endfacet
  facet normal 0.83205 -0.5547 0
    outer loop
      vertex -125.002 -108.003 0
      vertex -125.056 -108.084 0.2
      vertex -125.056 -108.084 0
    endloop
  endfacet
  facet normal -0.980972 -0.194151 0
    outer loop
      vertex -123.625 -108.18 0
      vertex -123.644 -108.084 0.2
      vertex -123.644 -108.084 0
    endloop
  endfacet
  facet normal -0.980972 -0.194151 0
    outer loop
      vertex -123.644 -108.084 0.2
      vertex -123.625 -108.18 0
      vertex -123.625 -108.18 0.2
    endloop
  endfacet
  facet normal 0 -1 0
    outer loop
      vertex -124.825 -107.93 0
      vertex -123.875 -107.93 0.2
      vertex -124.825 -107.93 0.2
    endloop
  endfacet
  facet normal 0 -1 -0
    outer loop
      vertex -123.875 -107.93 0.2
      vertex -124.825 -107.93 0
      vertex -123.875 -107.93 0
    endloop
  endfacet
  facet normal 0.5547 -0.83205 0
    outer loop
      vertex -125.002 -108.003 0
      vertex -124.921 -107.949 0.2
      vertex -125.002 -108.003 0.2
    endloop
  endfacet
  facet normal 0.5547 -0.83205 0
    outer loop
      vertex -124.921 -107.949 0.2
      vertex -125.002 -108.003 0
      vertex -124.921 -107.949 0
    endloop
  endfacet
  facet normal 0 1 -0
    outer loop
      vertex -123.875 -108.93 0
      vertex -124.825 -108.93 0.2
      vertex -123.875 -108.93 0.2
    endloop
  endfacet
  facet normal 0 1 0
    outer loop
      vertex -124.825 -108.93 0.2
      vertex -123.875 -108.93 0
      vertex -124.825 -108.93 0
    endloop
  endfacet
  facet normal 0.194151 -0.980972 0
    outer loop
      vertex -124.921 -107.949 0
      vertex -124.825 -107.93 0.2
      vertex -124.921 -107.949 0.2
    endloop
  endfacet
  facet normal 0.194151 -0.980972 0
    outer loop
      vertex -124.825 -107.93 0.2
      vertex -124.921 -107.949 0
      vertex -124.825 -107.93 0
    endloop
  endfacet
  facet normal 0.5547 0.83205 -0
    outer loop
      vertex -124.921 -108.911 0
      vertex -125.002 -108.857 0.2
      vertex -124.921 -108.911 0.2
    endloop
  endfacet
  facet normal 0.5547 0.83205 0
    outer loop
      vertex -125.002 -108.857 0.2
      vertex -124.921 -108.911 0
      vertex -125.002 -108.857 0
    endloop
  endfacet
  facet normal -0.83205 -0.5547 0
    outer loop
      vertex -123.644 -108.084 0
      vertex -123.698 -108.003 0.2
      vertex -123.698 -108.003 0
    endloop
  endfacet
  facet normal -0.83205 -0.5547 0
    outer loop
      vertex -123.698 -108.003 0.2
      vertex -123.644 -108.084 0
      vertex -123.644 -108.084 0.2
    endloop
  endfacet
  facet normal -0.194151 -0.980972 0
    outer loop
      vertex -123.875 -107.93 0
      vertex -123.779 -107.949 0.2
      vertex -123.875 -107.93 0.2
    endloop
  endfacet
  facet normal -0.194151 -0.980972 -0
    outer loop
      vertex -123.779 -107.949 0.2
      vertex -123.875 -107.93 0
      vertex -123.779 -107.949 0
    endloop
  endfacet
  facet normal -0.83205 0.5547 0
    outer loop
      vertex -123.698 -108.857 0
      vertex -123.644 -108.776 0.2
      vertex -123.644 -108.776 0
    endloop
  endfacet
  facet normal -0.83205 0.5547 0
    outer loop
      vertex -123.644 -108.776 0.2
      vertex -123.698 -108.857 0
      vertex -123.698 -108.857 0.2
    endloop
  endfacet
  facet normal 0.980972 -0.194151 0
    outer loop
      vertex -125.075 -108.18 0.2
      vertex -125.056 -108.084 0
      vertex -125.056 -108.084 0.2
    endloop
  endfacet
  facet normal 0.980972 -0.194151 0
    outer loop
      vertex -125.056 -108.084 0
      vertex -125.075 -108.18 0.2
      vertex -125.075 -108.18 0
    endloop
  endfacet
  facet normal -0.980972 0.194151 0
    outer loop
      vertex -123.644 -108.776 0
      vertex -123.625 -108.68 0.2
      vertex -123.625 -108.68 0
    endloop
  endfacet
  facet normal -0.980972 0.194151 0
    outer loop
      vertex -123.625 -108.68 0.2
      vertex -123.644 -108.776 0
      vertex -123.644 -108.776 0.2
    endloop
  endfacet
  facet normal -0.5547 0.83205 0
    outer loop
      vertex -123.698 -108.857 0
      vertex -123.779 -108.911 0.2
      vertex -123.698 -108.857 0.2
    endloop
  endfacet
  facet normal -0.5547 0.83205 0
    outer loop
      vertex -123.779 -108.911 0.2
      vertex -123.698 -108.857 0
      vertex -123.779 -108.911 0
    endloop
  endfacet
  facet normal 0.194151 0.980972 -0
    outer loop
      vertex -124.825 -110.83 0
      vertex -124.921 -110.811 0.2
      vertex -124.825 -110.83 0.2
    endloop
  endfacet
  facet normal 0.194151 0.980972 0
    outer loop
      vertex -124.921 -110.811 0.2
      vertex -124.825 -110.83 0
      vertex -124.921 -110.811 0
    endloop
  endfacet
  facet normal -0.194151 0.980972 0
    outer loop
      vertex -123.779 -110.811 0
      vertex -123.875 -110.83 0.2
      vertex -123.779 -110.811 0.2
    endloop
  endfacet
  facet normal -0.194151 0.980972 0
    outer loop
      vertex -123.875 -110.83 0.2
      vertex -123.779 -110.811 0
      vertex -123.875 -110.83 0
    endloop
  endfacet
  facet normal -1 0 0
    outer loop
      vertex -123.625 -110.58 0
      vertex -123.625 -110.08 0.2
      vertex -123.625 -110.08 0
    endloop
  endfacet
  facet normal -1 -0 0
    outer loop
      vertex -123.625 -110.08 0.2
      vertex -123.625 -110.58 0
      vertex -123.625 -110.58 0.2
    endloop
  endfacet
  facet normal 0 1 -0
    outer loop
      vertex -123.875 -110.83 0
      vertex -124.825 -110.83 0.2
      vertex -123.875 -110.83 0.2
    endloop
  endfacet
  facet normal 0 1 0
    outer loop
      vertex -124.825 -110.83 0.2
      vertex -123.875 -110.83 0
      vertex -124.825 -110.83 0
    endloop
  endfacet
  facet normal -0.5547 -0.83205 0
    outer loop
      vertex -123.779 -109.849 0
      vertex -123.698 -109.903 0.2
      vertex -123.779 -109.849 0.2
    endloop
  endfacet
  facet normal -0.5547 -0.83205 -0
    outer loop
      vertex -123.698 -109.903 0.2
      vertex -123.779 -109.849 0
      vertex -123.698 -109.903 0
    endloop
  endfacet
  facet normal -0.83205 0.5547 0
    outer loop
      vertex -123.698 -110.757 0
      vertex -123.644 -110.676 0.2
      vertex -123.644 -110.676 0
    endloop
  endfacet
  facet normal -0.83205 0.5547 0
    outer loop
      vertex -123.644 -110.676 0.2
      vertex -123.698 -110.757 0
      vertex -123.698 -110.757 0.2
    endloop
  endfacet
  facet normal -0.194151 -0.980972 0
    outer loop
      vertex -123.875 -109.83 0
      vertex -123.779 -109.849 0.2
      vertex -123.875 -109.83 0.2
    endloop
  endfacet
  facet normal -0.194151 -0.980972 -0
    outer loop
      vertex -123.779 -109.849 0.2
      vertex -123.875 -109.83 0
      vertex -123.779 -109.849 0
    endloop
  endfacet
  facet normal 0.5547 0.83205 -0
    outer loop
      vertex -124.921 -110.811 0
      vertex -125.002 -110.757 0.2
      vertex -124.921 -110.811 0.2
    endloop
  endfacet
  facet normal 0.5547 0.83205 0
    outer loop
      vertex -125.002 -110.757 0.2
      vertex -124.921 -110.811 0
      vertex -125.002 -110.757 0
    endloop
  endfacet
  facet normal 0.83205 0.5547 0
    outer loop
      vertex -125.002 -110.757 0.2
      vertex -125.056 -110.676 0
      vertex -125.056 -110.676 0.2
    endloop
  endfacet
  facet normal 0.83205 0.5547 0
    outer loop
      vertex -125.056 -110.676 0
      vertex -125.002 -110.757 0.2
      vertex -125.002 -110.757 0
    endloop
  endfacet
  facet normal 0 -1 0
    outer loop
      vertex -124.825 -109.83 0
      vertex -123.875 -109.83 0.2
      vertex -124.825 -109.83 0.2
    endloop
  endfacet
  facet normal 0 -1 -0
    outer loop
      vertex -123.875 -109.83 0.2
      vertex -124.825 -109.83 0
      vertex -123.875 -109.83 0
    endloop
  endfacet
  facet normal 0.5547 -0.83205 0
    outer loop
      vertex -125.002 -109.903 0
      vertex -124.921 -109.849 0.2
      vertex -125.002 -109.903 0.2
    endloop
  endfacet
  facet normal 0.5547 -0.83205 0
    outer loop
      vertex -124.921 -109.849 0.2
      vertex -125.002 -109.903 0
      vertex -124.921 -109.849 0
    endloop
  endfacet
  facet normal 0.194151 -0.980972 0
    outer loop
      vertex -124.921 -109.849 0
      vertex -124.825 -109.83 0.2
      vertex -124.921 -109.849 0.2
    endloop
  endfacet
  facet normal 0.194151 -0.980972 0
    outer loop
      vertex -124.825 -109.83 0.2
      vertex -124.921 -109.849 0
      vertex -124.825 -109.83 0
    endloop
  endfacet
  facet normal 0.980972 -0.194151 0
    outer loop
      vertex -125.075 -110.08 0.2
      vertex -125.056 -109.984 0
      vertex -125.056 -109.984 0.2
    endloop
  endfacet
  facet normal 0.980972 -0.194151 0
    outer loop
      vertex -125.056 -109.984 0
      vertex -125.075 -110.08 0.2
      vertex -125.075 -110.08 0
    endloop
  endfacet
  facet normal -0.5547 0.83205 0
    outer loop
      vertex -123.698 -110.757 0
      vertex -123.779 -110.811 0.2
      vertex -123.698 -110.757 0.2
    endloop
  endfacet
  facet normal -0.5547 0.83205 0
    outer loop
      vertex -123.779 -110.811 0.2
      vertex -123.698 -110.757 0
      vertex -123.779 -110.811 0
    endloop
  endfacet
  facet normal 0.83205 -0.5547 0
    outer loop
      vertex -125.056 -109.984 0.2
      vertex -125.002 -109.903 0
      vertex -125.002 -109.903 0.2
    endloop
  endfacet
  facet normal 0.83205 -0.5547 0
    outer loop
      vertex -125.002 -109.903 0
      vertex -125.056 -109.984 0.2
      vertex -125.056 -109.984 0
    endloop
  endfacet
  facet normal -0.980972 -0.194151 0
    outer loop
      vertex -123.625 -110.08 0
      vertex -123.644 -109.984 0.2
      vertex -123.644 -109.984 0
    endloop
  endfacet
  facet normal -0.980972 -0.194151 0
    outer loop
      vertex -123.644 -109.984 0.2
      vertex -123.625 -110.08 0
      vertex -123.625 -110.08 0.2
    endloop
  endfacet
  facet normal 1 -0 0
    outer loop
      vertex -125.075 -110.58 0.2
      vertex -125.075 -110.08 0
      vertex -125.075 -110.08 0.2
    endloop
  endfacet
  facet normal 1 0 0
    outer loop
      vertex -125.075 -110.08 0
      vertex -125.075 -110.58 0.2
      vertex -125.075 -110.58 0
    endloop
  endfacet
  facet normal -0.83205 -0.5547 0
    outer loop
      vertex -123.644 -109.984 0
      vertex -123.698 -109.903 0.2
      vertex -123.698 -109.903 0
    endloop
  endfacet
  facet normal -0.83205 -0.5547 0
    outer loop
      vertex -123.698 -109.903 0.2
      vertex -123.644 -109.984 0
      vertex -123.644 -109.984 0.2
    endloop
  endfacet
  facet normal -0.980972 0.194151 0
    outer loop
      vertex -123.644 -110.676 0
      vertex -123.625 -110.58 0.2
      vertex -123.625 -110.58 0
    endloop
  endfacet
  facet normal -0.980972 0.194151 0
    outer loop
      vertex -123.625 -110.58 0.2
      vertex -123.644 -110.676 0
      vertex -123.644 -110.676 0.2
    endloop
  endfacet
  facet normal 0.980972 0.194151 0
    outer loop
      vertex -125.056 -110.676 0.2
      vertex -125.075 -110.58 0
      vertex -125.075 -110.58 0.2
    endloop
  endfacet
  facet normal 0.980972 0.194151 0
    outer loop
      vertex -125.075 -110.58 0
      vertex -125.056 -110.676 0.2
      vertex -125.056 -110.676 0
    endloop
  endfacet
endsolid OpenSCAD_Model
