solid OpenSCAD_Model
  facet normal 0.062938 -0.998017 0
    outer loop
      vertex 160.899 -145.147 -1
      vertex 161.121 -145.133 0.2
      vertex 160.899 -145.147 0.2
    endloop
  endfacet
  facet normal 0.062938 -0.998017 0
    outer loop
      vertex 161.121 -145.133 0.2
      vertex 160.899 -145.147 -1
      vertex 161.121 -145.133 -1
    endloop
  endfacet
  facet normal -0.999979 -0.00645148 0
    outer loop
      vertex 88.8502 -140.031 -1
      vertex 88.85 -140 0.2
      vertex 88.85 -140 -1
    endloop
  endfacet
  facet normal -0.999979 -0.00645148 0
    outer loop
      vertex 88.85 -140 0.2
      vertex 88.8502 -140.031 -1
      vertex 88.8502 -140.031 0.2
    endloop
  endfacet
  facet normal 0.0169467 -0.999856 0
    outer loop
      vertex 160.722 -145.15 -1
      vertex 160.899 -145.147 0.2
      vertex 160.722 -145.15 0.2
    endloop
  endfacet
  facet normal 0.0169467 -0.999856 0
    outer loop
      vertex 160.899 -145.147 0.2
      vertex 160.722 -145.15 -1
      vertex 160.899 -145.147 -1
    endloop
  endfacet
  facet normal 0.00689639 0.999976 -0
    outer loop
      vertex 156.786 -75.3436 -1
      vertex 156.757 -75.3434 0.2
      vertex 156.786 -75.3436 0.2
    endloop
  endfacet
  facet normal 0.00689639 0.999976 0
    outer loop
      vertex 156.757 -75.3434 0.2
      vertex 156.786 -75.3436 -1
      vertex 156.757 -75.3434 -1
    endloop
  endfacet
  facet normal 0 1 -0
    outer loop
      vertex 156.757 -75.3434 -1
      vertex 94 -75.3434 0.2
      vertex 156.757 -75.3434 0.2
    endloop
  endfacet
  facet normal 0 1 0
    outer loop
      vertex 94 -75.3434 0.2
      vertex 156.757 -75.3434 -1
      vertex 94 -75.3434 -1
    endloop
  endfacet
  facet normal 0 -1 0
    outer loop
      vertex 160.692 -145.15 -1
      vertex 160.722 -145.15 0.2
      vertex 160.692 -145.15 0.2
    endloop
  endfacet
  facet normal 0 -1 -0
    outer loop
      vertex 160.722 -145.15 0.2
      vertex 160.692 -145.15 -1
      vertex 160.722 -145.15 -1
    endloop
  endfacet
  facet normal 0.400611 -0.916248 0
    outer loop
      vertex 162.634 -144.77 -1
      vertex 162.865 -144.669 0.2
      vertex 162.634 -144.77 0.2
    endloop
  endfacet
  facet normal 0.400611 -0.916248 0
    outer loop
      vertex 162.865 -144.669 0.2
      vertex 162.634 -144.77 -1
      vertex 162.865 -144.669 -1
    endloop
  endfacet
  facet normal 0 -1 0
    outer loop
      vertex 94 -145.15 -1
      vertex 160.692 -145.15 0.2
      vertex 94 -145.15 0.2
    endloop
  endfacet
  facet normal 0 -1 -0
    outer loop
      vertex 160.692 -145.15 0.2
      vertex 94 -145.15 -1
      vertex 160.692 -145.15 -1
    endloop
  endfacet
  facet normal 0.699625 0.71451 -0
    outer loop
      vertex 160.378 -76.8321 -1
      vertex 160.258 -76.7146 0.2
      vertex 160.378 -76.8321 0.2
    endloop
  endfacet
  facet normal 0.699625 0.71451 0
    outer loop
      vertex 160.258 -76.7146 0.2
      vertex 160.378 -76.8321 -1
      vertex 160.258 -76.7146 -1
    endloop
  endfacet
  facet normal 0.718027 0.696016 0
    outer loop
      vertex 169.281 -85.7437 0.2
      vertex 169.164 -85.623 -1
      vertex 169.164 -85.623 0.2
    endloop
  endfacet
  facet normal 0.718027 0.696016 0
    outer loop
      vertex 169.164 -85.623 -1
      vertex 169.281 -85.7437 0.2
      vertex 169.281 -85.7437 -1
    endloop
  endfacet
  facet normal -0.166014 -0.986123 0
    outer loop
      vertex 93.0188 -145.056 -1
      vertex 93.2564 -145.096 0.2
      vertex 93.0188 -145.056 0.2
    endloop
  endfacet
  facet normal -0.166014 -0.986123 -0
    outer loop
      vertex 93.2564 -145.096 0.2
      vertex 93.0188 -145.056 -1
      vertex 93.2564 -145.096 -1
    endloop
  endfacet
  facet normal -0.276638 0.960974 0
    outer loop
      vertex 92.6905 -75.5123 -1
      vertex 92.4588 -75.579 0.2
      vertex 92.6905 -75.5123 0.2
    endloop
  endfacet
  facet normal -0.276638 0.960974 0
    outer loop
      vertex 92.4588 -75.579 0.2
      vertex 92.6905 -75.5123 -1
      vertex 92.4588 -75.579 -1
    endloop
  endfacet
  facet normal -0.993727 -0.111831 0
    outer loop
      vertex 88.9036 -140.744 -1
      vertex 88.8659 -140.409 0.2
      vertex 88.8659 -140.409 -1
    endloop
  endfacet
  facet normal -0.993727 -0.111831 0
    outer loop
      vertex 88.8659 -140.409 0.2
      vertex 88.9036 -140.744 -1
      vertex 88.9036 -140.744 0.2
    endloop
  endfacet
  facet normal 0.77962 -0.626252 0
    outer loop
      vertex 169.422 -138.163 0.2
      vertex 169.569 -137.98 -1
      vertex 169.569 -137.98 0.2
    endloop
  endfacet
  facet normal 0.77962 -0.626252 0
    outer loop
      vertex 169.569 -137.98 -1
      vertex 169.422 -138.163 0.2
      vertex 169.422 -138.163 -1
    endloop
  endfacet
  facet normal -0.0618158 -0.998088 0
    outer loop
      vertex 93.591 -145.134 -1
      vertex 93.8009 -145.147 0.2
      vertex 93.591 -145.134 0.2
    endloop
  endfacet
  facet normal -0.0618158 -0.998088 -0
    outer loop
      vertex 93.8009 -145.147 0.2
      vertex 93.591 -145.134 -1
      vertex 93.8009 -145.147 -1
    endloop
  endfacet
  facet normal -0.999898 -0.0142843 0
    outer loop
      vertex 88.8526 -140.199 -1
      vertex 88.8502 -140.031 0.2
      vertex 88.8502 -140.031 -1
    endloop
  endfacet
  facet normal -0.999898 -0.0142843 0
    outer loop
      vertex 88.8502 -140.031 0.2
      vertex 88.8526 -140.199 -1
      vertex 88.8526 -140.199 0.2
    endloop
  endfacet
  facet normal 0.450611 -0.89272 0
    outer loop
      vertex 162.865 -144.669 -1
      vertex 163.18 -144.51 0.2
      vertex 162.865 -144.669 0.2
    endloop
  endfacet
  facet normal 0.450611 -0.89272 0
    outer loop
      vertex 163.18 -144.51 0.2
      vertex 162.865 -144.669 -1
      vertex 163.18 -144.51 -1
    endloop
  endfacet
  facet normal -0.167696 0.985839 0
    outer loop
      vertex 93.2563 -75.397 -1
      vertex 93.0188 -75.4374 0.2
      vertex 93.2563 -75.397 0.2
    endloop
  endfacet
  facet normal -0.167696 0.985839 0
    outer loop
      vertex 93.0188 -75.4374 0.2
      vertex 93.2563 -75.397 -1
      vertex 93.0188 -75.4374 -1
    endloop
  endfacet
  facet normal -0.0631767 0.998002 0
    outer loop
      vertex 93.8011 -75.346 -1
      vertex 93.591 -75.3593 0.2
      vertex 93.8011 -75.346 0.2
    endloop
  endfacet
  facet normal -0.0631767 0.998002 0
    outer loop
      vertex 93.591 -75.3593 0.2
      vertex 93.8011 -75.346 -1
      vertex 93.591 -75.3593 -1
    endloop
  endfacet
  facet normal 0 -1 0
    outer loop
      vertex 93.9692 -145.15 -1
      vertex 94 -145.15 0.2
      vertex 93.9692 -145.15 0.2
    endloop
  endfacet
  facet normal 0 -1 -0
    outer loop
      vertex 94 -145.15 0.2
      vertex 93.9692 -145.15 -1
      vertex 94 -145.15 -1
    endloop
  endfacet
  facet normal -0.707107 0.707107 0
    outer loop
      vertex 90.2409 -76.9725 -1
      vertex 90.479 -76.7344 0.2
      vertex 90.479 -76.7344 -1
    endloop
  endfacet
  facet normal -0.707107 0.707107 0
    outer loop
      vertex 90.479 -76.7344 0.2
      vertex 90.2409 -76.9725 -1
      vertex 90.2409 -76.9725 0.2
    endloop
  endfacet
  facet normal 0.993934 0.109975 0
    outer loop
      vertex 170.634 -88.8336 0.2
      vertex 170.597 -88.4992 -1
      vertex 170.597 -88.4992 0.2
    endloop
  endfacet
  facet normal 0.993934 0.109975 0
    outer loop
      vertex 170.597 -88.4992 -1
      vertex 170.634 -88.8336 0.2
      vertex 170.634 -88.8336 -1
    endloop
  endfacet
  facet normal -0.11193 0.993716 0
    outer loop
      vertex 93.591 -75.3593 -1
      vertex 93.2563 -75.397 0.2
      vertex 93.591 -75.3593 0.2
    endloop
  endfacet
  facet normal -0.11193 0.993716 0
    outer loop
      vertex 93.2563 -75.397 0.2
      vertex 93.591 -75.3593 -1
      vertex 93.2563 -75.397 -1
    endloop
  endfacet
  facet normal -0.62368 -0.781679 0
    outer loop
      vertex 90.6589 -143.92 -1
      vertex 90.9221 -144.13 0.2
      vertex 90.6589 -143.92 0.2
    endloop
  endfacet
  facet normal -0.62368 -0.781679 -0
    outer loop
      vertex 90.9221 -144.13 0.2
      vertex 90.6589 -143.92 -1
      vertex 90.9221 -144.13 -1
    endloop
  endfacet
  facet normal -0.576716 -0.816945 0
    outer loop
      vertex 90.9221 -144.13 -1
      vertex 91.119 -144.269 0.2
      vertex 90.9221 -144.13 0.2
    endloop
  endfacet
  facet normal -0.576716 -0.816945 -0
    outer loop
      vertex 91.119 -144.269 0.2
      vertex 90.9221 -144.13 -1
      vertex 91.119 -144.269 -1
    endloop
  endfacet
  facet normal -0.381375 -0.92442 0
    outer loop
      vertex 91.9179 -144.711 -1
      vertex 92.1409 -144.803 0.2
      vertex 91.9179 -144.711 0.2
    endloop
  endfacet
  facet normal -0.381375 -0.92442 -0
    outer loop
      vertex 92.1409 -144.803 0.2
      vertex 91.9179 -144.711 -1
      vertex 92.1409 -144.803 -1
    endloop
  endfacet
  facet normal 0.816114 0.57789 0
    outer loop
      vertex 169.77 -86.3618 0.2
      vertex 169.631 -86.1655 -1
      vertex 169.631 -86.1655 0.2
    endloop
  endfacet
  facet normal 0.816114 0.57789 0
    outer loop
      vertex 169.631 -86.1655 -1
      vertex 169.77 -86.3618 0.2
      vertex 169.77 -86.3618 -1
    endloop
  endfacet
  facet normal -0.433735 -0.90104 0
    outer loop
      vertex 91.6146 -144.565 -1
      vertex 91.9179 -144.711 0.2
      vertex 91.6146 -144.565 0.2
    endloop
  endfacet
  facet normal -0.433735 -0.90104 -0
    outer loop
      vertex 91.9179 -144.711 0.2
      vertex 91.6146 -144.565 -1
      vertex 91.9179 -144.711 -1
    endloop
  endfacet
  facet normal -0.0178225 -0.999841 0
    outer loop
      vertex 93.8009 -145.147 -1
      vertex 93.9692 -145.15 0.2
      vertex 93.8009 -145.147 0.2
    endloop
  endfacet
  facet normal -0.0178225 -0.999841 -0
    outer loop
      vertex 93.9692 -145.15 0.2
      vertex 93.8009 -145.147 -1
      vertex 93.9692 -145.15 -1
    endloop
  endfacet
  facet normal 0.905325 -0.42472 0
    outer loop
      vertex 170.109 -137.12 0.2
      vertex 170.223 -136.877 -1
      vertex 170.223 -136.877 0.2
    endloop
  endfacet
  facet normal 0.905325 -0.42472 0
    outer loop
      vertex 170.223 -136.877 -1
      vertex 170.109 -137.12 0.2
      vertex 170.109 -137.12 -1
    endloop
  endfacet
  facet normal -0.846694 -0.53208 0
    outer loop
      vertex 89.7308 -142.881 -1
      vertex 89.5517 -142.596 0.2
      vertex 89.5517 -142.596 -1
    endloop
  endfacet
  facet normal -0.846694 -0.53208 0
    outer loop
      vertex 89.5517 -142.596 0.2
      vertex 89.7308 -142.881 -1
      vertex 89.7308 -142.881 0.2
    endloop
  endfacet
  facet normal -0.00653581 0.999979 0
    outer loop
      vertex 94 -75.3434 -1
      vertex 93.9694 -75.3436 0.2
      vertex 94 -75.3434 0.2
    endloop
  endfacet
  facet normal -0.00653581 0.999979 0
    outer loop
      vertex 93.9694 -75.3436 0.2
      vertex 94 -75.3434 -1
      vertex 93.9694 -75.3436 -1
    endloop
  endfacet
  facet normal -0.531733 -0.846912 0
    outer loop
      vertex 91.119 -144.269 -1
      vertex 91.4041 -144.448 0.2
      vertex 91.119 -144.269 0.2
    endloop
  endfacet
  facet normal -0.531733 -0.846912 -0
    outer loop
      vertex 91.4041 -144.448 0.2
      vertex 91.119 -144.269 -1
      vertex 91.4041 -144.448 -1
    endloop
  endfacet
  facet normal -0.960942 0.276748 0
    outer loop
      vertex 89.0188 -79.1839 -1
      vertex 89.0855 -78.9523 0.2
      vertex 89.0855 -78.9523 -1
    endloop
  endfacet
  facet normal -0.960942 0.276748 0
    outer loop
      vertex 89.0855 -78.9523 0.2
      vertex 89.0188 -79.1839 -1
      vertex 89.0188 -79.1839 0.2
    endloop
  endfacet
  facet normal -0.98585 0.167628 0
    outer loop
      vertex 88.9035 -79.7497 -1
      vertex 88.9439 -79.5121 0.2
      vertex 88.9439 -79.5121 -1
    endloop
  endfacet
  facet normal -0.98585 0.167628 0
    outer loop
      vertex 88.9439 -79.5121 0.2
      vertex 88.9035 -79.7497 -1
      vertex 88.9035 -79.7497 0.2
    endloop
  endfacet
  facet normal 1 -0 0
    outer loop
      vertex 170.65 -134.855 0.2
      vertex 170.65 -134.822 -1
      vertex 170.65 -134.822 0.2
    endloop
  endfacet
  facet normal 1 0 0
    outer loop
      vertex 170.65 -134.822 -1
      vertex 170.65 -134.855 0.2
      vertex 170.65 -134.855 -1
    endloop
  endfacet
  facet normal 0.992441 -0.122721 0
    outer loop
      vertex 170.584 -135.648 0.2
      vertex 170.63 -135.276 -1
      vertex 170.63 -135.276 0.2
    endloop
  endfacet
  facet normal 0.992441 -0.122721 0
    outer loop
      vertex 170.63 -135.276 -1
      vertex 170.584 -135.648 0.2
      vertex 170.584 -135.648 -1
    endloop
  endfacet
  facet normal -0.57856 0.81564 0
    outer loop
      vertex 91.1184 -76.2245 -1
      vertex 90.9223 -76.3636 0.2
      vertex 91.1184 -76.2245 0.2
    endloop
  endfacet
  facet normal -0.57856 0.81564 0
    outer loop
      vertex 90.9223 -76.3636 0.2
      vertex 91.1184 -76.2245 -1
      vertex 90.9223 -76.3636 -1
    endloop
  endfacet
  facet normal -0.485819 -0.874059 0
    outer loop
      vertex 91.4041 -144.448 -1
      vertex 91.6146 -144.565 0.2
      vertex 91.4041 -144.448 0.2
    endloop
  endfacet
  facet normal -0.485819 -0.874059 -0
    outer loop
      vertex 91.6146 -144.565 0.2
      vertex 91.4041 -144.448 -1
      vertex 91.6146 -144.565 -1
    endloop
  endfacet
  facet normal 0.0629083 0.998019 -0
    outer loop
      vertex 157.166 -75.3592 -1
      vertex 156.955 -75.3459 0.2
      vertex 157.166 -75.3592 0.2
    endloop
  endfacet
  facet normal 0.0629083 0.998019 0
    outer loop
      vertex 156.955 -75.3459 0.2
      vertex 157.166 -75.3592 -1
      vertex 156.955 -75.3459 -1
    endloop
  endfacet
  facet normal -0.781824 0.623499 0
    outer loop
      vertex 89.8704 -77.4154 -1
      vertex 90.0803 -77.1522 0.2
      vertex 90.0803 -77.1522 -1
    endloop
  endfacet
  facet normal -0.781824 0.623499 0
    outer loop
      vertex 90.0803 -77.1522 0.2
      vertex 89.8704 -77.4154 -1
      vertex 89.8704 -77.4154 0.2
    endloop
  endfacet
  facet normal 0.112162 0.99369 -0
    outer loop
      vertex 157.5 -75.3969 -1
      vertex 157.166 -75.3592 0.2
      vertex 157.5 -75.3969 0.2
    endloop
  endfacet
  facet normal 0.112162 0.99369 0
    outer loop
      vertex 157.166 -75.3592 0.2
      vertex 157.5 -75.3969 -1
      vertex 157.166 -75.3592 -1
    endloop
  endfacet
  facet normal 0.532506 0.846426 -0
    outer loop
      vertex 159.639 -76.2252 -1
      vertex 159.354 -76.0459 0.2
      vertex 159.639 -76.2252 0.2
    endloop
  endfacet
  facet normal 0.532506 0.846426 0
    outer loop
      vertex 159.354 -76.0459 0.2
      vertex 159.639 -76.2252 -1
      vertex 159.354 -76.0459 -1
    endloop
  endfacet
  facet normal -0.745621 0.66637 0
    outer loop
      vertex 90.0803 -77.1522 -1
      vertex 90.2409 -76.9725 0.2
      vertex 90.2409 -76.9725 -1
    endloop
  endfacet
  facet normal -0.745621 0.66637 0
    outer loop
      vertex 90.2409 -76.9725 0.2
      vertex 90.0803 -77.1522 -1
      vertex 90.0803 -77.1522 0.2
    endloop
  endfacet
  facet normal -0.532159 0.846644 0
    outer loop
      vertex 91.4035 -76.0453 -1
      vertex 91.1184 -76.2245 0.2
      vertex 91.4035 -76.0453 0.2
    endloop
  endfacet
  facet normal -0.532159 0.846644 0
    outer loop
      vertex 91.1184 -76.2245 0.2
      vertex 91.4035 -76.0453 -1
      vertex 91.1184 -76.2245 -1
    endloop
  endfacet
  facet normal -0.999977 0.00684915 0
    outer loop
      vertex 88.85 -80.4934 -1
      vertex 88.8502 -80.4642 0.2
      vertex 88.8502 -80.4642 -1
    endloop
  endfacet
  facet normal -0.999977 0.00684915 0
    outer loop
      vertex 88.8502 -80.4642 0.2
      vertex 88.85 -80.4934 -1
      vertex 88.85 -80.4934 0.2
    endloop
  endfacet
  facet normal -0.329742 -0.944071 0
    outer loop
      vertex 92.1409 -144.803 -1
      vertex 92.4587 -144.914 0.2
      vertex 92.1409 -144.803 0.2
    endloop
  endfacet
  facet normal -0.329742 -0.944071 -0
    outer loop
      vertex 92.4587 -144.914 0.2
      vertex 92.1409 -144.803 -1
      vertex 92.4587 -144.914 -1
    endloop
  endfacet
  facet normal -0.0142588 0.999898 0
    outer loop
      vertex 93.9694 -75.3436 -1
      vertex 93.8011 -75.346 0.2
      vertex 93.9694 -75.3436 0.2
    endloop
  endfacet
  facet normal -0.0142588 0.999898 0
    outer loop
      vertex 93.8011 -75.346 0.2
      vertex 93.9694 -75.3436 -1
      vertex 93.8011 -75.346 -1
    endloop
  endfacet
  facet normal 1 -0 0
    outer loop
      vertex 170.65 -134.822 0.2
      vertex 170.65 -89.2421 -1
      vertex 170.65 -89.2421 0.2
    endloop
  endfacet
  facet normal 1 0 0
    outer loop
      vertex 170.65 -89.2421 -1
      vertex 170.65 -134.822 0.2
      vertex 170.65 -134.822 -1
    endloop
  endfacet
  facet normal -0.974934 0.222494 0
    outer loop
      vertex 88.9439 -79.5121 -1
      vertex 89.0188 -79.1839 0.2
      vertex 89.0188 -79.1839 -1
    endloop
  endfacet
  facet normal -0.974934 0.222494 0
    outer loop
      vertex 89.0188 -79.1839 0.2
      vertex 88.9439 -79.5121 -1
      vertex 88.9439 -79.5121 0.2
    endloop
  endfacet
  facet normal 0.27669 0.960959 -0
    outer loop
      vertex 158.299 -75.5792 -1
      vertex 158.067 -75.5124 0.2
      vertex 158.299 -75.5792 0.2
    endloop
  endfacet
  facet normal 0.27669 0.960959 0
    outer loop
      vertex 158.067 -75.5124 0.2
      vertex 158.299 -75.5792 -1
      vertex 158.067 -75.5124 -1
    endloop
  endfacet
  facet normal 0.90104 0.433735 0
    outer loop
      vertex 170.211 -87.1611 0.2
      vertex 170.065 -86.8578 -1
      vertex 170.065 -86.8578 0.2
    endloop
  endfacet
  facet normal 0.90104 0.433735 0
    outer loop
      vertex 170.065 -86.8578 -1
      vertex 170.211 -87.1611 0.2
      vertex 170.211 -87.1611 -1
    endloop
  endfacet
  facet normal 0 0 1
    outer loop
      vertex 98.956 -91.0543 0.2
      vertex 104.669 -91.0543 0.2
      vertex 98.956 -89.9457 0.2
    endloop
  endfacet
  facet normal 0 0 1
    outer loop
      vertex 104.669 -91.0543 0.2
      vertex 98.956 -91.0543 0.2
      vertex 98.975 -91.15 0.2
    endloop
  endfacet
  facet normal -0 0 1
    outer loop
      vertex 98.9018 -90.0268 0.2
      vertex 98.956 -91.0543 0.2
      vertex 98.956 -89.9457 0.2
    endloop
  endfacet
  facet normal 0 0 1
    outer loop
      vertex 98.9018 -90.0268 0.2
      vertex 98.9018 -90.9732 0.2
      vertex 98.956 -91.0543 0.2
    endloop
  endfacet
  facet normal -0 0 1
    outer loop
      vertex 98.8207 -90.081 0.2
      vertex 98.9018 -90.9732 0.2
      vertex 98.9018 -90.0268 0.2
    endloop
  endfacet
  facet normal 0 0 1
    outer loop
      vertex 98.8207 -90.081 0.2
      vertex 98.8207 -90.919 0.2
      vertex 98.9018 -90.9732 0.2
    endloop
  endfacet
  facet normal -0 0 1
    outer loop
      vertex 98.725 -90.1 0.2
      vertex 98.8207 -90.919 0.2
      vertex 98.8207 -90.081 0.2
    endloop
  endfacet
  facet normal 0 0 1
    outer loop
      vertex 98.725 -90.1 0.2
      vertex 98.725 -90.9 0.2
      vertex 98.8207 -90.919 0.2
    endloop
  endfacet
  facet normal -0 0 1
    outer loop
      vertex 97.825 -90.1 0.2
      vertex 98.725 -90.9 0.2
      vertex 98.725 -90.1 0.2
    endloop
  endfacet
  facet normal 0 0 1
    outer loop
      vertex 97.825 -90.1 0.2
      vertex 97.825 -90.9 0.2
      vertex 98.725 -90.9 0.2
    endloop
  endfacet
  facet normal 0 0 1
    outer loop
      vertex 97.7293 -90.081 0.2
      vertex 97.825 -90.9 0.2
      vertex 97.825 -90.1 0.2
    endloop
  endfacet
  facet normal 0 0 1
    outer loop
      vertex 97.7293 -90.081 0.2
      vertex 97.7293 -90.919 0.2
      vertex 97.825 -90.9 0.2
    endloop
  endfacet
  facet normal 0 0 1
    outer loop
      vertex 97.6482 -90.0268 0.2
      vertex 97.7293 -90.919 0.2
      vertex 97.7293 -90.081 0.2
    endloop
  endfacet
  facet normal 0 0 1
    outer loop
      vertex 97.6482 -90.0268 0.2
      vertex 97.6482 -90.9732 0.2
      vertex 97.7293 -90.919 0.2
    endloop
  endfacet
  facet normal 0 0 1
    outer loop
      vertex 97.594 -89.9457 0.2
      vertex 97.6482 -90.9732 0.2
      vertex 97.6482 -90.0268 0.2
    endloop
  endfacet
  facet normal 0 0 1
    outer loop
      vertex 97.594 -89.9457 0.2
      vertex 97.594 -91.0543 0.2
      vertex 97.6482 -90.9732 0.2
    endloop
  endfacet
  facet normal 0 0 1
    outer loop
      vertex 97.575 -89.85 0.2
      vertex 97.594 -91.0543 0.2
      vertex 97.594 -89.9457 0.2
    endloop
  endfacet
  facet normal 0 0 1
    outer loop
      vertex 97.594 -91.0543 0.2
      vertex 97.575 -89.85 0.2
      vertex 97.575 -91.15 0.2
    endloop
  endfacet
  facet normal 0 0 1
    outer loop
      vertex 106.031 -91.0543 0.2
      vertex 111.694 -91.0543 0.2
      vertex 106.031 -89.9457 0.2
    endloop
  endfacet
  facet normal 0 0 1
    outer loop
      vertex 111.694 -91.0543 0.2
      vertex 106.031 -91.0543 0.2
      vertex 106.05 -91.15 0.2
    endloop
  endfacet
  facet normal -0 0 1
    outer loop
      vertex 105.977 -90.0268 0.2
      vertex 106.031 -91.0543 0.2
      vertex 106.031 -89.9457 0.2
    endloop
  endfacet
  facet normal 0 0 1
    outer loop
      vertex 105.977 -90.0268 0.2
      vertex 105.977 -90.9732 0.2
      vertex 106.031 -91.0543 0.2
    endloop
  endfacet
  facet normal -0 0 1
    outer loop
      vertex 105.896 -90.081 0.2
      vertex 105.977 -90.9732 0.2
      vertex 105.977 -90.0268 0.2
    endloop
  endfacet
  facet normal 0 0 1
    outer loop
      vertex 105.896 -90.081 0.2
      vertex 105.896 -90.919 0.2
      vertex 105.977 -90.9732 0.2
    endloop
  endfacet
  facet normal -0 0 1
    outer loop
      vertex 105.8 -90.1 0.2
      vertex 105.896 -90.919 0.2
      vertex 105.896 -90.081 0.2
    endloop
  endfacet
  facet normal 0 0 1
    outer loop
      vertex 105.8 -90.1 0.2
      vertex 105.8 -90.9 0.2
      vertex 105.896 -90.919 0.2
    endloop
  endfacet
  facet normal -0 0 1
    outer loop
      vertex 104.9 -90.1 0.2
      vertex 105.8 -90.9 0.2
      vertex 105.8 -90.1 0.2
    endloop
  endfacet
  facet normal 0 0 1
    outer loop
      vertex 104.9 -90.1 0.2
      vertex 104.9 -90.9 0.2
      vertex 105.8 -90.9 0.2
    endloop
  endfacet
  facet normal 0 0 1
    outer loop
      vertex 104.804 -90.081 0.2
      vertex 104.9 -90.9 0.2
      vertex 104.9 -90.1 0.2
    endloop
  endfacet
  facet normal 0 0 1
    outer loop
      vertex 104.804 -90.081 0.2
      vertex 104.804 -90.919 0.2
      vertex 104.9 -90.9 0.2
    endloop
  endfacet
  facet normal 0 0 1
    outer loop
      vertex 104.723 -90.0268 0.2
      vertex 104.804 -90.919 0.2
      vertex 104.804 -90.081 0.2
    endloop
  endfacet
  facet normal 0 0 1
    outer loop
      vertex 104.723 -90.0268 0.2
      vertex 104.723 -90.9732 0.2
      vertex 104.804 -90.919 0.2
    endloop
  endfacet
  facet normal 0 0 1
    outer loop
      vertex 104.669 -89.9457 0.2
      vertex 104.723 -90.9732 0.2
      vertex 104.723 -90.0268 0.2
    endloop
  endfacet
  facet normal 0 0 1
    outer loop
      vertex 104.669 -89.9457 0.2
      vertex 104.669 -91.0543 0.2
      vertex 104.723 -90.9732 0.2
    endloop
  endfacet
  facet normal -0 0 1
    outer loop
      vertex 98.975 -89.85 0.2
      vertex 104.669 -89.9457 0.2
      vertex 104.65 -89.85 0.2
    endloop
  endfacet
  facet normal 0 0 1
    outer loop
      vertex 98.956 -89.9457 0.2
      vertex 104.669 -89.9457 0.2
      vertex 98.975 -89.85 0.2
    endloop
  endfacet
  facet normal 0 0 1
    outer loop
      vertex 113.056 -91.0543 0.2
      vertex 118.669 -91.0543 0.2
      vertex 113.056 -89.9457 0.2
    endloop
  endfacet
  facet normal 0 0 1
    outer loop
      vertex 118.669 -91.0543 0.2
      vertex 113.056 -91.0543 0.2
      vertex 113.075 -91.15 0.2
    endloop
  endfacet
  facet normal -0 0 1
    outer loop
      vertex 113.002 -90.0268 0.2
      vertex 113.056 -91.0543 0.2
      vertex 113.056 -89.9457 0.2
    endloop
  endfacet
  facet normal 0 0 1
    outer loop
      vertex 113.002 -90.0268 0.2
      vertex 113.002 -90.9732 0.2
      vertex 113.056 -91.0543 0.2
    endloop
  endfacet
  facet normal -0 0 1
    outer loop
      vertex 112.921 -90.081 0.2
      vertex 113.002 -90.9732 0.2
      vertex 113.002 -90.0268 0.2
    endloop
  endfacet
  facet normal 0 0 1
    outer loop
      vertex 112.921 -90.081 0.2
      vertex 112.921 -90.919 0.2
      vertex 113.002 -90.9732 0.2
    endloop
  endfacet
  facet normal -0 0 1
    outer loop
      vertex 112.825 -90.1 0.2
      vertex 112.921 -90.919 0.2
      vertex 112.921 -90.081 0.2
    endloop
  endfacet
  facet normal 0 0 1
    outer loop
      vertex 112.825 -90.1 0.2
      vertex 112.825 -90.9 0.2
      vertex 112.921 -90.919 0.2
    endloop
  endfacet
  facet normal -0 0 1
    outer loop
      vertex 111.925 -90.1 0.2
      vertex 112.825 -90.9 0.2
      vertex 112.825 -90.1 0.2
    endloop
  endfacet
  facet normal 0 0 1
    outer loop
      vertex 111.925 -90.1 0.2
      vertex 111.925 -90.9 0.2
      vertex 112.825 -90.9 0.2
    endloop
  endfacet
  facet normal 0 0 1
    outer loop
      vertex 111.829 -90.081 0.2
      vertex 111.925 -90.9 0.2
      vertex 111.925 -90.1 0.2
    endloop
  endfacet
  facet normal 0 0 1
    outer loop
      vertex 111.829 -90.081 0.2
      vertex 111.829 -90.919 0.2
      vertex 111.925 -90.9 0.2
    endloop
  endfacet
  facet normal 0 0 1
    outer loop
      vertex 111.748 -90.0268 0.2
      vertex 111.829 -90.919 0.2
      vertex 111.829 -90.081 0.2
    endloop
  endfacet
  facet normal 0 0 1
    outer loop
      vertex 111.748 -90.0268 0.2
      vertex 111.748 -90.9732 0.2
      vertex 111.829 -90.919 0.2
    endloop
  endfacet
  facet normal 0 0 1
    outer loop
      vertex 111.694 -89.9457 0.2
      vertex 111.748 -90.9732 0.2
      vertex 111.748 -90.0268 0.2
    endloop
  endfacet
  facet normal 0 0 1
    outer loop
      vertex 111.694 -89.9457 0.2
      vertex 111.694 -91.0543 0.2
      vertex 111.748 -90.9732 0.2
    endloop
  endfacet
  facet normal -0 0 1
    outer loop
      vertex 106.05 -89.85 0.2
      vertex 111.694 -89.9457 0.2
      vertex 111.675 -89.85 0.2
    endloop
  endfacet
  facet normal 0 0 1
    outer loop
      vertex 106.031 -89.9457 0.2
      vertex 111.694 -89.9457 0.2
      vertex 106.05 -89.85 0.2
    endloop
  endfacet
  facet normal 0 0 1
    outer loop
      vertex 120.031 -91.0543 0.2
      vertex 125.669 -91.0543 0.2
      vertex 120.031 -89.9457 0.2
    endloop
  endfacet
  facet normal 0 0 1
    outer loop
      vertex 125.669 -91.0543 0.2
      vertex 120.031 -91.0543 0.2
      vertex 120.05 -91.15 0.2
    endloop
  endfacet
  facet normal -0 0 1
    outer loop
      vertex 119.977 -90.0268 0.2
      vertex 120.031 -91.0543 0.2
      vertex 120.031 -89.9457 0.2
    endloop
  endfacet
  facet normal 0 0 1
    outer loop
      vertex 119.977 -90.0268 0.2
      vertex 119.977 -90.9732 0.2
      vertex 120.031 -91.0543 0.2
    endloop
  endfacet
  facet normal -0 0 1
    outer loop
      vertex 119.896 -90.081 0.2
      vertex 119.977 -90.9732 0.2
      vertex 119.977 -90.0268 0.2
    endloop
  endfacet
  facet normal 0 0 1
    outer loop
      vertex 119.896 -90.081 0.2
      vertex 119.896 -90.919 0.2
      vertex 119.977 -90.9732 0.2
    endloop
  endfacet
  facet normal -0 0 1
    outer loop
      vertex 119.8 -90.1 0.2
      vertex 119.896 -90.919 0.2
      vertex 119.896 -90.081 0.2
    endloop
  endfacet
  facet normal 0 0 1
    outer loop
      vertex 119.8 -90.1 0.2
      vertex 119.8 -90.9 0.2
      vertex 119.896 -90.919 0.2
    endloop
  endfacet
  facet normal -0 0 1
    outer loop
      vertex 118.9 -90.1 0.2
      vertex 119.8 -90.9 0.2
      vertex 119.8 -90.1 0.2
    endloop
  endfacet
  facet normal 0 0 1
    outer loop
      vertex 118.9 -90.1 0.2
      vertex 118.9 -90.9 0.2
      vertex 119.8 -90.9 0.2
    endloop
  endfacet
  facet normal 0 0 1
    outer loop
      vertex 118.804 -90.081 0.2
      vertex 118.9 -90.9 0.2
      vertex 118.9 -90.1 0.2
    endloop
  endfacet
  facet normal 0 0 1
    outer loop
      vertex 118.804 -90.081 0.2
      vertex 118.804 -90.919 0.2
      vertex 118.9 -90.9 0.2
    endloop
  endfacet
  facet normal 0 0 1
    outer loop
      vertex 118.723 -90.0268 0.2
      vertex 118.804 -90.919 0.2
      vertex 118.804 -90.081 0.2
    endloop
  endfacet
  facet normal 0 0 1
    outer loop
      vertex 118.723 -90.0268 0.2
      vertex 118.723 -90.9732 0.2
      vertex 118.804 -90.919 0.2
    endloop
  endfacet
  facet normal 0 0 1
    outer loop
      vertex 118.669 -89.9457 0.2
      vertex 118.723 -90.9732 0.2
      vertex 118.723 -90.0268 0.2
    endloop
  endfacet
  facet normal 0 0 1
    outer loop
      vertex 118.669 -89.9457 0.2
      vertex 118.669 -91.0543 0.2
      vertex 118.723 -90.9732 0.2
    endloop
  endfacet
  facet normal -0 0 1
    outer loop
      vertex 113.075 -89.85 0.2
      vertex 118.669 -89.9457 0.2
      vertex 118.65 -89.85 0.2
    endloop
  endfacet
  facet normal 0 0 1
    outer loop
      vertex 113.056 -89.9457 0.2
      vertex 118.669 -89.9457 0.2
      vertex 113.075 -89.85 0.2
    endloop
  endfacet
  facet normal 0 0 1
    outer loop
      vertex 121.489 -130.198 0.2
      vertex 124.511 -130.198 0.2
      vertex 121.489 -129.342 0.2
    endloop
  endfacet
  facet normal 0 0 1
    outer loop
      vertex 124.511 -130.198 0.2
      vertex 121.489 -130.198 0.2
      vertex 121.5 -130.255 0.2
    endloop
  endfacet
  facet normal -0 0 1
    outer loop
      vertex 121.456 -129.391 0.2
      vertex 121.489 -130.198 0.2
      vertex 121.489 -129.342 0.2
    endloop
  endfacet
  facet normal 0 0 1
    outer loop
      vertex 121.456 -129.391 0.2
      vertex 121.456 -130.149 0.2
      vertex 121.489 -130.198 0.2
    endloop
  endfacet
  facet normal -0 0 1
    outer loop
      vertex 121.407 -129.424 0.2
      vertex 121.456 -130.149 0.2
      vertex 121.456 -129.391 0.2
    endloop
  endfacet
  facet normal 0 0 1
    outer loop
      vertex 121.407 -129.424 0.2
      vertex 121.407 -130.116 0.2
      vertex 121.456 -130.149 0.2
    endloop
  endfacet
  facet normal -0 0 1
    outer loop
      vertex 121.35 -129.435 0.2
      vertex 121.407 -130.116 0.2
      vertex 121.407 -129.424 0.2
    endloop
  endfacet
  facet normal 0 0 1
    outer loop
      vertex 121.35 -129.435 0.2
      vertex 121.35 -130.105 0.2
      vertex 121.407 -130.116 0.2
    endloop
  endfacet
  facet normal -0 0 1
    outer loop
      vertex 119.7 -129.435 0.2
      vertex 121.35 -130.105 0.2
      vertex 121.35 -129.435 0.2
    endloop
  endfacet
  facet normal 0 0 1
    outer loop
      vertex 119.7 -129.435 0.2
      vertex 119.7 -130.105 0.2
      vertex 121.35 -130.105 0.2
    endloop
  endfacet
  facet normal 0 0 1
    outer loop
      vertex 119.643 -129.424 0.2
      vertex 119.7 -130.105 0.2
      vertex 119.7 -129.435 0.2
    endloop
  endfacet
  facet normal 0 0 1
    outer loop
      vertex 119.643 -129.424 0.2
      vertex 119.643 -130.116 0.2
      vertex 119.7 -130.105 0.2
    endloop
  endfacet
  facet normal 0 0 1
    outer loop
      vertex 119.594 -129.391 0.2
      vertex 119.643 -130.116 0.2
      vertex 119.643 -129.424 0.2
    endloop
  endfacet
  facet normal 0 0 1
    outer loop
      vertex 119.594 -129.391 0.2
      vertex 119.594 -130.149 0.2
      vertex 119.643 -130.116 0.2
    endloop
  endfacet
  facet normal 0 0 1
    outer loop
      vertex 119.561 -129.342 0.2
      vertex 119.594 -130.149 0.2
      vertex 119.594 -129.391 0.2
    endloop
  endfacet
  facet normal 0 0 1
    outer loop
      vertex 119.561 -129.342 0.2
      vertex 119.561 -130.198 0.2
      vertex 119.594 -130.149 0.2
    endloop
  endfacet
  facet normal 0 0 1
    outer loop
      vertex 119.55 -129.285 0.2
      vertex 119.561 -130.198 0.2
      vertex 119.561 -129.342 0.2
    endloop
  endfacet
  facet normal 0 0 1
    outer loop
      vertex 119.561 -130.198 0.2
      vertex 119.55 -129.285 0.2
      vertex 119.55 -130.255 0.2
    endloop
  endfacet
  facet normal 0 0 1
    outer loop
      vertex 121.489 -128.928 0.2
      vertex 124.511 -128.928 0.2
      vertex 121.489 -128.072 0.2
    endloop
  endfacet
  facet normal 0 0 1
    outer loop
      vertex 124.511 -128.928 0.2
      vertex 121.489 -128.928 0.2
      vertex 121.5 -128.985 0.2
    endloop
  endfacet
  facet normal -0 0 1
    outer loop
      vertex 121.456 -128.121 0.2
      vertex 121.489 -128.928 0.2
      vertex 121.489 -128.072 0.2
    endloop
  endfacet
  facet normal 0 0 1
    outer loop
      vertex 121.456 -128.121 0.2
      vertex 121.456 -128.879 0.2
      vertex 121.489 -128.928 0.2
    endloop
  endfacet
  facet normal -0 0 1
    outer loop
      vertex 121.407 -128.154 0.2
      vertex 121.456 -128.879 0.2
      vertex 121.456 -128.121 0.2
    endloop
  endfacet
  facet normal 0 0 1
    outer loop
      vertex 121.407 -128.154 0.2
      vertex 121.407 -128.846 0.2
      vertex 121.456 -128.879 0.2
    endloop
  endfacet
  facet normal -0 0 1
    outer loop
      vertex 121.35 -128.165 0.2
      vertex 121.407 -128.846 0.2
      vertex 121.407 -128.154 0.2
    endloop
  endfacet
  facet normal 0 0 1
    outer loop
      vertex 121.35 -128.165 0.2
      vertex 121.35 -128.835 0.2
      vertex 121.407 -128.846 0.2
    endloop
  endfacet
  facet normal -0 0 1
    outer loop
      vertex 119.7 -128.165 0.2
      vertex 121.35 -128.835 0.2
      vertex 121.35 -128.165 0.2
    endloop
  endfacet
  facet normal 0 0 1
    outer loop
      vertex 119.7 -128.165 0.2
      vertex 119.7 -128.835 0.2
      vertex 121.35 -128.835 0.2
    endloop
  endfacet
  facet normal 0 0 1
    outer loop
      vertex 119.643 -128.154 0.2
      vertex 119.7 -128.835 0.2
      vertex 119.7 -128.165 0.2
    endloop
  endfacet
  facet normal 0 0 1
    outer loop
      vertex 119.643 -128.154 0.2
      vertex 119.643 -128.846 0.2
      vertex 119.7 -128.835 0.2
    endloop
  endfacet
  facet normal 0 0 1
    outer loop
      vertex 119.594 -128.121 0.2
      vertex 119.643 -128.846 0.2
      vertex 119.643 -128.154 0.2
    endloop
  endfacet
  facet normal 0 0 1
    outer loop
      vertex 119.594 -128.121 0.2
      vertex 119.594 -128.879 0.2
      vertex 119.643 -128.846 0.2
    endloop
  endfacet
  facet normal 0 0 1
    outer loop
      vertex 119.561 -128.072 0.2
      vertex 119.594 -128.879 0.2
      vertex 119.594 -128.121 0.2
    endloop
  endfacet
  facet normal 0 0 1
    outer loop
      vertex 119.561 -128.072 0.2
      vertex 119.561 -128.928 0.2
      vertex 119.594 -128.879 0.2
    endloop
  endfacet
  facet normal 0 0 1
    outer loop
      vertex 119.55 -128.015 0.2
      vertex 119.561 -128.928 0.2
      vertex 119.561 -128.072 0.2
    endloop
  endfacet
  facet normal 0 0 1
    outer loop
      vertex 119.561 -128.928 0.2
      vertex 119.55 -128.015 0.2
      vertex 119.55 -128.985 0.2
    endloop
  endfacet
  facet normal 0 0 1
    outer loop
      vertex 121.489 -127.658 0.2
      vertex 124.511 -127.658 0.2
      vertex 121.489 -126.802 0.2
    endloop
  endfacet
  facet normal 0 0 1
    outer loop
      vertex 124.511 -127.658 0.2
      vertex 121.489 -127.658 0.2
      vertex 121.5 -127.715 0.2
    endloop
  endfacet
  facet normal -0 0 1
    outer loop
      vertex 121.456 -126.851 0.2
      vertex 121.489 -127.658 0.2
      vertex 121.489 -126.802 0.2
    endloop
  endfacet
  facet normal 0 0 1
    outer loop
      vertex 121.456 -126.851 0.2
      vertex 121.456 -127.609 0.2
      vertex 121.489 -127.658 0.2
    endloop
  endfacet
  facet normal -0 0 1
    outer loop
      vertex 121.407 -126.884 0.2
      vertex 121.456 -127.609 0.2
      vertex 121.456 -126.851 0.2
    endloop
  endfacet
  facet normal 0 0 1
    outer loop
      vertex 121.407 -126.884 0.2
      vertex 121.407 -127.576 0.2
      vertex 121.456 -127.609 0.2
    endloop
  endfacet
  facet normal -0 0 1
    outer loop
      vertex 121.35 -126.895 0.2
      vertex 121.407 -127.576 0.2
      vertex 121.407 -126.884 0.2
    endloop
  endfacet
  facet normal 0 0 1
    outer loop
      vertex 121.35 -126.895 0.2
      vertex 121.35 -127.565 0.2
      vertex 121.407 -127.576 0.2
    endloop
  endfacet
  facet normal -0 0 1
    outer loop
      vertex 119.7 -126.895 0.2
      vertex 121.35 -127.565 0.2
      vertex 121.35 -126.895 0.2
    endloop
  endfacet
  facet normal 0 0 1
    outer loop
      vertex 119.7 -126.895 0.2
      vertex 119.7 -127.565 0.2
      vertex 121.35 -127.565 0.2
    endloop
  endfacet
  facet normal 0 0 1
    outer loop
      vertex 119.643 -126.884 0.2
      vertex 119.7 -127.565 0.2
      vertex 119.7 -126.895 0.2
    endloop
  endfacet
  facet normal 0 0 1
    outer loop
      vertex 119.643 -126.884 0.2
      vertex 119.643 -127.576 0.2
      vertex 119.7 -127.565 0.2
    endloop
  endfacet
  facet normal 0 0 1
    outer loop
      vertex 119.594 -126.851 0.2
      vertex 119.643 -127.576 0.2
      vertex 119.643 -126.884 0.2
    endloop
  endfacet
  facet normal 0 0 1
    outer loop
      vertex 119.594 -126.851 0.2
      vertex 119.594 -127.609 0.2
      vertex 119.643 -127.576 0.2
    endloop
  endfacet
  facet normal 0 0 1
    outer loop
      vertex 119.561 -126.802 0.2
      vertex 119.594 -127.609 0.2
      vertex 119.594 -126.851 0.2
    endloop
  endfacet
  facet normal 0 0 1
    outer loop
      vertex 119.561 -126.802 0.2
      vertex 119.561 -127.658 0.2
      vertex 119.594 -127.609 0.2
    endloop
  endfacet
  facet normal 0 0 1
    outer loop
      vertex 119.55 -126.745 0.2
      vertex 119.561 -127.658 0.2
      vertex 119.561 -126.802 0.2
    endloop
  endfacet
  facet normal 0 0 1
    outer loop
      vertex 119.561 -127.658 0.2
      vertex 119.55 -126.745 0.2
      vertex 119.55 -127.715 0.2
    endloop
  endfacet
  facet normal -0 0 1
    outer loop
      vertex 126.439 -129.342 0.2
      vertex 126.45 -130.255 0.2
      vertex 126.45 -129.285 0.2
    endloop
  endfacet
  facet normal 0 0 1
    outer loop
      vertex 126.439 -129.342 0.2
      vertex 126.439 -130.198 0.2
      vertex 126.45 -130.255 0.2
    endloop
  endfacet
  facet normal -0 0 1
    outer loop
      vertex 126.406 -129.391 0.2
      vertex 126.439 -130.198 0.2
      vertex 126.439 -129.342 0.2
    endloop
  endfacet
  facet normal 0 0 1
    outer loop
      vertex 126.406 -129.391 0.2
      vertex 126.406 -130.149 0.2
      vertex 126.439 -130.198 0.2
    endloop
  endfacet
  facet normal -0 0 1
    outer loop
      vertex 126.357 -129.424 0.2
      vertex 126.406 -130.149 0.2
      vertex 126.406 -129.391 0.2
    endloop
  endfacet
  facet normal 0 0 1
    outer loop
      vertex 126.357 -129.424 0.2
      vertex 126.357 -130.116 0.2
      vertex 126.406 -130.149 0.2
    endloop
  endfacet
  facet normal -0 0 1
    outer loop
      vertex 126.3 -129.435 0.2
      vertex 126.357 -130.116 0.2
      vertex 126.357 -129.424 0.2
    endloop
  endfacet
  facet normal 0 0 1
    outer loop
      vertex 126.3 -129.435 0.2
      vertex 126.3 -130.105 0.2
      vertex 126.357 -130.116 0.2
    endloop
  endfacet
  facet normal -0 0 1
    outer loop
      vertex 124.65 -129.435 0.2
      vertex 126.3 -130.105 0.2
      vertex 126.3 -129.435 0.2
    endloop
  endfacet
  facet normal 0 0 1
    outer loop
      vertex 124.65 -129.435 0.2
      vertex 124.65 -130.105 0.2
      vertex 126.3 -130.105 0.2
    endloop
  endfacet
  facet normal 0 0 1
    outer loop
      vertex 124.593 -129.424 0.2
      vertex 124.65 -130.105 0.2
      vertex 124.65 -129.435 0.2
    endloop
  endfacet
  facet normal 0 0 1
    outer loop
      vertex 124.593 -129.424 0.2
      vertex 124.593 -130.116 0.2
      vertex 124.65 -130.105 0.2
    endloop
  endfacet
  facet normal 0 0 1
    outer loop
      vertex 124.544 -129.391 0.2
      vertex 124.593 -130.116 0.2
      vertex 124.593 -129.424 0.2
    endloop
  endfacet
  facet normal 0 0 1
    outer loop
      vertex 124.544 -129.391 0.2
      vertex 124.544 -130.149 0.2
      vertex 124.593 -130.116 0.2
    endloop
  endfacet
  facet normal 0 0 1
    outer loop
      vertex 124.511 -129.342 0.2
      vertex 124.544 -130.149 0.2
      vertex 124.544 -129.391 0.2
    endloop
  endfacet
  facet normal 0 0 1
    outer loop
      vertex 124.511 -129.342 0.2
      vertex 124.511 -130.198 0.2
      vertex 124.544 -130.149 0.2
    endloop
  endfacet
  facet normal -0 0 1
    outer loop
      vertex 121.5 -129.285 0.2
      vertex 124.511 -129.342 0.2
      vertex 124.5 -129.285 0.2
    endloop
  endfacet
  facet normal 0 0 1
    outer loop
      vertex 121.489 -129.342 0.2
      vertex 124.511 -129.342 0.2
      vertex 121.5 -129.285 0.2
    endloop
  endfacet
  facet normal 0 0 1
    outer loop
      vertex 126.439 -128.928 0.2
      vertex 127.8 -127.225 0.2
      vertex 126.439 -128.072 0.2
    endloop
  endfacet
  facet normal 0 0 1
    outer loop
      vertex 127.8 -127.225 0.2
      vertex 126.439 -128.928 0.2
      vertex 126.45 -128.985 0.2
    endloop
  endfacet
  facet normal -0 0 1
    outer loop
      vertex 126.406 -128.121 0.2
      vertex 126.439 -128.928 0.2
      vertex 126.439 -128.072 0.2
    endloop
  endfacet
  facet normal 0 0 1
    outer loop
      vertex 126.406 -128.121 0.2
      vertex 126.406 -128.879 0.2
      vertex 126.439 -128.928 0.2
    endloop
  endfacet
  facet normal -0 0 1
    outer loop
      vertex 126.357 -128.154 0.2
      vertex 126.406 -128.879 0.2
      vertex 126.406 -128.121 0.2
    endloop
  endfacet
  facet normal 0 0 1
    outer loop
      vertex 126.357 -128.154 0.2
      vertex 126.357 -128.846 0.2
      vertex 126.406 -128.879 0.2
    endloop
  endfacet
  facet normal -0 0 1
    outer loop
      vertex 126.3 -128.165 0.2
      vertex 126.357 -128.846 0.2
      vertex 126.357 -128.154 0.2
    endloop
  endfacet
  facet normal 0 0 1
    outer loop
      vertex 126.3 -128.165 0.2
      vertex 126.3 -128.835 0.2
      vertex 126.357 -128.846 0.2
    endloop
  endfacet
  facet normal -0 0 1
    outer loop
      vertex 124.65 -128.165 0.2
      vertex 126.3 -128.835 0.2
      vertex 126.3 -128.165 0.2
    endloop
  endfacet
  facet normal 0 0 1
    outer loop
      vertex 124.65 -128.165 0.2
      vertex 124.65 -128.835 0.2
      vertex 126.3 -128.835 0.2
    endloop
  endfacet
  facet normal 0 0 1
    outer loop
      vertex 124.593 -128.154 0.2
      vertex 124.65 -128.835 0.2
      vertex 124.65 -128.165 0.2
    endloop
  endfacet
  facet normal 0 0 1
    outer loop
      vertex 124.593 -128.154 0.2
      vertex 124.593 -128.846 0.2
      vertex 124.65 -128.835 0.2
    endloop
  endfacet
  facet normal 0 0 1
    outer loop
      vertex 124.544 -128.121 0.2
      vertex 124.593 -128.846 0.2
      vertex 124.593 -128.154 0.2
    endloop
  endfacet
  facet normal 0 0 1
    outer loop
      vertex 124.544 -128.121 0.2
      vertex 124.544 -128.879 0.2
      vertex 124.593 -128.846 0.2
    endloop
  endfacet
  facet normal 0 0 1
    outer loop
      vertex 124.511 -128.072 0.2
      vertex 124.544 -128.879 0.2
      vertex 124.544 -128.121 0.2
    endloop
  endfacet
  facet normal 0 0 1
    outer loop
      vertex 124.511 -128.072 0.2
      vertex 124.511 -128.928 0.2
      vertex 124.544 -128.879 0.2
    endloop
  endfacet
  facet normal -0 0 1
    outer loop
      vertex 121.5 -128.015 0.2
      vertex 124.511 -128.072 0.2
      vertex 124.5 -128.015 0.2
    endloop
  endfacet
  facet normal 0 0 1
    outer loop
      vertex 121.489 -128.072 0.2
      vertex 124.511 -128.072 0.2
      vertex 121.5 -128.015 0.2
    endloop
  endfacet
  facet normal 0 0 1
    outer loop
      vertex 127.05 -126.975 0.2
      vertex 126.406 -126.851 0.2
      vertex 127.069 -127.071 0.2
    endloop
  endfacet
  facet normal 0 0 1
    outer loop
      vertex 127.069 -127.071 0.2
      vertex 126.439 -127.658 0.2
      vertex 126.45 -127.715 0.2
    endloop
  endfacet
  facet normal 0 0 1
    outer loop
      vertex 126.406 -127.609 0.2
      vertex 127.069 -127.071 0.2
      vertex 126.406 -126.851 0.2
    endloop
  endfacet
  facet normal 0 0 1
    outer loop
      vertex 127.069 -127.071 0.2
      vertex 126.406 -127.609 0.2
      vertex 126.439 -127.658 0.2
    endloop
  endfacet
  facet normal -0 0 1
    outer loop
      vertex 126.357 -126.884 0.2
      vertex 126.406 -127.609 0.2
      vertex 126.406 -126.851 0.2
    endloop
  endfacet
  facet normal 0 0 1
    outer loop
      vertex 126.357 -126.884 0.2
      vertex 126.357 -127.576 0.2
      vertex 126.406 -127.609 0.2
    endloop
  endfacet
  facet normal -0 0 1
    outer loop
      vertex 126.3 -126.895 0.2
      vertex 126.357 -127.576 0.2
      vertex 126.357 -126.884 0.2
    endloop
  endfacet
  facet normal 0 0 1
    outer loop
      vertex 126.3 -126.895 0.2
      vertex 126.3 -127.565 0.2
      vertex 126.357 -127.576 0.2
    endloop
  endfacet
  facet normal -0 0 1
    outer loop
      vertex 124.65 -126.895 0.2
      vertex 126.3 -127.565 0.2
      vertex 126.3 -126.895 0.2
    endloop
  endfacet
  facet normal 0 0 1
    outer loop
      vertex 124.65 -126.895 0.2
      vertex 124.65 -127.565 0.2
      vertex 126.3 -127.565 0.2
    endloop
  endfacet
  facet normal 0 0 1
    outer loop
      vertex 124.593 -126.884 0.2
      vertex 124.65 -127.565 0.2
      vertex 124.65 -126.895 0.2
    endloop
  endfacet
  facet normal 0 0 1
    outer loop
      vertex 124.593 -126.884 0.2
      vertex 124.593 -127.576 0.2
      vertex 124.65 -127.565 0.2
    endloop
  endfacet
  facet normal 0 0 1
    outer loop
      vertex 124.544 -126.851 0.2
      vertex 124.593 -127.576 0.2
      vertex 124.593 -126.884 0.2
    endloop
  endfacet
  facet normal 0 0 1
    outer loop
      vertex 124.544 -126.851 0.2
      vertex 124.544 -127.609 0.2
      vertex 124.593 -127.576 0.2
    endloop
  endfacet
  facet normal 0 0 1
    outer loop
      vertex 124.511 -126.802 0.2
      vertex 124.544 -127.609 0.2
      vertex 124.544 -126.851 0.2
    endloop
  endfacet
  facet normal 0 0 1
    outer loop
      vertex 124.511 -126.802 0.2
      vertex 124.511 -127.658 0.2
      vertex 124.544 -127.609 0.2
    endloop
  endfacet
  facet normal -0 0 1
    outer loop
      vertex 121.5 -126.745 0.2
      vertex 124.511 -126.802 0.2
      vertex 124.5 -126.745 0.2
    endloop
  endfacet
  facet normal 0 0 1
    outer loop
      vertex 121.489 -126.802 0.2
      vertex 124.511 -126.802 0.2
      vertex 121.5 -126.745 0.2
    endloop
  endfacet
  facet normal 0 0 1
    outer loop
      vertex 127.05 -126.025 0.2
      vertex 126.439 -126.388 0.2
      vertex 126.45 -126.445 0.2
    endloop
  endfacet
  facet normal 0 0 1
    outer loop
      vertex 129.619 -118.242 0.2
      vertex 126.406 -126.339 0.2
      vertex 126.439 -126.388 0.2
    endloop
  endfacet
  facet normal 0 0 1
    outer loop
      vertex 129.619 -118.242 0.2
      vertex 126.357 -126.306 0.2
      vertex 126.406 -126.339 0.2
    endloop
  endfacet
  facet normal 0 0 1
    outer loop
      vertex 129.619 -118.242 0.2
      vertex 126.3 -126.295 0.2
      vertex 126.357 -126.306 0.2
    endloop
  endfacet
  facet normal -0 0 1
    outer loop
      vertex 119.8 -91.925 0.2
      vertex 129.754 -118.106 0.2
      vertex 119.896 -91.906 0.2
    endloop
  endfacet
  facet normal 0 0 1
    outer loop
      vertex 129.754 -118.106 0.2
      vertex 119.8 -91.925 0.2
      vertex 129.673 -118.161 0.2
    endloop
  endfacet
  facet normal 0 0 1
    outer loop
      vertex 119.896 -91.906 0.2
      vertex 125.804 -91.906 0.2
      vertex 125.723 -91.8518 0.2
    endloop
  endfacet
  facet normal 0 0 1
    outer loop
      vertex 119.977 -91.8518 0.2
      vertex 125.723 -91.8518 0.2
      vertex 125.669 -91.7707 0.2
    endloop
  endfacet
  facet normal 0 0 1
    outer loop
      vertex 120.031 -91.7707 0.2
      vertex 125.669 -91.7707 0.2
      vertex 125.65 -91.675 0.2
    endloop
  endfacet
  facet normal 0 0 1
    outer loop
      vertex 129.619 -118.242 0.2
      vertex 124.65 -126.295 0.2
      vertex 126.3 -126.295 0.2
    endloop
  endfacet
  facet normal 0 0 1
    outer loop
      vertex 125.65 -91.15 0.2
      vertex 120.05 -91.15 0.2
      vertex 125.65 -91.675 0.2
    endloop
  endfacet
  facet normal 0 0 1
    outer loop
      vertex 120.05 -91.675 0.2
      vertex 125.65 -91.675 0.2
      vertex 120.05 -91.15 0.2
    endloop
  endfacet
  facet normal 0 0 1
    outer loop
      vertex 120.031 -91.7707 0.2
      vertex 125.65 -91.675 0.2
      vertex 120.05 -91.675 0.2
    endloop
  endfacet
  facet normal 0 0 1
    outer loop
      vertex 125.669 -91.7707 0.2
      vertex 120.031 -91.7707 0.2
      vertex 119.977 -91.8518 0.2
    endloop
  endfacet
  facet normal 0 0 1
    outer loop
      vertex 125.723 -91.8518 0.2
      vertex 119.977 -91.8518 0.2
      vertex 119.896 -91.906 0.2
    endloop
  endfacet
  facet normal -0 0 1
    outer loop
      vertex 118.9 -91.925 0.2
      vertex 129.673 -118.161 0.2
      vertex 119.8 -91.925 0.2
    endloop
  endfacet
  facet normal -0 0 1
    outer loop
      vertex 112.825 -91.925 0.2
      vertex 129.673 -118.161 0.2
      vertex 118.9 -91.925 0.2
    endloop
  endfacet
  facet normal 0 0 1
    outer loop
      vertex 129.619 -118.242 0.2
      vertex 119.7 -126.295 0.2
      vertex 121.35 -126.295 0.2
    endloop
  endfacet
  facet normal 0 0 1
    outer loop
      vertex 129.673 -118.161 0.2
      vertex 112.825 -91.925 0.2
      vertex 129.619 -118.242 0.2
    endloop
  endfacet
  facet normal 0 0 1
    outer loop
      vertex 129.619 -118.242 0.2
      vertex 119.643 -126.306 0.2
      vertex 119.7 -126.295 0.2
    endloop
  endfacet
  facet normal 0 0 1
    outer loop
      vertex 129.619 -118.242 0.2
      vertex 112.825 -91.925 0.2
      vertex 119.643 -126.306 0.2
    endloop
  endfacet
  facet normal -0 0 1
    outer loop
      vertex 111.925 -91.925 0.2
      vertex 119.643 -126.306 0.2
      vertex 112.825 -91.925 0.2
    endloop
  endfacet
  facet normal 0 0 1
    outer loop
      vertex 88.85 -140 0.2
      vertex 119.55 -126.745 0.2
      vertex 119.55 -126.445 0.2
    endloop
  endfacet
  facet normal 0 0 1
    outer loop
      vertex 119.55 -126.745 0.2
      vertex 88.85 -140 0.2
      vertex 119.55 -127.715 0.2
    endloop
  endfacet
  facet normal 0 0 1
    outer loop
      vertex 119.55 -127.715 0.2
      vertex 88.85 -140 0.2
      vertex 119.55 -128.015 0.2
    endloop
  endfacet
  facet normal 0 0 1
    outer loop
      vertex 119.55 -128.015 0.2
      vertex 88.85 -140 0.2
      vertex 119.55 -128.985 0.2
    endloop
  endfacet
  facet normal 0 0 1
    outer loop
      vertex 119.55 -128.985 0.2
      vertex 88.85 -140 0.2
      vertex 119.55 -129.285 0.2
    endloop
  endfacet
  facet normal 0 0 1
    outer loop
      vertex 119.55 -129.285 0.2
      vertex 88.85 -140 0.2
      vertex 119.55 -130.255 0.2
    endloop
  endfacet
  facet normal -0 0 1
    outer loop
      vertex 105.8 -91.925 0.2
      vertex 119.594 -126.339 0.2
      vertex 111.925 -91.925 0.2
    endloop
  endfacet
  facet normal 0 0 1
    outer loop
      vertex 119.643 -126.306 0.2
      vertex 111.925 -91.925 0.2
      vertex 119.594 -126.339 0.2
    endloop
  endfacet
  facet normal 0 0 1
    outer loop
      vertex 127.031 -91.0543 0.2
      vertex 132.669 -91.0543 0.2
      vertex 127.031 -89.9457 0.2
    endloop
  endfacet
  facet normal 0 0 1
    outer loop
      vertex 132.669 -91.0543 0.2
      vertex 127.031 -91.0543 0.2
      vertex 127.05 -91.15 0.2
    endloop
  endfacet
  facet normal -0 0 1
    outer loop
      vertex 126.977 -90.0268 0.2
      vertex 127.031 -91.0543 0.2
      vertex 127.031 -89.9457 0.2
    endloop
  endfacet
  facet normal 0 0 1
    outer loop
      vertex 126.977 -90.0268 0.2
      vertex 126.977 -90.9732 0.2
      vertex 127.031 -91.0543 0.2
    endloop
  endfacet
  facet normal -0 0 1
    outer loop
      vertex 126.896 -90.081 0.2
      vertex 126.977 -90.9732 0.2
      vertex 126.977 -90.0268 0.2
    endloop
  endfacet
  facet normal 0 0 1
    outer loop
      vertex 126.896 -90.081 0.2
      vertex 126.896 -90.919 0.2
      vertex 126.977 -90.9732 0.2
    endloop
  endfacet
  facet normal -0 0 1
    outer loop
      vertex 126.8 -90.1 0.2
      vertex 126.896 -90.919 0.2
      vertex 126.896 -90.081 0.2
    endloop
  endfacet
  facet normal 0 0 1
    outer loop
      vertex 126.8 -90.1 0.2
      vertex 126.8 -90.9 0.2
      vertex 126.896 -90.919 0.2
    endloop
  endfacet
  facet normal -0 0 1
    outer loop
      vertex 125.9 -90.1 0.2
      vertex 126.8 -90.9 0.2
      vertex 126.8 -90.1 0.2
    endloop
  endfacet
  facet normal 0 0 1
    outer loop
      vertex 125.9 -90.1 0.2
      vertex 125.9 -90.9 0.2
      vertex 126.8 -90.9 0.2
    endloop
  endfacet
  facet normal 0 0 1
    outer loop
      vertex 125.804 -90.081 0.2
      vertex 125.9 -90.9 0.2
      vertex 125.9 -90.1 0.2
    endloop
  endfacet
  facet normal 0 0 1
    outer loop
      vertex 125.804 -90.081 0.2
      vertex 125.804 -90.919 0.2
      vertex 125.9 -90.9 0.2
    endloop
  endfacet
  facet normal 0 0 1
    outer loop
      vertex 125.723 -90.0268 0.2
      vertex 125.804 -90.919 0.2
      vertex 125.804 -90.081 0.2
    endloop
  endfacet
  facet normal 0 0 1
    outer loop
      vertex 125.723 -90.0268 0.2
      vertex 125.723 -90.9732 0.2
      vertex 125.804 -90.919 0.2
    endloop
  endfacet
  facet normal 0 0 1
    outer loop
      vertex 125.669 -89.9457 0.2
      vertex 125.723 -90.9732 0.2
      vertex 125.723 -90.0268 0.2
    endloop
  endfacet
  facet normal 0 0 1
    outer loop
      vertex 125.669 -89.9457 0.2
      vertex 125.669 -91.0543 0.2
      vertex 125.723 -90.9732 0.2
    endloop
  endfacet
  facet normal -0 0 1
    outer loop
      vertex 120.05 -89.85 0.2
      vertex 125.669 -89.9457 0.2
      vertex 125.65 -89.85 0.2
    endloop
  endfacet
  facet normal 0 0 1
    outer loop
      vertex 120.031 -89.9457 0.2
      vertex 125.669 -89.9457 0.2
      vertex 120.05 -89.85 0.2
    endloop
  endfacet
  facet normal 0 0 1
    outer loop
      vertex 141.575 -125.085 0.2
      vertex 129.931 -125.929 0.2
      vertex 129.95 -126.025 0.2
    endloop
  endfacet
  facet normal 0 0 1
    outer loop
      vertex 131.675 -119.487 0.2
      vertex 129.877 -125.848 0.2
      vertex 129.931 -125.929 0.2
    endloop
  endfacet
  facet normal 0 0 1
    outer loop
      vertex 129.7 -125.775 0.2
      vertex 130.375 -119.487 0.2
      vertex 129.85 -119.487 0.2
    endloop
  endfacet
  facet normal 0 0 1
    outer loop
      vertex 131.675 -119.487 0.2
      vertex 129.796 -125.794 0.2
      vertex 129.877 -125.848 0.2
    endloop
  endfacet
  facet normal 0 0 1
    outer loop
      vertex 129.2 -125.775 0.2
      vertex 129.85 -119.487 0.2
      vertex 129.754 -119.468 0.2
    endloop
  endfacet
  facet normal 0 0 1
    outer loop
      vertex 130.375 -119.487 0.2
      vertex 129.7 -125.775 0.2
      vertex 129.796 -125.794 0.2
    endloop
  endfacet
  facet normal 0 0 1
    outer loop
      vertex 127.8 -125.775 0.2
      vertex 129.754 -119.468 0.2
      vertex 129.673 -119.414 0.2
    endloop
  endfacet
  facet normal 0 0 1
    outer loop
      vertex 127.204 -125.794 0.2
      vertex 129.673 -119.414 0.2
      vertex 129.619 -119.333 0.2
    endloop
  endfacet
  facet normal 0 0 1
    outer loop
      vertex 127.123 -125.848 0.2
      vertex 129.619 -119.333 0.2
      vertex 129.6 -119.237 0.2
    endloop
  endfacet
  facet normal 0 0 1
    outer loop
      vertex 129.85 -119.487 0.2
      vertex 129.2 -125.775 0.2
      vertex 129.7 -125.775 0.2
    endloop
  endfacet
  facet normal 0 0 1
    outer loop
      vertex 134.031 -91.0543 0.2
      vertex 139.669 -91.0543 0.2
      vertex 134.031 -89.9457 0.2
    endloop
  endfacet
  facet normal 0 0 1
    outer loop
      vertex 139.669 -91.0543 0.2
      vertex 134.031 -91.0543 0.2
      vertex 134.05 -91.15 0.2
    endloop
  endfacet
  facet normal -0 0 1
    outer loop
      vertex 133.977 -90.0268 0.2
      vertex 134.031 -91.0543 0.2
      vertex 134.031 -89.9457 0.2
    endloop
  endfacet
  facet normal 0 0 1
    outer loop
      vertex 133.977 -90.0268 0.2
      vertex 133.977 -90.9732 0.2
      vertex 134.031 -91.0543 0.2
    endloop
  endfacet
  facet normal -0 0 1
    outer loop
      vertex 133.896 -90.081 0.2
      vertex 133.977 -90.9732 0.2
      vertex 133.977 -90.0268 0.2
    endloop
  endfacet
  facet normal 0 0 1
    outer loop
      vertex 133.896 -90.081 0.2
      vertex 133.896 -90.919 0.2
      vertex 133.977 -90.9732 0.2
    endloop
  endfacet
  facet normal -0 0 1
    outer loop
      vertex 133.8 -90.1 0.2
      vertex 133.896 -90.919 0.2
      vertex 133.896 -90.081 0.2
    endloop
  endfacet
  facet normal 0 0 1
    outer loop
      vertex 133.8 -90.1 0.2
      vertex 133.8 -90.9 0.2
      vertex 133.896 -90.919 0.2
    endloop
  endfacet
  facet normal -0 0 1
    outer loop
      vertex 132.9 -90.1 0.2
      vertex 133.8 -90.9 0.2
      vertex 133.8 -90.1 0.2
    endloop
  endfacet
  facet normal 0 0 1
    outer loop
      vertex 132.9 -90.1 0.2
      vertex 132.9 -90.9 0.2
      vertex 133.8 -90.9 0.2
    endloop
  endfacet
  facet normal 0 0 1
    outer loop
      vertex 132.804 -90.081 0.2
      vertex 132.9 -90.9 0.2
      vertex 132.9 -90.1 0.2
    endloop
  endfacet
  facet normal 0 0 1
    outer loop
      vertex 132.804 -90.081 0.2
      vertex 132.804 -90.919 0.2
      vertex 132.9 -90.9 0.2
    endloop
  endfacet
  facet normal 0 0 1
    outer loop
      vertex 132.723 -90.0268 0.2
      vertex 132.804 -90.919 0.2
      vertex 132.804 -90.081 0.2
    endloop
  endfacet
  facet normal 0 0 1
    outer loop
      vertex 132.723 -90.0268 0.2
      vertex 132.723 -90.9732 0.2
      vertex 132.804 -90.919 0.2
    endloop
  endfacet
  facet normal 0 0 1
    outer loop
      vertex 132.669 -89.9457 0.2
      vertex 132.723 -90.9732 0.2
      vertex 132.723 -90.0268 0.2
    endloop
  endfacet
  facet normal 0 0 1
    outer loop
      vertex 132.669 -89.9457 0.2
      vertex 132.669 -91.0543 0.2
      vertex 132.723 -90.9732 0.2
    endloop
  endfacet
  facet normal -0 0 1
    outer loop
      vertex 127.05 -89.85 0.2
      vertex 132.669 -89.9457 0.2
      vertex 132.65 -89.85 0.2
    endloop
  endfacet
  facet normal 0 0 1
    outer loop
      vertex 127.031 -89.9457 0.2
      vertex 132.669 -89.9457 0.2
      vertex 127.05 -89.85 0.2
    endloop
  endfacet
  facet normal 0 0 1
    outer loop
      vertex 141.031 -91.0543 0.2
      vertex 146.669 -91.0543 0.2
      vertex 141.031 -89.9457 0.2
    endloop
  endfacet
  facet normal 0 0 1
    outer loop
      vertex 146.669 -91.0543 0.2
      vertex 141.031 -91.0543 0.2
      vertex 141.05 -91.15 0.2
    endloop
  endfacet
  facet normal -0 0 1
    outer loop
      vertex 140.977 -90.0268 0.2
      vertex 141.031 -91.0543 0.2
      vertex 141.031 -89.9457 0.2
    endloop
  endfacet
  facet normal 0 0 1
    outer loop
      vertex 140.977 -90.0268 0.2
      vertex 140.977 -90.9732 0.2
      vertex 141.031 -91.0543 0.2
    endloop
  endfacet
  facet normal -0 0 1
    outer loop
      vertex 140.896 -90.081 0.2
      vertex 140.977 -90.9732 0.2
      vertex 140.977 -90.0268 0.2
    endloop
  endfacet
  facet normal 0 0 1
    outer loop
      vertex 140.896 -90.081 0.2
      vertex 140.896 -90.919 0.2
      vertex 140.977 -90.9732 0.2
    endloop
  endfacet
  facet normal -0 0 1
    outer loop
      vertex 140.8 -90.1 0.2
      vertex 140.896 -90.919 0.2
      vertex 140.896 -90.081 0.2
    endloop
  endfacet
  facet normal 0 0 1
    outer loop
      vertex 140.8 -90.1 0.2
      vertex 140.8 -90.9 0.2
      vertex 140.896 -90.919 0.2
    endloop
  endfacet
  facet normal -0 0 1
    outer loop
      vertex 139.9 -90.1 0.2
      vertex 140.8 -90.9 0.2
      vertex 140.8 -90.1 0.2
    endloop
  endfacet
  facet normal 0 0 1
    outer loop
      vertex 139.9 -90.1 0.2
      vertex 139.9 -90.9 0.2
      vertex 140.8 -90.9 0.2
    endloop
  endfacet
  facet normal 0 0 1
    outer loop
      vertex 139.804 -90.081 0.2
      vertex 139.9 -90.9 0.2
      vertex 139.9 -90.1 0.2
    endloop
  endfacet
  facet normal 0 0 1
    outer loop
      vertex 139.804 -90.081 0.2
      vertex 139.804 -90.919 0.2
      vertex 139.9 -90.9 0.2
    endloop
  endfacet
  facet normal 0 0 1
    outer loop
      vertex 139.723 -90.0268 0.2
      vertex 139.804 -90.919 0.2
      vertex 139.804 -90.081 0.2
    endloop
  endfacet
  facet normal 0 0 1
    outer loop
      vertex 139.723 -90.0268 0.2
      vertex 139.723 -90.9732 0.2
      vertex 139.804 -90.919 0.2
    endloop
  endfacet
  facet normal 0 0 1
    outer loop
      vertex 139.669 -89.9457 0.2
      vertex 139.723 -90.9732 0.2
      vertex 139.723 -90.0268 0.2
    endloop
  endfacet
  facet normal 0 0 1
    outer loop
      vertex 139.669 -89.9457 0.2
      vertex 139.669 -91.0543 0.2
      vertex 139.723 -90.9732 0.2
    endloop
  endfacet
  facet normal -0 0 1
    outer loop
      vertex 134.05 -89.85 0.2
      vertex 139.669 -89.9457 0.2
      vertex 139.65 -89.85 0.2
    endloop
  endfacet
  facet normal 0 0 1
    outer loop
      vertex 134.031 -89.9457 0.2
      vertex 139.669 -89.9457 0.2
      vertex 134.05 -89.85 0.2
    endloop
  endfacet
  facet normal 0 0 1
    outer loop
      vertex 148.031 -91.0543 0.2
      vertex 153.694 -91.0543 0.2
      vertex 148.031 -89.9457 0.2
    endloop
  endfacet
  facet normal 0 0 1
    outer loop
      vertex 153.694 -91.0543 0.2
      vertex 148.031 -91.0543 0.2
      vertex 148.05 -91.15 0.2
    endloop
  endfacet
  facet normal -0 0 1
    outer loop
      vertex 147.977 -90.0268 0.2
      vertex 148.031 -91.0543 0.2
      vertex 148.031 -89.9457 0.2
    endloop
  endfacet
  facet normal 0 0 1
    outer loop
      vertex 147.977 -90.0268 0.2
      vertex 147.977 -90.9732 0.2
      vertex 148.031 -91.0543 0.2
    endloop
  endfacet
  facet normal -0 0 1
    outer loop
      vertex 147.896 -90.081 0.2
      vertex 147.977 -90.9732 0.2
      vertex 147.977 -90.0268 0.2
    endloop
  endfacet
  facet normal 0 0 1
    outer loop
      vertex 147.896 -90.081 0.2
      vertex 147.896 -90.919 0.2
      vertex 147.977 -90.9732 0.2
    endloop
  endfacet
  facet normal -0 0 1
    outer loop
      vertex 147.8 -90.1 0.2
      vertex 147.896 -90.919 0.2
      vertex 147.896 -90.081 0.2
    endloop
  endfacet
  facet normal 0 0 1
    outer loop
      vertex 147.8 -90.1 0.2
      vertex 147.8 -90.9 0.2
      vertex 147.896 -90.919 0.2
    endloop
  endfacet
  facet normal -0 0 1
    outer loop
      vertex 146.9 -90.1 0.2
      vertex 147.8 -90.9 0.2
      vertex 147.8 -90.1 0.2
    endloop
  endfacet
  facet normal 0 0 1
    outer loop
      vertex 146.9 -90.1 0.2
      vertex 146.9 -90.9 0.2
      vertex 147.8 -90.9 0.2
    endloop
  endfacet
  facet normal 0 0 1
    outer loop
      vertex 146.804 -90.081 0.2
      vertex 146.9 -90.9 0.2
      vertex 146.9 -90.1 0.2
    endloop
  endfacet
  facet normal 0 0 1
    outer loop
      vertex 146.804 -90.081 0.2
      vertex 146.804 -90.919 0.2
      vertex 146.9 -90.9 0.2
    endloop
  endfacet
  facet normal 0 0 1
    outer loop
      vertex 146.723 -90.0268 0.2
      vertex 146.804 -90.919 0.2
      vertex 146.804 -90.081 0.2
    endloop
  endfacet
  facet normal 0 0 1
    outer loop
      vertex 146.723 -90.0268 0.2
      vertex 146.723 -90.9732 0.2
      vertex 146.804 -90.919 0.2
    endloop
  endfacet
  facet normal 0 0 1
    outer loop
      vertex 146.669 -89.9457 0.2
      vertex 146.723 -90.9732 0.2
      vertex 146.723 -90.0268 0.2
    endloop
  endfacet
  facet normal 0 0 1
    outer loop
      vertex 146.669 -89.9457 0.2
      vertex 146.669 -91.0543 0.2
      vertex 146.723 -90.9732 0.2
    endloop
  endfacet
  facet normal -0 0 1
    outer loop
      vertex 141.05 -89.85 0.2
      vertex 146.669 -89.9457 0.2
      vertex 146.65 -89.85 0.2
    endloop
  endfacet
  facet normal 0 0 1
    outer loop
      vertex 141.031 -89.9457 0.2
      vertex 146.669 -89.9457 0.2
      vertex 141.05 -89.85 0.2
    endloop
  endfacet
  facet normal 0 0 1
    outer loop
      vertex 154.464 -124.368 0.2
      vertex 155.436 -124.368 0.2
      vertex 154.464 -123.832 0.2
    endloop
  endfacet
  facet normal 0 0 1
    outer loop
      vertex 155.436 -124.368 0.2
      vertex 154.464 -124.368 0.2
      vertex 154.475 -124.425 0.2
    endloop
  endfacet
  facet normal -0 0 1
    outer loop
      vertex 154.431 -123.881 0.2
      vertex 154.464 -124.368 0.2
      vertex 154.464 -123.832 0.2
    endloop
  endfacet
  facet normal 0 0 1
    outer loop
      vertex 154.431 -123.881 0.2
      vertex 154.431 -124.319 0.2
      vertex 154.464 -124.368 0.2
    endloop
  endfacet
  facet normal -0 0 1
    outer loop
      vertex 154.382 -123.914 0.2
      vertex 154.431 -124.319 0.2
      vertex 154.431 -123.881 0.2
    endloop
  endfacet
  facet normal 0 0 1
    outer loop
      vertex 154.382 -123.914 0.2
      vertex 154.382 -124.286 0.2
      vertex 154.431 -124.319 0.2
    endloop
  endfacet
  facet normal -0 0 1
    outer loop
      vertex 154.325 -123.925 0.2
      vertex 154.382 -124.286 0.2
      vertex 154.382 -123.914 0.2
    endloop
  endfacet
  facet normal 0 0 1
    outer loop
      vertex 154.325 -123.925 0.2
      vertex 154.325 -124.275 0.2
      vertex 154.382 -124.286 0.2
    endloop
  endfacet
  facet normal -0 0 1
    outer loop
      vertex 153.3 -123.925 0.2
      vertex 154.325 -124.275 0.2
      vertex 154.325 -123.925 0.2
    endloop
  endfacet
  facet normal 0 0 1
    outer loop
      vertex 153.3 -123.925 0.2
      vertex 153.3 -124.275 0.2
      vertex 154.325 -124.275 0.2
    endloop
  endfacet
  facet normal 0 0 1
    outer loop
      vertex 153.243 -123.914 0.2
      vertex 153.3 -124.275 0.2
      vertex 153.3 -123.925 0.2
    endloop
  endfacet
  facet normal 0 0 1
    outer loop
      vertex 153.243 -123.914 0.2
      vertex 153.243 -124.286 0.2
      vertex 153.3 -124.275 0.2
    endloop
  endfacet
  facet normal 0 0 1
    outer loop
      vertex 153.194 -123.881 0.2
      vertex 153.243 -124.286 0.2
      vertex 153.243 -123.914 0.2
    endloop
  endfacet
  facet normal 0 0 1
    outer loop
      vertex 153.194 -123.881 0.2
      vertex 153.194 -124.319 0.2
      vertex 153.243 -124.286 0.2
    endloop
  endfacet
  facet normal 0 0 1
    outer loop
      vertex 153.161 -123.832 0.2
      vertex 153.194 -124.319 0.2
      vertex 153.194 -123.881 0.2
    endloop
  endfacet
  facet normal 0 0 1
    outer loop
      vertex 153.161 -123.832 0.2
      vertex 153.161 -124.368 0.2
      vertex 153.194 -124.319 0.2
    endloop
  endfacet
  facet normal 0 0 1
    outer loop
      vertex 153.15 -123.775 0.2
      vertex 153.161 -124.368 0.2
      vertex 153.161 -123.832 0.2
    endloop
  endfacet
  facet normal 0 0 1
    outer loop
      vertex 153.161 -124.368 0.2
      vertex 153.15 -123.775 0.2
      vertex 153.15 -124.425 0.2
    endloop
  endfacet
  facet normal 0 0 1
    outer loop
      vertex 154.464 -123.418 0.2
      vertex 155.436 -122.882 0.2
      vertex 154.464 -122.882 0.2
    endloop
  endfacet
  facet normal 0 0 1
    outer loop
      vertex 155.436 -122.882 0.2
      vertex 154.464 -123.418 0.2
      vertex 154.475 -123.475 0.2
    endloop
  endfacet
  facet normal -0 0 1
    outer loop
      vertex 154.431 -122.931 0.2
      vertex 154.464 -123.418 0.2
      vertex 154.464 -122.882 0.2
    endloop
  endfacet
  facet normal 0 0 1
    outer loop
      vertex 154.431 -122.931 0.2
      vertex 154.431 -123.369 0.2
      vertex 154.464 -123.418 0.2
    endloop
  endfacet
  facet normal -0 0 1
    outer loop
      vertex 154.382 -122.964 0.2
      vertex 154.431 -123.369 0.2
      vertex 154.431 -122.931 0.2
    endloop
  endfacet
  facet normal 0 0 1
    outer loop
      vertex 154.382 -122.964 0.2
      vertex 154.382 -123.336 0.2
      vertex 154.431 -123.369 0.2
    endloop
  endfacet
  facet normal -0 0 1
    outer loop
      vertex 154.325 -122.975 0.2
      vertex 154.382 -123.336 0.2
      vertex 154.382 -122.964 0.2
    endloop
  endfacet
  facet normal 0 0 1
    outer loop
      vertex 154.325 -122.975 0.2
      vertex 154.325 -123.325 0.2
      vertex 154.382 -123.336 0.2
    endloop
  endfacet
  facet normal -0 0 1
    outer loop
      vertex 153.3 -122.975 0.2
      vertex 154.325 -123.325 0.2
      vertex 154.325 -122.975 0.2
    endloop
  endfacet
  facet normal 0 0 1
    outer loop
      vertex 153.3 -122.975 0.2
      vertex 153.3 -123.325 0.2
      vertex 154.325 -123.325 0.2
    endloop
  endfacet
  facet normal 0 0 1
    outer loop
      vertex 153.243 -122.964 0.2
      vertex 153.3 -123.325 0.2
      vertex 153.3 -122.975 0.2
    endloop
  endfacet
  facet normal 0 0 1
    outer loop
      vertex 153.243 -122.964 0.2
      vertex 153.243 -123.336 0.2
      vertex 153.3 -123.325 0.2
    endloop
  endfacet
  facet normal 0 0 1
    outer loop
      vertex 153.194 -122.931 0.2
      vertex 153.243 -123.336 0.2
      vertex 153.243 -122.964 0.2
    endloop
  endfacet
  facet normal 0 0 1
    outer loop
      vertex 153.194 -122.931 0.2
      vertex 153.194 -123.369 0.2
      vertex 153.243 -123.336 0.2
    endloop
  endfacet
  facet normal 0 0 1
    outer loop
      vertex 153.161 -122.882 0.2
      vertex 153.194 -123.369 0.2
      vertex 153.194 -122.931 0.2
    endloop
  endfacet
  facet normal 0 0 1
    outer loop
      vertex 153.161 -122.882 0.2
      vertex 153.161 -123.418 0.2
      vertex 153.194 -123.369 0.2
    endloop
  endfacet
  facet normal 0 0 1
    outer loop
      vertex 153.15 -122.825 0.2
      vertex 153.161 -123.418 0.2
      vertex 153.161 -122.882 0.2
    endloop
  endfacet
  facet normal 0 0 1
    outer loop
      vertex 153.161 -123.418 0.2
      vertex 153.15 -122.825 0.2
      vertex 153.15 -123.475 0.2
    endloop
  endfacet
  facet normal 0 0 1
    outer loop
      vertex 155.436 -122.468 0.2
      vertex 154.464 -122.468 0.2
      vertex 154.475 -122.525 0.2
    endloop
  endfacet
  facet normal 0 0 1
    outer loop
      vertex 155.419 -121.096 0.2
      vertex 154.431 -122.419 0.2
      vertex 154.464 -122.468 0.2
    endloop
  endfacet
  facet normal 0 0 1
    outer loop
      vertex 155.419 -121.096 0.2
      vertex 154.427 -121.177 0.2
      vertex 154.431 -122.419 0.2
    endloop
  endfacet
  facet normal 0 0 1
    outer loop
      vertex 154.427 -121.177 0.2
      vertex 154.382 -122.386 0.2
      vertex 154.431 -122.419 0.2
    endloop
  endfacet
  facet normal -0 0 1
    outer loop
      vertex 154.346 -121.231 0.2
      vertex 154.382 -122.386 0.2
      vertex 154.427 -121.177 0.2
    endloop
  endfacet
  facet normal 0 0 1
    outer loop
      vertex 154.346 -121.231 0.2
      vertex 154.325 -122.375 0.2
      vertex 154.382 -122.386 0.2
    endloop
  endfacet
  facet normal -0 0 1
    outer loop
      vertex 154.25 -121.25 0.2
      vertex 154.325 -122.375 0.2
      vertex 154.346 -121.231 0.2
    endloop
  endfacet
  facet normal -0 0 1
    outer loop
      vertex 153.75 -121.25 0.2
      vertex 154.325 -122.375 0.2
      vertex 154.25 -121.25 0.2
    endloop
  endfacet
  facet normal 0 0 1
    outer loop
      vertex 153.3 -122.375 0.2
      vertex 153.75 -121.25 0.2
      vertex 153.654 -121.231 0.2
    endloop
  endfacet
  facet normal 0 0 1
    outer loop
      vertex 153.3 -122.375 0.2
      vertex 153.654 -121.231 0.2
      vertex 153.573 -121.177 0.2
    endloop
  endfacet
  facet normal 0 0 1
    outer loop
      vertex 153.243 -122.386 0.2
      vertex 153.573 -121.177 0.2
      vertex 153.519 -121.096 0.2
    endloop
  endfacet
  facet normal 0 0 1
    outer loop
      vertex 153.75 -121.25 0.2
      vertex 153.3 -122.375 0.2
      vertex 154.325 -122.375 0.2
    endloop
  endfacet
  facet normal 0 0 1
    outer loop
      vertex 153.194 -122.419 0.2
      vertex 153.519 -121.096 0.2
      vertex 153.5 -121 0.2
    endloop
  endfacet
  facet normal 0 0 1
    outer loop
      vertex 155.419 -119.954 0.2
      vertex 154.481 -119.954 0.2
      vertex 154.5 -120.05 0.2
    endloop
  endfacet
  facet normal 0 0 1
    outer loop
      vertex 155.65 -119.8 0.2
      vertex 154.427 -119.873 0.2
      vertex 154.481 -119.954 0.2
    endloop
  endfacet
  facet normal 0 0 1
    outer loop
      vertex 155.65 -119.8 0.2
      vertex 154.346 -119.819 0.2
      vertex 154.427 -119.873 0.2
    endloop
  endfacet
  facet normal 0 0 1
    outer loop
      vertex 155.65 -119.8 0.2
      vertex 154.25 -119.8 0.2
      vertex 154.346 -119.819 0.2
    endloop
  endfacet
  facet normal -0 0 1
    outer loop
      vertex 153.925 -91.925 0.2
      vertex 154.25 -119.8 0.2
      vertex 154.825 -91.925 0.2
    endloop
  endfacet
  facet normal 0 0 1
    outer loop
      vertex 153.75 -119.8 0.2
      vertex 153.925 -91.925 0.2
      vertex 153.829 -91.906 0.2
    endloop
  endfacet
  facet normal 0 0 1
    outer loop
      vertex 153.925 -91.925 0.2
      vertex 153.75 -119.8 0.2
      vertex 154.25 -119.8 0.2
    endloop
  endfacet
  facet normal 0 0 1
    outer loop
      vertex 147.896 -91.906 0.2
      vertex 153.829 -91.906 0.2
      vertex 153.748 -91.8518 0.2
    endloop
  endfacet
  facet normal 0 0 1
    outer loop
      vertex 147.977 -91.8518 0.2
      vertex 153.748 -91.8518 0.2
      vertex 153.694 -91.7707 0.2
    endloop
  endfacet
  facet normal 0 0 1
    outer loop
      vertex 148.031 -91.7707 0.2
      vertex 153.694 -91.7707 0.2
      vertex 153.675 -91.675 0.2
    endloop
  endfacet
  facet normal 0 0 1
    outer loop
      vertex 153.829 -91.906 0.2
      vertex 147.896 -91.906 0.2
      vertex 153.75 -119.8 0.2
    endloop
  endfacet
  facet normal -0 0 1
    outer loop
      vertex 155.056 -89.9457 0.2
      vertex 155.075 -91.15 0.2
      vertex 155.075 -89.85 0.2
    endloop
  endfacet
  facet normal 0 0 1
    outer loop
      vertex 155.056 -89.9457 0.2
      vertex 155.056 -91.0543 0.2
      vertex 155.075 -91.15 0.2
    endloop
  endfacet
  facet normal -0 0 1
    outer loop
      vertex 155.002 -90.0268 0.2
      vertex 155.056 -91.0543 0.2
      vertex 155.056 -89.9457 0.2
    endloop
  endfacet
  facet normal 0 0 1
    outer loop
      vertex 155.002 -90.0268 0.2
      vertex 155.002 -90.9732 0.2
      vertex 155.056 -91.0543 0.2
    endloop
  endfacet
  facet normal -0 0 1
    outer loop
      vertex 154.921 -90.081 0.2
      vertex 155.002 -90.9732 0.2
      vertex 155.002 -90.0268 0.2
    endloop
  endfacet
  facet normal 0 0 1
    outer loop
      vertex 154.921 -90.081 0.2
      vertex 154.921 -90.919 0.2
      vertex 155.002 -90.9732 0.2
    endloop
  endfacet
  facet normal -0 0 1
    outer loop
      vertex 154.825 -90.1 0.2
      vertex 154.921 -90.919 0.2
      vertex 154.921 -90.081 0.2
    endloop
  endfacet
  facet normal 0 0 1
    outer loop
      vertex 154.825 -90.1 0.2
      vertex 154.825 -90.9 0.2
      vertex 154.921 -90.919 0.2
    endloop
  endfacet
  facet normal -0 0 1
    outer loop
      vertex 153.925 -90.1 0.2
      vertex 154.825 -90.9 0.2
      vertex 154.825 -90.1 0.2
    endloop
  endfacet
  facet normal 0 0 1
    outer loop
      vertex 153.925 -90.1 0.2
      vertex 153.925 -90.9 0.2
      vertex 154.825 -90.9 0.2
    endloop
  endfacet
  facet normal 0 0 1
    outer loop
      vertex 153.829 -90.081 0.2
      vertex 153.925 -90.9 0.2
      vertex 153.925 -90.1 0.2
    endloop
  endfacet
  facet normal 0 0 1
    outer loop
      vertex 153.829 -90.081 0.2
      vertex 153.829 -90.919 0.2
      vertex 153.925 -90.9 0.2
    endloop
  endfacet
  facet normal 0 0 1
    outer loop
      vertex 153.748 -90.0268 0.2
      vertex 153.829 -90.919 0.2
      vertex 153.829 -90.081 0.2
    endloop
  endfacet
  facet normal 0 0 1
    outer loop
      vertex 153.748 -90.0268 0.2
      vertex 153.748 -90.9732 0.2
      vertex 153.829 -90.919 0.2
    endloop
  endfacet
  facet normal 0 0 1
    outer loop
      vertex 153.694 -89.9457 0.2
      vertex 153.748 -90.9732 0.2
      vertex 153.748 -90.0268 0.2
    endloop
  endfacet
  facet normal 0 0 1
    outer loop
      vertex 153.694 -89.9457 0.2
      vertex 153.694 -91.0543 0.2
      vertex 153.748 -90.9732 0.2
    endloop
  endfacet
  facet normal -0 0 1
    outer loop
      vertex 148.05 -89.85 0.2
      vertex 153.694 -89.9457 0.2
      vertex 153.675 -89.85 0.2
    endloop
  endfacet
  facet normal 0 0 1
    outer loop
      vertex 148.031 -89.9457 0.2
      vertex 153.694 -89.9457 0.2
      vertex 148.05 -89.85 0.2
    endloop
  endfacet
  facet normal 0 0 1
    outer loop
      vertex 126.896 -91.906 0.2
      vertex 132.65 -91.675 0.2
      vertex 126.977 -91.8518 0.2
    endloop
  endfacet
  facet normal 0 0 1
    outer loop
      vertex 132.65 -91.675 0.2
      vertex 126.896 -91.906 0.2
      vertex 129.85 -118.087 0.2
    endloop
  endfacet
  facet normal -0 0 1
    outer loop
      vertex 126.8 -91.925 0.2
      vertex 129.85 -118.087 0.2
      vertex 126.896 -91.906 0.2
    endloop
  endfacet
  facet normal 0 0 1
    outer loop
      vertex 129.85 -118.087 0.2
      vertex 126.8 -91.925 0.2
      vertex 129.754 -118.106 0.2
    endloop
  endfacet
  facet normal -0 0 1
    outer loop
      vertex 125.9 -91.925 0.2
      vertex 129.754 -118.106 0.2
      vertex 126.8 -91.925 0.2
    endloop
  endfacet
  facet normal 0 0 1
    outer loop
      vertex 125.804 -91.906 0.2
      vertex 129.754 -118.106 0.2
      vertex 125.9 -91.925 0.2
    endloop
  endfacet
  facet normal -0 0 1
    outer loop
      vertex 156.706 -122.931 0.2
      vertex 158.619 -124.229 0.2
      vertex 156.739 -122.882 0.2
    endloop
  endfacet
  facet normal 0 0 1
    outer loop
      vertex 158.619 -124.229 0.2
      vertex 156.739 -124.368 0.2
      vertex 156.75 -124.425 0.2
    endloop
  endfacet
  facet normal 0 0 1
    outer loop
      vertex 156.706 -124.319 0.2
      vertex 158.619 -124.229 0.2
      vertex 156.706 -122.931 0.2
    endloop
  endfacet
  facet normal 0 0 1
    outer loop
      vertex 158.619 -124.229 0.2
      vertex 156.706 -124.319 0.2
      vertex 156.739 -124.368 0.2
    endloop
  endfacet
  facet normal -0 0 1
    outer loop
      vertex 156.657 -122.964 0.2
      vertex 156.706 -124.319 0.2
      vertex 156.706 -122.931 0.2
    endloop
  endfacet
  facet normal 0 0 1
    outer loop
      vertex 156.657 -122.964 0.2
      vertex 156.657 -124.286 0.2
      vertex 156.706 -124.319 0.2
    endloop
  endfacet
  facet normal -0 0 1
    outer loop
      vertex 156.6 -122.975 0.2
      vertex 156.657 -124.286 0.2
      vertex 156.657 -122.964 0.2
    endloop
  endfacet
  facet normal 0 0 1
    outer loop
      vertex 156.6 -122.975 0.2
      vertex 156.6 -124.275 0.2
      vertex 156.657 -124.286 0.2
    endloop
  endfacet
  facet normal -0 0 1
    outer loop
      vertex 155.575 -122.975 0.2
      vertex 156.6 -124.275 0.2
      vertex 156.6 -122.975 0.2
    endloop
  endfacet
  facet normal 0 0 1
    outer loop
      vertex 155.575 -122.975 0.2
      vertex 155.575 -124.275 0.2
      vertex 156.6 -124.275 0.2
    endloop
  endfacet
  facet normal 0 0 1
    outer loop
      vertex 155.518 -122.964 0.2
      vertex 155.575 -124.275 0.2
      vertex 155.575 -122.975 0.2
    endloop
  endfacet
  facet normal 0 0 1
    outer loop
      vertex 155.518 -122.964 0.2
      vertex 155.518 -124.286 0.2
      vertex 155.575 -124.275 0.2
    endloop
  endfacet
  facet normal 0 0 1
    outer loop
      vertex 154.475 -123.475 0.2
      vertex 155.518 -122.964 0.2
      vertex 155.469 -122.931 0.2
    endloop
  endfacet
  facet normal 0 0 1
    outer loop
      vertex 155.518 -122.964 0.2
      vertex 154.475 -123.475 0.2
      vertex 155.518 -124.286 0.2
    endloop
  endfacet
  facet normal 0 0 1
    outer loop
      vertex 154.475 -123.475 0.2
      vertex 155.469 -122.931 0.2
      vertex 155.436 -122.882 0.2
    endloop
  endfacet
  facet normal -0 0 1
    outer loop
      vertex 154.475 -123.775 0.2
      vertex 155.518 -124.286 0.2
      vertex 154.475 -123.475 0.2
    endloop
  endfacet
  facet normal -0 0 1
    outer loop
      vertex 154.475 -122.825 0.2
      vertex 155.436 -122.882 0.2
      vertex 155.425 -122.825 0.2
    endloop
  endfacet
  facet normal 0 0 1
    outer loop
      vertex 155.518 -124.286 0.2
      vertex 154.475 -123.775 0.2
      vertex 155.469 -124.319 0.2
    endloop
  endfacet
  facet normal 0 0 1
    outer loop
      vertex 158.85 -124.075 0.2
      vertex 156.739 -122.468 0.2
      vertex 156.75 -122.525 0.2
    endloop
  endfacet
  facet normal 0 0 1
    outer loop
      vertex 160.4 -76.853 0.2
      vertex 156.4 -120.05 0.2
      vertex 156.739 -122.468 0.2
    endloop
  endfacet
  facet normal -0 0 1
    outer loop
      vertex 156.4 -121 0.2
      vertex 156.739 -122.468 0.2
      vertex 156.4 -120.05 0.2
    endloop
  endfacet
  facet normal 0 0 1
    outer loop
      vertex 156.739 -122.468 0.2
      vertex 156.4 -121 0.2
      vertex 156.706 -122.419 0.2
    endloop
  endfacet
  facet normal -0 0 1
    outer loop
      vertex 156.381 -121.096 0.2
      vertex 156.706 -122.419 0.2
      vertex 156.4 -121 0.2
    endloop
  endfacet
  facet normal 0 -0 1
    outer loop
      vertex 156.381 -119.954 0.2
      vertex 160.4 -76.853 0.2
      vertex 155.075 -91.675 0.2
    endloop
  endfacet
  facet normal 0 0 1
    outer loop
      vertex 160.4 -76.853 0.2
      vertex 156.381 -119.954 0.2
      vertex 156.4 -120.05 0.2
    endloop
  endfacet
  facet normal -0 0 1
    outer loop
      vertex 155.056 -91.7707 0.2
      vertex 156.381 -119.954 0.2
      vertex 155.075 -91.675 0.2
    endloop
  endfacet
  facet normal 0 0 1
    outer loop
      vertex 156.381 -119.954 0.2
      vertex 155.056 -91.7707 0.2
      vertex 156.327 -119.873 0.2
    endloop
  endfacet
  facet normal -0 0 1
    outer loop
      vertex 155.002 -91.8518 0.2
      vertex 156.327 -119.873 0.2
      vertex 155.056 -91.7707 0.2
    endloop
  endfacet
  facet normal 0 0 1
    outer loop
      vertex 156.327 -119.873 0.2
      vertex 155.002 -91.8518 0.2
      vertex 156.246 -119.819 0.2
    endloop
  endfacet
  facet normal -0 0 1
    outer loop
      vertex 154.921 -91.906 0.2
      vertex 156.246 -119.819 0.2
      vertex 155.002 -91.8518 0.2
    endloop
  endfacet
  facet normal 0 0 1
    outer loop
      vertex 156.246 -119.819 0.2
      vertex 154.921 -91.906 0.2
      vertex 156.15 -119.8 0.2
    endloop
  endfacet
  facet normal -0 0 1
    outer loop
      vertex 154.825 -91.925 0.2
      vertex 156.15 -119.8 0.2
      vertex 154.921 -91.906 0.2
    endloop
  endfacet
  facet normal 0 0 1
    outer loop
      vertex 160.4 -76.853 0.2
      vertex 155.075 -89.85 0.2
      vertex 155.075 -91.15 0.2
    endloop
  endfacet
  facet normal 0 0 1
    outer loop
      vertex 160.4 -76.853 0.2
      vertex 155.075 -89.325 0.2
      vertex 155.075 -89.85 0.2
    endloop
  endfacet
  facet normal 0 0 1
    outer loop
      vertex 160.4 -76.853 0.2
      vertex 155.056 -89.2293 0.2
      vertex 155.075 -89.325 0.2
    endloop
  endfacet
  facet normal 0 0 1
    outer loop
      vertex 160.4 -76.853 0.2
      vertex 155.002 -89.1482 0.2
      vertex 155.056 -89.2293 0.2
    endloop
  endfacet
  facet normal 0 0 1
    outer loop
      vertex 160.4 -76.853 0.2
      vertex 154.921 -89.094 0.2
      vertex 155.002 -89.1482 0.2
    endloop
  endfacet
  facet normal 0 0 1
    outer loop
      vertex 160.4 -76.853 0.2
      vertex 154.825 -89.075 0.2
      vertex 154.921 -89.094 0.2
    endloop
  endfacet
  facet normal 0 0 1
    outer loop
      vertex 156.757 -75.3434 0.2
      vertex 153.925 -89.075 0.2
      vertex 154.825 -89.075 0.2
    endloop
  endfacet
  facet normal 0 0 1
    outer loop
      vertex 156.757 -75.3434 0.2
      vertex 153.829 -89.094 0.2
      vertex 153.925 -89.075 0.2
    endloop
  endfacet
  facet normal 0 0 1
    outer loop
      vertex 147.896 -89.094 0.2
      vertex 153.829 -89.094 0.2
      vertex 156.757 -75.3434 0.2
    endloop
  endfacet
  facet normal 0 0 1
    outer loop
      vertex 153.829 -89.094 0.2
      vertex 147.896 -89.094 0.2
      vertex 153.748 -89.1482 0.2
    endloop
  endfacet
  facet normal 0 0 1
    outer loop
      vertex 148.05 -89.85 0.2
      vertex 153.675 -89.85 0.2
      vertex 153.675 -89.325 0.2
    endloop
  endfacet
  facet normal 0 0 1
    outer loop
      vertex 153.694 -89.9457 0.2
      vertex 148.031 -89.9457 0.2
      vertex 153.694 -91.0543 0.2
    endloop
  endfacet
  facet normal 0 0 1
    outer loop
      vertex 153.675 -91.15 0.2
      vertex 148.05 -91.15 0.2
      vertex 153.675 -91.675 0.2
    endloop
  endfacet
  facet normal 0 0 1
    outer loop
      vertex 153.748 -91.8518 0.2
      vertex 147.977 -91.8518 0.2
      vertex 147.896 -91.906 0.2
    endloop
  endfacet
  facet normal 0 0 1
    outer loop
      vertex 153.75 -119.8 0.2
      vertex 147.896 -91.906 0.2
      vertex 153.654 -119.819 0.2
    endloop
  endfacet
  facet normal -0 0 1
    outer loop
      vertex 147.8 -91.925 0.2
      vertex 153.654 -119.819 0.2
      vertex 147.896 -91.906 0.2
    endloop
  endfacet
  facet normal 0 0 1
    outer loop
      vertex 153.161 -122.468 0.2
      vertex 153.5 -121 0.2
      vertex 153.5 -120.05 0.2
    endloop
  endfacet
  facet normal -0 0 1
    outer loop
      vertex 146.9 -91.925 0.2
      vertex 153.654 -119.819 0.2
      vertex 147.8 -91.925 0.2
    endloop
  endfacet
  facet normal 0 0 1
    outer loop
      vertex 153.654 -119.819 0.2
      vertex 146.9 -91.925 0.2
      vertex 153.573 -119.873 0.2
    endloop
  endfacet
  facet normal 0 0 1
    outer loop
      vertex 146.804 -91.906 0.2
      vertex 153.573 -119.873 0.2
      vertex 146.9 -91.925 0.2
    endloop
  endfacet
  facet normal 0 0 1
    outer loop
      vertex 144.425 -125.085 0.2
      vertex 153.573 -119.873 0.2
      vertex 146.804 -91.906 0.2
    endloop
  endfacet
  facet normal 0 0 1
    outer loop
      vertex 153.573 -121.177 0.2
      vertex 153.243 -122.386 0.2
      vertex 153.3 -122.375 0.2
    endloop
  endfacet
  facet normal 0 0 1
    outer loop
      vertex 144.425 -125.085 0.2
      vertex 153.15 -122.825 0.2
      vertex 153.15 -122.525 0.2
    endloop
  endfacet
  facet normal 0 0 1
    outer loop
      vertex 153.15 -122.825 0.2
      vertex 144.425 -125.085 0.2
      vertex 153.15 -123.475 0.2
    endloop
  endfacet
  facet normal 0 0 1
    outer loop
      vertex 153.15 -123.475 0.2
      vertex 144.425 -125.085 0.2
      vertex 153.15 -123.775 0.2
    endloop
  endfacet
  facet normal 0 0 1
    outer loop
      vertex 153.15 -123.775 0.2
      vertex 144.425 -125.085 0.2
      vertex 153.15 -124.425 0.2
    endloop
  endfacet
  facet normal 0 0 1
    outer loop
      vertex 153.694 -91.0543 0.2
      vertex 148.05 -91.15 0.2
      vertex 153.675 -91.15 0.2
    endloop
  endfacet
  facet normal 0 0 1
    outer loop
      vertex 148.05 -89.85 0.2
      vertex 153.675 -89.325 0.2
      vertex 148.05 -89.325 0.2
    endloop
  endfacet
  facet normal 0 0 1
    outer loop
      vertex 153.694 -89.2293 0.2
      vertex 148.05 -89.325 0.2
      vertex 153.675 -89.325 0.2
    endloop
  endfacet
  facet normal 0 -0 1
    outer loop
      vertex 147.977 -89.1482 0.2
      vertex 153.748 -89.1482 0.2
      vertex 147.896 -89.094 0.2
    endloop
  endfacet
  facet normal 0 0 1
    outer loop
      vertex 153.694 -89.2293 0.2
      vertex 148.031 -89.2293 0.2
      vertex 148.05 -89.325 0.2
    endloop
  endfacet
  facet normal 0 0 1
    outer loop
      vertex 153.694 -89.2293 0.2
      vertex 147.977 -89.1482 0.2
      vertex 148.031 -89.2293 0.2
    endloop
  endfacet
  facet normal 0 0 1
    outer loop
      vertex 153.748 -89.1482 0.2
      vertex 147.977 -89.1482 0.2
      vertex 153.694 -89.2293 0.2
    endloop
  endfacet
  facet normal 0 0 1
    outer loop
      vertex 156.757 -75.3434 0.2
      vertex 147.8 -89.075 0.2
      vertex 147.896 -89.094 0.2
    endloop
  endfacet
  facet normal 0 0 1
    outer loop
      vertex 156.757 -75.3434 0.2
      vertex 146.9 -89.075 0.2
      vertex 147.8 -89.075 0.2
    endloop
  endfacet
  facet normal 0 0 1
    outer loop
      vertex 156.757 -75.3434 0.2
      vertex 146.804 -89.094 0.2
      vertex 146.9 -89.075 0.2
    endloop
  endfacet
  facet normal 0 0 1
    outer loop
      vertex 140.896 -89.094 0.2
      vertex 146.804 -89.094 0.2
      vertex 156.757 -75.3434 0.2
    endloop
  endfacet
  facet normal 0 0 1
    outer loop
      vertex 141.05 -89.85 0.2
      vertex 146.65 -89.85 0.2
      vertex 146.65 -89.325 0.2
    endloop
  endfacet
  facet normal 0 0 1
    outer loop
      vertex 146.669 -89.9457 0.2
      vertex 141.031 -89.9457 0.2
      vertex 146.669 -91.0543 0.2
    endloop
  endfacet
  facet normal 0 0 1
    outer loop
      vertex 146.65 -91.15 0.2
      vertex 141.05 -91.15 0.2
      vertex 146.65 -91.675 0.2
    endloop
  endfacet
  facet normal 0 0 1
    outer loop
      vertex 146.65 -91.675 0.2
      vertex 144.406 -124.989 0.2
      vertex 144.425 -125.085 0.2
    endloop
  endfacet
  facet normal 0 0 1
    outer loop
      vertex 146.65 -91.675 0.2
      vertex 144.352 -124.908 0.2
      vertex 144.406 -124.989 0.2
    endloop
  endfacet
  facet normal 0 0 1
    outer loop
      vertex 146.65 -91.675 0.2
      vertex 144.271 -124.854 0.2
      vertex 144.352 -124.908 0.2
    endloop
  endfacet
  facet normal 0 0 1
    outer loop
      vertex 140.896 -91.906 0.2
      vertex 146.65 -91.675 0.2
      vertex 140.977 -91.8518 0.2
    endloop
  endfacet
  facet normal 0 0 1
    outer loop
      vertex 132.45 -118.337 0.2
      vertex 146.65 -91.675 0.2
      vertex 140.896 -91.906 0.2
    endloop
  endfacet
  facet normal 0 0 1
    outer loop
      vertex 146.65 -91.675 0.2
      vertex 144.175 -124.835 0.2
      vertex 144.271 -124.854 0.2
    endloop
  endfacet
  facet normal 0 0 1
    outer loop
      vertex 146.65 -91.675 0.2
      vertex 132.45 -118.337 0.2
      vertex 144.175 -124.835 0.2
    endloop
  endfacet
  facet normal 0 0 1
    outer loop
      vertex 144.175 -124.835 0.2
      vertex 132.45 -118.337 0.2
      vertex 143.65 -124.835 0.2
    endloop
  endfacet
  facet normal 0 -0 1
    outer loop
      vertex 142.35 -124.835 0.2
      vertex 143.65 -124.835 0.2
      vertex 132.45 -118.337 0.2
    endloop
  endfacet
  facet normal 0 0 1
    outer loop
      vertex 143.4 -125.085 0.2
      vertex 142.6 -125.085 0.2
      vertex 143.4 -125.985 0.2
    endloop
  endfacet
  facet normal 0 0 1
    outer loop
      vertex 143.65 -124.835 0.2
      vertex 142.35 -124.835 0.2
      vertex 143.554 -124.854 0.2
    endloop
  endfacet
  facet normal 0 0 1
    outer loop
      vertex 143.4 -125.085 0.2
      vertex 142.581 -124.989 0.2
      vertex 142.6 -125.085 0.2
    endloop
  endfacet
  facet normal 0 0 1
    outer loop
      vertex 143.419 -124.989 0.2
      vertex 142.581 -124.989 0.2
      vertex 143.4 -125.085 0.2
    endloop
  endfacet
  facet normal 0 -0 1
    outer loop
      vertex 142.581 -124.989 0.2
      vertex 143.419 -124.989 0.2
      vertex 142.527 -124.908 0.2
    endloop
  endfacet
  facet normal 0 -0 1
    outer loop
      vertex 142.446 -124.854 0.2
      vertex 143.554 -124.854 0.2
      vertex 142.35 -124.835 0.2
    endloop
  endfacet
  facet normal 0 0 1
    outer loop
      vertex 143.473 -124.908 0.2
      vertex 142.527 -124.908 0.2
      vertex 143.419 -124.989 0.2
    endloop
  endfacet
  facet normal 0 0 1
    outer loop
      vertex 143.554 -124.854 0.2
      vertex 142.446 -124.854 0.2
      vertex 143.473 -124.908 0.2
    endloop
  endfacet
  facet normal 0 -0 1
    outer loop
      vertex 142.527 -124.908 0.2
      vertex 143.473 -124.908 0.2
      vertex 142.446 -124.854 0.2
    endloop
  endfacet
  facet normal 0 0 1
    outer loop
      vertex 142.35 -124.835 0.2
      vertex 132.45 -118.337 0.2
      vertex 141.825 -124.835 0.2
    endloop
  endfacet
  facet normal 0 0 1
    outer loop
      vertex 141.825 -124.835 0.2
      vertex 132.45 -118.337 0.2
      vertex 141.729 -124.854 0.2
    endloop
  endfacet
  facet normal 0 0 1
    outer loop
      vertex 146.669 -91.0543 0.2
      vertex 141.05 -91.15 0.2
      vertex 146.65 -91.15 0.2
    endloop
  endfacet
  facet normal 0 0 1
    outer loop
      vertex 141.05 -89.85 0.2
      vertex 146.65 -89.325 0.2
      vertex 141.05 -89.325 0.2
    endloop
  endfacet
  facet normal 0 0 1
    outer loop
      vertex 146.669 -89.2293 0.2
      vertex 141.05 -89.325 0.2
      vertex 146.65 -89.325 0.2
    endloop
  endfacet
  facet normal 0 0 1
    outer loop
      vertex 141.031 -89.2293 0.2
      vertex 146.669 -89.2293 0.2
      vertex 146.723 -89.1482 0.2
    endloop
  endfacet
  facet normal 0 0 1
    outer loop
      vertex 146.804 -89.094 0.2
      vertex 140.896 -89.094 0.2
      vertex 146.723 -89.1482 0.2
    endloop
  endfacet
  facet normal 0 0 1
    outer loop
      vertex 146.669 -89.2293 0.2
      vertex 141.031 -89.2293 0.2
      vertex 141.05 -89.325 0.2
    endloop
  endfacet
  facet normal 0 0 1
    outer loop
      vertex 146.723 -89.1482 0.2
      vertex 140.977 -89.1482 0.2
      vertex 141.031 -89.2293 0.2
    endloop
  endfacet
  facet normal 0 0 1
    outer loop
      vertex 146.723 -89.1482 0.2
      vertex 140.896 -89.094 0.2
      vertex 140.977 -89.1482 0.2
    endloop
  endfacet
  facet normal 0 0 1
    outer loop
      vertex 156.757 -75.3434 0.2
      vertex 140.8 -89.075 0.2
      vertex 140.896 -89.094 0.2
    endloop
  endfacet
  facet normal 0 0 1
    outer loop
      vertex 156.757 -75.3434 0.2
      vertex 139.9 -89.075 0.2
      vertex 140.8 -89.075 0.2
    endloop
  endfacet
  facet normal 0 0 1
    outer loop
      vertex 133.8 -89.075 0.2
      vertex 139.9 -89.075 0.2
      vertex 156.757 -75.3434 0.2
    endloop
  endfacet
  facet normal 0 0 1
    outer loop
      vertex 139.9 -89.075 0.2
      vertex 133.8 -89.075 0.2
      vertex 139.804 -89.094 0.2
    endloop
  endfacet
  facet normal 0 0 1
    outer loop
      vertex 134.05 -89.85 0.2
      vertex 139.65 -89.85 0.2
      vertex 139.65 -89.325 0.2
    endloop
  endfacet
  facet normal 0 0 1
    outer loop
      vertex 139.669 -89.9457 0.2
      vertex 134.031 -89.9457 0.2
      vertex 139.669 -91.0543 0.2
    endloop
  endfacet
  facet normal 0 0 1
    outer loop
      vertex 134.05 -89.85 0.2
      vertex 139.65 -89.325 0.2
      vertex 134.05 -89.325 0.2
    endloop
  endfacet
  facet normal 0 0 1
    outer loop
      vertex 139.669 -89.2293 0.2
      vertex 134.05 -89.325 0.2
      vertex 139.65 -89.325 0.2
    endloop
  endfacet
  facet normal 0 0 1
    outer loop
      vertex 134.031 -89.2293 0.2
      vertex 139.669 -89.2293 0.2
      vertex 139.723 -89.1482 0.2
    endloop
  endfacet
  facet normal 0 -0 1
    outer loop
      vertex 133.896 -89.094 0.2
      vertex 139.804 -89.094 0.2
      vertex 133.8 -89.075 0.2
    endloop
  endfacet
  facet normal 0 0 1
    outer loop
      vertex 139.669 -89.2293 0.2
      vertex 134.031 -89.2293 0.2
      vertex 134.05 -89.325 0.2
    endloop
  endfacet
  facet normal 0 0 1
    outer loop
      vertex 139.723 -89.1482 0.2
      vertex 133.977 -89.1482 0.2
      vertex 134.031 -89.2293 0.2
    endloop
  endfacet
  facet normal 0 0 1
    outer loop
      vertex 139.723 -89.1482 0.2
      vertex 133.896 -89.094 0.2
      vertex 133.977 -89.1482 0.2
    endloop
  endfacet
  facet normal 0 0 1
    outer loop
      vertex 139.804 -89.094 0.2
      vertex 133.896 -89.094 0.2
      vertex 139.723 -89.1482 0.2
    endloop
  endfacet
  facet normal 0 0 1
    outer loop
      vertex 156.757 -75.3434 0.2
      vertex 132.9 -89.075 0.2
      vertex 133.8 -89.075 0.2
    endloop
  endfacet
  facet normal 0 0 1
    outer loop
      vertex 126.8 -89.075 0.2
      vertex 132.9 -89.075 0.2
      vertex 156.757 -75.3434 0.2
    endloop
  endfacet
  facet normal -0 0 1
    outer loop
      vertex 127.05 -89.325 0.2
      vertex 132.65 -89.85 0.2
      vertex 132.65 -89.325 0.2
    endloop
  endfacet
  facet normal 0 0 1
    outer loop
      vertex 127.05 -89.85 0.2
      vertex 132.65 -89.85 0.2
      vertex 127.05 -89.325 0.2
    endloop
  endfacet
  facet normal 0 0 1
    outer loop
      vertex 132.669 -89.9457 0.2
      vertex 127.031 -89.9457 0.2
      vertex 132.669 -91.0543 0.2
    endloop
  endfacet
  facet normal 0 0 1
    outer loop
      vertex 132.65 -91.675 0.2
      vertex 132.431 -118.242 0.2
      vertex 132.45 -118.337 0.2
    endloop
  endfacet
  facet normal 0 0 1
    outer loop
      vertex 132.65 -91.675 0.2
      vertex 132.377 -118.161 0.2
      vertex 132.431 -118.242 0.2
    endloop
  endfacet
  facet normal 0 0 1
    outer loop
      vertex 132.65 -91.675 0.2
      vertex 132.296 -118.106 0.2
      vertex 132.377 -118.161 0.2
    endloop
  endfacet
  facet normal 0 0 1
    outer loop
      vertex 132.65 -91.675 0.2
      vertex 132.2 -118.087 0.2
      vertex 132.296 -118.106 0.2
    endloop
  endfacet
  facet normal 0 0 1
    outer loop
      vertex 132.65 -91.675 0.2
      vertex 131.675 -118.087 0.2
      vertex 132.2 -118.087 0.2
    endloop
  endfacet
  facet normal 0 0 1
    outer loop
      vertex 132.65 -91.675 0.2
      vertex 130.375 -118.087 0.2
      vertex 131.675 -118.087 0.2
    endloop
  endfacet
  facet normal 0 0 1
    outer loop
      vertex 131.675 -118.087 0.2
      vertex 130.375 -118.087 0.2
      vertex 131.579 -118.106 0.2
    endloop
  endfacet
  facet normal 0 -0 1
    outer loop
      vertex 130.471 -118.106 0.2
      vertex 131.579 -118.106 0.2
      vertex 130.375 -118.087 0.2
    endloop
  endfacet
  facet normal 0 0 1
    outer loop
      vertex 131.579 -118.106 0.2
      vertex 130.471 -118.106 0.2
      vertex 131.498 -118.161 0.2
    endloop
  endfacet
  facet normal 0 0 1
    outer loop
      vertex 131.425 -118.337 0.2
      vertex 130.625 -118.337 0.2
      vertex 131.425 -119.237 0.2
    endloop
  endfacet
  facet normal 0 0 1
    outer loop
      vertex 131.498 -118.161 0.2
      vertex 130.552 -118.161 0.2
      vertex 131.444 -118.242 0.2
    endloop
  endfacet
  facet normal 0 0 1
    outer loop
      vertex 131.425 -118.337 0.2
      vertex 130.606 -118.242 0.2
      vertex 130.625 -118.337 0.2
    endloop
  endfacet
  facet normal 0 0 1
    outer loop
      vertex 131.444 -118.242 0.2
      vertex 130.606 -118.242 0.2
      vertex 131.425 -118.337 0.2
    endloop
  endfacet
  facet normal 0 -0 1
    outer loop
      vertex 130.606 -118.242 0.2
      vertex 131.444 -118.242 0.2
      vertex 130.552 -118.161 0.2
    endloop
  endfacet
  facet normal 0 -0 1
    outer loop
      vertex 130.552 -118.161 0.2
      vertex 131.498 -118.161 0.2
      vertex 130.471 -118.106 0.2
    endloop
  endfacet
  facet normal 0 0 1
    outer loop
      vertex 132.65 -91.675 0.2
      vertex 129.85 -118.087 0.2
      vertex 130.375 -118.087 0.2
    endloop
  endfacet
  facet normal 0 0 1
    outer loop
      vertex 132.669 -91.0543 0.2
      vertex 127.05 -91.15 0.2
      vertex 132.65 -91.15 0.2
    endloop
  endfacet
  facet normal 0 0 1
    outer loop
      vertex 127.05 -91.675 0.2
      vertex 132.65 -91.675 0.2
      vertex 127.05 -91.15 0.2
    endloop
  endfacet
  facet normal 0 0 1
    outer loop
      vertex 132.65 -91.15 0.2
      vertex 127.05 -91.15 0.2
      vertex 132.65 -91.675 0.2
    endloop
  endfacet
  facet normal 0 0 1
    outer loop
      vertex 127.031 -91.7707 0.2
      vertex 132.65 -91.675 0.2
      vertex 127.05 -91.675 0.2
    endloop
  endfacet
  facet normal 0 0 1
    outer loop
      vertex 126.439 -126.388 0.2
      vertex 129.6 -119.237 0.2
      vertex 129.6 -118.337 0.2
    endloop
  endfacet
  facet normal 0 0 1
    outer loop
      vertex 129.754 -119.468 0.2
      vertex 127.8 -125.775 0.2
      vertex 129.2 -125.775 0.2
    endloop
  endfacet
  facet normal 0 0 1
    outer loop
      vertex 129.2 -125.775 0.2
      vertex 127.8 -125.775 0.2
      vertex 129.104 -125.794 0.2
    endloop
  endfacet
  facet normal 0 0 1
    outer loop
      vertex 129.104 -125.794 0.2
      vertex 127.896 -125.794 0.2
      vertex 129.023 -125.848 0.2
    endloop
  endfacet
  facet normal 0 -0 1
    outer loop
      vertex 127.977 -125.848 0.2
      vertex 129.023 -125.848 0.2
      vertex 127.896 -125.794 0.2
    endloop
  endfacet
  facet normal 0 0 1
    outer loop
      vertex 128.95 -126.025 0.2
      vertex 128.05 -126.025 0.2
      vertex 128.95 -126.975 0.2
    endloop
  endfacet
  facet normal 0 0 1
    outer loop
      vertex 129.023 -125.848 0.2
      vertex 127.977 -125.848 0.2
      vertex 128.969 -125.929 0.2
    endloop
  endfacet
  facet normal 0 0 1
    outer loop
      vertex 126.977 -91.8518 0.2
      vertex 132.65 -91.675 0.2
      vertex 127.031 -91.7707 0.2
    endloop
  endfacet
  facet normal 0 0 1
    outer loop
      vertex 128.95 -126.025 0.2
      vertex 128.031 -125.929 0.2
      vertex 128.05 -126.025 0.2
    endloop
  endfacet
  facet normal 0 0 1
    outer loop
      vertex 128.969 -125.929 0.2
      vertex 128.031 -125.929 0.2
      vertex 128.95 -126.025 0.2
    endloop
  endfacet
  facet normal 0 -0 1
    outer loop
      vertex 128.031 -125.929 0.2
      vertex 128.969 -125.929 0.2
      vertex 127.977 -125.848 0.2
    endloop
  endfacet
  facet normal 0 0 1
    outer loop
      vertex 129.104 -125.794 0.2
      vertex 127.8 -125.775 0.2
      vertex 127.896 -125.794 0.2
    endloop
  endfacet
  facet normal 0 0 1
    outer loop
      vertex 126.439 -126.388 0.2
      vertex 129.6 -118.337 0.2
      vertex 129.619 -118.242 0.2
    endloop
  endfacet
  facet normal 0 0 1
    outer loop
      vertex 129.673 -119.414 0.2
      vertex 127.3 -125.775 0.2
      vertex 127.8 -125.775 0.2
    endloop
  endfacet
  facet normal 0 0 1
    outer loop
      vertex 129.673 -119.414 0.2
      vertex 127.204 -125.794 0.2
      vertex 127.3 -125.775 0.2
    endloop
  endfacet
  facet normal 0 0 1
    outer loop
      vertex 129.619 -119.333 0.2
      vertex 127.123 -125.848 0.2
      vertex 127.204 -125.794 0.2
    endloop
  endfacet
  facet normal 0 0 1
    outer loop
      vertex 129.6 -119.237 0.2
      vertex 126.439 -126.388 0.2
      vertex 127.123 -125.848 0.2
    endloop
  endfacet
  facet normal 0 0 1
    outer loop
      vertex 132.669 -89.2293 0.2
      vertex 127.05 -89.325 0.2
      vertex 132.65 -89.325 0.2
    endloop
  endfacet
  facet normal 0 0 1
    outer loop
      vertex 127.031 -89.2293 0.2
      vertex 132.669 -89.2293 0.2
      vertex 132.723 -89.1482 0.2
    endloop
  endfacet
  facet normal 0 0 1
    outer loop
      vertex 126.977 -89.1482 0.2
      vertex 132.723 -89.1482 0.2
      vertex 132.804 -89.094 0.2
    endloop
  endfacet
  facet normal 0 0 1
    outer loop
      vertex 132.9 -89.075 0.2
      vertex 126.8 -89.075 0.2
      vertex 132.804 -89.094 0.2
    endloop
  endfacet
  facet normal 0 0 1
    outer loop
      vertex 132.669 -89.2293 0.2
      vertex 127.031 -89.2293 0.2
      vertex 127.05 -89.325 0.2
    endloop
  endfacet
  facet normal 0 0 1
    outer loop
      vertex 132.723 -89.1482 0.2
      vertex 126.977 -89.1482 0.2
      vertex 127.031 -89.2293 0.2
    endloop
  endfacet
  facet normal 0 0 1
    outer loop
      vertex 132.804 -89.094 0.2
      vertex 126.896 -89.094 0.2
      vertex 126.977 -89.1482 0.2
    endloop
  endfacet
  facet normal 0 0 1
    outer loop
      vertex 132.804 -89.094 0.2
      vertex 126.8 -89.075 0.2
      vertex 126.896 -89.094 0.2
    endloop
  endfacet
  facet normal 0 0 1
    outer loop
      vertex 156.757 -75.3434 0.2
      vertex 125.9 -89.075 0.2
      vertex 126.8 -89.075 0.2
    endloop
  endfacet
  facet normal -0 0 1
    outer loop
      vertex 94 -75.3434 0.2
      vertex 125.9 -89.075 0.2
      vertex 156.757 -75.3434 0.2
    endloop
  endfacet
  facet normal -0 0 1
    outer loop
      vertex 120.05 -89.325 0.2
      vertex 125.65 -89.85 0.2
      vertex 125.65 -89.325 0.2
    endloop
  endfacet
  facet normal 0 0 1
    outer loop
      vertex 120.05 -89.85 0.2
      vertex 125.65 -89.85 0.2
      vertex 120.05 -89.325 0.2
    endloop
  endfacet
  facet normal 0 0 1
    outer loop
      vertex 125.669 -89.9457 0.2
      vertex 120.031 -89.9457 0.2
      vertex 125.669 -91.0543 0.2
    endloop
  endfacet
  facet normal 0 -0 1
    outer loop
      vertex 121.407 -126.306 0.2
      vertex 129.619 -118.242 0.2
      vertex 121.35 -126.295 0.2
    endloop
  endfacet
  facet normal 0 0 1
    outer loop
      vertex 129.619 -118.242 0.2
      vertex 124.593 -126.306 0.2
      vertex 124.65 -126.295 0.2
    endloop
  endfacet
  facet normal 0 0 1
    outer loop
      vertex 129.619 -118.242 0.2
      vertex 121.407 -126.306 0.2
      vertex 124.593 -126.306 0.2
    endloop
  endfacet
  facet normal 0 0 1
    outer loop
      vertex 124.593 -126.306 0.2
      vertex 121.407 -126.306 0.2
      vertex 124.544 -126.339 0.2
    endloop
  endfacet
  facet normal 0 0 1
    outer loop
      vertex 121.5 -126.745 0.2
      vertex 124.5 -126.745 0.2
      vertex 124.5 -126.445 0.2
    endloop
  endfacet
  facet normal 0 0 1
    outer loop
      vertex 124.511 -126.802 0.2
      vertex 121.489 -126.802 0.2
      vertex 124.511 -127.658 0.2
    endloop
  endfacet
  facet normal 0 0 1
    outer loop
      vertex 124.5 -127.715 0.2
      vertex 121.5 -127.715 0.2
      vertex 124.5 -128.015 0.2
    endloop
  endfacet
  facet normal 0 0 1
    outer loop
      vertex 121.5 -128.015 0.2
      vertex 124.5 -128.015 0.2
      vertex 121.5 -127.715 0.2
    endloop
  endfacet
  facet normal 0 0 1
    outer loop
      vertex 124.511 -128.928 0.2
      vertex 121.5 -128.985 0.2
      vertex 124.5 -128.985 0.2
    endloop
  endfacet
  facet normal 0 0 1
    outer loop
      vertex 124.5 -128.985 0.2
      vertex 121.5 -128.985 0.2
      vertex 124.5 -129.285 0.2
    endloop
  endfacet
  facet normal 0 0 1
    outer loop
      vertex 121.5 -126.745 0.2
      vertex 124.5 -126.445 0.2
      vertex 121.5 -126.445 0.2
    endloop
  endfacet
  facet normal 0 -0 1
    outer loop
      vertex 121.456 -126.339 0.2
      vertex 124.544 -126.339 0.2
      vertex 121.407 -126.306 0.2
    endloop
  endfacet
  facet normal 0 0 1
    outer loop
      vertex 124.5 -126.445 0.2
      vertex 121.489 -126.388 0.2
      vertex 121.5 -126.445 0.2
    endloop
  endfacet
  facet normal 0 0 1
    outer loop
      vertex 124.511 -126.388 0.2
      vertex 121.489 -126.388 0.2
      vertex 124.5 -126.445 0.2
    endloop
  endfacet
  facet normal 0 -0 1
    outer loop
      vertex 121.489 -126.388 0.2
      vertex 124.511 -126.388 0.2
      vertex 121.456 -126.339 0.2
    endloop
  endfacet
  facet normal 0 0 1
    outer loop
      vertex 124.544 -126.339 0.2
      vertex 121.456 -126.339 0.2
      vertex 124.511 -126.388 0.2
    endloop
  endfacet
  facet normal 0 0 1
    outer loop
      vertex 125.669 -91.0543 0.2
      vertex 120.05 -91.15 0.2
      vertex 125.65 -91.15 0.2
    endloop
  endfacet
  facet normal 0 0 1
    outer loop
      vertex 125.669 -89.2293 0.2
      vertex 120.05 -89.325 0.2
      vertex 125.65 -89.325 0.2
    endloop
  endfacet
  facet normal 0 0 1
    outer loop
      vertex 120.031 -89.2293 0.2
      vertex 125.669 -89.2293 0.2
      vertex 125.723 -89.1482 0.2
    endloop
  endfacet
  facet normal 0 0 1
    outer loop
      vertex 119.977 -89.1482 0.2
      vertex 125.723 -89.1482 0.2
      vertex 125.804 -89.094 0.2
    endloop
  endfacet
  facet normal 0 -0 1
    outer loop
      vertex 119.8 -89.075 0.2
      vertex 125.9 -89.075 0.2
      vertex 94 -75.3434 0.2
    endloop
  endfacet
  facet normal 0 0 1
    outer loop
      vertex 125.669 -89.2293 0.2
      vertex 120.031 -89.2293 0.2
      vertex 120.05 -89.325 0.2
    endloop
  endfacet
  facet normal 0 0 1
    outer loop
      vertex 125.723 -89.1482 0.2
      vertex 119.977 -89.1482 0.2
      vertex 120.031 -89.2293 0.2
    endloop
  endfacet
  facet normal 0 0 1
    outer loop
      vertex 125.804 -89.094 0.2
      vertex 119.896 -89.094 0.2
      vertex 119.977 -89.1482 0.2
    endloop
  endfacet
  facet normal 0 0 1
    outer loop
      vertex 125.804 -89.094 0.2
      vertex 119.8 -89.075 0.2
      vertex 119.896 -89.094 0.2
    endloop
  endfacet
  facet normal 0 0 1
    outer loop
      vertex 125.9 -89.075 0.2
      vertex 119.8 -89.075 0.2
      vertex 125.804 -89.094 0.2
    endloop
  endfacet
  facet normal 0 0 1
    outer loop
      vertex 119.8 -89.075 0.2
      vertex 94 -75.3434 0.2
      vertex 118.9 -89.075 0.2
    endloop
  endfacet
  facet normal 0 0 1
    outer loop
      vertex 113.075 -89.85 0.2
      vertex 118.65 -89.85 0.2
      vertex 118.65 -89.325 0.2
    endloop
  endfacet
  facet normal 0 0 1
    outer loop
      vertex 118.669 -89.9457 0.2
      vertex 113.056 -89.9457 0.2
      vertex 118.669 -91.0543 0.2
    endloop
  endfacet
  facet normal 0 0 1
    outer loop
      vertex 113.075 -89.85 0.2
      vertex 118.65 -89.325 0.2
      vertex 113.075 -89.325 0.2
    endloop
  endfacet
  facet normal 0 0 1
    outer loop
      vertex 118.669 -89.2293 0.2
      vertex 113.075 -89.325 0.2
      vertex 118.65 -89.325 0.2
    endloop
  endfacet
  facet normal 0 0 1
    outer loop
      vertex 113.056 -89.2293 0.2
      vertex 118.669 -89.2293 0.2
      vertex 118.723 -89.1482 0.2
    endloop
  endfacet
  facet normal 0 0 1
    outer loop
      vertex 113.002 -89.1482 0.2
      vertex 118.723 -89.1482 0.2
      vertex 118.804 -89.094 0.2
    endloop
  endfacet
  facet normal 0 -0 1
    outer loop
      vertex 112.825 -89.075 0.2
      vertex 118.9 -89.075 0.2
      vertex 94 -75.3434 0.2
    endloop
  endfacet
  facet normal 0 0 1
    outer loop
      vertex 118.669 -89.2293 0.2
      vertex 113.056 -89.2293 0.2
      vertex 113.075 -89.325 0.2
    endloop
  endfacet
  facet normal 0 0 1
    outer loop
      vertex 118.723 -89.1482 0.2
      vertex 113.002 -89.1482 0.2
      vertex 113.056 -89.2293 0.2
    endloop
  endfacet
  facet normal 0 0 1
    outer loop
      vertex 118.804 -89.094 0.2
      vertex 112.921 -89.094 0.2
      vertex 113.002 -89.1482 0.2
    endloop
  endfacet
  facet normal 0 0 1
    outer loop
      vertex 118.9 -89.075 0.2
      vertex 112.825 -89.075 0.2
      vertex 118.804 -89.094 0.2
    endloop
  endfacet
  facet normal 0 0 1
    outer loop
      vertex 118.804 -89.094 0.2
      vertex 112.825 -89.075 0.2
      vertex 112.921 -89.094 0.2
    endloop
  endfacet
  facet normal 0 0 1
    outer loop
      vertex 112.825 -89.075 0.2
      vertex 94 -75.3434 0.2
      vertex 111.925 -89.075 0.2
    endloop
  endfacet
  facet normal 0 0 1
    outer loop
      vertex 106.05 -89.85 0.2
      vertex 111.675 -89.85 0.2
      vertex 111.675 -89.325 0.2
    endloop
  endfacet
  facet normal 0 0 1
    outer loop
      vertex 111.694 -89.9457 0.2
      vertex 106.031 -89.9457 0.2
      vertex 111.694 -91.0543 0.2
    endloop
  endfacet
  facet normal 0 0 1
    outer loop
      vertex 106.05 -89.85 0.2
      vertex 111.675 -89.325 0.2
      vertex 106.05 -89.325 0.2
    endloop
  endfacet
  facet normal 0 0 1
    outer loop
      vertex 111.694 -89.2293 0.2
      vertex 106.05 -89.325 0.2
      vertex 111.675 -89.325 0.2
    endloop
  endfacet
  facet normal 0 0 1
    outer loop
      vertex 106.031 -89.2293 0.2
      vertex 111.694 -89.2293 0.2
      vertex 111.748 -89.1482 0.2
    endloop
  endfacet
  facet normal 0 0 1
    outer loop
      vertex 105.977 -89.1482 0.2
      vertex 111.748 -89.1482 0.2
      vertex 111.829 -89.094 0.2
    endloop
  endfacet
  facet normal 0 0 1
    outer loop
      vertex 111.925 -89.075 0.2
      vertex 94 -75.3434 0.2
      vertex 111.829 -89.094 0.2
    endloop
  endfacet
  facet normal 0 0 1
    outer loop
      vertex 111.694 -89.2293 0.2
      vertex 106.031 -89.2293 0.2
      vertex 106.05 -89.325 0.2
    endloop
  endfacet
  facet normal 0 0 1
    outer loop
      vertex 111.748 -89.1482 0.2
      vertex 105.977 -89.1482 0.2
      vertex 106.031 -89.2293 0.2
    endloop
  endfacet
  facet normal 0 0 1
    outer loop
      vertex 111.829 -89.094 0.2
      vertex 105.896 -89.094 0.2
      vertex 105.977 -89.1482 0.2
    endloop
  endfacet
  facet normal 0 0 1
    outer loop
      vertex 111.829 -89.094 0.2
      vertex 94 -75.3434 0.2
      vertex 105.896 -89.094 0.2
    endloop
  endfacet
  facet normal 0 0 1
    outer loop
      vertex 105.896 -89.094 0.2
      vertex 94 -75.3434 0.2
      vertex 105.8 -89.075 0.2
    endloop
  endfacet
  facet normal 0 0 1
    outer loop
      vertex 105.8 -89.075 0.2
      vertex 94 -75.3434 0.2
      vertex 104.9 -89.075 0.2
    endloop
  endfacet
  facet normal 0 0 1
    outer loop
      vertex 98.975 -89.85 0.2
      vertex 104.65 -89.85 0.2
      vertex 104.65 -89.325 0.2
    endloop
  endfacet
  facet normal 0 0 1
    outer loop
      vertex 104.669 -89.9457 0.2
      vertex 98.956 -89.9457 0.2
      vertex 104.669 -91.0543 0.2
    endloop
  endfacet
  facet normal 0 0 1
    outer loop
      vertex 98.975 -89.85 0.2
      vertex 104.65 -89.325 0.2
      vertex 98.975 -89.325 0.2
    endloop
  endfacet
  facet normal 0 0 1
    outer loop
      vertex 104.669 -89.2293 0.2
      vertex 98.975 -89.325 0.2
      vertex 104.65 -89.325 0.2
    endloop
  endfacet
  facet normal 0 0 1
    outer loop
      vertex 98.956 -89.2293 0.2
      vertex 104.669 -89.2293 0.2
      vertex 104.723 -89.1482 0.2
    endloop
  endfacet
  facet normal 0 0 1
    outer loop
      vertex 98.9018 -89.1482 0.2
      vertex 104.723 -89.1482 0.2
      vertex 104.804 -89.094 0.2
    endloop
  endfacet
  facet normal 0 0 1
    outer loop
      vertex 104.9 -89.075 0.2
      vertex 94 -75.3434 0.2
      vertex 104.804 -89.094 0.2
    endloop
  endfacet
  facet normal 0 0 1
    outer loop
      vertex 104.669 -89.2293 0.2
      vertex 98.956 -89.2293 0.2
      vertex 98.975 -89.325 0.2
    endloop
  endfacet
  facet normal 0 -0 1
    outer loop
      vertex 98.8207 -89.094 0.2
      vertex 104.804 -89.094 0.2
      vertex 94 -75.3434 0.2
    endloop
  endfacet
  facet normal 0 0 1
    outer loop
      vertex 104.723 -89.1482 0.2
      vertex 98.9018 -89.1482 0.2
      vertex 98.956 -89.2293 0.2
    endloop
  endfacet
  facet normal 0 0 1
    outer loop
      vertex 104.804 -89.094 0.2
      vertex 98.8207 -89.094 0.2
      vertex 98.9018 -89.1482 0.2
    endloop
  endfacet
  facet normal 0 0 1
    outer loop
      vertex 98.8207 -89.094 0.2
      vertex 94 -75.3434 0.2
      vertex 98.725 -89.075 0.2
    endloop
  endfacet
  facet normal 0 0 1
    outer loop
      vertex 98.725 -89.075 0.2
      vertex 94 -75.3434 0.2
      vertex 97.825 -89.075 0.2
    endloop
  endfacet
  facet normal 0 0 1
    outer loop
      vertex 88.85 -80.4934 0.2
      vertex 97.575 -89.85 0.2
      vertex 97.575 -89.325 0.2
    endloop
  endfacet
  facet normal 0 0 1
    outer loop
      vertex 97.575 -89.85 0.2
      vertex 88.85 -80.4934 0.2
      vertex 97.575 -91.15 0.2
    endloop
  endfacet
  facet normal 0 0 1
    outer loop
      vertex 97.594 -89.2293 0.2
      vertex 88.85 -80.4934 0.2
      vertex 97.575 -89.325 0.2
    endloop
  endfacet
  facet normal 0 0 1
    outer loop
      vertex 97.6482 -89.1482 0.2
      vertex 88.85 -80.4934 0.2
      vertex 97.594 -89.2293 0.2
    endloop
  endfacet
  facet normal 0 0 1
    outer loop
      vertex 97.7293 -89.094 0.2
      vertex 88.85 -80.4934 0.2
      vertex 97.6482 -89.1482 0.2
    endloop
  endfacet
  facet normal -0 0 1
    outer loop
      vertex 88.85 -80.4934 0.2
      vertex 97.7293 -89.094 0.2
      vertex 94 -75.3434 0.2
    endloop
  endfacet
  facet normal 0 0 1
    outer loop
      vertex 97.825 -89.075 0.2
      vertex 94 -75.3434 0.2
      vertex 97.7293 -89.094 0.2
    endloop
  endfacet
  facet normal 0 0 1
    outer loop
      vertex 156.706 -122.419 0.2
      vertex 156.381 -121.096 0.2
      vertex 156.657 -122.386 0.2
    endloop
  endfacet
  facet normal -0 0 1
    outer loop
      vertex 156.327 -121.177 0.2
      vertex 156.657 -122.386 0.2
      vertex 156.381 -121.096 0.2
    endloop
  endfacet
  facet normal 0 0 1
    outer loop
      vertex 156.657 -122.386 0.2
      vertex 156.327 -121.177 0.2
      vertex 156.6 -122.375 0.2
    endloop
  endfacet
  facet normal -0 0 1
    outer loop
      vertex 156.246 -121.231 0.2
      vertex 156.6 -122.375 0.2
      vertex 156.327 -121.177 0.2
    endloop
  endfacet
  facet normal -0 0 1
    outer loop
      vertex 156.15 -121.25 0.2
      vertex 156.6 -122.375 0.2
      vertex 156.246 -121.231 0.2
    endloop
  endfacet
  facet normal 0 0 1
    outer loop
      vertex 155.575 -122.375 0.2
      vertex 156.15 -121.25 0.2
      vertex 155.65 -121.25 0.2
    endloop
  endfacet
  facet normal 0 0 1
    outer loop
      vertex 156.15 -121.25 0.2
      vertex 155.575 -122.375 0.2
      vertex 156.6 -122.375 0.2
    endloop
  endfacet
  facet normal 0 0 1
    outer loop
      vertex 155.554 -121.231 0.2
      vertex 155.575 -122.375 0.2
      vertex 155.65 -121.25 0.2
    endloop
  endfacet
  facet normal 0 0 1
    outer loop
      vertex 155.554 -121.231 0.2
      vertex 155.518 -122.386 0.2
      vertex 155.575 -122.375 0.2
    endloop
  endfacet
  facet normal 0 0 1
    outer loop
      vertex 155.473 -121.177 0.2
      vertex 155.518 -122.386 0.2
      vertex 155.554 -121.231 0.2
    endloop
  endfacet
  facet normal 0 0 1
    outer loop
      vertex 155.473 -121.177 0.2
      vertex 155.469 -122.419 0.2
      vertex 155.518 -122.386 0.2
    endloop
  endfacet
  facet normal 0 0 1
    outer loop
      vertex 154.464 -122.468 0.2
      vertex 155.469 -122.419 0.2
      vertex 155.473 -121.177 0.2
    endloop
  endfacet
  facet normal 0 0 1
    outer loop
      vertex 154.464 -122.468 0.2
      vertex 155.436 -122.468 0.2
      vertex 155.469 -122.419 0.2
    endloop
  endfacet
  facet normal 0 0 1
    outer loop
      vertex 154.475 -122.825 0.2
      vertex 155.425 -122.825 0.2
      vertex 155.425 -122.525 0.2
    endloop
  endfacet
  facet normal -0 0 1
    outer loop
      vertex 154.464 -123.832 0.2
      vertex 155.469 -124.319 0.2
      vertex 154.475 -123.775 0.2
    endloop
  endfacet
  facet normal 0 0 1
    outer loop
      vertex 155.436 -122.468 0.2
      vertex 154.475 -122.525 0.2
      vertex 155.425 -122.525 0.2
    endloop
  endfacet
  facet normal 0 0 1
    outer loop
      vertex 154.464 -122.468 0.2
      vertex 155.473 -121.177 0.2
      vertex 155.419 -121.096 0.2
    endloop
  endfacet
  facet normal -0 0 1
    outer loop
      vertex 159.981 -124.946 0.2
      vertex 160 -126.15 0.2
      vertex 160 -124.85 0.2
    endloop
  endfacet
  facet normal 0 0 1
    outer loop
      vertex 159.981 -124.946 0.2
      vertex 159.981 -126.054 0.2
      vertex 160 -126.15 0.2
    endloop
  endfacet
  facet normal -0 0 1
    outer loop
      vertex 159.927 -125.027 0.2
      vertex 159.981 -126.054 0.2
      vertex 159.981 -124.946 0.2
    endloop
  endfacet
  facet normal 0 0 1
    outer loop
      vertex 159.927 -125.027 0.2
      vertex 159.927 -125.973 0.2
      vertex 159.981 -126.054 0.2
    endloop
  endfacet
  facet normal -0 0 1
    outer loop
      vertex 159.846 -125.081 0.2
      vertex 159.927 -125.973 0.2
      vertex 159.927 -125.027 0.2
    endloop
  endfacet
  facet normal 0 0 1
    outer loop
      vertex 159.846 -125.081 0.2
      vertex 159.846 -125.919 0.2
      vertex 159.927 -125.973 0.2
    endloop
  endfacet
  facet normal -0 0 1
    outer loop
      vertex 159.75 -125.1 0.2
      vertex 159.846 -125.919 0.2
      vertex 159.846 -125.081 0.2
    endloop
  endfacet
  facet normal 0 0 1
    outer loop
      vertex 159.75 -125.1 0.2
      vertex 159.75 -125.9 0.2
      vertex 159.846 -125.919 0.2
    endloop
  endfacet
  facet normal -0 0 1
    outer loop
      vertex 158.85 -125.1 0.2
      vertex 159.75 -125.9 0.2
      vertex 159.75 -125.1 0.2
    endloop
  endfacet
  facet normal 0 0 1
    outer loop
      vertex 158.85 -125.1 0.2
      vertex 158.85 -125.9 0.2
      vertex 159.75 -125.9 0.2
    endloop
  endfacet
  facet normal 0 0 1
    outer loop
      vertex 158.754 -125.081 0.2
      vertex 158.85 -125.9 0.2
      vertex 158.85 -125.1 0.2
    endloop
  endfacet
  facet normal 0 0 1
    outer loop
      vertex 158.754 -125.081 0.2
      vertex 158.754 -125.919 0.2
      vertex 158.85 -125.9 0.2
    endloop
  endfacet
  facet normal 0 0 1
    outer loop
      vertex 158.673 -125.027 0.2
      vertex 158.754 -125.919 0.2
      vertex 158.754 -125.081 0.2
    endloop
  endfacet
  facet normal 0 0 1
    outer loop
      vertex 158.673 -125.027 0.2
      vertex 158.673 -125.973 0.2
      vertex 158.754 -125.919 0.2
    endloop
  endfacet
  facet normal 0 0 1
    outer loop
      vertex 158.619 -124.946 0.2
      vertex 158.673 -125.973 0.2
      vertex 158.673 -125.027 0.2
    endloop
  endfacet
  facet normal 0 0 1
    outer loop
      vertex 158.619 -124.946 0.2
      vertex 158.619 -126.054 0.2
      vertex 158.673 -125.973 0.2
    endloop
  endfacet
  facet normal 0 0 1
    outer loop
      vertex 156.739 -124.782 0.2
      vertex 158.619 -124.946 0.2
      vertex 158.6 -124.85 0.2
    endloop
  endfacet
  facet normal 0 0 1
    outer loop
      vertex 158.619 -124.946 0.2
      vertex 156.706 -124.831 0.2
      vertex 158.619 -126.054 0.2
    endloop
  endfacet
  facet normal 0 0 1
    outer loop
      vertex 170.65 -134.822 0.2
      vertex 159.981 -124.229 0.2
      vertex 160 -124.325 0.2
    endloop
  endfacet
  facet normal 0 0 1
    outer loop
      vertex 160.4 -76.853 0.2
      vertex 159.927 -124.148 0.2
      vertex 159.981 -124.229 0.2
    endloop
  endfacet
  facet normal 0 0 1
    outer loop
      vertex 160.4 -76.853 0.2
      vertex 159.846 -124.094 0.2
      vertex 159.927 -124.148 0.2
    endloop
  endfacet
  facet normal 0 0 1
    outer loop
      vertex 156.757 -75.3434 0.2
      vertex 160.099 -76.5748 0.2
      vertex 159.836 -76.3647 0.2
    endloop
  endfacet
  facet normal -0 0 1
    outer loop
      vertex 156.739 -122.468 0.2
      vertex 159.846 -124.094 0.2
      vertex 160.4 -76.853 0.2
    endloop
  endfacet
  facet normal 0 0 1
    outer loop
      vertex 156.757 -75.3434 0.2
      vertex 159.836 -76.3647 0.2
      vertex 159.639 -76.2252 0.2
    endloop
  endfacet
  facet normal 0 0 1
    outer loop
      vertex 156.757 -75.3434 0.2
      vertex 159.639 -76.2252 0.2
      vertex 159.354 -76.0459 0.2
    endloop
  endfacet
  facet normal 0 0 1
    outer loop
      vertex 156.757 -75.3434 0.2
      vertex 159.354 -76.0459 0.2
      vertex 159.143 -75.9289 0.2
    endloop
  endfacet
  facet normal 0 0 1
    outer loop
      vertex 156.739 -122.468 0.2
      vertex 159.75 -124.075 0.2
      vertex 159.846 -124.094 0.2
    endloop
  endfacet
  facet normal 0 0 1
    outer loop
      vertex 156.757 -75.3434 0.2
      vertex 159.143 -75.9289 0.2
      vertex 158.839 -75.7827 0.2
    endloop
  endfacet
  facet normal 0 0 1
    outer loop
      vertex 156.739 -122.468 0.2
      vertex 158.85 -124.075 0.2
      vertex 159.75 -124.075 0.2
    endloop
  endfacet
  facet normal 0 0 1
    outer loop
      vertex 158.85 -124.075 0.2
      vertex 156.75 -122.525 0.2
      vertex 158.754 -124.094 0.2
    endloop
  endfacet
  facet normal -0 0 1
    outer loop
      vertex 156.75 -122.825 0.2
      vertex 158.754 -124.094 0.2
      vertex 156.75 -122.525 0.2
    endloop
  endfacet
  facet normal 0 0 1
    outer loop
      vertex 158.299 -75.5792 0.2
      vertex 158.839 -75.7827 0.2
      vertex 158.617 -75.6905 0.2
    endloop
  endfacet
  facet normal 0 0 1
    outer loop
      vertex 158.754 -124.094 0.2
      vertex 156.75 -122.825 0.2
      vertex 158.673 -124.148 0.2
    endloop
  endfacet
  facet normal -0 0 1
    outer loop
      vertex 156.75 -124.725 0.2
      vertex 158.6 -124.85 0.2
      vertex 158.6 -124.325 0.2
    endloop
  endfacet
  facet normal 0 0 1
    outer loop
      vertex 158.619 -124.946 0.2
      vertex 156.739 -124.782 0.2
      vertex 156.706 -124.831 0.2
    endloop
  endfacet
  facet normal -0 0 1
    outer loop
      vertex 156.739 -122.882 0.2
      vertex 158.673 -124.148 0.2
      vertex 156.75 -122.825 0.2
    endloop
  endfacet
  facet normal 0 0 1
    outer loop
      vertex 156.757 -75.3434 0.2
      vertex 158.839 -75.7827 0.2
      vertex 158.299 -75.5792 0.2
    endloop
  endfacet
  facet normal 0 0 1
    outer loop
      vertex 169.143 -85.6016 0.2
      vertex 170.65 -89.2421 0.2
      vertex 170.65 -89.2113 0.2
    endloop
  endfacet
  facet normal -0 0 1
    outer loop
      vertex 159.981 -124.229 0.2
      vertex 170.65 -134.822 0.2
      vertex 170.65 -89.2421 0.2
    endloop
  endfacet
  facet normal 0 0 1
    outer loop
      vertex 170.634 -88.8336 0.2
      vertex 170.65 -89.2113 0.2
      vertex 170.647 -89.043 0.2
    endloop
  endfacet
  facet normal -0 0 1
    outer loop
      vertex 160 -124.85 0.2
      vertex 170.65 -134.822 0.2
      vertex 160 -124.325 0.2
    endloop
  endfacet
  facet normal 0 0 1
    outer loop
      vertex 170.65 -89.2113 0.2
      vertex 170.634 -88.8336 0.2
      vertex 169.143 -85.6016 0.2
    endloop
  endfacet
  facet normal -0 0 1
    outer loop
      vertex 160 -126.15 0.2
      vertex 170.65 -134.822 0.2
      vertex 160 -124.85 0.2
    endloop
  endfacet
  facet normal 0 0 1
    outer loop
      vertex 169.143 -85.6016 0.2
      vertex 170.634 -88.8336 0.2
      vertex 170.597 -88.4992 0.2
    endloop
  endfacet
  facet normal -0 0 1
    outer loop
      vertex 160 -126.675 0.2
      vertex 170.65 -134.822 0.2
      vertex 160 -126.15 0.2
    endloop
  endfacet
  facet normal 0 0 1
    outer loop
      vertex 169.143 -85.6016 0.2
      vertex 170.597 -88.4992 0.2
      vertex 170.556 -88.2609 0.2
    endloop
  endfacet
  facet normal -0 0 1
    outer loop
      vertex 159.981 -126.771 0.2
      vertex 170.65 -134.822 0.2
      vertex 160 -126.675 0.2
    endloop
  endfacet
  facet normal 0 0 1
    outer loop
      vertex 169.143 -85.6016 0.2
      vertex 170.556 -88.2609 0.2
      vertex 170.481 -87.9328 0.2
    endloop
  endfacet
  facet normal -0 0 1
    outer loop
      vertex 159.927 -126.852 0.2
      vertex 170.65 -134.822 0.2
      vertex 159.981 -126.771 0.2
    endloop
  endfacet
  facet normal 0 0 1
    outer loop
      vertex 169.143 -85.6016 0.2
      vertex 170.481 -87.9328 0.2
      vertex 170.415 -87.7016 0.2
    endloop
  endfacet
  facet normal -0 0 1
    outer loop
      vertex 159.846 -126.906 0.2
      vertex 170.65 -134.822 0.2
      vertex 159.927 -126.852 0.2
    endloop
  endfacet
  facet normal 0 0 1
    outer loop
      vertex 169.143 -85.6016 0.2
      vertex 170.415 -87.7016 0.2
      vertex 170.303 -87.3839 0.2
    endloop
  endfacet
  facet normal 0 -0 1
    outer loop
      vertex 169.274 -138.326 0.2
      vertex 170.65 -134.822 0.2
      vertex 159.846 -126.906 0.2
    endloop
  endfacet
  facet normal 0 0 1
    outer loop
      vertex 169.143 -85.6016 0.2
      vertex 170.303 -87.3839 0.2
      vertex 170.211 -87.1611 0.2
    endloop
  endfacet
  facet normal 0 0 1
    outer loop
      vertex 170.65 -134.822 0.2
      vertex 169.274 -138.326 0.2
      vertex 170.65 -134.855 0.2
    endloop
  endfacet
  facet normal 0 0 1
    outer loop
      vertex 169.143 -85.6016 0.2
      vertex 170.211 -87.1611 0.2
      vertex 170.065 -86.8578 0.2
    endloop
  endfacet
  facet normal 0 0 1
    outer loop
      vertex 169.143 -85.6016 0.2
      vertex 170.065 -86.8578 0.2
      vertex 169.949 -86.6468 0.2
    endloop
  endfacet
  facet normal 0 -0 1
    outer loop
      vertex 170.63 -135.276 0.2
      vertex 170.65 -134.855 0.2
      vertex 169.274 -138.326 0.2
    endloop
  endfacet
  facet normal 0 0 1
    outer loop
      vertex 170.65 -134.855 0.2
      vertex 170.63 -135.276 0.2
      vertex 170.647 -135.043 0.2
    endloop
  endfacet
  facet normal 0 0 1
    outer loop
      vertex 169.143 -85.6016 0.2
      vertex 169.949 -86.6468 0.2
      vertex 169.77 -86.3618 0.2
    endloop
  endfacet
  facet normal 0 0 1
    outer loop
      vertex 169.143 -85.6016 0.2
      vertex 169.77 -86.3618 0.2
      vertex 169.631 -86.1655 0.2
    endloop
  endfacet
  facet normal 0 0 1
    outer loop
      vertex 170.63 -135.276 0.2
      vertex 169.274 -138.326 0.2
      vertex 170.584 -135.648 0.2
    endloop
  endfacet
  facet normal 0 0 1
    outer loop
      vertex 170.584 -135.648 0.2
      vertex 169.274 -138.326 0.2
      vertex 170.534 -135.912 0.2
    endloop
  endfacet
  facet normal 0 0 1
    outer loop
      vertex 169.143 -85.6016 0.2
      vertex 169.631 -86.1655 0.2
      vertex 169.421 -85.9023 0.2
    endloop
  endfacet
  facet normal 0 0 1
    outer loop
      vertex 170.534 -135.912 0.2
      vertex 169.274 -138.326 0.2
      vertex 170.441 -136.274 0.2
    endloop
  endfacet
  facet normal 0 0 1
    outer loop
      vertex 169.164 -85.623 0.2
      vertex 169.421 -85.9023 0.2
      vertex 169.281 -85.7437 0.2
    endloop
  endfacet
  facet normal 0 0 1
    outer loop
      vertex 170.441 -136.274 0.2
      vertex 169.274 -138.326 0.2
      vertex 170.359 -136.529 0.2
    endloop
  endfacet
  facet normal 0 0 1
    outer loop
      vertex 169.143 -85.6016 0.2
      vertex 169.421 -85.9023 0.2
      vertex 169.164 -85.623 0.2
    endloop
  endfacet
  facet normal 0 0 1
    outer loop
      vertex 170.65 -89.2421 0.2
      vertex 169.143 -85.6016 0.2
      vertex 160.4 -76.853 0.2
    endloop
  endfacet
  facet normal 0 0 1
    outer loop
      vertex 170.359 -136.529 0.2
      vertex 169.274 -138.326 0.2
      vertex 170.223 -136.877 0.2
    endloop
  endfacet
  facet normal 0 0 1
    outer loop
      vertex 170.223 -136.877 0.2
      vertex 169.274 -138.326 0.2
      vertex 170.109 -137.12 0.2
    endloop
  endfacet
  facet normal 0 0 1
    outer loop
      vertex 170.109 -137.12 0.2
      vertex 169.274 -138.326 0.2
      vertex 169.93 -137.449 0.2
    endloop
  endfacet
  facet normal 0 0 1
    outer loop
      vertex 169.93 -137.449 0.2
      vertex 169.274 -138.326 0.2
      vertex 169.788 -137.676 0.2
    endloop
  endfacet
  facet normal 0 0 1
    outer loop
      vertex 169.788 -137.676 0.2
      vertex 169.296 -138.302 0.2
      vertex 169.569 -137.98 0.2
    endloop
  endfacet
  facet normal 0 0 1
    outer loop
      vertex 169.569 -137.98 0.2
      vertex 169.296 -138.302 0.2
      vertex 169.422 -138.163 0.2
    endloop
  endfacet
  facet normal 0 0 1
    outer loop
      vertex 169.788 -137.676 0.2
      vertex 169.274 -138.326 0.2
      vertex 169.296 -138.302 0.2
    endloop
  endfacet
  facet normal -0 0 1
    outer loop
      vertex 159.75 -126.925 0.2
      vertex 169.274 -138.326 0.2
      vertex 159.846 -126.906 0.2
    endloop
  endfacet
  facet normal 0 0 1
    outer loop
      vertex 169.274 -138.326 0.2
      vertex 159.75 -126.925 0.2
      vertex 164.466 -143.504 0.2
    endloop
  endfacet
  facet normal -0 0 1
    outer loop
      vertex 158.85 -126.925 0.2
      vertex 164.466 -143.504 0.2
      vertex 159.75 -126.925 0.2
    endloop
  endfacet
  facet normal 0 0 1
    outer loop
      vertex 164.466 -143.504 0.2
      vertex 160.692 -145.15 0.2
      vertex 164.444 -143.527 0.2
    endloop
  endfacet
  facet normal 0 0 1
    outer loop
      vertex 164.161 -143.806 0.2
      vertex 160.692 -145.15 0.2
      vertex 163.893 -144.035 0.2
    endloop
  endfacet
  facet normal 0 0 1
    outer loop
      vertex 163.691 -144.187 0.2
      vertex 160.692 -145.15 0.2
      vertex 163.398 -144.382 0.2
    endloop
  endfacet
  facet normal 0 0 1
    outer loop
      vertex 163.398 -144.382 0.2
      vertex 160.692 -145.15 0.2
      vertex 163.18 -144.51 0.2
    endloop
  endfacet
  facet normal 0 0 1
    outer loop
      vertex 163.18 -144.51 0.2
      vertex 160.692 -145.15 0.2
      vertex 162.865 -144.669 0.2
    endloop
  endfacet
  facet normal 0 0 1
    outer loop
      vertex 162.865 -144.669 0.2
      vertex 160.692 -145.15 0.2
      vertex 162.634 -144.77 0.2
    endloop
  endfacet
  facet normal 0 0 1
    outer loop
      vertex 162.634 -144.77 0.2
      vertex 160.692 -145.15 0.2
      vertex 162.303 -144.892 0.2
    endloop
  endfacet
  facet normal 0 0 1
    outer loop
      vertex 162.303 -144.892 0.2
      vertex 160.692 -145.15 0.2
      vertex 162.062 -144.965 0.2
    endloop
  endfacet
  facet normal 0 0 1
    outer loop
      vertex 159.981 -124.229 0.2
      vertex 170.65 -89.2421 0.2
      vertex 160.4 -76.853 0.2
    endloop
  endfacet
  facet normal 0 0 1
    outer loop
      vertex 160.099 -76.5748 0.2
      vertex 160.4 -76.853 0.2
      vertex 160.378 -76.8321 0.2
    endloop
  endfacet
  facet normal 0 0 1
    outer loop
      vertex 160.099 -76.5748 0.2
      vertex 160.378 -76.8321 0.2
      vertex 160.258 -76.7146 0.2
    endloop
  endfacet
  facet normal 0 0 1
    outer loop
      vertex 156.757 -75.3434 0.2
      vertex 160.4 -76.853 0.2
      vertex 160.099 -76.5748 0.2
    endloop
  endfacet
  facet normal 0 -0 1
    outer loop
      vertex 160.692 -145.15 0.2
      vertex 164.466 -143.504 0.2
      vertex 158.85 -126.925 0.2
    endloop
  endfacet
  facet normal 0 -0 1
    outer loop
      vertex 164.161 -143.806 0.2
      vertex 164.444 -143.527 0.2
      vertex 160.692 -145.15 0.2
    endloop
  endfacet
  facet normal 0 0 1
    outer loop
      vertex 163.893 -144.035 0.2
      vertex 160.692 -145.15 0.2
      vertex 163.691 -144.187 0.2
    endloop
  endfacet
  facet normal 0 0 1
    outer loop
      vertex 162.062 -144.965 0.2
      vertex 160.692 -145.15 0.2
      vertex 161.719 -145.047 0.2
    endloop
  endfacet
  facet normal 0 0 1
    outer loop
      vertex 161.719 -145.047 0.2
      vertex 160.692 -145.15 0.2
      vertex 161.471 -145.091 0.2
    endloop
  endfacet
  facet normal 0 0 1
    outer loop
      vertex 161.471 -145.091 0.2
      vertex 160.692 -145.15 0.2
      vertex 161.121 -145.133 0.2
    endloop
  endfacet
  facet normal 0 0 1
    outer loop
      vertex 161.121 -145.133 0.2
      vertex 160.722 -145.15 0.2
      vertex 160.899 -145.147 0.2
    endloop
  endfacet
  facet normal 0 0 1
    outer loop
      vertex 161.121 -145.133 0.2
      vertex 160.692 -145.15 0.2
      vertex 160.722 -145.15 0.2
    endloop
  endfacet
  facet normal 0 0 1
    outer loop
      vertex 164.444 -143.527 0.2
      vertex 164.161 -143.806 0.2
      vertex 164.322 -143.655 0.2
    endloop
  endfacet
  facet normal 0 0 1
    outer loop
      vertex 158.754 -126.906 0.2
      vertex 160.692 -145.15 0.2
      vertex 158.85 -126.925 0.2
    endloop
  endfacet
  facet normal 0 0 1
    outer loop
      vertex 158.673 -126.852 0.2
      vertex 160.692 -145.15 0.2
      vertex 158.754 -126.906 0.2
    endloop
  endfacet
  facet normal 0 0 1
    outer loop
      vertex 154.325 -124.875 0.2
      vertex 158.673 -126.852 0.2
      vertex 158.619 -126.771 0.2
    endloop
  endfacet
  facet normal 0 0 1
    outer loop
      vertex 156.6 -124.875 0.2
      vertex 158.619 -126.771 0.2
      vertex 158.6 -126.675 0.2
    endloop
  endfacet
  facet normal 0 0 1
    outer loop
      vertex 156.757 -75.3434 0.2
      vertex 158.299 -75.5792 0.2
      vertex 158.067 -75.5124 0.2
    endloop
  endfacet
  facet normal 0 0 1
    outer loop
      vertex 156.757 -75.3434 0.2
      vertex 158.067 -75.5124 0.2
      vertex 157.739 -75.4374 0.2
    endloop
  endfacet
  facet normal 0 0 1
    outer loop
      vertex 156.757 -75.3434 0.2
      vertex 157.739 -75.4374 0.2
      vertex 157.5 -75.3969 0.2
    endloop
  endfacet
  facet normal 0 0 1
    outer loop
      vertex 156.757 -75.3434 0.2
      vertex 157.5 -75.3969 0.2
      vertex 157.166 -75.3592 0.2
    endloop
  endfacet
  facet normal 0 0 1
    outer loop
      vertex 156.786 -75.3436 0.2
      vertex 157.166 -75.3592 0.2
      vertex 156.955 -75.3459 0.2
    endloop
  endfacet
  facet normal 0 0 1
    outer loop
      vertex 156.757 -75.3434 0.2
      vertex 157.166 -75.3592 0.2
      vertex 156.786 -75.3436 0.2
    endloop
  endfacet
  facet normal 0 0 1
    outer loop
      vertex 154.825 -89.075 0.2
      vertex 160.4 -76.853 0.2
      vertex 156.757 -75.3434 0.2
    endloop
  endfacet
  facet normal 0 0 1
    outer loop
      vertex 158.673 -124.148 0.2
      vertex 156.739 -122.882 0.2
      vertex 158.619 -124.229 0.2
    endloop
  endfacet
  facet normal 0 0 1
    outer loop
      vertex 158.619 -124.229 0.2
      vertex 156.75 -124.425 0.2
      vertex 158.6 -124.325 0.2
    endloop
  endfacet
  facet normal 0 0 1
    outer loop
      vertex 156.75 -124.725 0.2
      vertex 158.6 -124.325 0.2
      vertex 156.75 -124.425 0.2
    endloop
  endfacet
  facet normal 0 0 1
    outer loop
      vertex 158.6 -124.85 0.2
      vertex 156.75 -124.725 0.2
      vertex 156.739 -124.782 0.2
    endloop
  endfacet
  facet normal 0 0 1
    outer loop
      vertex 158.619 -126.054 0.2
      vertex 156.706 -124.831 0.2
      vertex 158.6 -126.15 0.2
    endloop
  endfacet
  facet normal -0 0 1
    outer loop
      vertex 156.657 -124.864 0.2
      vertex 158.6 -126.15 0.2
      vertex 156.706 -124.831 0.2
    endloop
  endfacet
  facet normal 0 0 1
    outer loop
      vertex 158.6 -126.15 0.2
      vertex 156.657 -124.864 0.2
      vertex 158.6 -126.675 0.2
    endloop
  endfacet
  facet normal -0 0 1
    outer loop
      vertex 156.6 -124.875 0.2
      vertex 158.6 -126.675 0.2
      vertex 156.657 -124.864 0.2
    endloop
  endfacet
  facet normal 0 0 1
    outer loop
      vertex 158.619 -126.771 0.2
      vertex 156.6 -124.875 0.2
      vertex 155.575 -124.875 0.2
    endloop
  endfacet
  facet normal 0 0 1
    outer loop
      vertex 158.619 -126.771 0.2
      vertex 155.575 -124.875 0.2
      vertex 154.325 -124.875 0.2
    endloop
  endfacet
  facet normal 0 0 1
    outer loop
      vertex 154.325 -124.875 0.2
      vertex 155.575 -124.875 0.2
      vertex 155.518 -124.864 0.2
    endloop
  endfacet
  facet normal 0 0 1
    outer loop
      vertex 154.382 -124.864 0.2
      vertex 155.518 -124.864 0.2
      vertex 155.469 -124.831 0.2
    endloop
  endfacet
  facet normal 0 0 1
    outer loop
      vertex 154.431 -124.831 0.2
      vertex 155.469 -124.831 0.2
      vertex 155.436 -124.782 0.2
    endloop
  endfacet
  facet normal 0 0 1
    outer loop
      vertex 154.481 -121.096 0.2
      vertex 155.419 -121.096 0.2
      vertex 155.4 -121 0.2
    endloop
  endfacet
  facet normal 0 0 1
    outer loop
      vertex 160.4 -76.853 0.2
      vertex 155.075 -91.15 0.2
      vertex 155.075 -91.675 0.2
    endloop
  endfacet
  facet normal 0 0 1
    outer loop
      vertex 156.15 -119.8 0.2
      vertex 154.825 -91.925 0.2
      vertex 155.65 -119.8 0.2
    endloop
  endfacet
  facet normal 0 0 1
    outer loop
      vertex 154.25 -119.8 0.2
      vertex 155.65 -119.8 0.2
      vertex 154.825 -91.925 0.2
    endloop
  endfacet
  facet normal 0 0 1
    outer loop
      vertex 155.65 -119.8 0.2
      vertex 154.481 -119.954 0.2
      vertex 155.554 -119.819 0.2
    endloop
  endfacet
  facet normal 0 0 1
    outer loop
      vertex 154.481 -119.954 0.2
      vertex 155.473 -119.873 0.2
      vertex 155.554 -119.819 0.2
    endloop
  endfacet
  facet normal 0 0 1
    outer loop
      vertex 155.4 -120.05 0.2
      vertex 154.5 -120.05 0.2
      vertex 155.4 -121 0.2
    endloop
  endfacet
  facet normal 0 0 1
    outer loop
      vertex 154.481 -119.954 0.2
      vertex 155.419 -119.954 0.2
      vertex 155.473 -119.873 0.2
    endloop
  endfacet
  facet normal 0 0 1
    outer loop
      vertex 155.419 -119.954 0.2
      vertex 154.5 -120.05 0.2
      vertex 155.4 -120.05 0.2
    endloop
  endfacet
  facet normal 0 0 1
    outer loop
      vertex 154.5 -121 0.2
      vertex 155.4 -121 0.2
      vertex 154.5 -120.05 0.2
    endloop
  endfacet
  facet normal 0 0 1
    outer loop
      vertex 154.481 -121.096 0.2
      vertex 155.4 -121 0.2
      vertex 154.5 -121 0.2
    endloop
  endfacet
  facet normal 0 0 1
    outer loop
      vertex 155.425 -122.525 0.2
      vertex 154.475 -122.525 0.2
      vertex 154.475 -122.825 0.2
    endloop
  endfacet
  facet normal 0 0 1
    outer loop
      vertex 154.427 -121.177 0.2
      vertex 155.419 -121.096 0.2
      vertex 154.481 -121.096 0.2
    endloop
  endfacet
  facet normal 0 0 1
    outer loop
      vertex 154.464 -122.882 0.2
      vertex 155.436 -122.882 0.2
      vertex 154.475 -122.825 0.2
    endloop
  endfacet
  facet normal 0 0 1
    outer loop
      vertex 155.469 -124.319 0.2
      vertex 154.464 -123.832 0.2
      vertex 155.436 -124.368 0.2
    endloop
  endfacet
  facet normal 0 0 1
    outer loop
      vertex 155.436 -124.368 0.2
      vertex 154.475 -124.425 0.2
      vertex 155.425 -124.425 0.2
    endloop
  endfacet
  facet normal 0 0 1
    outer loop
      vertex 155.425 -124.425 0.2
      vertex 154.475 -124.425 0.2
      vertex 155.425 -124.725 0.2
    endloop
  endfacet
  facet normal 0 0 1
    outer loop
      vertex 154.475 -124.725 0.2
      vertex 155.425 -124.725 0.2
      vertex 154.475 -124.425 0.2
    endloop
  endfacet
  facet normal 0 0 1
    outer loop
      vertex 155.425 -124.725 0.2
      vertex 154.475 -124.725 0.2
      vertex 155.436 -124.782 0.2
    endloop
  endfacet
  facet normal 0 0 1
    outer loop
      vertex 154.464 -124.782 0.2
      vertex 155.436 -124.782 0.2
      vertex 154.475 -124.725 0.2
    endloop
  endfacet
  facet normal 0 0 1
    outer loop
      vertex 154.431 -124.831 0.2
      vertex 155.436 -124.782 0.2
      vertex 154.464 -124.782 0.2
    endloop
  endfacet
  facet normal 0 0 1
    outer loop
      vertex 155.469 -124.831 0.2
      vertex 154.431 -124.831 0.2
      vertex 154.382 -124.864 0.2
    endloop
  endfacet
  facet normal 0 0 1
    outer loop
      vertex 155.518 -124.864 0.2
      vertex 154.382 -124.864 0.2
      vertex 154.325 -124.875 0.2
    endloop
  endfacet
  facet normal 0 0 1
    outer loop
      vertex 158.673 -126.852 0.2
      vertex 154.325 -124.875 0.2
      vertex 153.3 -124.875 0.2
    endloop
  endfacet
  facet normal 0 0 1
    outer loop
      vertex 158.673 -126.852 0.2
      vertex 153.3 -124.875 0.2
      vertex 160.692 -145.15 0.2
    endloop
  endfacet
  facet normal 0 0 1
    outer loop
      vertex 153.243 -124.864 0.2
      vertex 160.692 -145.15 0.2
      vertex 153.3 -124.875 0.2
    endloop
  endfacet
  facet normal 0 0 1
    outer loop
      vertex 144.352 -126.162 0.2
      vertex 153.243 -124.864 0.2
      vertex 153.194 -124.831 0.2
    endloop
  endfacet
  facet normal 0 0 1
    outer loop
      vertex 144.406 -126.081 0.2
      vertex 153.194 -124.831 0.2
      vertex 153.161 -124.782 0.2
    endloop
  endfacet
  facet normal 0 0 1
    outer loop
      vertex 153.675 -91.675 0.2
      vertex 148.05 -91.15 0.2
      vertex 148.05 -91.675 0.2
    endloop
  endfacet
  facet normal 0 0 1
    outer loop
      vertex 153.675 -91.675 0.2
      vertex 148.05 -91.675 0.2
      vertex 148.031 -91.7707 0.2
    endloop
  endfacet
  facet normal 0 0 1
    outer loop
      vertex 153.694 -91.7707 0.2
      vertex 148.031 -91.7707 0.2
      vertex 147.977 -91.8518 0.2
    endloop
  endfacet
  facet normal 0 0 1
    outer loop
      vertex 153.573 -119.873 0.2
      vertex 144.425 -125.085 0.2
      vertex 153.519 -119.954 0.2
    endloop
  endfacet
  facet normal 0 -0 1
    outer loop
      vertex 153.161 -122.468 0.2
      vertex 153.5 -120.05 0.2
      vertex 144.425 -125.085 0.2
    endloop
  endfacet
  facet normal 0 0 1
    outer loop
      vertex 153.519 -121.096 0.2
      vertex 153.194 -122.419 0.2
      vertex 153.243 -122.386 0.2
    endloop
  endfacet
  facet normal 0 0 1
    outer loop
      vertex 153.5 -121 0.2
      vertex 153.161 -122.468 0.2
      vertex 153.194 -122.419 0.2
    endloop
  endfacet
  facet normal 0 0 1
    outer loop
      vertex 153.161 -122.468 0.2
      vertex 144.425 -125.085 0.2
      vertex 153.15 -122.525 0.2
    endloop
  endfacet
  facet normal 0 0 1
    outer loop
      vertex 153.519 -119.954 0.2
      vertex 144.425 -125.085 0.2
      vertex 153.5 -120.05 0.2
    endloop
  endfacet
  facet normal 0 0 1
    outer loop
      vertex 144.425 -125.085 0.2
      vertex 146.804 -91.906 0.2
      vertex 146.723 -91.8518 0.2
    endloop
  endfacet
  facet normal 0 0 1
    outer loop
      vertex 144.425 -125.085 0.2
      vertex 146.723 -91.8518 0.2
      vertex 146.669 -91.7707 0.2
    endloop
  endfacet
  facet normal 0 0 1
    outer loop
      vertex 144.425 -125.085 0.2
      vertex 146.669 -91.7707 0.2
      vertex 146.65 -91.675 0.2
    endloop
  endfacet
  facet normal 0 0 1
    outer loop
      vertex 153.15 -124.425 0.2
      vertex 144.425 -125.085 0.2
      vertex 153.15 -124.725 0.2
    endloop
  endfacet
  facet normal 0 0 1
    outer loop
      vertex 144.425 -125.985 0.2
      vertex 153.15 -124.725 0.2
      vertex 144.425 -125.085 0.2
    endloop
  endfacet
  facet normal 0 0 1
    outer loop
      vertex 153.15 -124.725 0.2
      vertex 144.425 -125.985 0.2
      vertex 153.161 -124.782 0.2
    endloop
  endfacet
  facet normal 0 0 1
    outer loop
      vertex 144.406 -126.081 0.2
      vertex 153.161 -124.782 0.2
      vertex 144.425 -125.985 0.2
    endloop
  endfacet
  facet normal 0 0 1
    outer loop
      vertex 153.194 -124.831 0.2
      vertex 144.406 -126.081 0.2
      vertex 144.352 -126.162 0.2
    endloop
  endfacet
  facet normal 0 0 1
    outer loop
      vertex 153.243 -124.864 0.2
      vertex 144.352 -126.162 0.2
      vertex 144.271 -126.216 0.2
    endloop
  endfacet
  facet normal 0 0 1
    outer loop
      vertex 153.243 -124.864 0.2
      vertex 144.271 -126.216 0.2
      vertex 160.692 -145.15 0.2
    endloop
  endfacet
  facet normal -0 0 1
    outer loop
      vertex 144.175 -126.235 0.2
      vertex 160.692 -145.15 0.2
      vertex 144.271 -126.216 0.2
    endloop
  endfacet
  facet normal -0 0 1
    outer loop
      vertex 143.65 -126.235 0.2
      vertex 160.692 -145.15 0.2
      vertex 144.175 -126.235 0.2
    endloop
  endfacet
  facet normal 0 0 1
    outer loop
      vertex 142.35 -126.235 0.2
      vertex 143.65 -126.235 0.2
      vertex 143.554 -126.216 0.2
    endloop
  endfacet
  facet normal 0 0 1
    outer loop
      vertex 142.446 -126.216 0.2
      vertex 143.554 -126.216 0.2
      vertex 143.473 -126.162 0.2
    endloop
  endfacet
  facet normal 0 0 1
    outer loop
      vertex 142.6 -125.985 0.2
      vertex 143.4 -125.985 0.2
      vertex 142.6 -125.085 0.2
    endloop
  endfacet
  facet normal 0 0 1
    outer loop
      vertex 143.4 -125.985 0.2
      vertex 142.6 -125.985 0.2
      vertex 143.419 -126.081 0.2
    endloop
  endfacet
  facet normal 0 0 1
    outer loop
      vertex 142.581 -126.081 0.2
      vertex 143.419 -126.081 0.2
      vertex 142.6 -125.985 0.2
    endloop
  endfacet
  facet normal 0 0 1
    outer loop
      vertex 143.419 -126.081 0.2
      vertex 142.581 -126.081 0.2
      vertex 143.473 -126.162 0.2
    endloop
  endfacet
  facet normal 0 0 1
    outer loop
      vertex 142.527 -126.162 0.2
      vertex 143.473 -126.162 0.2
      vertex 142.581 -126.081 0.2
    endloop
  endfacet
  facet normal 0 0 1
    outer loop
      vertex 142.446 -126.216 0.2
      vertex 143.473 -126.162 0.2
      vertex 142.527 -126.162 0.2
    endloop
  endfacet
  facet normal 0 0 1
    outer loop
      vertex 143.554 -126.216 0.2
      vertex 142.446 -126.216 0.2
      vertex 142.35 -126.235 0.2
    endloop
  endfacet
  facet normal 0 0 1
    outer loop
      vertex 143.65 -126.235 0.2
      vertex 142.35 -126.235 0.2
      vertex 160.692 -145.15 0.2
    endloop
  endfacet
  facet normal -0 0 1
    outer loop
      vertex 141.825 -126.235 0.2
      vertex 160.692 -145.15 0.2
      vertex 142.35 -126.235 0.2
    endloop
  endfacet
  facet normal 0 0 1
    outer loop
      vertex 126.406 -130.661 0.2
      vertex 141.825 -126.235 0.2
      vertex 141.729 -126.216 0.2
    endloop
  endfacet
  facet normal 0 0 1
    outer loop
      vertex 129.877 -127.152 0.2
      vertex 141.729 -126.216 0.2
      vertex 141.648 -126.162 0.2
    endloop
  endfacet
  facet normal 0 0 1
    outer loop
      vertex 146.65 -91.675 0.2
      vertex 141.05 -91.15 0.2
      vertex 141.05 -91.675 0.2
    endloop
  endfacet
  facet normal 0 0 1
    outer loop
      vertex 146.65 -91.675 0.2
      vertex 141.05 -91.675 0.2
      vertex 141.031 -91.7707 0.2
    endloop
  endfacet
  facet normal 0 0 1
    outer loop
      vertex 146.65 -91.675 0.2
      vertex 141.031 -91.7707 0.2
      vertex 140.977 -91.8518 0.2
    endloop
  endfacet
  facet normal -0 0 1
    outer loop
      vertex 132.45 -119.237 0.2
      vertex 141.729 -124.854 0.2
      vertex 132.45 -118.337 0.2
    endloop
  endfacet
  facet normal 0 0 1
    outer loop
      vertex 141.729 -124.854 0.2
      vertex 132.45 -119.237 0.2
      vertex 141.648 -124.908 0.2
    endloop
  endfacet
  facet normal -0 0 1
    outer loop
      vertex 132.431 -119.333 0.2
      vertex 141.648 -124.908 0.2
      vertex 132.45 -119.237 0.2
    endloop
  endfacet
  facet normal 0 0 1
    outer loop
      vertex 132.45 -118.337 0.2
      vertex 140.896 -91.906 0.2
      vertex 140.8 -91.925 0.2
    endloop
  endfacet
  facet normal 0 0 1
    outer loop
      vertex 132.45 -118.337 0.2
      vertex 140.8 -91.925 0.2
      vertex 139.9 -91.925 0.2
    endloop
  endfacet
  facet normal 0 0 1
    outer loop
      vertex 132.45 -118.337 0.2
      vertex 139.9 -91.925 0.2
      vertex 139.804 -91.906 0.2
    endloop
  endfacet
  facet normal 0 0 1
    outer loop
      vertex 133.896 -91.906 0.2
      vertex 139.804 -91.906 0.2
      vertex 139.723 -91.8518 0.2
    endloop
  endfacet
  facet normal 0 0 1
    outer loop
      vertex 133.977 -91.8518 0.2
      vertex 139.723 -91.8518 0.2
      vertex 139.669 -91.7707 0.2
    endloop
  endfacet
  facet normal 0 0 1
    outer loop
      vertex 134.031 -91.7707 0.2
      vertex 139.669 -91.7707 0.2
      vertex 139.65 -91.675 0.2
    endloop
  endfacet
  facet normal 0 0 1
    outer loop
      vertex 139.669 -91.0543 0.2
      vertex 134.05 -91.15 0.2
      vertex 139.65 -91.15 0.2
    endloop
  endfacet
  facet normal 0 0 1
    outer loop
      vertex 139.65 -91.15 0.2
      vertex 134.05 -91.15 0.2
      vertex 139.65 -91.675 0.2
    endloop
  endfacet
  facet normal 0 0 1
    outer loop
      vertex 134.05 -91.675 0.2
      vertex 139.65 -91.675 0.2
      vertex 134.05 -91.15 0.2
    endloop
  endfacet
  facet normal 0 0 1
    outer loop
      vertex 134.031 -91.7707 0.2
      vertex 139.65 -91.675 0.2
      vertex 134.05 -91.675 0.2
    endloop
  endfacet
  facet normal 0 0 1
    outer loop
      vertex 139.669 -91.7707 0.2
      vertex 134.031 -91.7707 0.2
      vertex 133.977 -91.8518 0.2
    endloop
  endfacet
  facet normal 0 0 1
    outer loop
      vertex 139.723 -91.8518 0.2
      vertex 133.977 -91.8518 0.2
      vertex 133.896 -91.906 0.2
    endloop
  endfacet
  facet normal 0 0 1
    outer loop
      vertex 141.648 -124.908 0.2
      vertex 132.431 -119.333 0.2
      vertex 141.594 -124.989 0.2
    endloop
  endfacet
  facet normal 0 0 1
    outer loop
      vertex 139.804 -91.906 0.2
      vertex 133.896 -91.906 0.2
      vertex 132.45 -118.337 0.2
    endloop
  endfacet
  facet normal 0 0 1
    outer loop
      vertex 132.45 -118.337 0.2
      vertex 133.896 -91.906 0.2
      vertex 133.8 -91.925 0.2
    endloop
  endfacet
  facet normal 0 0 1
    outer loop
      vertex 132.45 -118.337 0.2
      vertex 133.8 -91.925 0.2
      vertex 132.9 -91.925 0.2
    endloop
  endfacet
  facet normal 0 0 1
    outer loop
      vertex 132.45 -118.337 0.2
      vertex 132.9 -91.925 0.2
      vertex 132.804 -91.906 0.2
    endloop
  endfacet
  facet normal 0 0 1
    outer loop
      vertex 132.45 -118.337 0.2
      vertex 132.804 -91.906 0.2
      vertex 132.723 -91.8518 0.2
    endloop
  endfacet
  facet normal 0 0 1
    outer loop
      vertex 132.45 -118.337 0.2
      vertex 132.723 -91.8518 0.2
      vertex 132.669 -91.7707 0.2
    endloop
  endfacet
  facet normal 0 0 1
    outer loop
      vertex 132.45 -118.337 0.2
      vertex 132.669 -91.7707 0.2
      vertex 132.65 -91.675 0.2
    endloop
  endfacet
  facet normal -0 0 1
    outer loop
      vertex 132.377 -119.414 0.2
      vertex 141.594 -124.989 0.2
      vertex 132.431 -119.333 0.2
    endloop
  endfacet
  facet normal 0 0 1
    outer loop
      vertex 141.594 -124.989 0.2
      vertex 132.377 -119.414 0.2
      vertex 141.575 -125.085 0.2
    endloop
  endfacet
  facet normal 0 0 1
    outer loop
      vertex 129.931 -125.929 0.2
      vertex 141.575 -125.085 0.2
      vertex 132.377 -119.414 0.2
    endloop
  endfacet
  facet normal 0 0 1
    outer loop
      vertex 141.575 -125.085 0.2
      vertex 129.95 -126.025 0.2
      vertex 141.575 -125.985 0.2
    endloop
  endfacet
  facet normal 0 0 1
    outer loop
      vertex 129.95 -126.975 0.2
      vertex 141.575 -125.985 0.2
      vertex 129.95 -126.025 0.2
    endloop
  endfacet
  facet normal 0 0 1
    outer loop
      vertex 141.575 -125.985 0.2
      vertex 129.95 -126.975 0.2
      vertex 141.594 -126.081 0.2
    endloop
  endfacet
  facet normal 0 0 1
    outer loop
      vertex 129.931 -125.929 0.2
      vertex 132.377 -119.414 0.2
      vertex 132.296 -119.468 0.2
    endloop
  endfacet
  facet normal 0 0 1
    outer loop
      vertex 129.931 -125.929 0.2
      vertex 132.296 -119.468 0.2
      vertex 132.2 -119.487 0.2
    endloop
  endfacet
  facet normal 0 0 1
    outer loop
      vertex 129.931 -125.929 0.2
      vertex 132.2 -119.487 0.2
      vertex 131.675 -119.487 0.2
    endloop
  endfacet
  facet normal 0 0 1
    outer loop
      vertex 130.375 -119.487 0.2
      vertex 131.675 -119.487 0.2
      vertex 131.579 -119.468 0.2
    endloop
  endfacet
  facet normal 0 0 1
    outer loop
      vertex 130.471 -119.468 0.2
      vertex 131.579 -119.468 0.2
      vertex 131.498 -119.414 0.2
    endloop
  endfacet
  facet normal 0 0 1
    outer loop
      vertex 130.625 -119.237 0.2
      vertex 131.425 -119.237 0.2
      vertex 130.625 -118.337 0.2
    endloop
  endfacet
  facet normal 0 0 1
    outer loop
      vertex 131.425 -119.237 0.2
      vertex 130.625 -119.237 0.2
      vertex 131.444 -119.333 0.2
    endloop
  endfacet
  facet normal 0 0 1
    outer loop
      vertex 130.606 -119.333 0.2
      vertex 131.444 -119.333 0.2
      vertex 130.625 -119.237 0.2
    endloop
  endfacet
  facet normal 0 0 1
    outer loop
      vertex 131.444 -119.333 0.2
      vertex 130.606 -119.333 0.2
      vertex 131.498 -119.414 0.2
    endloop
  endfacet
  facet normal 0 0 1
    outer loop
      vertex 130.552 -119.414 0.2
      vertex 131.498 -119.414 0.2
      vertex 130.606 -119.333 0.2
    endloop
  endfacet
  facet normal 0 0 1
    outer loop
      vertex 130.471 -119.468 0.2
      vertex 131.498 -119.414 0.2
      vertex 130.552 -119.414 0.2
    endloop
  endfacet
  facet normal 0 0 1
    outer loop
      vertex 130.375 -119.487 0.2
      vertex 131.579 -119.468 0.2
      vertex 130.471 -119.468 0.2
    endloop
  endfacet
  facet normal 0 0 1
    outer loop
      vertex 129.796 -125.794 0.2
      vertex 131.675 -119.487 0.2
      vertex 130.375 -119.487 0.2
    endloop
  endfacet
  facet normal 0 0 1
    outer loop
      vertex 129.931 -127.071 0.2
      vertex 141.594 -126.081 0.2
      vertex 129.95 -126.975 0.2
    endloop
  endfacet
  facet normal 0 0 1
    outer loop
      vertex 141.594 -126.081 0.2
      vertex 129.931 -127.071 0.2
      vertex 141.648 -126.162 0.2
    endloop
  endfacet
  facet normal 0 0 1
    outer loop
      vertex 129.877 -127.152 0.2
      vertex 141.648 -126.162 0.2
      vertex 129.931 -127.071 0.2
    endloop
  endfacet
  facet normal 0 0 1
    outer loop
      vertex 141.729 -126.216 0.2
      vertex 129.877 -127.152 0.2
      vertex 126.406 -130.661 0.2
    endloop
  endfacet
  facet normal 0 0 1
    outer loop
      vertex 126.439 -130.612 0.2
      vertex 129.877 -127.152 0.2
      vertex 129.796 -127.206 0.2
    endloop
  endfacet
  facet normal 0 0 1
    outer loop
      vertex 126.45 -130.555 0.2
      vertex 129.796 -127.206 0.2
      vertex 129.7 -127.225 0.2
    endloop
  endfacet
  facet normal 0 0 1
    outer loop
      vertex 126.45 -130.255 0.2
      vertex 129.7 -127.225 0.2
      vertex 129.2 -127.225 0.2
    endloop
  endfacet
  facet normal 0 0 1
    outer loop
      vertex 126.45 -129.285 0.2
      vertex 129.2 -127.225 0.2
      vertex 129.104 -127.206 0.2
    endloop
  endfacet
  facet normal 0 0 1
    outer loop
      vertex 128.05 -126.975 0.2
      vertex 128.95 -126.975 0.2
      vertex 128.05 -126.025 0.2
    endloop
  endfacet
  facet normal 0 0 1
    outer loop
      vertex 128.95 -126.975 0.2
      vertex 128.05 -126.975 0.2
      vertex 128.969 -127.071 0.2
    endloop
  endfacet
  facet normal 0 0 1
    outer loop
      vertex 128.031 -127.071 0.2
      vertex 128.969 -127.071 0.2
      vertex 128.05 -126.975 0.2
    endloop
  endfacet
  facet normal 0 0 1
    outer loop
      vertex 128.969 -127.071 0.2
      vertex 128.031 -127.071 0.2
      vertex 129.023 -127.152 0.2
    endloop
  endfacet
  facet normal 0 0 1
    outer loop
      vertex 127.977 -127.152 0.2
      vertex 129.023 -127.152 0.2
      vertex 128.031 -127.071 0.2
    endloop
  endfacet
  facet normal 0 0 1
    outer loop
      vertex 129.023 -127.152 0.2
      vertex 127.977 -127.152 0.2
      vertex 129.104 -127.206 0.2
    endloop
  endfacet
  facet normal 0 0 1
    outer loop
      vertex 127.896 -127.206 0.2
      vertex 129.104 -127.206 0.2
      vertex 127.977 -127.152 0.2
    endloop
  endfacet
  facet normal 0 0 1
    outer loop
      vertex 126.45 -129.285 0.2
      vertex 129.104 -127.206 0.2
      vertex 127.896 -127.206 0.2
    endloop
  endfacet
  facet normal 0 0 1
    outer loop
      vertex 126.45 -128.985 0.2
      vertex 127.896 -127.206 0.2
      vertex 127.8 -127.225 0.2
    endloop
  endfacet
  facet normal 0 0 1
    outer loop
      vertex 126.439 -128.072 0.2
      vertex 127.3 -127.225 0.2
      vertex 126.45 -128.015 0.2
    endloop
  endfacet
  facet normal 0 0 1
    outer loop
      vertex 126.45 -128.015 0.2
      vertex 127.3 -127.225 0.2
      vertex 127.204 -127.206 0.2
    endloop
  endfacet
  facet normal -0 0 1
    outer loop
      vertex 119.896 -91.906 0.2
      vertex 129.754 -118.106 0.2
      vertex 125.804 -91.906 0.2
    endloop
  endfacet
  facet normal 0 0 1
    outer loop
      vertex 127.123 -125.848 0.2
      vertex 126.439 -126.388 0.2
      vertex 127.069 -125.929 0.2
    endloop
  endfacet
  facet normal 0 0 1
    outer loop
      vertex 126.439 -126.388 0.2
      vertex 127.05 -126.025 0.2
      vertex 127.069 -125.929 0.2
    endloop
  endfacet
  facet normal 0 0 1
    outer loop
      vertex 127.05 -126.025 0.2
      vertex 126.45 -126.445 0.2
      vertex 127.05 -126.975 0.2
    endloop
  endfacet
  facet normal -0 0 1
    outer loop
      vertex 126.45 -126.745 0.2
      vertex 127.05 -126.975 0.2
      vertex 126.45 -126.445 0.2
    endloop
  endfacet
  facet normal -0 0 1
    outer loop
      vertex 126.439 -126.802 0.2
      vertex 127.05 -126.975 0.2
      vertex 126.45 -126.745 0.2
    endloop
  endfacet
  facet normal -0 0 1
    outer loop
      vertex 126.406 -126.851 0.2
      vertex 127.05 -126.975 0.2
      vertex 126.439 -126.802 0.2
    endloop
  endfacet
  facet normal 0 0 1
    outer loop
      vertex 127.069 -127.071 0.2
      vertex 126.45 -127.715 0.2
      vertex 127.123 -127.152 0.2
    endloop
  endfacet
  facet normal 0 0 1
    outer loop
      vertex 127.123 -127.152 0.2
      vertex 126.45 -127.715 0.2
      vertex 127.204 -127.206 0.2
    endloop
  endfacet
  facet normal 0 0 1
    outer loop
      vertex 126.45 -128.015 0.2
      vertex 127.204 -127.206 0.2
      vertex 126.45 -127.715 0.2
    endloop
  endfacet
  facet normal -0 0 1
    outer loop
      vertex 127.3 -127.225 0.2
      vertex 126.439 -128.072 0.2
      vertex 127.8 -127.225 0.2
    endloop
  endfacet
  facet normal 0 0 1
    outer loop
      vertex 127.896 -127.206 0.2
      vertex 126.45 -128.985 0.2
      vertex 126.45 -129.285 0.2
    endloop
  endfacet
  facet normal 0 0 1
    outer loop
      vertex 129.2 -127.225 0.2
      vertex 126.45 -129.285 0.2
      vertex 126.45 -130.255 0.2
    endloop
  endfacet
  facet normal 0 0 1
    outer loop
      vertex 129.7 -127.225 0.2
      vertex 126.45 -130.255 0.2
      vertex 126.45 -130.555 0.2
    endloop
  endfacet
  facet normal 0 0 1
    outer loop
      vertex 129.796 -127.206 0.2
      vertex 126.45 -130.555 0.2
      vertex 126.439 -130.612 0.2
    endloop
  endfacet
  facet normal 0 0 1
    outer loop
      vertex 129.877 -127.152 0.2
      vertex 126.439 -130.612 0.2
      vertex 126.406 -130.661 0.2
    endloop
  endfacet
  facet normal 0 0 1
    outer loop
      vertex 141.825 -126.235 0.2
      vertex 126.406 -130.661 0.2
      vertex 160.692 -145.15 0.2
    endloop
  endfacet
  facet normal -0 0 1
    outer loop
      vertex 126.357 -130.694 0.2
      vertex 160.692 -145.15 0.2
      vertex 126.406 -130.661 0.2
    endloop
  endfacet
  facet normal -0 0 1
    outer loop
      vertex 126.3 -130.705 0.2
      vertex 160.692 -145.15 0.2
      vertex 126.357 -130.694 0.2
    endloop
  endfacet
  facet normal 0 0 1
    outer loop
      vertex 94 -145.15 0.2
      vertex 126.3 -130.705 0.2
      vertex 124.65 -130.705 0.2
    endloop
  endfacet
  facet normal 0 0 1
    outer loop
      vertex 121.35 -130.705 0.2
      vertex 124.65 -130.705 0.2
      vertex 124.593 -130.694 0.2
    endloop
  endfacet
  facet normal 0 0 1
    outer loop
      vertex 124.511 -127.658 0.2
      vertex 121.5 -127.715 0.2
      vertex 124.5 -127.715 0.2
    endloop
  endfacet
  facet normal 0 0 1
    outer loop
      vertex 124.511 -128.072 0.2
      vertex 121.489 -128.072 0.2
      vertex 124.511 -128.928 0.2
    endloop
  endfacet
  facet normal 0 0 1
    outer loop
      vertex 121.5 -129.285 0.2
      vertex 124.5 -129.285 0.2
      vertex 121.5 -128.985 0.2
    endloop
  endfacet
  facet normal 0 0 1
    outer loop
      vertex 124.511 -129.342 0.2
      vertex 121.489 -129.342 0.2
      vertex 124.511 -130.198 0.2
    endloop
  endfacet
  facet normal 0 0 1
    outer loop
      vertex 124.511 -130.198 0.2
      vertex 121.5 -130.255 0.2
      vertex 124.5 -130.255 0.2
    endloop
  endfacet
  facet normal 0 0 1
    outer loop
      vertex 124.5 -130.255 0.2
      vertex 121.5 -130.255 0.2
      vertex 124.5 -130.555 0.2
    endloop
  endfacet
  facet normal 0 0 1
    outer loop
      vertex 121.5 -130.555 0.2
      vertex 124.5 -130.555 0.2
      vertex 121.5 -130.255 0.2
    endloop
  endfacet
  facet normal 0 0 1
    outer loop
      vertex 124.5 -130.555 0.2
      vertex 121.5 -130.555 0.2
      vertex 124.511 -130.612 0.2
    endloop
  endfacet
  facet normal 0 0 1
    outer loop
      vertex 121.489 -130.612 0.2
      vertex 124.511 -130.612 0.2
      vertex 121.5 -130.555 0.2
    endloop
  endfacet
  facet normal 0 0 1
    outer loop
      vertex 124.511 -130.612 0.2
      vertex 121.489 -130.612 0.2
      vertex 124.544 -130.661 0.2
    endloop
  endfacet
  facet normal 0 0 1
    outer loop
      vertex 121.456 -130.661 0.2
      vertex 124.544 -130.661 0.2
      vertex 121.489 -130.612 0.2
    endloop
  endfacet
  facet normal 0 0 1
    outer loop
      vertex 124.544 -130.661 0.2
      vertex 121.456 -130.661 0.2
      vertex 124.593 -130.694 0.2
    endloop
  endfacet
  facet normal 0 0 1
    outer loop
      vertex 121.407 -130.694 0.2
      vertex 124.593 -130.694 0.2
      vertex 121.456 -130.661 0.2
    endloop
  endfacet
  facet normal 0 0 1
    outer loop
      vertex 121.35 -130.705 0.2
      vertex 124.593 -130.694 0.2
      vertex 121.407 -130.694 0.2
    endloop
  endfacet
  facet normal 0 0 1
    outer loop
      vertex 124.65 -130.705 0.2
      vertex 121.35 -130.705 0.2
      vertex 94 -145.15 0.2
    endloop
  endfacet
  facet normal 0 0 1
    outer loop
      vertex 94 -145.15 0.2
      vertex 121.35 -130.705 0.2
      vertex 119.7 -130.705 0.2
    endloop
  endfacet
  facet normal 0 0 1
    outer loop
      vertex 94 -145.15 0.2
      vertex 119.7 -130.705 0.2
      vertex 119.643 -130.694 0.2
    endloop
  endfacet
  facet normal 0 0 1
    outer loop
      vertex 112.825 -91.925 0.2
      vertex 118.9 -91.925 0.2
      vertex 118.804 -91.906 0.2
    endloop
  endfacet
  facet normal 0 0 1
    outer loop
      vertex 112.921 -91.906 0.2
      vertex 118.804 -91.906 0.2
      vertex 118.723 -91.8518 0.2
    endloop
  endfacet
  facet normal 0 0 1
    outer loop
      vertex 113.002 -91.8518 0.2
      vertex 118.723 -91.8518 0.2
      vertex 118.669 -91.7707 0.2
    endloop
  endfacet
  facet normal 0 0 1
    outer loop
      vertex 113.056 -91.7707 0.2
      vertex 118.669 -91.7707 0.2
      vertex 118.65 -91.675 0.2
    endloop
  endfacet
  facet normal 0 0 1
    outer loop
      vertex 118.669 -91.0543 0.2
      vertex 113.075 -91.15 0.2
      vertex 118.65 -91.15 0.2
    endloop
  endfacet
  facet normal 0 0 1
    outer loop
      vertex 118.65 -91.15 0.2
      vertex 113.075 -91.15 0.2
      vertex 118.65 -91.675 0.2
    endloop
  endfacet
  facet normal 0 0 1
    outer loop
      vertex 113.075 -91.675 0.2
      vertex 118.65 -91.675 0.2
      vertex 113.075 -91.15 0.2
    endloop
  endfacet
  facet normal 0 0 1
    outer loop
      vertex 113.056 -91.7707 0.2
      vertex 118.65 -91.675 0.2
      vertex 113.075 -91.675 0.2
    endloop
  endfacet
  facet normal 0 0 1
    outer loop
      vertex 118.669 -91.7707 0.2
      vertex 113.056 -91.7707 0.2
      vertex 113.002 -91.8518 0.2
    endloop
  endfacet
  facet normal 0 0 1
    outer loop
      vertex 118.723 -91.8518 0.2
      vertex 113.002 -91.8518 0.2
      vertex 112.921 -91.906 0.2
    endloop
  endfacet
  facet normal 0 0 1
    outer loop
      vertex 118.804 -91.906 0.2
      vertex 112.921 -91.906 0.2
      vertex 112.825 -91.925 0.2
    endloop
  endfacet
  facet normal -0 0 1
    outer loop
      vertex 104.9 -91.925 0.2
      vertex 119.594 -126.339 0.2
      vertex 105.8 -91.925 0.2
    endloop
  endfacet
  facet normal -0 0 1
    outer loop
      vertex 98.725 -91.925 0.2
      vertex 119.594 -126.339 0.2
      vertex 104.9 -91.925 0.2
    endloop
  endfacet
  facet normal 0 0 1
    outer loop
      vertex 105.8 -91.925 0.2
      vertex 111.925 -91.925 0.2
      vertex 111.829 -91.906 0.2
    endloop
  endfacet
  facet normal 0 0 1
    outer loop
      vertex 119.594 -126.339 0.2
      vertex 98.725 -91.925 0.2
      vertex 119.561 -126.388 0.2
    endloop
  endfacet
  facet normal 0 0 1
    outer loop
      vertex 105.896 -91.906 0.2
      vertex 111.829 -91.906 0.2
      vertex 111.748 -91.8518 0.2
    endloop
  endfacet
  facet normal 0 0 1
    outer loop
      vertex 105.977 -91.8518 0.2
      vertex 111.748 -91.8518 0.2
      vertex 111.694 -91.7707 0.2
    endloop
  endfacet
  facet normal 0 0 1
    outer loop
      vertex 111.694 -91.0543 0.2
      vertex 106.05 -91.15 0.2
      vertex 111.675 -91.15 0.2
    endloop
  endfacet
  facet normal 0 0 1
    outer loop
      vertex 111.675 -91.15 0.2
      vertex 106.05 -91.15 0.2
      vertex 111.675 -91.675 0.2
    endloop
  endfacet
  facet normal 0 0 1
    outer loop
      vertex 106.05 -91.675 0.2
      vertex 111.675 -91.675 0.2
      vertex 106.05 -91.15 0.2
    endloop
  endfacet
  facet normal 0 0 1
    outer loop
      vertex 111.675 -91.675 0.2
      vertex 106.05 -91.675 0.2
      vertex 111.694 -91.7707 0.2
    endloop
  endfacet
  facet normal 0 0 1
    outer loop
      vertex 106.031 -91.7707 0.2
      vertex 111.694 -91.7707 0.2
      vertex 106.05 -91.675 0.2
    endloop
  endfacet
  facet normal 0 0 1
    outer loop
      vertex 105.977 -91.8518 0.2
      vertex 111.694 -91.7707 0.2
      vertex 106.031 -91.7707 0.2
    endloop
  endfacet
  facet normal 0 0 1
    outer loop
      vertex 111.748 -91.8518 0.2
      vertex 105.977 -91.8518 0.2
      vertex 105.896 -91.906 0.2
    endloop
  endfacet
  facet normal 0 0 1
    outer loop
      vertex 111.829 -91.906 0.2
      vertex 105.896 -91.906 0.2
      vertex 105.8 -91.925 0.2
    endloop
  endfacet
  facet normal -0 0 1
    outer loop
      vertex 97.825 -91.925 0.2
      vertex 119.561 -126.388 0.2
      vertex 98.725 -91.925 0.2
    endloop
  endfacet
  facet normal 0 0 1
    outer loop
      vertex 88.85 -140 0.2
      vertex 119.561 -126.388 0.2
      vertex 97.825 -91.925 0.2
    endloop
  endfacet
  facet normal 0 0 1
    outer loop
      vertex 98.725 -91.925 0.2
      vertex 104.9 -91.925 0.2
      vertex 104.804 -91.906 0.2
    endloop
  endfacet
  facet normal 0 0 1
    outer loop
      vertex 98.8207 -91.906 0.2
      vertex 104.804 -91.906 0.2
      vertex 104.723 -91.8518 0.2
    endloop
  endfacet
  facet normal 0 0 1
    outer loop
      vertex 98.9018 -91.8518 0.2
      vertex 104.723 -91.8518 0.2
      vertex 104.669 -91.7707 0.2
    endloop
  endfacet
  facet normal 0 0 1
    outer loop
      vertex 104.669 -91.0543 0.2
      vertex 98.975 -91.15 0.2
      vertex 104.65 -91.15 0.2
    endloop
  endfacet
  facet normal 0 0 1
    outer loop
      vertex 104.65 -91.15 0.2
      vertex 98.975 -91.15 0.2
      vertex 104.65 -91.675 0.2
    endloop
  endfacet
  facet normal 0 0 1
    outer loop
      vertex 98.975 -91.675 0.2
      vertex 104.65 -91.675 0.2
      vertex 98.975 -91.15 0.2
    endloop
  endfacet
  facet normal 0 0 1
    outer loop
      vertex 104.65 -91.675 0.2
      vertex 98.975 -91.675 0.2
      vertex 104.669 -91.7707 0.2
    endloop
  endfacet
  facet normal 0 0 1
    outer loop
      vertex 98.956 -91.7707 0.2
      vertex 104.669 -91.7707 0.2
      vertex 98.975 -91.675 0.2
    endloop
  endfacet
  facet normal 0 0 1
    outer loop
      vertex 98.9018 -91.8518 0.2
      vertex 104.669 -91.7707 0.2
      vertex 98.956 -91.7707 0.2
    endloop
  endfacet
  facet normal 0 0 1
    outer loop
      vertex 104.723 -91.8518 0.2
      vertex 98.9018 -91.8518 0.2
      vertex 98.8207 -91.906 0.2
    endloop
  endfacet
  facet normal 0 0 1
    outer loop
      vertex 104.804 -91.906 0.2
      vertex 98.8207 -91.906 0.2
      vertex 98.725 -91.925 0.2
    endloop
  endfacet
  facet normal 0 0 1
    outer loop
      vertex 119.55 -130.255 0.2
      vertex 88.85 -140 0.2
      vertex 119.55 -130.555 0.2
    endloop
  endfacet
  facet normal 0 0 1
    outer loop
      vertex 119.561 -126.388 0.2
      vertex 88.85 -140 0.2
      vertex 119.55 -126.445 0.2
    endloop
  endfacet
  facet normal 0 0 1
    outer loop
      vertex 88.85 -140 0.2
      vertex 97.825 -91.925 0.2
      vertex 97.7293 -91.906 0.2
    endloop
  endfacet
  facet normal 0 0 1
    outer loop
      vertex 88.85 -140 0.2
      vertex 97.7293 -91.906 0.2
      vertex 97.6482 -91.8518 0.2
    endloop
  endfacet
  facet normal 0 0 1
    outer loop
      vertex 88.85 -140 0.2
      vertex 97.6482 -91.8518 0.2
      vertex 97.594 -91.7707 0.2
    endloop
  endfacet
  facet normal 0 0 1
    outer loop
      vertex 97.575 -91.15 0.2
      vertex 88.85 -80.4934 0.2
      vertex 97.575 -91.675 0.2
    endloop
  endfacet
  facet normal 0 0 1
    outer loop
      vertex 126.3 -130.705 0.2
      vertex 94 -145.15 0.2
      vertex 160.692 -145.15 0.2
    endloop
  endfacet
  facet normal 0 0 1
    outer loop
      vertex 119.594 -130.661 0.2
      vertex 94 -145.15 0.2
      vertex 119.643 -130.694 0.2
    endloop
  endfacet
  facet normal 0 0 1
    outer loop
      vertex 119.561 -130.612 0.2
      vertex 94 -145.15 0.2
      vertex 119.594 -130.661 0.2
    endloop
  endfacet
  facet normal 0 -0 1
    outer loop
      vertex 94 -145.15 0.2
      vertex 119.55 -130.555 0.2
      vertex 88.85 -140 0.2
    endloop
  endfacet
  facet normal 0 0 1
    outer loop
      vertex 97.575 -91.675 0.2
      vertex 88.85 -80.4934 0.2
      vertex 97.594 -91.7707 0.2
    endloop
  endfacet
  facet normal 0 0 1
    outer loop
      vertex 88.85 -80.4934 0.2
      vertex 94 -75.3434 0.2
      vertex 93.9694 -75.3436 0.2
    endloop
  endfacet
  facet normal 0 0 1
    outer loop
      vertex 88.85 -140 0.2
      vertex 97.594 -91.7707 0.2
      vertex 88.85 -80.4934 0.2
    endloop
  endfacet
  facet normal 0 0 1
    outer loop
      vertex 93.591 -75.3593 0.2
      vertex 93.9694 -75.3436 0.2
      vertex 93.8011 -75.346 0.2
    endloop
  endfacet
  facet normal 0 0 1
    outer loop
      vertex 119.55 -130.555 0.2
      vertex 94 -145.15 0.2
      vertex 119.561 -130.612 0.2
    endloop
  endfacet
  facet normal -0 -0 1
    outer loop
      vertex 93.591 -145.134 0.2
      vertex 93.9692 -145.15 0.2
      vertex 88.85 -140 0.2
    endloop
  endfacet
  facet normal 0 0 1
    outer loop
      vertex 93.9694 -75.3436 0.2
      vertex 93.591 -75.3593 0.2
      vertex 88.85 -80.4934 0.2
    endloop
  endfacet
  facet normal 0 0 1
    outer loop
      vertex 93.9692 -145.15 0.2
      vertex 93.591 -145.134 0.2
      vertex 93.8009 -145.147 0.2
    endloop
  endfacet
  facet normal 0 0 1
    outer loop
      vertex 88.85 -80.4934 0.2
      vertex 93.591 -75.3593 0.2
      vertex 93.2563 -75.397 0.2
    endloop
  endfacet
  facet normal 0 0 1
    outer loop
      vertex 88.85 -80.4934 0.2
      vertex 93.2563 -75.397 0.2
      vertex 93.0188 -75.4374 0.2
    endloop
  endfacet
  facet normal 0 0 1
    outer loop
      vertex 94 -145.15 0.2
      vertex 88.85 -140 0.2
      vertex 93.9692 -145.15 0.2
    endloop
  endfacet
  facet normal 0 0 1
    outer loop
      vertex 88.85 -80.4934 0.2
      vertex 93.0188 -75.4374 0.2
      vertex 92.6905 -75.5123 0.2
    endloop
  endfacet
  facet normal 0 0 1
    outer loop
      vertex 93.591 -145.134 0.2
      vertex 88.85 -140 0.2
      vertex 93.2564 -145.096 0.2
    endloop
  endfacet
  facet normal 0 0 1
    outer loop
      vertex 88.85 -80.4934 0.2
      vertex 92.6905 -75.5123 0.2
      vertex 92.4588 -75.579 0.2
    endloop
  endfacet
  facet normal 0 0 1
    outer loop
      vertex 93.2564 -145.096 0.2
      vertex 88.85 -140 0.2
      vertex 93.0188 -145.056 0.2
    endloop
  endfacet
  facet normal 0 0 1
    outer loop
      vertex 88.85 -80.4934 0.2
      vertex 92.4588 -75.579 0.2
      vertex 92.141 -75.6902 0.2
    endloop
  endfacet
  facet normal 0 0 1
    outer loop
      vertex 93.0188 -145.056 0.2
      vertex 88.85 -140 0.2
      vertex 92.6905 -144.981 0.2
    endloop
  endfacet
  facet normal 0 0 1
    outer loop
      vertex 88.85 -80.4934 0.2
      vertex 92.141 -75.6902 0.2
      vertex 91.9185 -75.7823 0.2
    endloop
  endfacet
  facet normal 0 0 1
    outer loop
      vertex 92.6905 -144.981 0.2
      vertex 88.85 -140 0.2
      vertex 92.4587 -144.914 0.2
    endloop
  endfacet
  facet normal 0 0 1
    outer loop
      vertex 88.85 -80.4934 0.2
      vertex 91.9185 -75.7823 0.2
      vertex 91.6152 -75.9283 0.2
    endloop
  endfacet
  facet normal 0 0 1
    outer loop
      vertex 92.4587 -144.914 0.2
      vertex 88.85 -140 0.2
      vertex 92.1409 -144.803 0.2
    endloop
  endfacet
  facet normal 0 0 1
    outer loop
      vertex 91.9179 -144.711 0.2
      vertex 88.85 -140 0.2
      vertex 91.6146 -144.565 0.2
    endloop
  endfacet
  facet normal 0 0 1
    outer loop
      vertex 88.85 -80.4934 0.2
      vertex 91.6152 -75.9283 0.2
      vertex 91.4035 -76.0453 0.2
    endloop
  endfacet
  facet normal 0 0 1
    outer loop
      vertex 91.6146 -144.565 0.2
      vertex 88.85 -140 0.2
      vertex 91.4041 -144.448 0.2
    endloop
  endfacet
  facet normal 0 0 1
    outer loop
      vertex 88.85 -80.4934 0.2
      vertex 91.4035 -76.0453 0.2
      vertex 91.1184 -76.2245 0.2
    endloop
  endfacet
  facet normal 0 0 1
    outer loop
      vertex 88.85 -80.4934 0.2
      vertex 91.1184 -76.2245 0.2
      vertex 90.9223 -76.3636 0.2
    endloop
  endfacet
  facet normal 0 0 1
    outer loop
      vertex 92.1409 -144.803 0.2
      vertex 88.85 -140 0.2
      vertex 91.9179 -144.711 0.2
    endloop
  endfacet
  facet normal 0 0 1
    outer loop
      vertex 88.85 -80.4934 0.2
      vertex 90.9223 -76.3636 0.2
      vertex 90.6591 -76.5735 0.2
    endloop
  endfacet
  facet normal 0 0 1
    outer loop
      vertex 91.4041 -144.448 0.2
      vertex 88.85 -140 0.2
      vertex 91.119 -144.269 0.2
    endloop
  endfacet
  facet normal 0 0 1
    outer loop
      vertex 90.9221 -144.13 0.2
      vertex 88.85 -140 0.2
      vertex 90.6589 -143.92 0.2
    endloop
  endfacet
  facet normal 0 0 1
    outer loop
      vertex 88.85 -80.4934 0.2
      vertex 90.6591 -76.5735 0.2
      vertex 90.479 -76.7344 0.2
    endloop
  endfacet
  facet normal 0 0 1
    outer loop
      vertex 90.6589 -143.92 0.2
      vertex 88.85 -140 0.2
      vertex 90.4791 -143.759 0.2
    endloop
  endfacet
  facet normal 0 0 1
    outer loop
      vertex 88.85 -80.4934 0.2
      vertex 90.479 -76.7344 0.2
      vertex 90.2409 -76.9725 0.2
    endloop
  endfacet
  facet normal 0 0 1
    outer loop
      vertex 90.4791 -143.759 0.2
      vertex 88.85 -140 0.2
      vertex 90.241 -143.521 0.2
    endloop
  endfacet
  facet normal 0 0 1
    outer loop
      vertex 88.85 -80.4934 0.2
      vertex 90.2409 -76.9725 0.2
      vertex 90.0803 -77.1522 0.2
    endloop
  endfacet
  facet normal 0 0 1
    outer loop
      vertex 90.241 -143.521 0.2
      vertex 88.85 -140 0.2
      vertex 90.0804 -143.341 0.2
    endloop
  endfacet
  facet normal 0 0 1
    outer loop
      vertex 88.85 -80.4934 0.2
      vertex 90.0803 -77.1522 0.2
      vertex 89.8704 -77.4154 0.2
    endloop
  endfacet
  facet normal 0 0 1
    outer loop
      vertex 90.0804 -143.341 0.2
      vertex 88.85 -140 0.2
      vertex 89.8705 -143.078 0.2
    endloop
  endfacet
  facet normal 0 0 1
    outer loop
      vertex 88.85 -80.4934 0.2
      vertex 89.8704 -77.4154 0.2
      vertex 89.7307 -77.6123 0.2
    endloop
  endfacet
  facet normal 0 0 1
    outer loop
      vertex 89.8705 -143.078 0.2
      vertex 88.85 -140 0.2
      vertex 89.7308 -142.881 0.2
    endloop
  endfacet
  facet normal 0 0 1
    outer loop
      vertex 88.85 -80.4934 0.2
      vertex 89.7307 -77.6123 0.2
      vertex 89.5516 -77.8974 0.2
    endloop
  endfacet
  facet normal 0 0 1
    outer loop
      vertex 89.7308 -142.881 0.2
      vertex 88.85 -140 0.2
      vertex 89.5517 -142.596 0.2
    endloop
  endfacet
  facet normal 0 0 1
    outer loop
      vertex 88.85 -80.4934 0.2
      vertex 89.5516 -77.8974 0.2
      vertex 89.4351 -78.1083 0.2
    endloop
  endfacet
  facet normal 0 0 1
    outer loop
      vertex 89.5517 -142.596 0.2
      vertex 88.85 -140 0.2
      vertex 89.4353 -142.385 0.2
    endloop
  endfacet
  facet normal 0 0 1
    outer loop
      vertex 88.85 -80.4934 0.2
      vertex 89.4351 -78.1083 0.2
      vertex 89.289 -78.4117 0.2
    endloop
  endfacet
  facet normal 0 0 1
    outer loop
      vertex 89.4353 -142.385 0.2
      vertex 88.85 -140 0.2
      vertex 89.2892 -142.082 0.2
    endloop
  endfacet
  facet normal 0 0 1
    outer loop
      vertex 88.85 -80.4934 0.2
      vertex 89.289 -78.4117 0.2
      vertex 89.1967 -78.6345 0.2
    endloop
  endfacet
  facet normal 0 0 1
    outer loop
      vertex 89.2892 -142.082 0.2
      vertex 88.85 -140 0.2
      vertex 89.1969 -141.859 0.2
    endloop
  endfacet
  facet normal 0 0 1
    outer loop
      vertex 88.85 -80.4934 0.2
      vertex 89.1967 -78.6345 0.2
      vertex 89.0855 -78.9523 0.2
    endloop
  endfacet
  facet normal 0 0 1
    outer loop
      vertex 89.1969 -141.859 0.2
      vertex 88.85 -140 0.2
      vertex 89.0856 -141.541 0.2
    endloop
  endfacet
  facet normal 0 0 1
    outer loop
      vertex 88.85 -80.4934 0.2
      vertex 89.0855 -78.9523 0.2
      vertex 89.0188 -79.1839 0.2
    endloop
  endfacet
  facet normal 0 0 1
    outer loop
      vertex 89.0856 -141.541 0.2
      vertex 88.85 -140 0.2
      vertex 89.0189 -141.309 0.2
    endloop
  endfacet
  facet normal 0 0 1
    outer loop
      vertex 88.85 -80.4934 0.2
      vertex 89.0188 -79.1839 0.2
      vertex 88.9439 -79.5121 0.2
    endloop
  endfacet
  facet normal 0 0 1
    outer loop
      vertex 89.0189 -141.309 0.2
      vertex 88.85 -140 0.2
      vertex 88.944 -140.981 0.2
    endloop
  endfacet
  facet normal 0 0 1
    outer loop
      vertex 88.85 -80.4934 0.2
      vertex 88.9439 -79.5121 0.2
      vertex 88.9035 -79.7497 0.2
    endloop
  endfacet
  facet normal 0 0 1
    outer loop
      vertex 88.944 -140.981 0.2
      vertex 88.85 -140 0.2
      vertex 88.9036 -140.744 0.2
    endloop
  endfacet
  facet normal 0 0 1
    outer loop
      vertex 88.85 -80.4934 0.2
      vertex 88.9035 -79.7497 0.2
      vertex 88.8658 -80.0843 0.2
    endloop
  endfacet
  facet normal 0 0 1
    outer loop
      vertex 88.9036 -140.744 0.2
      vertex 88.85 -140 0.2
      vertex 88.8659 -140.409 0.2
    endloop
  endfacet
  facet normal 0 0 1
    outer loop
      vertex 88.8502 -80.4642 0.2
      vertex 88.8658 -80.0843 0.2
      vertex 88.8525 -80.2959 0.2
    endloop
  endfacet
  facet normal 0 0 1
    outer loop
      vertex 88.8659 -140.409 0.2
      vertex 88.8502 -140.031 0.2
      vertex 88.8526 -140.199 0.2
    endloop
  endfacet
  facet normal 0 0 1
    outer loop
      vertex 88.85 -80.4934 0.2
      vertex 88.8658 -80.0843 0.2
      vertex 88.8502 -80.4642 0.2
    endloop
  endfacet
  facet normal 0 0 1
    outer loop
      vertex 91.119 -144.269 0.2
      vertex 88.85 -140 0.2
      vertex 90.9221 -144.13 0.2
    endloop
  endfacet
  facet normal 0 0 1
    outer loop
      vertex 88.8659 -140.409 0.2
      vertex 88.85 -140 0.2
      vertex 88.8502 -140.031 0.2
    endloop
  endfacet
  facet normal -0.706958 -0.707255 0
    outer loop
      vertex 90.4791 -143.759 -1
      vertex 90.241 -143.521 0.2
      vertex 90.241 -143.521 -1
    endloop
  endfacet
  facet normal -0.706958 -0.707255 0
    outer loop
      vertex 90.241 -143.521 0.2
      vertex 90.4791 -143.759 -1
      vertex 90.4791 -143.759 0.2
    endloop
  endfacet
  facet normal -0.667085 -0.744981 0
    outer loop
      vertex 90.4791 -143.759 -1
      vertex 90.6589 -143.92 0.2
      vertex 90.4791 -143.759 0.2
    endloop
  endfacet
  facet normal -0.667085 -0.744981 -0
    outer loop
      vertex 90.6589 -143.92 0.2
      vertex 90.4791 -143.759 -1
      vertex 90.6589 -143.92 -1
    endloop
  endfacet
  facet normal -1 0 0
    outer loop
      vertex 88.85 -140 -1
      vertex 88.85 -80.4934 0.2
      vertex 88.85 -80.4934 -1
    endloop
  endfacet
  facet normal -1 -0 0
    outer loop
      vertex 88.85 -80.4934 0.2
      vertex 88.85 -140 -1
      vertex 88.85 -140 0.2
    endloop
  endfacet
  facet normal 0.999873 -0.0159554 0
    outer loop
      vertex 170.647 -135.043 0.2
      vertex 170.65 -134.855 -1
      vertex 170.65 -134.855 0.2
    endloop
  endfacet
  facet normal 0.999873 -0.0159554 0
    outer loop
      vertex 170.65 -134.855 -1
      vertex 170.647 -135.043 0.2
      vertex 170.647 -135.043 -1
    endloop
  endfacet
  facet normal -0.98578 -0.16804 0
    outer loop
      vertex 88.944 -140.981 -1
      vertex 88.9036 -140.744 0.2
      vertex 88.9036 -140.744 -1
    endloop
  endfacet
  facet normal -0.98578 -0.16804 0
    outer loop
      vertex 88.9036 -140.744 0.2
      vertex 88.944 -140.981 -1
      vertex 88.944 -140.981 0.2
    endloop
  endfacet
  facet normal -0.22243 0.974949 0
    outer loop
      vertex 93.0188 -75.4374 -1
      vertex 92.6905 -75.5123 0.2
      vertex 93.0188 -75.4374 0.2
    endloop
  endfacet
  facet normal -0.22243 0.974949 0
    outer loop
      vertex 92.6905 -75.5123 0.2
      vertex 93.0188 -75.4374 -1
      vertex 92.6905 -75.5123 -1
    endloop
  endfacet
  facet normal 0.707333 0.70688 0
    outer loop
      vertex 169.143 -85.6016 0.2
      vertex 160.4 -76.853 -1
      vertex 160.4 -76.853 0.2
    endloop
  endfacet
  facet normal 0.707333 0.70688 0
    outer loop
      vertex 160.4 -76.853 -1
      vertex 169.143 -85.6016 0.2
      vertex 169.143 -85.6016 -1
    endloop
  endfacet
  facet normal -0.875329 0.483527 0
    outer loop
      vertex 89.4351 -78.1083 -1
      vertex 89.5516 -77.8974 0.2
      vertex 89.5516 -77.8974 -1
    endloop
  endfacet
  facet normal -0.875329 0.483527 0
    outer loop
      vertex 89.5516 -77.8974 0.2
      vertex 89.4351 -78.1083 -1
      vertex 89.4351 -78.1083 0.2
    endloop
  endfacet
  facet normal 0.931401 -0.363996 0
    outer loop
      vertex 170.223 -136.877 0.2
      vertex 170.359 -136.529 -1
      vertex 170.359 -136.529 0.2
    endloop
  endfacet
  facet normal 0.931401 -0.363996 0
    outer loop
      vertex 170.359 -136.529 -1
      vertex 170.223 -136.877 0.2
      vertex 170.223 -136.877 -1
    endloop
  endfacet
  facet normal -0.974905 -0.222623 0
    outer loop
      vertex 89.0189 -141.309 -1
      vertex 88.944 -140.981 0.2
      vertex 88.944 -140.981 -1
    endloop
  endfacet
  facet normal -0.974905 -0.222623 0
    outer loop
      vertex 88.944 -140.981 0.2
      vertex 89.0189 -141.309 -1
      vertex 89.0189 -141.309 0.2
    endloop
  endfacet
  facet normal -0.846778 0.531946 0
    outer loop
      vertex 89.5516 -77.8974 -1
      vertex 89.7307 -77.6123 0.2
      vertex 89.7307 -77.6123 -1
    endloop
  endfacet
  facet normal -0.846778 0.531946 0
    outer loop
      vertex 89.7307 -77.6123 0.2
      vertex 89.5516 -77.8974 -1
      vertex 89.5516 -77.8974 0.2
    endloop
  endfacet
  facet normal 0.506328 -0.862341 0
    outer loop
      vertex 163.18 -144.51 -1
      vertex 163.398 -144.382 0.2
      vertex 163.18 -144.51 0.2
    endloop
  endfacet
  facet normal 0.506328 -0.862341 0
    outer loop
      vertex 163.398 -144.382 0.2
      vertex 163.18 -144.51 -1
      vertex 163.398 -144.382 -1
    endloop
  endfacet
  facet normal 0.7497 0.661778 0
    outer loop
      vertex 169.421 -85.9023 0.2
      vertex 169.281 -85.7437 -1
      vertex 169.281 -85.7437 0.2
    endloop
  endfacet
  facet normal 0.7497 0.661778 0
    outer loop
      vertex 169.281 -85.7437 -1
      vertex 169.421 -85.9023 0.2
      vertex 169.421 -85.9023 -1
    endloop
  endfacet
  facet normal -0.999907 0.0136648 0
    outer loop
      vertex 88.8502 -80.4642 -1
      vertex 88.8525 -80.2959 0.2
      vertex 88.8525 -80.2959 -1
    endloop
  endfacet
  facet normal -0.999907 0.0136648 0
    outer loop
      vertex 88.8525 -80.2959 0.2
      vertex 88.8502 -80.4642 -1
      vertex 88.8502 -80.4642 0.2
    endloop
  endfacet
  facet normal 0.289897 -0.957058 0
    outer loop
      vertex 162.062 -144.965 -1
      vertex 162.303 -144.892 0.2
      vertex 162.062 -144.965 0.2
    endloop
  endfacet
  facet normal 0.289897 -0.957058 0
    outer loop
      vertex 162.303 -144.892 0.2
      vertex 162.062 -144.965 -1
      vertex 162.303 -144.892 -1
    endloop
  endfacet
  facet normal -0.815577 0.578649 0
    outer loop
      vertex 89.7307 -77.6123 -1
      vertex 89.8704 -77.4154 0.2
      vertex 89.8704 -77.4154 -1
    endloop
  endfacet
  facet normal -0.815577 0.578649 0
    outer loop
      vertex 89.8704 -77.4154 0.2
      vertex 89.7307 -77.6123 -1
      vertex 89.7307 -77.6123 0.2
    endloop
  endfacet
  facet normal -0.815715 -0.578454 0
    outer loop
      vertex 89.8705 -143.078 -1
      vertex 89.7308 -142.881 0.2
      vertex 89.7308 -142.881 -1
    endloop
  endfacet
  facet normal -0.815715 -0.578454 0
    outer loop
      vertex 89.7308 -142.881 0.2
      vertex 89.8705 -143.078 -1
      vertex 89.8705 -143.078 0.2
    endloop
  endfacet
  facet normal -0.112843 -0.993613 0
    outer loop
      vertex 93.2564 -145.096 -1
      vertex 93.591 -145.134 0.2
      vertex 93.2564 -145.096 0.2
    endloop
  endfacet
  facet normal -0.112843 -0.993613 -0
    outer loop
      vertex 93.591 -145.134 0.2
      vertex 93.2564 -145.096 -1
      vertex 93.591 -145.134 -1
    endloop
  endfacet
  facet normal 0.660308 0.750995 -0
    outer loop
      vertex 160.258 -76.7146 -1
      vertex 160.099 -76.5748 0.2
      vertex 160.258 -76.7146 0.2
    endloop
  endfacet
  facet normal 0.660308 0.750995 0
    outer loop
      vertex 160.099 -76.5748 0.2
      vertex 160.258 -76.7146 -1
      vertex 160.099 -76.5748 -1
    endloop
  endfacet
  facet normal 0.998078 0.0619628 0
    outer loop
      vertex 170.647 -89.043 0.2
      vertex 170.634 -88.8336 -1
      vertex 170.634 -88.8336 0.2
    endloop
  endfacet
  facet normal 0.998078 0.0619628 0
    outer loop
      vertex 170.634 -88.8336 -1
      vertex 170.647 -89.043 0.2
      vertex 170.647 -89.043 -1
    endloop
  endfacet
  facet normal 0.781679 0.62368 0
    outer loop
      vertex 169.631 -86.1655 0.2
      vertex 169.421 -85.9023 -1
      vertex 169.421 -85.9023 0.2
    endloop
  endfacet
  facet normal 0.781679 0.62368 0
    outer loop
      vertex 169.421 -85.9023 -1
      vertex 169.631 -86.1655 0.2
      vertex 169.631 -86.1655 -1
    endloop
  endfacet
  facet normal 0.554044 -0.832487 0
    outer loop
      vertex 163.398 -144.382 -1
      vertex 163.691 -144.187 0.2
      vertex 163.398 -144.382 0.2
    endloop
  endfacet
  facet normal 0.554044 -0.832487 0
    outer loop
      vertex 163.691 -144.187 0.2
      vertex 163.398 -144.382 -1
      vertex 163.691 -144.187 -1
    endloop
  endfacet
  facet normal -0.277676 -0.960675 0
    outer loop
      vertex 92.4587 -144.914 -1
      vertex 92.6905 -144.981 0.2
      vertex 92.4587 -144.914 0.2
    endloop
  endfacet
  facet normal -0.277676 -0.960675 -0
    outer loop
      vertex 92.6905 -144.981 0.2
      vertex 92.4587 -144.914 -1
      vertex 92.6905 -144.981 -1
    endloop
  endfacet
  facet normal -0.666238 0.745739 0
    outer loop
      vertex 90.6591 -76.5735 -1
      vertex 90.479 -76.7344 0.2
      vertex 90.6591 -76.5735 0.2
    endloop
  endfacet
  facet normal -0.666238 0.745739 0
    outer loop
      vertex 90.479 -76.7344 0.2
      vertex 90.6591 -76.5735 -1
      vertex 90.479 -76.7344 -1
    endloop
  endfacet
  facet normal 0.846828 0.531867 0
    outer loop
      vertex 169.949 -86.6468 0.2
      vertex 169.77 -86.3618 -1
      vertex 169.77 -86.3618 0.2
    endloop
  endfacet
  facet normal 0.846828 0.531867 0
    outer loop
      vertex 169.77 -86.3618 -1
      vertex 169.949 -86.6468 0.2
      vertex 169.949 -86.6468 -1
    endloop
  endfacet
  facet normal 0.999841 0.0178225 0
    outer loop
      vertex 170.65 -89.2113 0.2
      vertex 170.647 -89.043 -1
      vertex 170.647 -89.043 0.2
    endloop
  endfacet
  facet normal 0.999841 0.0178225 0
    outer loop
      vertex 170.647 -89.043 -1
      vertex 170.65 -89.2113 0.2
      vertex 170.65 -89.2113 -1
    endloop
  endfacet
  facet normal -0.92386 0.38273 0
    outer loop
      vertex 89.1967 -78.6345 -1
      vertex 89.289 -78.4117 0.2
      vertex 89.289 -78.4117 -1
    endloop
  endfacet
  facet normal -0.92386 0.38273 0
    outer loop
      vertex 89.289 -78.4117 0.2
      vertex 89.1967 -78.6345 -1
      vertex 89.1967 -78.6345 0.2
    endloop
  endfacet
  facet normal 0.722642 -0.691223 0
    outer loop
      vertex 164.444 -143.527 0.2
      vertex 164.466 -143.504 -1
      vertex 164.466 -143.504 0.2
    endloop
  endfacet
  facet normal 0.722642 -0.691223 0
    outer loop
      vertex 164.466 -143.504 -1
      vertex 164.444 -143.527 0.2
      vertex 164.444 -143.527 -1
    endloop
  endfacet
  facet normal 0.723869 -0.689938 0
    outer loop
      vertex 164.322 -143.655 0.2
      vertex 164.444 -143.527 -1
      vertex 164.444 -143.527 0.2
    endloop
  endfacet
  facet normal 0.723869 -0.689938 0
    outer loop
      vertex 164.444 -143.527 -1
      vertex 164.322 -143.655 0.2
      vertex 164.322 -143.655 -1
    endloop
  endfacet
  facet normal 0.943111 0.332478 0
    outer loop
      vertex 170.415 -87.7016 0.2
      vertex 170.303 -87.3839 -1
      vertex 170.303 -87.3839 0.2
    endloop
  endfacet
  facet normal 0.943111 0.332478 0
    outer loop
      vertex 170.303 -87.3839 -1
      vertex 170.415 -87.7016 0.2
      vertex 170.415 -87.7016 -1
    endloop
  endfacet
  facet normal -0.90098 0.43386 0
    outer loop
      vertex 89.289 -78.4117 -1
      vertex 89.4351 -78.1083 0.2
      vertex 89.4351 -78.1083 -1
    endloop
  endfacet
  facet normal -0.90098 0.43386 0
    outer loop
      vertex 89.4351 -78.1083 0.2
      vertex 89.289 -78.4117 -1
      vertex 89.289 -78.4117 0.2
    endloop
  endfacet
  facet normal -0.875602 -0.483033 0
    outer loop
      vertex 89.5517 -142.596 -1
      vertex 89.4353 -142.385 0.2
      vertex 89.4353 -142.385 -1
    endloop
  endfacet
  facet normal -0.875602 -0.483033 0
    outer loop
      vertex 89.4353 -142.385 0.2
      vertex 89.5517 -142.596 -1
      vertex 89.5517 -142.596 0.2
    endloop
  endfacet
  facet normal -0.483711 0.875228 0
    outer loop
      vertex 91.6152 -75.9283 -1
      vertex 91.4035 -76.0453 0.2
      vertex 91.6152 -75.9283 0.2
    endloop
  endfacet
  facet normal -0.483711 0.875228 0
    outer loop
      vertex 91.4035 -76.0453 0.2
      vertex 91.6152 -75.9283 -1
      vertex 91.4035 -76.0453 -1
    endloop
  endfacet
  facet normal -0.222712 -0.974884 0
    outer loop
      vertex 92.6905 -144.981 -1
      vertex 93.0188 -145.056 0.2
      vertex 92.6905 -144.981 0.2
    endloop
  endfacet
  facet normal -0.222712 -0.974884 -0
    outer loop
      vertex 93.0188 -145.056 0.2
      vertex 92.6905 -144.981 -1
      vertex 93.0188 -145.056 -1
    endloop
  endfacet
  facet normal -0.623499 0.781824 0
    outer loop
      vertex 90.9223 -76.3636 -1
      vertex 90.6591 -76.5735 0.2
      vertex 90.9223 -76.3636 0.2
    endloop
  endfacet
  facet normal -0.623499 0.781824 0
    outer loop
      vertex 90.6591 -76.5735 0.2
      vertex 90.9223 -76.3636 -1
      vertex 90.6591 -76.5735 -1
    endloop
  endfacet
  facet normal 0.876304 0.481759 0
    outer loop
      vertex 170.065 -86.8578 0.2
      vertex 169.949 -86.6468 -1
      vertex 169.949 -86.6468 0.2
    endloop
  endfacet
  facet normal 0.876304 0.481759 0
    outer loop
      vertex 169.949 -86.6468 -1
      vertex 170.065 -86.8578 0.2
      vertex 170.065 -86.8578 -1
    endloop
  endfacet
  facet normal 0.688749 0.724999 -0
    outer loop
      vertex 160.4 -76.853 -1
      vertex 160.378 -76.8321 0.2
      vertex 160.4 -76.853 0.2
    endloop
  endfacet
  facet normal 0.688749 0.724999 0
    outer loop
      vertex 160.378 -76.8321 0.2
      vertex 160.4 -76.853 -1
      vertex 160.378 -76.8321 -1
    endloop
  endfacet
  facet normal -0.433735 0.90104 0
    outer loop
      vertex 91.9185 -75.7823 -1
      vertex 91.6152 -75.9283 0.2
      vertex 91.9185 -75.7823 0.2
    endloop
  endfacet
  facet normal -0.433735 0.90104 0
    outer loop
      vertex 91.6152 -75.9283 0.2
      vertex 91.9185 -75.7823 -1
      vertex 91.6152 -75.9283 -1
    endloop
  endfacet
  facet normal -0.998 -0.0632067 0
    outer loop
      vertex 88.8659 -140.409 -1
      vertex 88.8526 -140.199 0.2
      vertex 88.8526 -140.199 -1
    endloop
  endfacet
  facet normal -0.998 -0.0632067 0
    outer loop
      vertex 88.8526 -140.199 0.2
      vertex 88.8659 -140.409 -1
      vertex 88.8659 -140.409 0.2
    endloop
  endfacet
  facet normal 0.713746 0.700405 0
    outer loop
      vertex 169.164 -85.623 0.2
      vertex 169.143 -85.6016 -1
      vertex 169.143 -85.6016 0.2
    endloop
  endfacet
  facet normal 0.713746 0.700405 0
    outer loop
      vertex 169.143 -85.6016 -1
      vertex 169.164 -85.623 0.2
      vertex 169.164 -85.623 -1
    endloop
  endfacet
  facet normal -0.781593 -0.623789 0
    outer loop
      vertex 90.0804 -143.341 -1
      vertex 89.8705 -143.078 0.2
      vertex 89.8705 -143.078 -1
    endloop
  endfacet
  facet normal -0.781593 -0.623789 0
    outer loop
      vertex 89.8705 -143.078 0.2
      vertex 90.0804 -143.341 -1
      vertex 90.0804 -143.341 0.2
    endloop
  endfacet
  facet normal 0.740904 -0.671611 0
    outer loop
      vertex 169.296 -138.302 0.2
      vertex 169.422 -138.163 -1
      vertex 169.422 -138.163 0.2
    endloop
  endfacet
  facet normal 0.740904 -0.671611 0
    outer loop
      vertex 169.422 -138.163 -1
      vertex 169.296 -138.302 0.2
      vertex 169.296 -138.302 -1
    endloop
  endfacet
  facet normal 0.961587 0.274501 0
    outer loop
      vertex 170.481 -87.9328 0.2
      vertex 170.415 -87.7016 -1
      vertex 170.415 -87.7016 0.2
    endloop
  endfacet
  facet normal 0.961587 0.274501 0
    outer loop
      vertex 170.415 -87.7016 -1
      vertex 170.481 -87.9328 0.2
      vertex 170.481 -87.9328 -1
    endloop
  endfacet
  facet normal 0.601265 -0.79905 0
    outer loop
      vertex 163.691 -144.187 -1
      vertex 163.893 -144.035 0.2
      vertex 163.691 -144.187 0.2
    endloop
  endfacet
  facet normal 0.601265 -0.79905 0
    outer loop
      vertex 163.893 -144.035 0.2
      vertex 163.691 -144.187 -1
      vertex 163.893 -144.035 -1
    endloop
  endfacet
  facet normal -0.923981 -0.382437 0
    outer loop
      vertex 89.2892 -142.082 -1
      vertex 89.1969 -141.859 0.2
      vertex 89.1969 -141.859 -1
    endloop
  endfacet
  facet normal -0.923981 -0.382437 0
    outer loop
      vertex 89.1969 -141.859 0.2
      vertex 89.2892 -142.082 -1
      vertex 89.2892 -142.082 0.2
    endloop
  endfacet
  facet normal 0.982533 -0.186086 0
    outer loop
      vertex 170.534 -135.912 0.2
      vertex 170.584 -135.648 -1
      vertex 170.584 -135.648 0.2
    endloop
  endfacet
  facet normal 0.982533 -0.186086 0
    outer loop
      vertex 170.584 -135.648 -1
      vertex 170.534 -135.912 0.2
      vertex 170.534 -135.912 -1
    endloop
  endfacet
  facet normal -0.993712 0.111963 0
    outer loop
      vertex 88.8658 -80.0843 -1
      vertex 88.9035 -79.7497 0.2
      vertex 88.9035 -79.7497 -1
    endloop
  endfacet
  facet normal -0.993712 0.111963 0
    outer loop
      vertex 88.9035 -79.7497 0.2
      vertex 88.8658 -80.0843 -1
      vertex 88.8658 -80.0843 0.2
    endloop
  endfacet
  facet normal 0.974855 0.222841 0
    outer loop
      vertex 170.556 -88.2609 0.2
      vertex 170.481 -87.9328 -1
      vertex 170.481 -87.9328 0.2
    endloop
  endfacet
  facet normal 0.974855 0.222841 0
    outer loop
      vertex 170.481 -87.9328 -1
      vertex 170.556 -88.2609 0.2
      vertex 170.556 -88.2609 -1
    endloop
  endfacet
  facet normal -0.900756 -0.434325 0
    outer loop
      vertex 89.4353 -142.385 -1
      vertex 89.2892 -142.082 0.2
      vertex 89.2892 -142.082 -1
    endloop
  endfacet
  facet normal -0.900756 -0.434325 0
    outer loop
      vertex 89.2892 -142.082 0.2
      vertex 89.4353 -142.385 -1
      vertex 89.4353 -142.385 0.2
    endloop
  endfacet
  facet normal 0.9243 0.381668 0
    outer loop
      vertex 170.303 -87.3839 0.2
      vertex 170.211 -87.1611 -1
      vertex 170.211 -87.1611 0.2
    endloop
  endfacet
  facet normal 0.9243 0.381668 0
    outer loop
      vertex 170.211 -87.1611 -1
      vertex 170.303 -87.3839 0.2
      vertex 170.303 -87.3839 -1
    endloop
  endfacet
  facet normal 0.997349 -0.0727679 0
    outer loop
      vertex 170.63 -135.276 0.2
      vertex 170.647 -135.043 -1
      vertex 170.647 -135.043 0.2
    endloop
  endfacet
  facet normal 0.997349 -0.0727679 0
    outer loop
      vertex 170.647 -135.043 -1
      vertex 170.63 -135.276 0.2
      vertex 170.63 -135.276 -1
    endloop
  endfacet
  facet normal -0.99803 0.0627307 0
    outer loop
      vertex 88.8525 -80.2959 -1
      vertex 88.8658 -80.0843 0.2
      vertex 88.8658 -80.0843 -1
    endloop
  endfacet
  facet normal -0.99803 0.0627307 0
    outer loop
      vertex 88.8658 -80.0843 0.2
      vertex 88.8525 -80.2959 -1
      vertex 88.8525 -80.2959 0.2
    endloop
  endfacet
  facet normal 0.737154 -0.675725 0
    outer loop
      vertex 169.274 -138.326 0.2
      vertex 169.296 -138.302 -1
      vertex 169.296 -138.302 0.2
    endloop
  endfacet
  facet normal 0.737154 -0.675725 0
    outer loop
      vertex 169.296 -138.302 -1
      vertex 169.274 -138.326 0.2
      vertex 169.274 -138.326 -1
    endloop
  endfacet
  facet normal -0.330271 0.943886 0
    outer loop
      vertex 92.4588 -75.579 -1
      vertex 92.141 -75.6902 0.2
      vertex 92.4588 -75.579 0.2
    endloop
  endfacet
  facet normal -0.330271 0.943886 0
    outer loop
      vertex 92.141 -75.6902 0.2
      vertex 92.4588 -75.579 -1
      vertex 92.141 -75.6902 -1
    endloop
  endfacet
  facet normal -0.382462 0.923971 0
    outer loop
      vertex 92.141 -75.6902 -1
      vertex 91.9185 -75.7823 0.2
      vertex 92.141 -75.6902 0.2
    endloop
  endfacet
  facet normal -0.382462 0.923971 0
    outer loop
      vertex 91.9185 -75.7823 0.2
      vertex 92.141 -75.6902 -1
      vertex 91.9185 -75.7823 -1
    endloop
  endfacet
  facet normal -0.746173 -0.665752 0
    outer loop
      vertex 90.241 -143.521 -1
      vertex 90.0804 -143.341 0.2
      vertex 90.0804 -143.341 -1
    endloop
  endfacet
  facet normal -0.746173 -0.665752 0
    outer loop
      vertex 90.0804 -143.341 0.2
      vertex 90.241 -143.521 -1
      vertex 90.241 -143.521 0.2
    endloop
  endfacet
  facet normal -0.943858 -0.33035 0
    outer loop
      vertex 89.1969 -141.859 -1
      vertex 89.0856 -141.541 0.2
      vertex 89.0856 -141.541 -1
    endloop
  endfacet
  facet normal -0.943858 -0.33035 0
    outer loop
      vertex 89.0856 -141.541 0.2
      vertex 89.1969 -141.859 -1
      vertex 89.1969 -141.859 0.2
    endloop
  endfacet
  facet normal 0.0136082 0.999907 -0
    outer loop
      vertex 156.955 -75.3459 -1
      vertex 156.786 -75.3436 0.2
      vertex 156.955 -75.3459 0.2
    endloop
  endfacet
  facet normal 0.0136082 0.999907 0
    outer loop
      vertex 156.786 -75.3436 0.2
      vertex 156.955 -75.3459 -1
      vertex 156.786 -75.3436 -1
    endloop
  endfacet
  facet normal 0.95199 -0.30613 0
    outer loop
      vertex 170.359 -136.529 0.2
      vertex 170.441 -136.274 -1
      vertex 170.441 -136.274 0.2
    endloop
  endfacet
  facet normal 0.95199 -0.30613 0
    outer loop
      vertex 170.441 -136.274 -1
      vertex 170.359 -136.529 0.2
      vertex 170.359 -136.529 -1
    endloop
  endfacet
  facet normal 0.968548 -0.248826 0
    outer loop
      vertex 170.441 -136.274 0.2
      vertex 170.534 -135.912 -1
      vertex 170.534 -135.912 0.2
    endloop
  endfacet
  facet normal 0.968548 -0.248826 0
    outer loop
      vertex 170.534 -135.912 -1
      vertex 170.441 -136.274 0.2
      vertex 170.441 -136.274 -1
    endloop
  endfacet
  facet normal 0.222906 0.97484 -0
    outer loop
      vertex 158.067 -75.5124 -1
      vertex 157.739 -75.4374 0.2
      vertex 158.067 -75.5124 0.2
    endloop
  endfacet
  facet normal 0.222906 0.97484 0
    outer loop
      vertex 157.739 -75.4374 0.2
      vertex 158.067 -75.5124 -1
      vertex 157.739 -75.4374 -1
    endloop
  endfacet
  facet normal 0.167074 0.985944 -0
    outer loop
      vertex 157.739 -75.4374 -1
      vertex 157.5 -75.3969 0.2
      vertex 157.739 -75.4374 0.2
    endloop
  endfacet
  facet normal 0.167074 0.985944 0
    outer loop
      vertex 157.5 -75.3969 0.2
      vertex 157.739 -75.4374 -1
      vertex 157.5 -75.3969 -1
    endloop
  endfacet
  facet normal 0.577902 0.816106 -0
    outer loop
      vertex 159.836 -76.3647 -1
      vertex 159.639 -76.2252 0.2
      vertex 159.836 -76.3647 0.2
    endloop
  endfacet
  facet normal 0.577902 0.816106 0
    outer loop
      vertex 159.639 -76.2252 0.2
      vertex 159.836 -76.3647 -1
      vertex 159.639 -76.2252 -1
    endloop
  endfacet
  facet normal 1 -0 0
    outer loop
      vertex 170.65 -89.2421 0.2
      vertex 170.65 -89.2113 -1
      vertex 170.65 -89.2113 0.2
    endloop
  endfacet
  facet normal 1 0 0
    outer loop
      vertex 170.65 -89.2113 -1
      vertex 170.65 -89.2421 0.2
      vertex 170.65 -89.2421 -1
    endloop
  endfacet
  facet normal 0.433406 0.901199 -0
    outer loop
      vertex 159.143 -75.9289 -1
      vertex 158.839 -75.7827 0.2
      vertex 159.143 -75.9289 0.2
    endloop
  endfacet
  facet normal 0.433406 0.901199 0
    outer loop
      vertex 158.839 -75.7827 0.2
      vertex 159.143 -75.9289 -1
      vertex 158.839 -75.7827 -1
    endloop
  endfacet
  facet normal 0.649623 -0.760257 0
    outer loop
      vertex 163.893 -144.035 -1
      vertex 164.161 -143.806 0.2
      vertex 163.893 -144.035 0.2
    endloop
  endfacet
  facet normal 0.649623 -0.760257 0
    outer loop
      vertex 164.161 -143.806 0.2
      vertex 163.893 -144.035 -1
      vertex 164.161 -143.806 -1
    endloop
  endfacet
  facet normal 0.98552 0.169561 0
    outer loop
      vertex 170.597 -88.4992 0.2
      vertex 170.556 -88.2609 -1
      vertex 170.556 -88.2609 0.2
    endloop
  endfacet
  facet normal 0.98552 0.169561 0
    outer loop
      vertex 170.556 -88.2609 -1
      vertex 170.597 -88.4992 0.2
      vertex 170.597 -88.4992 -1
    endloop
  endfacet
  facet normal 0.624151 0.781303 -0
    outer loop
      vertex 160.099 -76.5748 -1
      vertex 159.836 -76.3647 0.2
      vertex 160.099 -76.5748 0.2
    endloop
  endfacet
  facet normal 0.624151 0.781303 0
    outer loop
      vertex 159.836 -76.3647 0.2
      vertex 160.099 -76.5748 -1
      vertex 159.836 -76.3647 -1
    endloop
  endfacet
  facet normal 0.484939 0.874548 -0
    outer loop
      vertex 159.354 -76.0459 -1
      vertex 159.143 -75.9289 0.2
      vertex 159.354 -76.0459 0.2
    endloop
  endfacet
  facet normal 0.484939 0.874548 0
    outer loop
      vertex 159.143 -75.9289 0.2
      vertex 159.354 -76.0459 -1
      vertex 159.143 -75.9289 -1
    endloop
  endfacet
  facet normal 0.732804 -0.68044 0
    outer loop
      vertex 164.466 -143.504 0.2
      vertex 169.274 -138.326 -1
      vertex 169.274 -138.326 0.2
    endloop
  endfacet
  facet normal 0.732804 -0.68044 0
    outer loop
      vertex 169.274 -138.326 -1
      vertex 164.466 -143.504 0.2
      vertex 164.466 -143.504 -1
    endloop
  endfacet
  facet normal 0.33035 0.943858 -0
    outer loop
      vertex 158.617 -75.6905 -1
      vertex 158.299 -75.5792 0.2
      vertex 158.617 -75.6905 0.2
    endloop
  endfacet
  facet normal 0.33035 0.943858 0
    outer loop
      vertex 158.299 -75.5792 0.2
      vertex 158.617 -75.6905 -1
      vertex 158.299 -75.5792 -1
    endloop
  endfacet
  facet normal 0.383552 0.923519 -0
    outer loop
      vertex 158.839 -75.7827 -1
      vertex 158.617 -75.6905 0.2
      vertex 158.839 -75.7827 0.2
    endloop
  endfacet
  facet normal 0.383552 0.923519 0
    outer loop
      vertex 158.617 -75.6905 0.2
      vertex 158.839 -75.7827 -1
      vertex 158.617 -75.6905 -1
    endloop
  endfacet
  facet normal 0.174691 -0.984623 0
    outer loop
      vertex 161.471 -145.091 -1
      vertex 161.719 -145.047 0.2
      vertex 161.471 -145.091 0.2
    endloop
  endfacet
  facet normal 0.174691 -0.984623 0
    outer loop
      vertex 161.719 -145.047 0.2
      vertex 161.471 -145.091 -1
      vertex 161.719 -145.047 -1
    endloop
  endfacet
  facet normal 0.847788 -0.530335 0
    outer loop
      vertex 169.788 -137.676 0.2
      vertex 169.93 -137.449 -1
      vertex 169.93 -137.449 0.2
    endloop
  endfacet
  facet normal 0.847788 -0.530335 0
    outer loop
      vertex 169.93 -137.449 -1
      vertex 169.788 -137.676 0.2
      vertex 169.788 -137.676 -1
    endloop
  endfacet
  facet normal 0.811382 -0.584516 0
    outer loop
      vertex 169.569 -137.98 0.2
      vertex 169.788 -137.676 -1
      vertex 169.788 -137.676 0.2
    endloop
  endfacet
  facet normal 0.811382 -0.584516 0
    outer loop
      vertex 169.788 -137.676 -1
      vertex 169.569 -137.98 0.2
      vertex 169.569 -137.98 -1
    endloop
  endfacet
  facet normal 0.878405 -0.477917 0
    outer loop
      vertex 169.93 -137.449 0.2
      vertex 170.109 -137.12 -1
      vertex 170.109 -137.12 0.2
    endloop
  endfacet
  facet normal 0.878405 -0.477917 0
    outer loop
      vertex 170.109 -137.12 -1
      vertex 169.93 -137.449 0.2
      vertex 169.93 -137.449 -1
    endloop
  endfacet
  facet normal 0.684092 -0.729396 0
    outer loop
      vertex 164.161 -143.806 -1
      vertex 164.322 -143.655 0.2
      vertex 164.161 -143.806 0.2
    endloop
  endfacet
  facet normal 0.684092 -0.729396 0
    outer loop
      vertex 164.322 -143.655 0.2
      vertex 164.161 -143.806 -1
      vertex 164.322 -143.655 -1
    endloop
  endfacet
  facet normal 0.232515 -0.972593 0
    outer loop
      vertex 161.719 -145.047 -1
      vertex 162.062 -144.965 0.2
      vertex 161.719 -145.047 0.2
    endloop
  endfacet
  facet normal 0.232515 -0.972593 0
    outer loop
      vertex 162.062 -144.965 0.2
      vertex 161.719 -145.047 -1
      vertex 162.062 -144.965 -1
    endloop
  endfacet
  facet normal 0.345837 -0.938295 0
    outer loop
      vertex 162.303 -144.892 -1
      vertex 162.634 -144.77 0.2
      vertex 162.303 -144.892 0.2
    endloop
  endfacet
  facet normal 0.345837 -0.938295 0
    outer loop
      vertex 162.634 -144.77 0.2
      vertex 162.303 -144.892 -1
      vertex 162.634 -144.77 -1
    endloop
  endfacet
  facet normal -0.943886 0.330271 0
    outer loop
      vertex 89.0855 -78.9523 -1
      vertex 89.1967 -78.6345 0.2
      vertex 89.1967 -78.6345 -1
    endloop
  endfacet
  facet normal -0.943886 0.330271 0
    outer loop
      vertex 89.1967 -78.6345 0.2
      vertex 89.0855 -78.9523 -1
      vertex 89.0855 -78.9523 0.2
    endloop
  endfacet
  facet normal -0.961069 -0.276307 0
    outer loop
      vertex 89.0856 -141.541 -1
      vertex 89.0189 -141.309 0.2
      vertex 89.0189 -141.309 -1
    endloop
  endfacet
  facet normal -0.961069 -0.276307 0
    outer loop
      vertex 89.0189 -141.309 0.2
      vertex 89.0856 -141.541 -1
      vertex 89.0856 -141.541 0.2
    endloop
  endfacet
  facet normal 0.119145 -0.992877 0
    outer loop
      vertex 161.121 -145.133 -1
      vertex 161.471 -145.091 0.2
      vertex 161.121 -145.133 0.2
    endloop
  endfacet
  facet normal 0.119145 -0.992877 0
    outer loop
      vertex 161.471 -145.091 0.2
      vertex 161.121 -145.133 -1
      vertex 161.471 -145.091 -1
    endloop
  endfacet
  facet normal 0 0 -1
    outer loop
      vertex 98.956 -89.9457 0
      vertex 104.669 -89.9457 0
      vertex 98.956 -91.0543 0
    endloop
  endfacet
  facet normal 0 0 -1
    outer loop
      vertex 104.669 -89.9457 0
      vertex 98.956 -89.9457 0
      vertex 98.975 -89.85 0
    endloop
  endfacet
  facet normal 0 0 -1
    outer loop
      vertex 98.9018 -90.9732 0
      vertex 98.956 -89.9457 0
      vertex 98.956 -91.0543 0
    endloop
  endfacet
  facet normal 0 0 -1
    outer loop
      vertex 98.9018 -90.9732 0
      vertex 98.9018 -90.0268 0
      vertex 98.956 -89.9457 0
    endloop
  endfacet
  facet normal 0 0 -1
    outer loop
      vertex 98.8207 -90.919 0
      vertex 98.9018 -90.0268 0
      vertex 98.9018 -90.9732 0
    endloop
  endfacet
  facet normal 0 0 -1
    outer loop
      vertex 98.8207 -90.919 0
      vertex 98.8207 -90.081 0
      vertex 98.9018 -90.0268 0
    endloop
  endfacet
  facet normal 0 0 -1
    outer loop
      vertex 98.725 -90.9 0
      vertex 98.8207 -90.081 0
      vertex 98.8207 -90.919 0
    endloop
  endfacet
  facet normal 0 0 -1
    outer loop
      vertex 98.725 -90.9 0
      vertex 98.725 -90.1 0
      vertex 98.8207 -90.081 0
    endloop
  endfacet
  facet normal 0 0 -1
    outer loop
      vertex 97.825 -90.9 0
      vertex 98.725 -90.1 0
      vertex 98.725 -90.9 0
    endloop
  endfacet
  facet normal 0 0 -1
    outer loop
      vertex 97.825 -90.9 0
      vertex 97.825 -90.1 0
      vertex 98.725 -90.1 0
    endloop
  endfacet
  facet normal 0 0 -1
    outer loop
      vertex 97.7293 -90.919 0
      vertex 97.825 -90.1 0
      vertex 97.825 -90.9 0
    endloop
  endfacet
  facet normal 0 0 -1
    outer loop
      vertex 97.7293 -90.919 0
      vertex 97.7293 -90.081 0
      vertex 97.825 -90.1 0
    endloop
  endfacet
  facet normal 0 0 -1
    outer loop
      vertex 97.6482 -90.9732 0
      vertex 97.7293 -90.081 0
      vertex 97.7293 -90.919 0
    endloop
  endfacet
  facet normal 0 0 -1
    outer loop
      vertex 97.6482 -90.9732 0
      vertex 97.6482 -90.0268 0
      vertex 97.7293 -90.081 0
    endloop
  endfacet
  facet normal 0 0 -1
    outer loop
      vertex 97.594 -91.0543 0
      vertex 97.6482 -90.0268 0
      vertex 97.6482 -90.9732 0
    endloop
  endfacet
  facet normal 0 0 -1
    outer loop
      vertex 97.594 -91.0543 0
      vertex 97.594 -89.9457 0
      vertex 97.6482 -90.0268 0
    endloop
  endfacet
  facet normal 0 0 -1
    outer loop
      vertex 97.575 -91.15 0
      vertex 97.594 -89.9457 0
      vertex 97.594 -91.0543 0
    endloop
  endfacet
  facet normal -0 0 -1
    outer loop
      vertex 97.594 -89.9457 0
      vertex 97.575 -91.15 0
      vertex 97.575 -89.85 0
    endloop
  endfacet
  facet normal 0 0 -1
    outer loop
      vertex 106.031 -89.9457 0
      vertex 111.694 -89.9457 0
      vertex 106.031 -91.0543 0
    endloop
  endfacet
  facet normal 0 0 -1
    outer loop
      vertex 111.694 -89.9457 0
      vertex 106.031 -89.9457 0
      vertex 106.05 -89.85 0
    endloop
  endfacet
  facet normal 0 0 -1
    outer loop
      vertex 105.977 -90.9732 0
      vertex 106.031 -89.9457 0
      vertex 106.031 -91.0543 0
    endloop
  endfacet
  facet normal 0 0 -1
    outer loop
      vertex 105.977 -90.9732 0
      vertex 105.977 -90.0268 0
      vertex 106.031 -89.9457 0
    endloop
  endfacet
  facet normal 0 0 -1
    outer loop
      vertex 105.896 -90.919 0
      vertex 105.977 -90.0268 0
      vertex 105.977 -90.9732 0
    endloop
  endfacet
  facet normal 0 0 -1
    outer loop
      vertex 105.896 -90.919 0
      vertex 105.896 -90.081 0
      vertex 105.977 -90.0268 0
    endloop
  endfacet
  facet normal 0 0 -1
    outer loop
      vertex 105.8 -90.9 0
      vertex 105.896 -90.081 0
      vertex 105.896 -90.919 0
    endloop
  endfacet
  facet normal 0 0 -1
    outer loop
      vertex 105.8 -90.9 0
      vertex 105.8 -90.1 0
      vertex 105.896 -90.081 0
    endloop
  endfacet
  facet normal 0 0 -1
    outer loop
      vertex 104.9 -90.9 0
      vertex 105.8 -90.1 0
      vertex 105.8 -90.9 0
    endloop
  endfacet
  facet normal 0 0 -1
    outer loop
      vertex 104.9 -90.9 0
      vertex 104.9 -90.1 0
      vertex 105.8 -90.1 0
    endloop
  endfacet
  facet normal 0 0 -1
    outer loop
      vertex 104.804 -90.919 0
      vertex 104.9 -90.1 0
      vertex 104.9 -90.9 0
    endloop
  endfacet
  facet normal 0 0 -1
    outer loop
      vertex 104.804 -90.919 0
      vertex 104.804 -90.081 0
      vertex 104.9 -90.1 0
    endloop
  endfacet
  facet normal 0 0 -1
    outer loop
      vertex 104.723 -90.9732 0
      vertex 104.804 -90.081 0
      vertex 104.804 -90.919 0
    endloop
  endfacet
  facet normal 0 0 -1
    outer loop
      vertex 104.723 -90.9732 0
      vertex 104.723 -90.0268 0
      vertex 104.804 -90.081 0
    endloop
  endfacet
  facet normal 0 0 -1
    outer loop
      vertex 104.669 -91.0543 0
      vertex 104.723 -90.0268 0
      vertex 104.723 -90.9732 0
    endloop
  endfacet
  facet normal 0 0 -1
    outer loop
      vertex 104.669 -91.0543 0
      vertex 104.669 -89.9457 0
      vertex 104.723 -90.0268 0
    endloop
  endfacet
  facet normal 0 0 -1
    outer loop
      vertex 98.975 -91.15 0
      vertex 104.669 -91.0543 0
      vertex 104.65 -91.15 0
    endloop
  endfacet
  facet normal 0 0 -1
    outer loop
      vertex 98.956 -91.0543 0
      vertex 104.669 -91.0543 0
      vertex 98.975 -91.15 0
    endloop
  endfacet
  facet normal 0 0 -1
    outer loop
      vertex 113.056 -89.9457 0
      vertex 118.669 -89.9457 0
      vertex 113.056 -91.0543 0
    endloop
  endfacet
  facet normal 0 0 -1
    outer loop
      vertex 118.669 -89.9457 0
      vertex 113.056 -89.9457 0
      vertex 113.075 -89.85 0
    endloop
  endfacet
  facet normal 0 0 -1
    outer loop
      vertex 113.002 -90.9732 0
      vertex 113.056 -89.9457 0
      vertex 113.056 -91.0543 0
    endloop
  endfacet
  facet normal 0 0 -1
    outer loop
      vertex 113.002 -90.9732 0
      vertex 113.002 -90.0268 0
      vertex 113.056 -89.9457 0
    endloop
  endfacet
  facet normal 0 0 -1
    outer loop
      vertex 112.921 -90.919 0
      vertex 113.002 -90.0268 0
      vertex 113.002 -90.9732 0
    endloop
  endfacet
  facet normal 0 0 -1
    outer loop
      vertex 112.921 -90.919 0
      vertex 112.921 -90.081 0
      vertex 113.002 -90.0268 0
    endloop
  endfacet
  facet normal 0 0 -1
    outer loop
      vertex 112.825 -90.9 0
      vertex 112.921 -90.081 0
      vertex 112.921 -90.919 0
    endloop
  endfacet
  facet normal 0 0 -1
    outer loop
      vertex 112.825 -90.9 0
      vertex 112.825 -90.1 0
      vertex 112.921 -90.081 0
    endloop
  endfacet
  facet normal 0 0 -1
    outer loop
      vertex 111.925 -90.9 0
      vertex 112.825 -90.1 0
      vertex 112.825 -90.9 0
    endloop
  endfacet
  facet normal 0 0 -1
    outer loop
      vertex 111.925 -90.9 0
      vertex 111.925 -90.1 0
      vertex 112.825 -90.1 0
    endloop
  endfacet
  facet normal 0 0 -1
    outer loop
      vertex 111.829 -90.919 0
      vertex 111.925 -90.1 0
      vertex 111.925 -90.9 0
    endloop
  endfacet
  facet normal 0 0 -1
    outer loop
      vertex 111.829 -90.919 0
      vertex 111.829 -90.081 0
      vertex 111.925 -90.1 0
    endloop
  endfacet
  facet normal 0 0 -1
    outer loop
      vertex 111.748 -90.9732 0
      vertex 111.829 -90.081 0
      vertex 111.829 -90.919 0
    endloop
  endfacet
  facet normal 0 0 -1
    outer loop
      vertex 111.748 -90.9732 0
      vertex 111.748 -90.0268 0
      vertex 111.829 -90.081 0
    endloop
  endfacet
  facet normal 0 0 -1
    outer loop
      vertex 111.694 -91.0543 0
      vertex 111.748 -90.0268 0
      vertex 111.748 -90.9732 0
    endloop
  endfacet
  facet normal 0 0 -1
    outer loop
      vertex 111.694 -91.0543 0
      vertex 111.694 -89.9457 0
      vertex 111.748 -90.0268 0
    endloop
  endfacet
  facet normal 0 0 -1
    outer loop
      vertex 106.05 -91.15 0
      vertex 111.694 -91.0543 0
      vertex 111.675 -91.15 0
    endloop
  endfacet
  facet normal 0 0 -1
    outer loop
      vertex 106.031 -91.0543 0
      vertex 111.694 -91.0543 0
      vertex 106.05 -91.15 0
    endloop
  endfacet
  facet normal 0 0 -1
    outer loop
      vertex 120.031 -89.9457 0
      vertex 125.669 -89.9457 0
      vertex 120.031 -91.0543 0
    endloop
  endfacet
  facet normal 0 0 -1
    outer loop
      vertex 125.669 -89.9457 0
      vertex 120.031 -89.9457 0
      vertex 120.05 -89.85 0
    endloop
  endfacet
  facet normal 0 0 -1
    outer loop
      vertex 119.977 -90.9732 0
      vertex 120.031 -89.9457 0
      vertex 120.031 -91.0543 0
    endloop
  endfacet
  facet normal 0 0 -1
    outer loop
      vertex 119.977 -90.9732 0
      vertex 119.977 -90.0268 0
      vertex 120.031 -89.9457 0
    endloop
  endfacet
  facet normal 0 0 -1
    outer loop
      vertex 119.896 -90.919 0
      vertex 119.977 -90.0268 0
      vertex 119.977 -90.9732 0
    endloop
  endfacet
  facet normal 0 0 -1
    outer loop
      vertex 119.896 -90.919 0
      vertex 119.896 -90.081 0
      vertex 119.977 -90.0268 0
    endloop
  endfacet
  facet normal 0 0 -1
    outer loop
      vertex 119.8 -90.9 0
      vertex 119.896 -90.081 0
      vertex 119.896 -90.919 0
    endloop
  endfacet
  facet normal 0 0 -1
    outer loop
      vertex 119.8 -90.9 0
      vertex 119.8 -90.1 0
      vertex 119.896 -90.081 0
    endloop
  endfacet
  facet normal 0 0 -1
    outer loop
      vertex 118.9 -90.9 0
      vertex 119.8 -90.1 0
      vertex 119.8 -90.9 0
    endloop
  endfacet
  facet normal 0 0 -1
    outer loop
      vertex 118.9 -90.9 0
      vertex 118.9 -90.1 0
      vertex 119.8 -90.1 0
    endloop
  endfacet
  facet normal 0 0 -1
    outer loop
      vertex 118.804 -90.919 0
      vertex 118.9 -90.1 0
      vertex 118.9 -90.9 0
    endloop
  endfacet
  facet normal 0 0 -1
    outer loop
      vertex 118.804 -90.919 0
      vertex 118.804 -90.081 0
      vertex 118.9 -90.1 0
    endloop
  endfacet
  facet normal 0 0 -1
    outer loop
      vertex 118.723 -90.9732 0
      vertex 118.804 -90.081 0
      vertex 118.804 -90.919 0
    endloop
  endfacet
  facet normal 0 0 -1
    outer loop
      vertex 118.723 -90.9732 0
      vertex 118.723 -90.0268 0
      vertex 118.804 -90.081 0
    endloop
  endfacet
  facet normal 0 0 -1
    outer loop
      vertex 118.669 -91.0543 0
      vertex 118.723 -90.0268 0
      vertex 118.723 -90.9732 0
    endloop
  endfacet
  facet normal 0 0 -1
    outer loop
      vertex 118.669 -91.0543 0
      vertex 118.669 -89.9457 0
      vertex 118.723 -90.0268 0
    endloop
  endfacet
  facet normal 0 0 -1
    outer loop
      vertex 113.075 -91.15 0
      vertex 118.669 -91.0543 0
      vertex 118.65 -91.15 0
    endloop
  endfacet
  facet normal 0 0 -1
    outer loop
      vertex 113.056 -91.0543 0
      vertex 118.669 -91.0543 0
      vertex 113.075 -91.15 0
    endloop
  endfacet
  facet normal 0 0 -1
    outer loop
      vertex 125.669 -91.7707 0
      vertex 120.031 -91.7707 0
      vertex 120.05 -91.675 0
    endloop
  endfacet
  facet normal 0 0 -1
    outer loop
      vertex 125.804 -91.906 0
      vertex 119.977 -91.8518 0
      vertex 120.031 -91.7707 0
    endloop
  endfacet
  facet normal 0 0 -1
    outer loop
      vertex 125.804 -91.906 0
      vertex 119.896 -91.906 0
      vertex 119.977 -91.8518 0
    endloop
  endfacet
  facet normal -0 0 -1
    outer loop
      vertex 125.804 -91.906 0
      vertex 119.8 -91.925 0
      vertex 119.896 -91.906 0
    endloop
  endfacet
  facet normal 0 0 -1
    outer loop
      vertex 119.7 -126.295 0
      vertex 119.8 -91.925 0
      vertex 121.35 -126.295 0
    endloop
  endfacet
  facet normal 0 0 -1
    outer loop
      vertex 118.9 -91.925 0
      vertex 119.7 -126.295 0
      vertex 119.643 -126.306 0
    endloop
  endfacet
  facet normal 0 0 -1
    outer loop
      vertex 111.925 -91.925 0
      vertex 119.643 -126.306 0
      vertex 119.594 -126.339 0
    endloop
  endfacet
  facet normal 0 0 -1
    outer loop
      vertex 98.725 -91.925 0
      vertex 119.594 -126.339 0
      vertex 119.561 -126.388 0
    endloop
  endfacet
  facet normal 0 0 -1
    outer loop
      vertex 90.85 -140.002 0
      vertex 119.561 -126.388 0
      vertex 119.55 -126.445 0
    endloop
  endfacet
  facet normal 0 0 -1
    outer loop
      vertex 119.7 -126.295 0
      vertex 118.9 -91.925 0
      vertex 119.8 -91.925 0
    endloop
  endfacet
  facet normal 0 0 -1
    outer loop
      vertex 121.489 -126.802 0
      vertex 124.511 -126.802 0
      vertex 121.489 -127.658 0
    endloop
  endfacet
  facet normal 0 0 -1
    outer loop
      vertex 124.511 -126.802 0
      vertex 121.489 -126.802 0
      vertex 121.5 -126.745 0
    endloop
  endfacet
  facet normal 0 0 -1
    outer loop
      vertex 121.456 -127.609 0
      vertex 121.489 -126.802 0
      vertex 121.489 -127.658 0
    endloop
  endfacet
  facet normal 0 0 -1
    outer loop
      vertex 121.456 -127.609 0
      vertex 121.456 -126.851 0
      vertex 121.489 -126.802 0
    endloop
  endfacet
  facet normal 0 0 -1
    outer loop
      vertex 121.407 -127.576 0
      vertex 121.456 -126.851 0
      vertex 121.456 -127.609 0
    endloop
  endfacet
  facet normal 0 0 -1
    outer loop
      vertex 121.407 -127.576 0
      vertex 121.407 -126.884 0
      vertex 121.456 -126.851 0
    endloop
  endfacet
  facet normal 0 0 -1
    outer loop
      vertex 121.35 -127.565 0
      vertex 121.407 -126.884 0
      vertex 121.407 -127.576 0
    endloop
  endfacet
  facet normal 0 0 -1
    outer loop
      vertex 121.35 -127.565 0
      vertex 121.35 -126.895 0
      vertex 121.407 -126.884 0
    endloop
  endfacet
  facet normal 0 0 -1
    outer loop
      vertex 119.7 -127.565 0
      vertex 121.35 -126.895 0
      vertex 121.35 -127.565 0
    endloop
  endfacet
  facet normal 0 0 -1
    outer loop
      vertex 119.7 -127.565 0
      vertex 119.7 -126.895 0
      vertex 121.35 -126.895 0
    endloop
  endfacet
  facet normal 0 0 -1
    outer loop
      vertex 119.643 -127.576 0
      vertex 119.7 -126.895 0
      vertex 119.7 -127.565 0
    endloop
  endfacet
  facet normal 0 0 -1
    outer loop
      vertex 119.643 -127.576 0
      vertex 119.643 -126.884 0
      vertex 119.7 -126.895 0
    endloop
  endfacet
  facet normal 0 0 -1
    outer loop
      vertex 119.594 -127.609 0
      vertex 119.643 -126.884 0
      vertex 119.643 -127.576 0
    endloop
  endfacet
  facet normal 0 0 -1
    outer loop
      vertex 119.594 -127.609 0
      vertex 119.594 -126.851 0
      vertex 119.643 -126.884 0
    endloop
  endfacet
  facet normal 0 0 -1
    outer loop
      vertex 119.561 -127.658 0
      vertex 119.594 -126.851 0
      vertex 119.594 -127.609 0
    endloop
  endfacet
  facet normal 0 0 -1
    outer loop
      vertex 119.561 -127.658 0
      vertex 119.561 -126.802 0
      vertex 119.594 -126.851 0
    endloop
  endfacet
  facet normal 0 0 -1
    outer loop
      vertex 119.55 -127.715 0
      vertex 119.561 -126.802 0
      vertex 119.561 -127.658 0
    endloop
  endfacet
  facet normal -0 0 -1
    outer loop
      vertex 119.561 -126.802 0
      vertex 119.55 -127.715 0
      vertex 119.55 -126.745 0
    endloop
  endfacet
  facet normal 0 0 -1
    outer loop
      vertex 121.489 -128.072 0
      vertex 124.511 -128.072 0
      vertex 121.489 -128.928 0
    endloop
  endfacet
  facet normal 0 0 -1
    outer loop
      vertex 124.511 -128.072 0
      vertex 121.489 -128.072 0
      vertex 121.5 -128.015 0
    endloop
  endfacet
  facet normal 0 0 -1
    outer loop
      vertex 121.456 -128.879 0
      vertex 121.489 -128.072 0
      vertex 121.489 -128.928 0
    endloop
  endfacet
  facet normal 0 0 -1
    outer loop
      vertex 121.456 -128.879 0
      vertex 121.456 -128.121 0
      vertex 121.489 -128.072 0
    endloop
  endfacet
  facet normal 0 0 -1
    outer loop
      vertex 121.407 -128.846 0
      vertex 121.456 -128.121 0
      vertex 121.456 -128.879 0
    endloop
  endfacet
  facet normal 0 0 -1
    outer loop
      vertex 121.407 -128.846 0
      vertex 121.407 -128.154 0
      vertex 121.456 -128.121 0
    endloop
  endfacet
  facet normal 0 0 -1
    outer loop
      vertex 121.35 -128.835 0
      vertex 121.407 -128.154 0
      vertex 121.407 -128.846 0
    endloop
  endfacet
  facet normal 0 0 -1
    outer loop
      vertex 121.35 -128.835 0
      vertex 121.35 -128.165 0
      vertex 121.407 -128.154 0
    endloop
  endfacet
  facet normal 0 0 -1
    outer loop
      vertex 119.7 -128.835 0
      vertex 121.35 -128.165 0
      vertex 121.35 -128.835 0
    endloop
  endfacet
  facet normal 0 0 -1
    outer loop
      vertex 119.7 -128.835 0
      vertex 119.7 -128.165 0
      vertex 121.35 -128.165 0
    endloop
  endfacet
  facet normal 0 0 -1
    outer loop
      vertex 119.643 -128.846 0
      vertex 119.7 -128.165 0
      vertex 119.7 -128.835 0
    endloop
  endfacet
  facet normal 0 0 -1
    outer loop
      vertex 119.643 -128.846 0
      vertex 119.643 -128.154 0
      vertex 119.7 -128.165 0
    endloop
  endfacet
  facet normal 0 0 -1
    outer loop
      vertex 119.594 -128.879 0
      vertex 119.643 -128.154 0
      vertex 119.643 -128.846 0
    endloop
  endfacet
  facet normal 0 0 -1
    outer loop
      vertex 119.594 -128.879 0
      vertex 119.594 -128.121 0
      vertex 119.643 -128.154 0
    endloop
  endfacet
  facet normal 0 0 -1
    outer loop
      vertex 119.561 -128.928 0
      vertex 119.594 -128.121 0
      vertex 119.594 -128.879 0
    endloop
  endfacet
  facet normal 0 0 -1
    outer loop
      vertex 119.561 -128.928 0
      vertex 119.561 -128.072 0
      vertex 119.594 -128.121 0
    endloop
  endfacet
  facet normal 0 0 -1
    outer loop
      vertex 119.55 -128.985 0
      vertex 119.561 -128.072 0
      vertex 119.561 -128.928 0
    endloop
  endfacet
  facet normal -0 0 -1
    outer loop
      vertex 119.561 -128.072 0
      vertex 119.55 -128.985 0
      vertex 119.55 -128.015 0
    endloop
  endfacet
  facet normal 0 0 -1
    outer loop
      vertex 121.489 -129.342 0
      vertex 124.511 -129.342 0
      vertex 121.489 -130.198 0
    endloop
  endfacet
  facet normal 0 0 -1
    outer loop
      vertex 124.511 -129.342 0
      vertex 121.489 -129.342 0
      vertex 121.5 -129.285 0
    endloop
  endfacet
  facet normal 0 0 -1
    outer loop
      vertex 121.456 -130.149 0
      vertex 121.489 -129.342 0
      vertex 121.489 -130.198 0
    endloop
  endfacet
  facet normal 0 0 -1
    outer loop
      vertex 121.456 -130.149 0
      vertex 121.456 -129.391 0
      vertex 121.489 -129.342 0
    endloop
  endfacet
  facet normal 0 0 -1
    outer loop
      vertex 121.407 -130.116 0
      vertex 121.456 -129.391 0
      vertex 121.456 -130.149 0
    endloop
  endfacet
  facet normal 0 0 -1
    outer loop
      vertex 121.407 -130.116 0
      vertex 121.407 -129.424 0
      vertex 121.456 -129.391 0
    endloop
  endfacet
  facet normal 0 0 -1
    outer loop
      vertex 121.35 -130.105 0
      vertex 121.407 -129.424 0
      vertex 121.407 -130.116 0
    endloop
  endfacet
  facet normal 0 0 -1
    outer loop
      vertex 121.35 -130.105 0
      vertex 121.35 -129.435 0
      vertex 121.407 -129.424 0
    endloop
  endfacet
  facet normal 0 0 -1
    outer loop
      vertex 119.7 -130.105 0
      vertex 121.35 -129.435 0
      vertex 121.35 -130.105 0
    endloop
  endfacet
  facet normal 0 0 -1
    outer loop
      vertex 119.7 -130.105 0
      vertex 119.7 -129.435 0
      vertex 121.35 -129.435 0
    endloop
  endfacet
  facet normal 0 0 -1
    outer loop
      vertex 119.643 -130.116 0
      vertex 119.7 -129.435 0
      vertex 119.7 -130.105 0
    endloop
  endfacet
  facet normal 0 0 -1
    outer loop
      vertex 119.643 -130.116 0
      vertex 119.643 -129.424 0
      vertex 119.7 -129.435 0
    endloop
  endfacet
  facet normal 0 0 -1
    outer loop
      vertex 119.594 -130.149 0
      vertex 119.643 -129.424 0
      vertex 119.643 -130.116 0
    endloop
  endfacet
  facet normal 0 0 -1
    outer loop
      vertex 119.594 -130.149 0
      vertex 119.594 -129.391 0
      vertex 119.643 -129.424 0
    endloop
  endfacet
  facet normal 0 0 -1
    outer loop
      vertex 119.561 -130.198 0
      vertex 119.594 -129.391 0
      vertex 119.594 -130.149 0
    endloop
  endfacet
  facet normal 0 0 -1
    outer loop
      vertex 119.561 -130.198 0
      vertex 119.561 -129.342 0
      vertex 119.594 -129.391 0
    endloop
  endfacet
  facet normal 0 0 -1
    outer loop
      vertex 119.55 -130.255 0
      vertex 119.561 -129.342 0
      vertex 119.561 -130.198 0
    endloop
  endfacet
  facet normal -0 0 -1
    outer loop
      vertex 119.561 -129.342 0
      vertex 119.55 -130.255 0
      vertex 119.55 -129.285 0
    endloop
  endfacet
  facet normal -0 0 -1
    outer loop
      vertex 127.123 -127.152 0
      vertex 126.406 -127.609 0
      vertex 127.069 -127.071 0
    endloop
  endfacet
  facet normal 0 0 -1
    outer loop
      vertex 127.069 -127.071 0
      vertex 126.439 -126.802 0
      vertex 126.45 -126.745 0
    endloop
  endfacet
  facet normal 0 0 -1
    outer loop
      vertex 126.406 -126.851 0
      vertex 127.069 -127.071 0
      vertex 126.406 -127.609 0
    endloop
  endfacet
  facet normal 0 0 -1
    outer loop
      vertex 127.069 -127.071 0
      vertex 126.406 -126.851 0
      vertex 126.439 -126.802 0
    endloop
  endfacet
  facet normal 0 0 -1
    outer loop
      vertex 126.357 -127.576 0
      vertex 126.406 -126.851 0
      vertex 126.406 -127.609 0
    endloop
  endfacet
  facet normal 0 0 -1
    outer loop
      vertex 126.357 -127.576 0
      vertex 126.357 -126.884 0
      vertex 126.406 -126.851 0
    endloop
  endfacet
  facet normal 0 0 -1
    outer loop
      vertex 126.3 -127.565 0
      vertex 126.357 -126.884 0
      vertex 126.357 -127.576 0
    endloop
  endfacet
  facet normal 0 0 -1
    outer loop
      vertex 126.3 -127.565 0
      vertex 126.3 -126.895 0
      vertex 126.357 -126.884 0
    endloop
  endfacet
  facet normal 0 0 -1
    outer loop
      vertex 124.65 -127.565 0
      vertex 126.3 -126.895 0
      vertex 126.3 -127.565 0
    endloop
  endfacet
  facet normal 0 0 -1
    outer loop
      vertex 124.65 -127.565 0
      vertex 124.65 -126.895 0
      vertex 126.3 -126.895 0
    endloop
  endfacet
  facet normal 0 0 -1
    outer loop
      vertex 124.593 -127.576 0
      vertex 124.65 -126.895 0
      vertex 124.65 -127.565 0
    endloop
  endfacet
  facet normal 0 0 -1
    outer loop
      vertex 124.593 -127.576 0
      vertex 124.593 -126.884 0
      vertex 124.65 -126.895 0
    endloop
  endfacet
  facet normal 0 0 -1
    outer loop
      vertex 124.544 -127.609 0
      vertex 124.593 -126.884 0
      vertex 124.593 -127.576 0
    endloop
  endfacet
  facet normal 0 0 -1
    outer loop
      vertex 124.544 -127.609 0
      vertex 124.544 -126.851 0
      vertex 124.593 -126.884 0
    endloop
  endfacet
  facet normal 0 0 -1
    outer loop
      vertex 124.511 -127.658 0
      vertex 124.544 -126.851 0
      vertex 124.544 -127.609 0
    endloop
  endfacet
  facet normal 0 0 -1
    outer loop
      vertex 124.511 -127.658 0
      vertex 124.511 -126.802 0
      vertex 124.544 -126.851 0
    endloop
  endfacet
  facet normal 0 0 -1
    outer loop
      vertex 121.5 -127.715 0
      vertex 124.511 -127.658 0
      vertex 124.5 -127.715 0
    endloop
  endfacet
  facet normal 0 0 -1
    outer loop
      vertex 121.489 -127.658 0
      vertex 124.511 -127.658 0
      vertex 121.5 -127.715 0
    endloop
  endfacet
  facet normal 0 0 -1
    outer loop
      vertex 126.439 -128.072 0
      vertex 127.8 -127.225 0
      vertex 126.439 -128.928 0
    endloop
  endfacet
  facet normal 0 0 -1
    outer loop
      vertex 127.8 -127.225 0
      vertex 126.439 -128.072 0
      vertex 126.45 -128.015 0
    endloop
  endfacet
  facet normal 0 0 -1
    outer loop
      vertex 126.406 -128.879 0
      vertex 126.439 -128.072 0
      vertex 126.439 -128.928 0
    endloop
  endfacet
  facet normal 0 0 -1
    outer loop
      vertex 126.406 -128.879 0
      vertex 126.406 -128.121 0
      vertex 126.439 -128.072 0
    endloop
  endfacet
  facet normal 0 0 -1
    outer loop
      vertex 126.357 -128.846 0
      vertex 126.406 -128.121 0
      vertex 126.406 -128.879 0
    endloop
  endfacet
  facet normal 0 0 -1
    outer loop
      vertex 126.357 -128.846 0
      vertex 126.357 -128.154 0
      vertex 126.406 -128.121 0
    endloop
  endfacet
  facet normal 0 0 -1
    outer loop
      vertex 126.3 -128.835 0
      vertex 126.357 -128.154 0
      vertex 126.357 -128.846 0
    endloop
  endfacet
  facet normal 0 0 -1
    outer loop
      vertex 126.3 -128.835 0
      vertex 126.3 -128.165 0
      vertex 126.357 -128.154 0
    endloop
  endfacet
  facet normal 0 0 -1
    outer loop
      vertex 124.65 -128.835 0
      vertex 126.3 -128.165 0
      vertex 126.3 -128.835 0
    endloop
  endfacet
  facet normal 0 0 -1
    outer loop
      vertex 124.65 -128.835 0
      vertex 124.65 -128.165 0
      vertex 126.3 -128.165 0
    endloop
  endfacet
  facet normal 0 0 -1
    outer loop
      vertex 124.593 -128.846 0
      vertex 124.65 -128.165 0
      vertex 124.65 -128.835 0
    endloop
  endfacet
  facet normal 0 0 -1
    outer loop
      vertex 124.593 -128.846 0
      vertex 124.593 -128.154 0
      vertex 124.65 -128.165 0
    endloop
  endfacet
  facet normal 0 0 -1
    outer loop
      vertex 124.544 -128.879 0
      vertex 124.593 -128.154 0
      vertex 124.593 -128.846 0
    endloop
  endfacet
  facet normal 0 0 -1
    outer loop
      vertex 124.544 -128.879 0
      vertex 124.544 -128.121 0
      vertex 124.593 -128.154 0
    endloop
  endfacet
  facet normal 0 0 -1
    outer loop
      vertex 124.511 -128.928 0
      vertex 124.544 -128.121 0
      vertex 124.544 -128.879 0
    endloop
  endfacet
  facet normal 0 0 -1
    outer loop
      vertex 124.511 -128.928 0
      vertex 124.511 -128.072 0
      vertex 124.544 -128.121 0
    endloop
  endfacet
  facet normal 0 0 -1
    outer loop
      vertex 121.5 -128.985 0
      vertex 124.511 -128.928 0
      vertex 124.5 -128.985 0
    endloop
  endfacet
  facet normal 0 0 -1
    outer loop
      vertex 121.489 -128.928 0
      vertex 124.511 -128.928 0
      vertex 121.5 -128.985 0
    endloop
  endfacet
  facet normal 0 0 -1
    outer loop
      vertex 126.439 -130.198 0
      vertex 126.45 -129.285 0
      vertex 126.45 -130.255 0
    endloop
  endfacet
  facet normal 0 0 -1
    outer loop
      vertex 126.439 -130.198 0
      vertex 126.439 -129.342 0
      vertex 126.45 -129.285 0
    endloop
  endfacet
  facet normal 0 0 -1
    outer loop
      vertex 126.406 -130.149 0
      vertex 126.439 -129.342 0
      vertex 126.439 -130.198 0
    endloop
  endfacet
  facet normal 0 0 -1
    outer loop
      vertex 126.406 -130.149 0
      vertex 126.406 -129.391 0
      vertex 126.439 -129.342 0
    endloop
  endfacet
  facet normal 0 0 -1
    outer loop
      vertex 126.357 -130.116 0
      vertex 126.406 -129.391 0
      vertex 126.406 -130.149 0
    endloop
  endfacet
  facet normal 0 0 -1
    outer loop
      vertex 126.357 -130.116 0
      vertex 126.357 -129.424 0
      vertex 126.406 -129.391 0
    endloop
  endfacet
  facet normal 0 0 -1
    outer loop
      vertex 126.3 -130.105 0
      vertex 126.357 -129.424 0
      vertex 126.357 -130.116 0
    endloop
  endfacet
  facet normal 0 0 -1
    outer loop
      vertex 126.3 -130.105 0
      vertex 126.3 -129.435 0
      vertex 126.357 -129.424 0
    endloop
  endfacet
  facet normal 0 0 -1
    outer loop
      vertex 124.65 -130.105 0
      vertex 126.3 -129.435 0
      vertex 126.3 -130.105 0
    endloop
  endfacet
  facet normal 0 0 -1
    outer loop
      vertex 124.65 -130.105 0
      vertex 124.65 -129.435 0
      vertex 126.3 -129.435 0
    endloop
  endfacet
  facet normal 0 0 -1
    outer loop
      vertex 124.593 -130.116 0
      vertex 124.65 -129.435 0
      vertex 124.65 -130.105 0
    endloop
  endfacet
  facet normal 0 0 -1
    outer loop
      vertex 124.593 -130.116 0
      vertex 124.593 -129.424 0
      vertex 124.65 -129.435 0
    endloop
  endfacet
  facet normal 0 0 -1
    outer loop
      vertex 124.544 -130.149 0
      vertex 124.593 -129.424 0
      vertex 124.593 -130.116 0
    endloop
  endfacet
  facet normal 0 0 -1
    outer loop
      vertex 124.544 -130.149 0
      vertex 124.544 -129.391 0
      vertex 124.593 -129.424 0
    endloop
  endfacet
  facet normal 0 0 -1
    outer loop
      vertex 124.511 -130.198 0
      vertex 124.544 -129.391 0
      vertex 124.544 -130.149 0
    endloop
  endfacet
  facet normal 0 0 -1
    outer loop
      vertex 124.511 -130.198 0
      vertex 124.511 -129.342 0
      vertex 124.544 -129.391 0
    endloop
  endfacet
  facet normal 0 0 -1
    outer loop
      vertex 121.5 -130.255 0
      vertex 124.511 -130.198 0
      vertex 124.5 -130.255 0
    endloop
  endfacet
  facet normal 0 0 -1
    outer loop
      vertex 121.489 -130.198 0
      vertex 124.511 -130.198 0
      vertex 121.5 -130.255 0
    endloop
  endfacet
  facet normal 0 0 -1
    outer loop
      vertex 127.031 -89.9457 0
      vertex 132.669 -89.9457 0
      vertex 127.031 -91.0543 0
    endloop
  endfacet
  facet normal 0 0 -1
    outer loop
      vertex 132.669 -89.9457 0
      vertex 127.031 -89.9457 0
      vertex 127.05 -89.85 0
    endloop
  endfacet
  facet normal 0 0 -1
    outer loop
      vertex 126.977 -90.9732 0
      vertex 127.031 -89.9457 0
      vertex 127.031 -91.0543 0
    endloop
  endfacet
  facet normal 0 0 -1
    outer loop
      vertex 126.977 -90.9732 0
      vertex 126.977 -90.0268 0
      vertex 127.031 -89.9457 0
    endloop
  endfacet
  facet normal 0 0 -1
    outer loop
      vertex 126.896 -90.919 0
      vertex 126.977 -90.0268 0
      vertex 126.977 -90.9732 0
    endloop
  endfacet
  facet normal 0 0 -1
    outer loop
      vertex 126.896 -90.919 0
      vertex 126.896 -90.081 0
      vertex 126.977 -90.0268 0
    endloop
  endfacet
  facet normal 0 0 -1
    outer loop
      vertex 126.8 -90.9 0
      vertex 126.896 -90.081 0
      vertex 126.896 -90.919 0
    endloop
  endfacet
  facet normal 0 0 -1
    outer loop
      vertex 126.8 -90.9 0
      vertex 126.8 -90.1 0
      vertex 126.896 -90.081 0
    endloop
  endfacet
  facet normal 0 0 -1
    outer loop
      vertex 125.9 -90.9 0
      vertex 126.8 -90.1 0
      vertex 126.8 -90.9 0
    endloop
  endfacet
  facet normal 0 0 -1
    outer loop
      vertex 125.9 -90.9 0
      vertex 125.9 -90.1 0
      vertex 126.8 -90.1 0
    endloop
  endfacet
  facet normal 0 0 -1
    outer loop
      vertex 125.804 -90.919 0
      vertex 125.9 -90.1 0
      vertex 125.9 -90.9 0
    endloop
  endfacet
  facet normal 0 0 -1
    outer loop
      vertex 125.804 -90.919 0
      vertex 125.804 -90.081 0
      vertex 125.9 -90.1 0
    endloop
  endfacet
  facet normal 0 0 -1
    outer loop
      vertex 125.723 -90.9732 0
      vertex 125.804 -90.081 0
      vertex 125.804 -90.919 0
    endloop
  endfacet
  facet normal 0 0 -1
    outer loop
      vertex 125.723 -90.9732 0
      vertex 125.723 -90.0268 0
      vertex 125.804 -90.081 0
    endloop
  endfacet
  facet normal 0 0 -1
    outer loop
      vertex 125.669 -91.0543 0
      vertex 125.723 -90.0268 0
      vertex 125.723 -90.9732 0
    endloop
  endfacet
  facet normal 0 0 -1
    outer loop
      vertex 125.669 -91.0543 0
      vertex 125.669 -89.9457 0
      vertex 125.723 -90.0268 0
    endloop
  endfacet
  facet normal 0 0 -1
    outer loop
      vertex 120.05 -91.15 0
      vertex 125.669 -91.0543 0
      vertex 125.65 -91.15 0
    endloop
  endfacet
  facet normal 0 0 -1
    outer loop
      vertex 120.031 -91.0543 0
      vertex 125.669 -91.0543 0
      vertex 120.05 -91.15 0
    endloop
  endfacet
  facet normal 0 0 -1
    outer loop
      vertex 126.439 -127.658 0
      vertex 127.204 -127.206 0
      vertex 126.45 -127.715 0
    endloop
  endfacet
  facet normal -0 0 -1
    outer loop
      vertex 127.204 -127.206 0
      vertex 126.439 -127.658 0
      vertex 127.123 -127.152 0
    endloop
  endfacet
  facet normal 0 0 -1
    outer loop
      vertex 126.406 -127.609 0
      vertex 127.123 -127.152 0
      vertex 126.439 -127.658 0
    endloop
  endfacet
  facet normal 0 0 -1
    outer loop
      vertex 127.069 -127.071 0
      vertex 126.45 -126.745 0
      vertex 127.05 -126.975 0
    endloop
  endfacet
  facet normal 0 0 -1
    outer loop
      vertex 126.45 -126.445 0
      vertex 127.05 -126.975 0
      vertex 126.45 -126.745 0
    endloop
  endfacet
  facet normal 0 0 -1
    outer loop
      vertex 127.05 -126.975 0
      vertex 126.45 -126.445 0
      vertex 127.05 -126.025 0
    endloop
  endfacet
  facet normal 0 0 -1
    outer loop
      vertex 126.439 -126.388 0
      vertex 127.05 -126.025 0
      vertex 126.45 -126.445 0
    endloop
  endfacet
  facet normal 0 0 -1
    outer loop
      vertex 126.406 -126.339 0
      vertex 127.05 -126.025 0
      vertex 126.439 -126.388 0
    endloop
  endfacet
  facet normal 0 0 -1
    outer loop
      vertex 126.357 -126.306 0
      vertex 127.05 -126.025 0
      vertex 126.406 -126.339 0
    endloop
  endfacet
  facet normal 0 0 -1
    outer loop
      vertex 126.3 -126.295 0
      vertex 127.05 -126.025 0
      vertex 126.357 -126.306 0
    endloop
  endfacet
  facet normal 0 0 -1
    outer loop
      vertex 124.65 -126.295 0
      vertex 127.05 -126.025 0
      vertex 126.3 -126.295 0
    endloop
  endfacet
  facet normal 0 0 -1
    outer loop
      vertex 127.05 -126.025 0
      vertex 125.9 -91.925 0
      vertex 126.8 -91.925 0
    endloop
  endfacet
  facet normal -0 0 -1
    outer loop
      vertex 127.05 -126.025 0
      vertex 124.65 -126.295 0
      vertex 125.9 -91.925 0
    endloop
  endfacet
  facet normal 0 0 -1
    outer loop
      vertex 121.35 -126.295 0
      vertex 125.9 -91.925 0
      vertex 124.65 -126.295 0
    endloop
  endfacet
  facet normal 0 0 -1
    outer loop
      vertex 119.8 -91.925 0
      vertex 125.9 -91.925 0
      vertex 121.35 -126.295 0
    endloop
  endfacet
  facet normal 0 0 -1
    outer loop
      vertex 125.9 -91.925 0
      vertex 119.8 -91.925 0
      vertex 125.804 -91.906 0
    endloop
  endfacet
  facet normal 0 0 -1
    outer loop
      vertex 120.05 -91.15 0
      vertex 125.65 -91.15 0
      vertex 125.65 -91.675 0
    endloop
  endfacet
  facet normal 0 0 -1
    outer loop
      vertex 125.669 -91.0543 0
      vertex 120.031 -91.0543 0
      vertex 125.669 -89.9457 0
    endloop
  endfacet
  facet normal 0 0 -1
    outer loop
      vertex 125.669 -91.7707 0
      vertex 120.05 -91.675 0
      vertex 125.65 -91.675 0
    endloop
  endfacet
  facet normal 0 0 -1
    outer loop
      vertex 120.031 -91.7707 0
      vertex 125.723 -91.8518 0
      vertex 125.804 -91.906 0
    endloop
  endfacet
  facet normal 0 0 -1
    outer loop
      vertex 134.031 -89.9457 0
      vertex 139.669 -89.9457 0
      vertex 134.031 -91.0543 0
    endloop
  endfacet
  facet normal 0 0 -1
    outer loop
      vertex 139.669 -89.9457 0
      vertex 134.031 -89.9457 0
      vertex 134.05 -89.85 0
    endloop
  endfacet
  facet normal 0 0 -1
    outer loop
      vertex 133.977 -90.9732 0
      vertex 134.031 -89.9457 0
      vertex 134.031 -91.0543 0
    endloop
  endfacet
  facet normal 0 0 -1
    outer loop
      vertex 133.977 -90.9732 0
      vertex 133.977 -90.0268 0
      vertex 134.031 -89.9457 0
    endloop
  endfacet
  facet normal 0 0 -1
    outer loop
      vertex 133.896 -90.919 0
      vertex 133.977 -90.0268 0
      vertex 133.977 -90.9732 0
    endloop
  endfacet
  facet normal 0 0 -1
    outer loop
      vertex 133.896 -90.919 0
      vertex 133.896 -90.081 0
      vertex 133.977 -90.0268 0
    endloop
  endfacet
  facet normal 0 0 -1
    outer loop
      vertex 133.8 -90.9 0
      vertex 133.896 -90.081 0
      vertex 133.896 -90.919 0
    endloop
  endfacet
  facet normal 0 0 -1
    outer loop
      vertex 133.8 -90.9 0
      vertex 133.8 -90.1 0
      vertex 133.896 -90.081 0
    endloop
  endfacet
  facet normal 0 0 -1
    outer loop
      vertex 132.9 -90.9 0
      vertex 133.8 -90.1 0
      vertex 133.8 -90.9 0
    endloop
  endfacet
  facet normal 0 0 -1
    outer loop
      vertex 132.9 -90.9 0
      vertex 132.9 -90.1 0
      vertex 133.8 -90.1 0
    endloop
  endfacet
  facet normal 0 0 -1
    outer loop
      vertex 132.804 -90.919 0
      vertex 132.9 -90.1 0
      vertex 132.9 -90.9 0
    endloop
  endfacet
  facet normal 0 0 -1
    outer loop
      vertex 132.804 -90.919 0
      vertex 132.804 -90.081 0
      vertex 132.9 -90.1 0
    endloop
  endfacet
  facet normal 0 0 -1
    outer loop
      vertex 132.723 -90.9732 0
      vertex 132.804 -90.081 0
      vertex 132.804 -90.919 0
    endloop
  endfacet
  facet normal 0 0 -1
    outer loop
      vertex 132.723 -90.9732 0
      vertex 132.723 -90.0268 0
      vertex 132.804 -90.081 0
    endloop
  endfacet
  facet normal 0 0 -1
    outer loop
      vertex 132.669 -91.0543 0
      vertex 132.723 -90.0268 0
      vertex 132.723 -90.9732 0
    endloop
  endfacet
  facet normal 0 0 -1
    outer loop
      vertex 132.669 -91.0543 0
      vertex 132.669 -89.9457 0
      vertex 132.723 -90.0268 0
    endloop
  endfacet
  facet normal 0 0 -1
    outer loop
      vertex 127.05 -91.15 0
      vertex 132.669 -91.0543 0
      vertex 132.65 -91.15 0
    endloop
  endfacet
  facet normal 0 0 -1
    outer loop
      vertex 127.031 -91.0543 0
      vertex 132.669 -91.0543 0
      vertex 127.05 -91.15 0
    endloop
  endfacet
  facet normal 0 0 -1
    outer loop
      vertex 141.031 -89.9457 0
      vertex 146.669 -89.9457 0
      vertex 141.031 -91.0543 0
    endloop
  endfacet
  facet normal 0 0 -1
    outer loop
      vertex 146.669 -89.9457 0
      vertex 141.031 -89.9457 0
      vertex 141.05 -89.85 0
    endloop
  endfacet
  facet normal 0 0 -1
    outer loop
      vertex 140.977 -90.9732 0
      vertex 141.031 -89.9457 0
      vertex 141.031 -91.0543 0
    endloop
  endfacet
  facet normal 0 0 -1
    outer loop
      vertex 140.977 -90.9732 0
      vertex 140.977 -90.0268 0
      vertex 141.031 -89.9457 0
    endloop
  endfacet
  facet normal 0 0 -1
    outer loop
      vertex 140.896 -90.919 0
      vertex 140.977 -90.0268 0
      vertex 140.977 -90.9732 0
    endloop
  endfacet
  facet normal 0 0 -1
    outer loop
      vertex 140.896 -90.919 0
      vertex 140.896 -90.081 0
      vertex 140.977 -90.0268 0
    endloop
  endfacet
  facet normal 0 0 -1
    outer loop
      vertex 140.8 -90.9 0
      vertex 140.896 -90.081 0
      vertex 140.896 -90.919 0
    endloop
  endfacet
  facet normal 0 0 -1
    outer loop
      vertex 140.8 -90.9 0
      vertex 140.8 -90.1 0
      vertex 140.896 -90.081 0
    endloop
  endfacet
  facet normal 0 0 -1
    outer loop
      vertex 139.9 -90.9 0
      vertex 140.8 -90.1 0
      vertex 140.8 -90.9 0
    endloop
  endfacet
  facet normal 0 0 -1
    outer loop
      vertex 139.9 -90.9 0
      vertex 139.9 -90.1 0
      vertex 140.8 -90.1 0
    endloop
  endfacet
  facet normal 0 0 -1
    outer loop
      vertex 139.804 -90.919 0
      vertex 139.9 -90.1 0
      vertex 139.9 -90.9 0
    endloop
  endfacet
  facet normal 0 0 -1
    outer loop
      vertex 139.804 -90.919 0
      vertex 139.804 -90.081 0
      vertex 139.9 -90.1 0
    endloop
  endfacet
  facet normal 0 0 -1
    outer loop
      vertex 139.723 -90.9732 0
      vertex 139.804 -90.081 0
      vertex 139.804 -90.919 0
    endloop
  endfacet
  facet normal 0 0 -1
    outer loop
      vertex 139.723 -90.9732 0
      vertex 139.723 -90.0268 0
      vertex 139.804 -90.081 0
    endloop
  endfacet
  facet normal 0 0 -1
    outer loop
      vertex 139.669 -91.0543 0
      vertex 139.723 -90.0268 0
      vertex 139.723 -90.9732 0
    endloop
  endfacet
  facet normal 0 0 -1
    outer loop
      vertex 139.669 -91.0543 0
      vertex 139.669 -89.9457 0
      vertex 139.723 -90.0268 0
    endloop
  endfacet
  facet normal 0 0 -1
    outer loop
      vertex 134.05 -91.15 0
      vertex 139.669 -91.0543 0
      vertex 139.65 -91.15 0
    endloop
  endfacet
  facet normal 0 0 -1
    outer loop
      vertex 134.031 -91.0543 0
      vertex 139.669 -91.0543 0
      vertex 134.05 -91.15 0
    endloop
  endfacet
  facet normal 0 0 -1
    outer loop
      vertex 148.031 -91.0543 0
      vertex 148.05 -89.85 0
      vertex 148.05 -91.15 0
    endloop
  endfacet
  facet normal 0 0 -1
    outer loop
      vertex 148.031 -91.0543 0
      vertex 148.031 -89.9457 0
      vertex 148.05 -89.85 0
    endloop
  endfacet
  facet normal 0 0 -1
    outer loop
      vertex 147.977 -90.9732 0
      vertex 148.031 -89.9457 0
      vertex 148.031 -91.0543 0
    endloop
  endfacet
  facet normal 0 0 -1
    outer loop
      vertex 147.977 -90.9732 0
      vertex 147.977 -90.0268 0
      vertex 148.031 -89.9457 0
    endloop
  endfacet
  facet normal 0 0 -1
    outer loop
      vertex 147.896 -90.919 0
      vertex 147.977 -90.0268 0
      vertex 147.977 -90.9732 0
    endloop
  endfacet
  facet normal 0 0 -1
    outer loop
      vertex 147.896 -90.919 0
      vertex 147.896 -90.081 0
      vertex 147.977 -90.0268 0
    endloop
  endfacet
  facet normal 0 0 -1
    outer loop
      vertex 147.8 -90.9 0
      vertex 147.896 -90.081 0
      vertex 147.896 -90.919 0
    endloop
  endfacet
  facet normal 0 0 -1
    outer loop
      vertex 147.8 -90.9 0
      vertex 147.8 -90.1 0
      vertex 147.896 -90.081 0
    endloop
  endfacet
  facet normal 0 0 -1
    outer loop
      vertex 146.9 -90.9 0
      vertex 147.8 -90.1 0
      vertex 147.8 -90.9 0
    endloop
  endfacet
  facet normal 0 0 -1
    outer loop
      vertex 146.9 -90.9 0
      vertex 146.9 -90.1 0
      vertex 147.8 -90.1 0
    endloop
  endfacet
  facet normal 0 0 -1
    outer loop
      vertex 146.804 -90.919 0
      vertex 146.9 -90.1 0
      vertex 146.9 -90.9 0
    endloop
  endfacet
  facet normal 0 0 -1
    outer loop
      vertex 146.804 -90.919 0
      vertex 146.804 -90.081 0
      vertex 146.9 -90.1 0
    endloop
  endfacet
  facet normal 0 0 -1
    outer loop
      vertex 146.723 -90.9732 0
      vertex 146.804 -90.081 0
      vertex 146.804 -90.919 0
    endloop
  endfacet
  facet normal 0 0 -1
    outer loop
      vertex 146.723 -90.9732 0
      vertex 146.723 -90.0268 0
      vertex 146.804 -90.081 0
    endloop
  endfacet
  facet normal 0 0 -1
    outer loop
      vertex 146.669 -91.0543 0
      vertex 146.723 -90.0268 0
      vertex 146.723 -90.9732 0
    endloop
  endfacet
  facet normal 0 0 -1
    outer loop
      vertex 146.669 -91.0543 0
      vertex 146.669 -89.9457 0
      vertex 146.723 -90.0268 0
    endloop
  endfacet
  facet normal 0 0 -1
    outer loop
      vertex 141.05 -91.15 0
      vertex 146.669 -91.0543 0
      vertex 146.65 -91.15 0
    endloop
  endfacet
  facet normal 0 0 -1
    outer loop
      vertex 141.031 -91.0543 0
      vertex 146.669 -91.0543 0
      vertex 141.05 -91.15 0
    endloop
  endfacet
  facet normal 0 0 -1
    outer loop
      vertex 132.296 -119.468 0
      vertex 129.877 -125.848 0
      vertex 132.2 -119.487 0
    endloop
  endfacet
  facet normal -0 0 -1
    outer loop
      vertex 132.2 -119.487 0
      vertex 129.877 -125.848 0
      vertex 131.675 -119.487 0
    endloop
  endfacet
  facet normal 0 0 -1
    outer loop
      vertex 129.796 -125.794 0
      vertex 131.675 -119.487 0
      vertex 129.877 -125.848 0
    endloop
  endfacet
  facet normal -0 0 -1
    outer loop
      vertex 131.675 -119.487 0
      vertex 129.796 -125.794 0
      vertex 130.375 -119.487 0
    endloop
  endfacet
  facet normal 0 0 -1
    outer loop
      vertex 129.7 -125.775 0
      vertex 130.375 -119.487 0
      vertex 129.796 -125.794 0
    endloop
  endfacet
  facet normal -0 0 -1
    outer loop
      vertex 130.375 -119.487 0
      vertex 129.7 -125.775 0
      vertex 129.85 -119.487 0
    endloop
  endfacet
  facet normal 0 0 -1
    outer loop
      vertex 129.2 -125.775 0
      vertex 129.85 -119.487 0
      vertex 129.7 -125.775 0
    endloop
  endfacet
  facet normal -0 0 -1
    outer loop
      vertex 129.85 -119.487 0
      vertex 129.2 -125.775 0
      vertex 129.754 -119.468 0
    endloop
  endfacet
  facet normal 0 0 -1
    outer loop
      vertex 127.8 -125.775 0
      vertex 129.754 -119.468 0
      vertex 129.2 -125.775 0
    endloop
  endfacet
  facet normal -0 0 -1
    outer loop
      vertex 129.754 -119.468 0
      vertex 127.8 -125.775 0
      vertex 129.673 -119.414 0
    endloop
  endfacet
  facet normal 0 0 -1
    outer loop
      vertex 127.204 -125.794 0
      vertex 129.673 -119.414 0
      vertex 127.3 -125.775 0
    endloop
  endfacet
  facet normal 0 0 -1
    outer loop
      vertex 127.3 -125.775 0
      vertex 129.673 -119.414 0
      vertex 127.8 -125.775 0
    endloop
  endfacet
  facet normal 0 0 -1
    outer loop
      vertex 154.464 -122.882 0
      vertex 155.436 -122.882 0
      vertex 154.464 -123.418 0
    endloop
  endfacet
  facet normal 0 0 -1
    outer loop
      vertex 155.436 -122.882 0
      vertex 154.464 -122.882 0
      vertex 154.475 -122.825 0
    endloop
  endfacet
  facet normal 0 0 -1
    outer loop
      vertex 154.431 -123.369 0
      vertex 154.464 -122.882 0
      vertex 154.464 -123.418 0
    endloop
  endfacet
  facet normal 0 0 -1
    outer loop
      vertex 154.431 -123.369 0
      vertex 154.431 -122.931 0
      vertex 154.464 -122.882 0
    endloop
  endfacet
  facet normal 0 0 -1
    outer loop
      vertex 154.382 -123.336 0
      vertex 154.431 -122.931 0
      vertex 154.431 -123.369 0
    endloop
  endfacet
  facet normal 0 0 -1
    outer loop
      vertex 154.382 -123.336 0
      vertex 154.382 -122.964 0
      vertex 154.431 -122.931 0
    endloop
  endfacet
  facet normal 0 0 -1
    outer loop
      vertex 154.325 -123.325 0
      vertex 154.382 -122.964 0
      vertex 154.382 -123.336 0
    endloop
  endfacet
  facet normal 0 0 -1
    outer loop
      vertex 154.325 -123.325 0
      vertex 154.325 -122.975 0
      vertex 154.382 -122.964 0
    endloop
  endfacet
  facet normal 0 0 -1
    outer loop
      vertex 153.3 -123.325 0
      vertex 154.325 -122.975 0
      vertex 154.325 -123.325 0
    endloop
  endfacet
  facet normal 0 0 -1
    outer loop
      vertex 153.3 -123.325 0
      vertex 153.3 -122.975 0
      vertex 154.325 -122.975 0
    endloop
  endfacet
  facet normal 0 0 -1
    outer loop
      vertex 153.243 -123.336 0
      vertex 153.3 -122.975 0
      vertex 153.3 -123.325 0
    endloop
  endfacet
  facet normal 0 0 -1
    outer loop
      vertex 153.243 -123.336 0
      vertex 153.243 -122.964 0
      vertex 153.3 -122.975 0
    endloop
  endfacet
  facet normal 0 0 -1
    outer loop
      vertex 153.194 -123.369 0
      vertex 153.243 -122.964 0
      vertex 153.243 -123.336 0
    endloop
  endfacet
  facet normal 0 0 -1
    outer loop
      vertex 153.194 -123.369 0
      vertex 153.194 -122.931 0
      vertex 153.243 -122.964 0
    endloop
  endfacet
  facet normal 0 0 -1
    outer loop
      vertex 153.161 -123.418 0
      vertex 153.194 -122.931 0
      vertex 153.194 -123.369 0
    endloop
  endfacet
  facet normal 0 0 -1
    outer loop
      vertex 153.161 -123.418 0
      vertex 153.161 -122.882 0
      vertex 153.194 -122.931 0
    endloop
  endfacet
  facet normal 0 0 -1
    outer loop
      vertex 153.15 -123.475 0
      vertex 153.161 -122.882 0
      vertex 153.161 -123.418 0
    endloop
  endfacet
  facet normal -0 0 -1
    outer loop
      vertex 153.161 -122.882 0
      vertex 153.15 -123.475 0
      vertex 153.15 -122.825 0
    endloop
  endfacet
  facet normal 0 0 -1
    outer loop
      vertex 154.464 -123.832 0
      vertex 155.436 -124.368 0
      vertex 154.464 -124.368 0
    endloop
  endfacet
  facet normal 0 0 -1
    outer loop
      vertex 155.436 -124.368 0
      vertex 154.464 -123.832 0
      vertex 154.475 -123.775 0
    endloop
  endfacet
  facet normal 0 0 -1
    outer loop
      vertex 154.431 -124.319 0
      vertex 154.464 -123.832 0
      vertex 154.464 -124.368 0
    endloop
  endfacet
  facet normal 0 0 -1
    outer loop
      vertex 154.431 -124.319 0
      vertex 154.431 -123.881 0
      vertex 154.464 -123.832 0
    endloop
  endfacet
  facet normal 0 0 -1
    outer loop
      vertex 154.382 -124.286 0
      vertex 154.431 -123.881 0
      vertex 154.431 -124.319 0
    endloop
  endfacet
  facet normal 0 0 -1
    outer loop
      vertex 154.382 -124.286 0
      vertex 154.382 -123.914 0
      vertex 154.431 -123.881 0
    endloop
  endfacet
  facet normal 0 0 -1
    outer loop
      vertex 154.325 -124.275 0
      vertex 154.382 -123.914 0
      vertex 154.382 -124.286 0
    endloop
  endfacet
  facet normal 0 0 -1
    outer loop
      vertex 154.325 -124.275 0
      vertex 154.325 -123.925 0
      vertex 154.382 -123.914 0
    endloop
  endfacet
  facet normal 0 0 -1
    outer loop
      vertex 153.3 -124.275 0
      vertex 154.325 -123.925 0
      vertex 154.325 -124.275 0
    endloop
  endfacet
  facet normal 0 0 -1
    outer loop
      vertex 153.3 -124.275 0
      vertex 153.3 -123.925 0
      vertex 154.325 -123.925 0
    endloop
  endfacet
  facet normal 0 0 -1
    outer loop
      vertex 153.243 -124.286 0
      vertex 153.3 -123.925 0
      vertex 153.3 -124.275 0
    endloop
  endfacet
  facet normal 0 0 -1
    outer loop
      vertex 153.243 -124.286 0
      vertex 153.243 -123.914 0
      vertex 153.3 -123.925 0
    endloop
  endfacet
  facet normal 0 0 -1
    outer loop
      vertex 153.194 -124.319 0
      vertex 153.243 -123.914 0
      vertex 153.243 -124.286 0
    endloop
  endfacet
  facet normal 0 0 -1
    outer loop
      vertex 153.194 -124.319 0
      vertex 153.194 -123.881 0
      vertex 153.243 -123.914 0
    endloop
  endfacet
  facet normal 0 0 -1
    outer loop
      vertex 153.161 -124.368 0
      vertex 153.194 -123.881 0
      vertex 153.194 -124.319 0
    endloop
  endfacet
  facet normal 0 0 -1
    outer loop
      vertex 153.161 -124.368 0
      vertex 153.161 -123.832 0
      vertex 153.194 -123.881 0
    endloop
  endfacet
  facet normal 0 0 -1
    outer loop
      vertex 153.15 -124.425 0
      vertex 153.161 -123.832 0
      vertex 153.161 -124.368 0
    endloop
  endfacet
  facet normal -0 0 -1
    outer loop
      vertex 153.161 -123.832 0
      vertex 153.15 -124.425 0
      vertex 153.15 -123.775 0
    endloop
  endfacet
  facet normal 0 0 -1
    outer loop
      vertex 155.056 -91.0543 0
      vertex 155.075 -89.85 0
      vertex 155.075 -91.15 0
    endloop
  endfacet
  facet normal 0 0 -1
    outer loop
      vertex 155.056 -91.0543 0
      vertex 155.056 -89.9457 0
      vertex 155.075 -89.85 0
    endloop
  endfacet
  facet normal 0 0 -1
    outer loop
      vertex 155.002 -90.9732 0
      vertex 155.056 -89.9457 0
      vertex 155.056 -91.0543 0
    endloop
  endfacet
  facet normal 0 0 -1
    outer loop
      vertex 155.002 -90.9732 0
      vertex 155.002 -90.0268 0
      vertex 155.056 -89.9457 0
    endloop
  endfacet
  facet normal 0 0 -1
    outer loop
      vertex 154.921 -90.919 0
      vertex 155.002 -90.0268 0
      vertex 155.002 -90.9732 0
    endloop
  endfacet
  facet normal 0 0 -1
    outer loop
      vertex 154.921 -90.919 0
      vertex 154.921 -90.081 0
      vertex 155.002 -90.0268 0
    endloop
  endfacet
  facet normal 0 0 -1
    outer loop
      vertex 154.825 -90.9 0
      vertex 154.921 -90.081 0
      vertex 154.921 -90.919 0
    endloop
  endfacet
  facet normal 0 0 -1
    outer loop
      vertex 154.825 -90.9 0
      vertex 154.825 -90.1 0
      vertex 154.921 -90.081 0
    endloop
  endfacet
  facet normal 0 0 -1
    outer loop
      vertex 153.925 -90.9 0
      vertex 154.825 -90.1 0
      vertex 154.825 -90.9 0
    endloop
  endfacet
  facet normal 0 0 -1
    outer loop
      vertex 153.925 -90.9 0
      vertex 153.925 -90.1 0
      vertex 154.825 -90.1 0
    endloop
  endfacet
  facet normal 0 0 -1
    outer loop
      vertex 153.829 -90.919 0
      vertex 153.925 -90.1 0
      vertex 153.925 -90.9 0
    endloop
  endfacet
  facet normal 0 0 -1
    outer loop
      vertex 153.829 -90.919 0
      vertex 153.829 -90.081 0
      vertex 153.925 -90.1 0
    endloop
  endfacet
  facet normal 0 0 -1
    outer loop
      vertex 153.748 -90.9732 0
      vertex 153.829 -90.081 0
      vertex 153.829 -90.919 0
    endloop
  endfacet
  facet normal 0 0 -1
    outer loop
      vertex 153.748 -90.9732 0
      vertex 153.748 -90.0268 0
      vertex 153.829 -90.081 0
    endloop
  endfacet
  facet normal 0 0 -1
    outer loop
      vertex 153.694 -91.0543 0
      vertex 153.748 -90.0268 0
      vertex 153.748 -90.9732 0
    endloop
  endfacet
  facet normal 0 0 -1
    outer loop
      vertex 153.694 -91.0543 0
      vertex 153.694 -89.9457 0
      vertex 153.748 -90.0268 0
    endloop
  endfacet
  facet normal 0 0 -1
    outer loop
      vertex 153.675 -91.15 0
      vertex 153.694 -89.9457 0
      vertex 153.694 -91.0543 0
    endloop
  endfacet
  facet normal -0 0 -1
    outer loop
      vertex 153.694 -89.9457 0
      vertex 153.675 -91.15 0
      vertex 153.675 -89.85 0
    endloop
  endfacet
  facet normal 0 0 -1
    outer loop
      vertex 156.706 -122.419 0
      vertex 156.381 -121.096 0
      vertex 156.4 -121 0
    endloop
  endfacet
  facet normal 0 0 -1
    outer loop
      vertex 156.657 -122.386 0
      vertex 156.327 -121.177 0
      vertex 156.381 -121.096 0
    endloop
  endfacet
  facet normal 0 0 -1
    outer loop
      vertex 156.6 -122.375 0
      vertex 156.246 -121.231 0
      vertex 156.327 -121.177 0
    endloop
  endfacet
  facet normal 0 0 -1
    outer loop
      vertex 156.6 -122.375 0
      vertex 156.15 -121.25 0
      vertex 156.246 -121.231 0
    endloop
  endfacet
  facet normal 0 0 -1
    outer loop
      vertex 155.575 -122.375 0
      vertex 156.15 -121.25 0
      vertex 156.6 -122.375 0
    endloop
  endfacet
  facet normal -0 0 -1
    outer loop
      vertex 156.15 -121.25 0
      vertex 155.575 -122.375 0
      vertex 155.65 -121.25 0
    endloop
  endfacet
  facet normal 0 0 -1
    outer loop
      vertex 155.575 -122.375 0
      vertex 155.554 -121.231 0
      vertex 155.65 -121.25 0
    endloop
  endfacet
  facet normal 0 0 -1
    outer loop
      vertex 155.518 -122.386 0
      vertex 155.554 -121.231 0
      vertex 155.575 -122.375 0
    endloop
  endfacet
  facet normal 0 0 -1
    outer loop
      vertex 155.518 -122.386 0
      vertex 155.473 -121.177 0
      vertex 155.554 -121.231 0
    endloop
  endfacet
  facet normal 0 0 -1
    outer loop
      vertex 155.469 -122.419 0
      vertex 155.473 -121.177 0
      vertex 155.518 -122.386 0
    endloop
  endfacet
  facet normal 0 0 -1
    outer loop
      vertex 154.431 -122.419 0
      vertex 155.469 -122.419 0
      vertex 155.436 -122.468 0
    endloop
  endfacet
  facet normal 0 0 -1
    outer loop
      vertex 154.464 -122.468 0
      vertex 155.436 -122.468 0
      vertex 155.425 -122.525 0
    endloop
  endfacet
  facet normal 0 0 -1
    outer loop
      vertex 155.469 -122.419 0
      vertex 154.431 -122.419 0
      vertex 155.473 -121.177 0
    endloop
  endfacet
  facet normal 0 0 -1
    outer loop
      vertex 156.706 -124.319 0
      vertex 158.6 -124.325 0
      vertex 156.739 -124.368 0
    endloop
  endfacet
  facet normal 0 0 -1
    outer loop
      vertex 158.6 -124.325 0
      vertex 156.739 -122.882 0
      vertex 156.75 -122.825 0
    endloop
  endfacet
  facet normal 0 0 -1
    outer loop
      vertex 156.706 -122.931 0
      vertex 158.6 -124.325 0
      vertex 156.706 -124.319 0
    endloop
  endfacet
  facet normal 0 0 -1
    outer loop
      vertex 158.6 -124.325 0
      vertex 156.706 -122.931 0
      vertex 156.739 -122.882 0
    endloop
  endfacet
  facet normal 0 0 -1
    outer loop
      vertex 156.657 -124.286 0
      vertex 156.706 -122.931 0
      vertex 156.706 -124.319 0
    endloop
  endfacet
  facet normal 0 0 -1
    outer loop
      vertex 156.657 -124.286 0
      vertex 156.657 -122.964 0
      vertex 156.706 -122.931 0
    endloop
  endfacet
  facet normal 0 0 -1
    outer loop
      vertex 156.6 -124.275 0
      vertex 156.657 -122.964 0
      vertex 156.657 -124.286 0
    endloop
  endfacet
  facet normal 0 0 -1
    outer loop
      vertex 156.6 -124.275 0
      vertex 156.6 -122.975 0
      vertex 156.657 -122.964 0
    endloop
  endfacet
  facet normal 0 0 -1
    outer loop
      vertex 155.575 -124.275 0
      vertex 156.6 -122.975 0
      vertex 156.6 -124.275 0
    endloop
  endfacet
  facet normal 0 0 -1
    outer loop
      vertex 155.575 -124.275 0
      vertex 155.575 -122.975 0
      vertex 156.6 -122.975 0
    endloop
  endfacet
  facet normal 0 0 -1
    outer loop
      vertex 155.518 -124.286 0
      vertex 155.575 -122.975 0
      vertex 155.575 -124.275 0
    endloop
  endfacet
  facet normal 0 0 -1
    outer loop
      vertex 155.518 -124.286 0
      vertex 155.518 -122.964 0
      vertex 155.575 -122.975 0
    endloop
  endfacet
  facet normal 0 0 -1
    outer loop
      vertex 154.475 -123.775 0
      vertex 155.518 -124.286 0
      vertex 155.469 -124.319 0
    endloop
  endfacet
  facet normal 0 0 -1
    outer loop
      vertex 155.518 -124.286 0
      vertex 154.475 -123.775 0
      vertex 155.518 -122.964 0
    endloop
  endfacet
  facet normal 0 0 -1
    outer loop
      vertex 154.475 -123.775 0
      vertex 155.469 -124.319 0
      vertex 155.436 -124.368 0
    endloop
  endfacet
  facet normal 0 0 -1
    outer loop
      vertex 154.475 -123.475 0
      vertex 155.518 -122.964 0
      vertex 154.475 -123.775 0
    endloop
  endfacet
  facet normal 0 0 -1
    outer loop
      vertex 154.475 -124.425 0
      vertex 155.436 -124.368 0
      vertex 155.425 -124.425 0
    endloop
  endfacet
  facet normal -0 0 -1
    outer loop
      vertex 155.518 -122.964 0
      vertex 154.475 -123.475 0
      vertex 155.469 -122.931 0
    endloop
  endfacet
  facet normal 0 0 -1
    outer loop
      vertex 159.981 -126.054 0
      vertex 160 -124.85 0
      vertex 160 -126.15 0
    endloop
  endfacet
  facet normal 0 0 -1
    outer loop
      vertex 159.981 -126.054 0
      vertex 159.981 -124.946 0
      vertex 160 -124.85 0
    endloop
  endfacet
  facet normal 0 0 -1
    outer loop
      vertex 159.927 -125.973 0
      vertex 159.981 -124.946 0
      vertex 159.981 -126.054 0
    endloop
  endfacet
  facet normal 0 0 -1
    outer loop
      vertex 159.927 -125.973 0
      vertex 159.927 -125.027 0
      vertex 159.981 -124.946 0
    endloop
  endfacet
  facet normal 0 0 -1
    outer loop
      vertex 159.846 -125.919 0
      vertex 159.927 -125.027 0
      vertex 159.927 -125.973 0
    endloop
  endfacet
  facet normal 0 0 -1
    outer loop
      vertex 159.846 -125.919 0
      vertex 159.846 -125.081 0
      vertex 159.927 -125.027 0
    endloop
  endfacet
  facet normal 0 0 -1
    outer loop
      vertex 159.75 -125.9 0
      vertex 159.846 -125.081 0
      vertex 159.846 -125.919 0
    endloop
  endfacet
  facet normal 0 0 -1
    outer loop
      vertex 159.75 -125.9 0
      vertex 159.75 -125.1 0
      vertex 159.846 -125.081 0
    endloop
  endfacet
  facet normal 0 0 -1
    outer loop
      vertex 158.85 -125.9 0
      vertex 159.75 -125.1 0
      vertex 159.75 -125.9 0
    endloop
  endfacet
  facet normal 0 0 -1
    outer loop
      vertex 158.85 -125.9 0
      vertex 158.85 -125.1 0
      vertex 159.75 -125.1 0
    endloop
  endfacet
  facet normal 0 0 -1
    outer loop
      vertex 158.754 -125.919 0
      vertex 158.85 -125.1 0
      vertex 158.85 -125.9 0
    endloop
  endfacet
  facet normal 0 0 -1
    outer loop
      vertex 158.754 -125.919 0
      vertex 158.754 -125.081 0
      vertex 158.85 -125.1 0
    endloop
  endfacet
  facet normal 0 0 -1
    outer loop
      vertex 158.673 -125.973 0
      vertex 158.754 -125.081 0
      vertex 158.754 -125.919 0
    endloop
  endfacet
  facet normal 0 0 -1
    outer loop
      vertex 158.673 -125.973 0
      vertex 158.673 -125.027 0
      vertex 158.754 -125.081 0
    endloop
  endfacet
  facet normal 0 0 -1
    outer loop
      vertex 158.619 -126.054 0
      vertex 158.673 -125.027 0
      vertex 158.673 -125.973 0
    endloop
  endfacet
  facet normal 0 0 -1
    outer loop
      vertex 158.619 -126.054 0
      vertex 158.619 -124.946 0
      vertex 158.673 -125.027 0
    endloop
  endfacet
  facet normal 0 0 -1
    outer loop
      vertex 156.706 -124.831 0
      vertex 158.619 -126.054 0
      vertex 158.6 -126.15 0
    endloop
  endfacet
  facet normal 0 0 -1
    outer loop
      vertex 158.619 -126.054 0
      vertex 156.706 -124.831 0
      vertex 158.619 -124.946 0
    endloop
  endfacet
  facet normal 0 0 -1
    outer loop
      vertex 168.65 -134.822 0
      vertex 159.981 -126.771 0
      vertex 160 -126.675 0
    endloop
  endfacet
  facet normal 0 0 -1
    outer loop
      vertex 163 -142.143 0
      vertex 159.927 -126.852 0
      vertex 159.981 -126.771 0
    endloop
  endfacet
  facet normal 0 0 -1
    outer loop
      vertex 163 -142.143 0
      vertex 159.846 -126.906 0
      vertex 159.927 -126.852 0
    endloop
  endfacet
  facet normal 0 0 -1
    outer loop
      vertex 163 -142.143 0
      vertex 159.75 -126.925 0
      vertex 159.846 -126.906 0
    endloop
  endfacet
  facet normal 0 0 -1
    outer loop
      vertex 163 -142.143 0
      vertex 158.85 -126.925 0
      vertex 159.75 -126.925 0
    endloop
  endfacet
  facet normal 0 0 -1
    outer loop
      vertex 160.692 -143.15 0
      vertex 158.754 -126.906 0
      vertex 158.85 -126.925 0
    endloop
  endfacet
  facet normal 0 0 -1
    outer loop
      vertex 160.692 -143.15 0
      vertex 158.673 -126.852 0
      vertex 158.754 -126.906 0
    endloop
  endfacet
  facet normal 0 0 -1
    outer loop
      vertex 153.3 -124.875 0
      vertex 158.673 -126.852 0
      vertex 160.692 -143.15 0
    endloop
  endfacet
  facet normal -0 -0 -1
    outer loop
      vertex 154.325 -124.875 0
      vertex 158.673 -126.852 0
      vertex 153.3 -124.875 0
    endloop
  endfacet
  facet normal 0 0 -1
    outer loop
      vertex 156.657 -124.864 0
      vertex 158.6 -126.15 0
      vertex 158.6 -126.675 0
    endloop
  endfacet
  facet normal 0 -0 -1
    outer loop
      vertex 156.739 -124.782 0
      vertex 158.619 -124.946 0
      vertex 156.706 -124.831 0
    endloop
  endfacet
  facet normal 0 -0 -1
    outer loop
      vertex 156.75 -124.725 0
      vertex 158.6 -124.85 0
      vertex 156.739 -124.782 0
    endloop
  endfacet
  facet normal 0 0 -1
    outer loop
      vertex 158.6 -124.325 0
      vertex 155.075 -91.675 0
      vertex 158.588 -77.9279 0
    endloop
  endfacet
  facet normal 0 0 -1
    outer loop
      vertex 155.075 -91.15 0
      vertex 158.588 -77.9279 0
      vertex 155.075 -91.675 0
    endloop
  endfacet
  facet normal 0 0 -1
    outer loop
      vertex 155.075 -89.85 0
      vertex 158.588 -77.9279 0
      vertex 155.075 -91.15 0
    endloop
  endfacet
  facet normal 0 0 -1
    outer loop
      vertex 155.075 -89.325 0
      vertex 158.588 -77.9279 0
      vertex 155.075 -89.85 0
    endloop
  endfacet
  facet normal 0 0 -1
    outer loop
      vertex 155.056 -89.2293 0
      vertex 158.588 -77.9279 0
      vertex 155.075 -89.325 0
    endloop
  endfacet
  facet normal 0 0 -1
    outer loop
      vertex 155.002 -89.1482 0
      vertex 158.588 -77.9279 0
      vertex 155.056 -89.2293 0
    endloop
  endfacet
  facet normal 0 0 -1
    outer loop
      vertex 154.921 -89.094 0
      vertex 158.588 -77.9279 0
      vertex 155.002 -89.1482 0
    endloop
  endfacet
  facet normal 0 0 -1
    outer loop
      vertex 154.825 -89.075 0
      vertex 158.588 -77.9279 0
      vertex 154.921 -89.094 0
    endloop
  endfacet
  facet normal 0 -0 -1
    outer loop
      vertex 156.757 -77.3434 0
      vertex 158.588 -77.9279 0
      vertex 154.825 -89.075 0
    endloop
  endfacet
  facet normal 0 0 -1
    outer loop
      vertex 158.575 -77.9182 0
      vertex 156.757 -77.3434 0
      vertex 158.29 -77.7389 0
    endloop
  endfacet
  facet normal 0 0 -1
    outer loop
      vertex 158.29 -77.7389 0
      vertex 156.757 -77.3434 0
      vertex 158.275 -77.7308 0
    endloop
  endfacet
  facet normal 0 0 -1
    outer loop
      vertex 158.275 -77.7308 0
      vertex 156.757 -77.3434 0
      vertex 157.971 -77.5846 0
    endloop
  endfacet
  facet normal 0 0 -1
    outer loop
      vertex 158.6 -124.325 0
      vertex 156.75 -124.725 0
      vertex 156.75 -124.425 0
    endloop
  endfacet
  facet normal 0 0 -1
    outer loop
      vertex 158.673 -126.852 0
      vertex 154.325 -124.875 0
      vertex 158.619 -126.771 0
    endloop
  endfacet
  facet normal 0 0 -1
    outer loop
      vertex 158.6 -124.85 0
      vertex 156.75 -124.725 0
      vertex 158.6 -124.325 0
    endloop
  endfacet
  facet normal 0 0 -1
    outer loop
      vertex 158.619 -124.946 0
      vertex 156.739 -124.782 0
      vertex 158.6 -124.85 0
    endloop
  endfacet
  facet normal 0 0 -1
    outer loop
      vertex 158.6 -126.15 0
      vertex 156.657 -124.864 0
      vertex 156.706 -124.831 0
    endloop
  endfacet
  facet normal 0 0 -1
    outer loop
      vertex 158.6 -126.675 0
      vertex 156.6 -124.875 0
      vertex 156.657 -124.864 0
    endloop
  endfacet
  facet normal 0 0 -1
    outer loop
      vertex 158.619 -126.771 0
      vertex 156.6 -124.875 0
      vertex 158.6 -126.675 0
    endloop
  endfacet
  facet normal -0 -0 -1
    outer loop
      vertex 156.6 -124.875 0
      vertex 158.619 -126.771 0
      vertex 155.575 -124.875 0
    endloop
  endfacet
  facet normal 0 0 -1
    outer loop
      vertex 155.575 -124.875 0
      vertex 154.325 -124.875 0
      vertex 155.518 -124.864 0
    endloop
  endfacet
  facet normal 0 -0 -1
    outer loop
      vertex 154.382 -124.864 0
      vertex 155.518 -124.864 0
      vertex 154.325 -124.875 0
    endloop
  endfacet
  facet normal 0 0 -1
    outer loop
      vertex 154.475 -124.425 0
      vertex 155.425 -124.425 0
      vertex 155.425 -124.725 0
    endloop
  endfacet
  facet normal 0 0 -1
    outer loop
      vertex 154.464 -123.418 0
      vertex 155.469 -122.931 0
      vertex 154.475 -123.475 0
    endloop
  endfacet
  facet normal 0 0 -1
    outer loop
      vertex 155.436 -122.882 0
      vertex 154.475 -122.825 0
      vertex 155.425 -122.825 0
    endloop
  endfacet
  facet normal 0 0 -1
    outer loop
      vertex 154.475 -122.525 0
      vertex 155.425 -122.525 0
      vertex 154.475 -122.825 0
    endloop
  endfacet
  facet normal 0 0 -1
    outer loop
      vertex 154.5 -120.05 0
      vertex 155.4 -120.05 0
      vertex 155.4 -121 0
    endloop
  endfacet
  facet normal 0 0 -1
    outer loop
      vertex 154.464 -122.468 0
      vertex 155.425 -122.525 0
      vertex 154.475 -122.525 0
    endloop
  endfacet
  facet normal 0 0 -1
    outer loop
      vertex 155.4 -120.05 0
      vertex 155.056 -91.7707 0
      vertex 155.075 -91.675 0
    endloop
  endfacet
  facet normal 0 0 -1
    outer loop
      vertex 155.4 -120.05 0
      vertex 154.5 -120.05 0
      vertex 154.481 -119.954 0
    endloop
  endfacet
  facet normal 0 0 -1
    outer loop
      vertex 155.4 -120.05 0
      vertex 154.481 -119.954 0
      vertex 154.427 -119.873 0
    endloop
  endfacet
  facet normal 0 0 -1
    outer loop
      vertex 155.4 -120.05 0
      vertex 155.002 -91.8518 0
      vertex 155.056 -91.7707 0
    endloop
  endfacet
  facet normal 0 0 -1
    outer loop
      vertex 155.4 -121 0
      vertex 154.5 -121 0
      vertex 154.5 -120.05 0
    endloop
  endfacet
  facet normal 0 0 -1
    outer loop
      vertex 154.475 -124.725 0
      vertex 155.425 -124.725 0
      vertex 155.436 -124.782 0
    endloop
  endfacet
  facet normal 0 0 -1
    outer loop
      vertex 154.427 -121.177 0
      vertex 155.473 -121.177 0
      vertex 154.431 -122.419 0
    endloop
  endfacet
  facet normal 0 0 -1
    outer loop
      vertex 155.425 -124.725 0
      vertex 154.475 -124.725 0
      vertex 154.475 -124.425 0
    endloop
  endfacet
  facet normal 0 0 -1
    outer loop
      vertex 155.518 -124.864 0
      vertex 154.382 -124.864 0
      vertex 155.469 -124.831 0
    endloop
  endfacet
  facet normal 0 0 -1
    outer loop
      vertex 155.436 -124.782 0
      vertex 154.464 -124.782 0
      vertex 154.475 -124.725 0
    endloop
  endfacet
  facet normal -0 0 -1
    outer loop
      vertex 155.436 -124.782 0
      vertex 154.431 -124.831 0
      vertex 154.464 -124.782 0
    endloop
  endfacet
  facet normal 0 0 -1
    outer loop
      vertex 155.469 -124.831 0
      vertex 154.431 -124.831 0
      vertex 155.436 -124.782 0
    endloop
  endfacet
  facet normal 0 -0 -1
    outer loop
      vertex 154.431 -124.831 0
      vertex 155.469 -124.831 0
      vertex 154.382 -124.864 0
    endloop
  endfacet
  facet normal -0 -0 -1
    outer loop
      vertex 155.575 -124.875 0
      vertex 158.619 -126.771 0
      vertex 154.325 -124.875 0
    endloop
  endfacet
  facet normal 0 0 -1
    outer loop
      vertex 160.692 -143.15 0
      vertex 153.243 -124.864 0
      vertex 153.3 -124.875 0
    endloop
  endfacet
  facet normal 0 0 -1
    outer loop
      vertex 144.271 -126.216 0
      vertex 153.243 -124.864 0
      vertex 160.692 -143.15 0
    endloop
  endfacet
  facet normal 0 -0 -1
    outer loop
      vertex 144.352 -126.162 0
      vertex 153.243 -124.864 0
      vertex 144.271 -126.216 0
    endloop
  endfacet
  facet normal 0 0 -1
    outer loop
      vertex 144.425 -125.085 0
      vertex 153.15 -124.425 0
      vertex 153.15 -124.725 0
    endloop
  endfacet
  facet normal 0 0 -1
    outer loop
      vertex 144.406 -124.989 0
      vertex 153.15 -124.425 0
      vertex 144.425 -125.085 0
    endloop
  endfacet
  facet normal -0 0 -1
    outer loop
      vertex 153.15 -123.775 0
      vertex 144.406 -124.989 0
      vertex 153.15 -123.475 0
    endloop
  endfacet
  facet normal -0 0 -1
    outer loop
      vertex 153.15 -123.475 0
      vertex 144.406 -124.989 0
      vertex 153.15 -122.825 0
    endloop
  endfacet
  facet normal -0 0 -1
    outer loop
      vertex 153.15 -122.825 0
      vertex 144.406 -124.989 0
      vertex 153.15 -122.525 0
    endloop
  endfacet
  facet normal 0 0 -1
    outer loop
      vertex 153.15 -122.525 0
      vertex 148.031 -91.7707 0
      vertex 148.05 -91.675 0
    endloop
  endfacet
  facet normal 0 0 -1
    outer loop
      vertex 153.15 -122.525 0
      vertex 147.977 -91.8518 0
      vertex 148.031 -91.7707 0
    endloop
  endfacet
  facet normal 0 0 -1
    outer loop
      vertex 153.15 -122.525 0
      vertex 147.896 -91.906 0
      vertex 147.977 -91.8518 0
    endloop
  endfacet
  facet normal 0 0 -1
    outer loop
      vertex 153.15 -122.525 0
      vertex 147.8 -91.925 0
      vertex 147.896 -91.906 0
    endloop
  endfacet
  facet normal 0 0 -1
    outer loop
      vertex 144.175 -124.835 0
      vertex 153.15 -122.525 0
      vertex 144.271 -124.854 0
    endloop
  endfacet
  facet normal 0 0 -1
    outer loop
      vertex 153.15 -122.525 0
      vertex 146.9 -91.925 0
      vertex 147.8 -91.925 0
    endloop
  endfacet
  facet normal -0 0 -1
    outer loop
      vertex 153.15 -122.525 0
      vertex 144.175 -124.835 0
      vertex 146.9 -91.925 0
    endloop
  endfacet
  facet normal 0 0 -1
    outer loop
      vertex 143.65 -124.835 0
      vertex 146.9 -91.925 0
      vertex 144.175 -124.835 0
    endloop
  endfacet
  facet normal -0 0 -1
    outer loop
      vertex 146.9 -91.925 0
      vertex 143.65 -124.835 0
      vertex 146.804 -91.906 0
    endloop
  endfacet
  facet normal 0 0 -1
    outer loop
      vertex 141.05 -91.15 0
      vertex 146.65 -91.15 0
      vertex 146.65 -91.675 0
    endloop
  endfacet
  facet normal 0 0 -1
    outer loop
      vertex 146.669 -91.0543 0
      vertex 141.031 -91.0543 0
      vertex 146.669 -89.9457 0
    endloop
  endfacet
  facet normal -0 0 -1
    outer loop
      vertex 153.15 -124.425 0
      vertex 144.406 -124.989 0
      vertex 153.15 -123.775 0
    endloop
  endfacet
  facet normal 0 0 -1
    outer loop
      vertex 144.425 -125.085 0
      vertex 153.15 -124.725 0
      vertex 144.425 -125.985 0
    endloop
  endfacet
  facet normal -0 0 -1
    outer loop
      vertex 153.161 -124.782 0
      vertex 144.425 -125.985 0
      vertex 153.15 -124.725 0
    endloop
  endfacet
  facet normal -0 0 -1
    outer loop
      vertex 153.243 -124.864 0
      vertex 144.352 -126.162 0
      vertex 153.194 -124.831 0
    endloop
  endfacet
  facet normal 0 0 -1
    outer loop
      vertex 153.161 -124.782 0
      vertex 144.406 -126.081 0
      vertex 144.425 -125.985 0
    endloop
  endfacet
  facet normal -0 0 -1
    outer loop
      vertex 153.194 -124.831 0
      vertex 144.406 -126.081 0
      vertex 153.161 -124.782 0
    endloop
  endfacet
  facet normal 0 -0 -1
    outer loop
      vertex 144.406 -126.081 0
      vertex 153.194 -124.831 0
      vertex 144.352 -126.162 0
    endloop
  endfacet
  facet normal 0 0 -1
    outer loop
      vertex 160.692 -143.15 0
      vertex 144.175 -126.235 0
      vertex 144.271 -126.216 0
    endloop
  endfacet
  facet normal 0 0 -1
    outer loop
      vertex 160.692 -143.15 0
      vertex 143.65 -126.235 0
      vertex 144.175 -126.235 0
    endloop
  endfacet
  facet normal 0 0 -1
    outer loop
      vertex 142.35 -126.235 0
      vertex 143.65 -126.235 0
      vertex 160.692 -143.15 0
    endloop
  endfacet
  facet normal 0 0 -1
    outer loop
      vertex 143.65 -126.235 0
      vertex 142.35 -126.235 0
      vertex 143.554 -126.216 0
    endloop
  endfacet
  facet normal 0 0 -1
    outer loop
      vertex 143.4 -125.985 0
      vertex 142.6 -125.985 0
      vertex 143.4 -125.085 0
    endloop
  endfacet
  facet normal 0 0 -1
    outer loop
      vertex 143.419 -126.081 0
      vertex 142.6 -125.985 0
      vertex 143.4 -125.985 0
    endloop
  endfacet
  facet normal 0 0 -1
    outer loop
      vertex 142.581 -126.081 0
      vertex 143.419 -126.081 0
      vertex 143.473 -126.162 0
    endloop
  endfacet
  facet normal 0 -0 -1
    outer loop
      vertex 142.446 -126.216 0
      vertex 143.554 -126.216 0
      vertex 142.35 -126.235 0
    endloop
  endfacet
  facet normal 0 0 -1
    outer loop
      vertex 143.419 -126.081 0
      vertex 142.581 -126.081 0
      vertex 142.6 -125.985 0
    endloop
  endfacet
  facet normal 0 0 -1
    outer loop
      vertex 143.473 -126.162 0
      vertex 142.527 -126.162 0
      vertex 142.581 -126.081 0
    endloop
  endfacet
  facet normal -0 0 -1
    outer loop
      vertex 143.473 -126.162 0
      vertex 142.446 -126.216 0
      vertex 142.527 -126.162 0
    endloop
  endfacet
  facet normal 0 0 -1
    outer loop
      vertex 143.554 -126.216 0
      vertex 142.446 -126.216 0
      vertex 143.473 -126.162 0
    endloop
  endfacet
  facet normal 0 0 -1
    outer loop
      vertex 160.692 -143.15 0
      vertex 141.825 -126.235 0
      vertex 142.35 -126.235 0
    endloop
  endfacet
  facet normal 0 0 -1
    outer loop
      vertex 126.406 -130.661 0
      vertex 141.825 -126.235 0
      vertex 160.692 -143.15 0
    endloop
  endfacet
  facet normal -0 0 -1
    outer loop
      vertex 141.825 -126.235 0
      vertex 126.406 -130.661 0
      vertex 141.729 -126.216 0
    endloop
  endfacet
  facet normal 0 0 -1
    outer loop
      vertex 129.95 -126.025 0
      vertex 141.575 -125.985 0
      vertex 129.95 -126.975 0
    endloop
  endfacet
  facet normal 0 0 -1
    outer loop
      vertex 141.575 -125.085 0
      vertex 141.031 -91.7707 0
      vertex 141.05 -91.675 0
    endloop
  endfacet
  facet normal 0 0 -1
    outer loop
      vertex 141.575 -125.085 0
      vertex 140.977 -91.8518 0
      vertex 141.031 -91.7707 0
    endloop
  endfacet
  facet normal 0 0 -1
    outer loop
      vertex 141.575 -125.085 0
      vertex 140.896 -91.906 0
      vertex 140.977 -91.8518 0
    endloop
  endfacet
  facet normal 0 0 -1
    outer loop
      vertex 141.575 -125.085 0
      vertex 132.431 -118.242 0
      vertex 140.896 -91.906 0
    endloop
  endfacet
  facet normal 0 0 -1
    outer loop
      vertex 132.377 -118.161 0
      vertex 140.896 -91.906 0
      vertex 132.431 -118.242 0
    endloop
  endfacet
  facet normal 0 0 -1
    outer loop
      vertex 140.896 -91.906 0
      vertex 132.377 -118.161 0
      vertex 140.8 -91.925 0
    endloop
  endfacet
  facet normal -0 0 -1
    outer loop
      vertex 140.8 -91.925 0
      vertex 132.377 -118.161 0
      vertex 139.9 -91.925 0
    endloop
  endfacet
  facet normal 0 0 -1
    outer loop
      vertex 132.296 -118.106 0
      vertex 139.9 -91.925 0
      vertex 132.377 -118.161 0
    endloop
  endfacet
  facet normal -0 0 -1
    outer loop
      vertex 139.9 -91.925 0
      vertex 132.296 -118.106 0
      vertex 139.804 -91.906 0
    endloop
  endfacet
  facet normal 0 0 -1
    outer loop
      vertex 134.05 -91.15 0
      vertex 139.65 -91.15 0
      vertex 139.65 -91.675 0
    endloop
  endfacet
  facet normal 0 0 -1
    outer loop
      vertex 139.669 -91.0543 0
      vertex 134.031 -91.0543 0
      vertex 139.669 -89.9457 0
    endloop
  endfacet
  facet normal 0 0 -1
    outer loop
      vertex 134.05 -91.15 0
      vertex 139.65 -91.675 0
      vertex 134.05 -91.675 0
    endloop
  endfacet
  facet normal 0 -0 -1
    outer loop
      vertex 133.896 -91.906 0
      vertex 139.804 -91.906 0
      vertex 132.296 -118.106 0
    endloop
  endfacet
  facet normal 0 0 -1
    outer loop
      vertex 129.95 -126.975 0
      vertex 141.575 -125.985 0
      vertex 141.594 -126.081 0
    endloop
  endfacet
  facet normal -0 0 -1
    outer loop
      vertex 139.65 -91.675 0
      vertex 134.031 -91.7707 0
      vertex 134.05 -91.675 0
    endloop
  endfacet
  facet normal 0 0 -1
    outer loop
      vertex 139.669 -91.7707 0
      vertex 134.031 -91.7707 0
      vertex 139.65 -91.675 0
    endloop
  endfacet
  facet normal 0 0 -1
    outer loop
      vertex 139.804 -91.906 0
      vertex 133.896 -91.906 0
      vertex 139.723 -91.8518 0
    endloop
  endfacet
  facet normal 0 -0 -1
    outer loop
      vertex 133.977 -91.8518 0
      vertex 139.723 -91.8518 0
      vertex 133.896 -91.906 0
    endloop
  endfacet
  facet normal 0 -0 -1
    outer loop
      vertex 134.031 -91.7707 0
      vertex 139.669 -91.7707 0
      vertex 133.977 -91.8518 0
    endloop
  endfacet
  facet normal 0 0 -1
    outer loop
      vertex 139.723 -91.8518 0
      vertex 133.977 -91.8518 0
      vertex 139.669 -91.7707 0
    endloop
  endfacet
  facet normal 0 0 -1
    outer loop
      vertex 133.896 -91.906 0
      vertex 132.296 -118.106 0
      vertex 133.8 -91.925 0
    endloop
  endfacet
  facet normal 0 0 -1
    outer loop
      vertex 132.2 -118.087 0
      vertex 133.8 -91.925 0
      vertex 132.296 -118.106 0
    endloop
  endfacet
  facet normal 0 0 -1
    outer loop
      vertex 127.05 -91.15 0
      vertex 132.65 -91.15 0
      vertex 132.65 -91.675 0
    endloop
  endfacet
  facet normal 0 0 -1
    outer loop
      vertex 132.669 -91.0543 0
      vertex 127.031 -91.0543 0
      vertex 132.669 -89.9457 0
    endloop
  endfacet
  facet normal -0 0 -1
    outer loop
      vertex 133.8 -91.925 0
      vertex 132.2 -118.087 0
      vertex 132.9 -91.925 0
    endloop
  endfacet
  facet normal 0 0 -1
    outer loop
      vertex 141.575 -125.085 0
      vertex 132.45 -118.337 0
      vertex 132.431 -118.242 0
    endloop
  endfacet
  facet normal 0 0 -1
    outer loop
      vertex 141.575 -125.085 0
      vertex 132.45 -119.237 0
      vertex 132.45 -118.337 0
    endloop
  endfacet
  facet normal 0 0 -1
    outer loop
      vertex 129.931 -127.071 0
      vertex 141.594 -126.081 0
      vertex 141.648 -126.162 0
    endloop
  endfacet
  facet normal 0 -0 -1
    outer loop
      vertex 129.877 -127.152 0
      vertex 141.729 -126.216 0
      vertex 126.406 -130.661 0
    endloop
  endfacet
  facet normal 0 0 -1
    outer loop
      vertex 141.575 -125.085 0
      vertex 132.431 -119.333 0
      vertex 132.45 -119.237 0
    endloop
  endfacet
  facet normal -0 0 -1
    outer loop
      vertex 141.575 -125.985 0
      vertex 129.95 -126.025 0
      vertex 141.575 -125.085 0
    endloop
  endfacet
  facet normal 0 0 -1
    outer loop
      vertex 141.575 -125.085 0
      vertex 132.377 -119.414 0
      vertex 132.431 -119.333 0
    endloop
  endfacet
  facet normal 0 0 -1
    outer loop
      vertex 141.575 -125.085 0
      vertex 132.296 -119.468 0
      vertex 132.377 -119.414 0
    endloop
  endfacet
  facet normal 0 0 -1
    outer loop
      vertex 129.931 -125.929 0
      vertex 141.575 -125.085 0
      vertex 129.95 -126.025 0
    endloop
  endfacet
  facet normal -0 0 -1
    outer loop
      vertex 141.575 -125.085 0
      vertex 129.931 -125.929 0
      vertex 132.296 -119.468 0
    endloop
  endfacet
  facet normal 0 0 -1
    outer loop
      vertex 129.877 -125.848 0
      vertex 132.296 -119.468 0
      vertex 129.931 -125.929 0
    endloop
  endfacet
  facet normal 0 0 -1
    outer loop
      vertex 131.425 -119.237 0
      vertex 130.625 -119.237 0
      vertex 131.425 -118.337 0
    endloop
  endfacet
  facet normal 0 0 -1
    outer loop
      vertex 131.444 -119.333 0
      vertex 130.625 -119.237 0
      vertex 131.425 -119.237 0
    endloop
  endfacet
  facet normal 0 0 -1
    outer loop
      vertex 130.606 -119.333 0
      vertex 131.444 -119.333 0
      vertex 131.498 -119.414 0
    endloop
  endfacet
  facet normal 0 0 -1
    outer loop
      vertex 131.675 -119.487 0
      vertex 130.375 -119.487 0
      vertex 131.579 -119.468 0
    endloop
  endfacet
  facet normal 0 0 -1
    outer loop
      vertex 131.444 -119.333 0
      vertex 130.606 -119.333 0
      vertex 130.625 -119.237 0
    endloop
  endfacet
  facet normal 0 0 -1
    outer loop
      vertex 131.579 -119.468 0
      vertex 130.471 -119.468 0
      vertex 131.498 -119.414 0
    endloop
  endfacet
  facet normal 0 0 -1
    outer loop
      vertex 131.498 -119.414 0
      vertex 130.552 -119.414 0
      vertex 130.606 -119.333 0
    endloop
  endfacet
  facet normal -0 0 -1
    outer loop
      vertex 131.498 -119.414 0
      vertex 130.471 -119.468 0
      vertex 130.552 -119.414 0
    endloop
  endfacet
  facet normal -0 0 -1
    outer loop
      vertex 131.579 -119.468 0
      vertex 130.375 -119.487 0
      vertex 130.471 -119.468 0
    endloop
  endfacet
  facet normal 0 0 -1
    outer loop
      vertex 141.594 -126.081 0
      vertex 129.931 -127.071 0
      vertex 129.95 -126.975 0
    endloop
  endfacet
  facet normal 0 0 -1
    outer loop
      vertex 141.648 -126.162 0
      vertex 129.877 -127.152 0
      vertex 129.931 -127.071 0
    endloop
  endfacet
  facet normal -0 0 -1
    outer loop
      vertex 141.729 -126.216 0
      vertex 129.877 -127.152 0
      vertex 141.648 -126.162 0
    endloop
  endfacet
  facet normal 0 -0 -1
    outer loop
      vertex 126.439 -130.612 0
      vertex 129.877 -127.152 0
      vertex 126.406 -130.661 0
    endloop
  endfacet
  facet normal 0 0 -1
    outer loop
      vertex 129.877 -127.152 0
      vertex 126.439 -130.612 0
      vertex 129.796 -127.206 0
    endloop
  endfacet
  facet normal 0 0 -1
    outer loop
      vertex 129.796 -127.206 0
      vertex 126.45 -130.555 0
      vertex 129.7 -127.225 0
    endloop
  endfacet
  facet normal 0 0 -1
    outer loop
      vertex 128.95 -126.975 0
      vertex 128.05 -126.975 0
      vertex 128.95 -126.025 0
    endloop
  endfacet
  facet normal 0 0 -1
    outer loop
      vertex 128.969 -127.071 0
      vertex 128.05 -126.975 0
      vertex 128.95 -126.975 0
    endloop
  endfacet
  facet normal 0 0 -1
    outer loop
      vertex 128.031 -127.071 0
      vertex 128.969 -127.071 0
      vertex 129.023 -127.152 0
    endloop
  endfacet
  facet normal 0 0 -1
    outer loop
      vertex 127.977 -127.152 0
      vertex 129.023 -127.152 0
      vertex 129.104 -127.206 0
    endloop
  endfacet
  facet normal 0 0 -1
    outer loop
      vertex 126.45 -130.255 0
      vertex 129.7 -127.225 0
      vertex 126.45 -130.555 0
    endloop
  endfacet
  facet normal 0 0 -1
    outer loop
      vertex 128.969 -127.071 0
      vertex 128.031 -127.071 0
      vertex 128.05 -126.975 0
    endloop
  endfacet
  facet normal -0 0 -1
    outer loop
      vertex 129.7 -127.225 0
      vertex 126.45 -130.255 0
      vertex 129.2 -127.225 0
    endloop
  endfacet
  facet normal 0 0 -1
    outer loop
      vertex 129.023 -127.152 0
      vertex 127.977 -127.152 0
      vertex 128.031 -127.071 0
    endloop
  endfacet
  facet normal 0 0 -1
    outer loop
      vertex 126.45 -129.285 0
      vertex 129.2 -127.225 0
      vertex 126.45 -130.255 0
    endloop
  endfacet
  facet normal 0 0 -1
    outer loop
      vertex 129.104 -127.206 0
      vertex 127.896 -127.206 0
      vertex 127.977 -127.152 0
    endloop
  endfacet
  facet normal -0 0 -1
    outer loop
      vertex 129.104 -127.206 0
      vertex 126.45 -129.285 0
      vertex 127.896 -127.206 0
    endloop
  endfacet
  facet normal -0 0 -1
    outer loop
      vertex 127.3 -127.225 0
      vertex 126.45 -128.015 0
      vertex 127.204 -127.206 0
    endloop
  endfacet
  facet normal 0 0 -1
    outer loop
      vertex 127.05 -126.025 0
      vertex 127.031 -91.7707 0
      vertex 127.05 -91.675 0
    endloop
  endfacet
  facet normal 0 0 -1
    outer loop
      vertex 127.05 -126.025 0
      vertex 126.977 -91.8518 0
      vertex 127.031 -91.7707 0
    endloop
  endfacet
  facet normal 0 0 -1
    outer loop
      vertex 127.05 -126.025 0
      vertex 126.896 -91.906 0
      vertex 126.977 -91.8518 0
    endloop
  endfacet
  facet normal 0 0 -1
    outer loop
      vertex 127.05 -126.025 0
      vertex 126.8 -91.925 0
      vertex 126.896 -91.906 0
    endloop
  endfacet
  facet normal 0 0 -1
    outer loop
      vertex 126.45 -127.715 0
      vertex 127.204 -127.206 0
      vertex 126.45 -128.015 0
    endloop
  endfacet
  facet normal -0 0 -1
    outer loop
      vertex 127.8 -127.225 0
      vertex 126.45 -128.015 0
      vertex 127.3 -127.225 0
    endloop
  endfacet
  facet normal 0 0 -1
    outer loop
      vertex 126.439 -128.928 0
      vertex 127.8 -127.225 0
      vertex 126.45 -128.985 0
    endloop
  endfacet
  facet normal 0 0 -1
    outer loop
      vertex 127.896 -127.206 0
      vertex 126.45 -128.985 0
      vertex 127.8 -127.225 0
    endloop
  endfacet
  facet normal 0 0 -1
    outer loop
      vertex 126.45 -128.985 0
      vertex 127.896 -127.206 0
      vertex 126.45 -129.285 0
    endloop
  endfacet
  facet normal -0 0 -1
    outer loop
      vertex 129.2 -127.225 0
      vertex 126.45 -129.285 0
      vertex 129.104 -127.206 0
    endloop
  endfacet
  facet normal 0 -0 -1
    outer loop
      vertex 126.45 -130.555 0
      vertex 129.796 -127.206 0
      vertex 126.439 -130.612 0
    endloop
  endfacet
  facet normal 0 0 -1
    outer loop
      vertex 160.692 -143.15 0
      vertex 126.357 -130.694 0
      vertex 126.406 -130.661 0
    endloop
  endfacet
  facet normal 0 0 -1
    outer loop
      vertex 160.692 -143.15 0
      vertex 126.3 -130.705 0
      vertex 126.357 -130.694 0
    endloop
  endfacet
  facet normal 0 0 -1
    outer loop
      vertex 94 -143.15 0
      vertex 126.3 -130.705 0
      vertex 160.692 -143.15 0
    endloop
  endfacet
  facet normal -0 0 -1
    outer loop
      vertex 126.3 -130.705 0
      vertex 94 -143.15 0
      vertex 124.65 -130.705 0
    endloop
  endfacet
  facet normal 0 0 -1
    outer loop
      vertex 121.5 -130.255 0
      vertex 124.5 -130.255 0
      vertex 124.5 -130.555 0
    endloop
  endfacet
  facet normal 0 0 -1
    outer loop
      vertex 124.511 -130.198 0
      vertex 121.489 -130.198 0
      vertex 124.511 -129.342 0
    endloop
  endfacet
  facet normal 0 0 -1
    outer loop
      vertex 124.5 -129.285 0
      vertex 121.5 -129.285 0
      vertex 124.5 -128.985 0
    endloop
  endfacet
  facet normal 0 0 -1
    outer loop
      vertex 121.5 -128.985 0
      vertex 124.5 -128.985 0
      vertex 121.5 -129.285 0
    endloop
  endfacet
  facet normal 0 0 -1
    outer loop
      vertex 124.511 -128.072 0
      vertex 121.5 -128.015 0
      vertex 124.5 -128.015 0
    endloop
  endfacet
  facet normal 0 0 -1
    outer loop
      vertex 124.5 -128.015 0
      vertex 121.5 -128.015 0
      vertex 124.5 -127.715 0
    endloop
  endfacet
  facet normal 0 0 -1
    outer loop
      vertex 121.5 -130.255 0
      vertex 124.5 -130.555 0
      vertex 121.5 -130.555 0
    endloop
  endfacet
  facet normal 0 0 -1
    outer loop
      vertex 124.511 -130.612 0
      vertex 121.5 -130.555 0
      vertex 124.5 -130.555 0
    endloop
  endfacet
  facet normal 0 0 -1
    outer loop
      vertex 121.489 -130.612 0
      vertex 124.511 -130.612 0
      vertex 124.544 -130.661 0
    endloop
  endfacet
  facet normal 0 0 -1
    outer loop
      vertex 121.456 -130.661 0
      vertex 124.544 -130.661 0
      vertex 124.593 -130.694 0
    endloop
  endfacet
  facet normal 0 -0 -1
    outer loop
      vertex 121.35 -130.705 0
      vertex 124.65 -130.705 0
      vertex 94 -143.15 0
    endloop
  endfacet
  facet normal 0 0 -1
    outer loop
      vertex 124.511 -130.612 0
      vertex 121.489 -130.612 0
      vertex 121.5 -130.555 0
    endloop
  endfacet
  facet normal 0 0 -1
    outer loop
      vertex 124.544 -130.661 0
      vertex 121.456 -130.661 0
      vertex 121.489 -130.612 0
    endloop
  endfacet
  facet normal 0 0 -1
    outer loop
      vertex 124.593 -130.694 0
      vertex 121.407 -130.694 0
      vertex 121.456 -130.661 0
    endloop
  endfacet
  facet normal -0 0 -1
    outer loop
      vertex 124.593 -130.694 0
      vertex 121.35 -130.705 0
      vertex 121.407 -130.694 0
    endloop
  endfacet
  facet normal 0 0 -1
    outer loop
      vertex 124.65 -130.705 0
      vertex 121.35 -130.705 0
      vertex 124.593 -130.694 0
    endloop
  endfacet
  facet normal -0 0 -1
    outer loop
      vertex 121.35 -130.705 0
      vertex 94 -143.15 0
      vertex 119.7 -130.705 0
    endloop
  endfacet
  facet normal 0 0 -1
    outer loop
      vertex 90.85 -140.002 0
      vertex 119.55 -130.255 0
      vertex 119.55 -130.555 0
    endloop
  endfacet
  facet normal -0 0 -1
    outer loop
      vertex 119.55 -130.255 0
      vertex 90.85 -140.002 0
      vertex 119.55 -129.285 0
    endloop
  endfacet
  facet normal -0 0 -1
    outer loop
      vertex 119.55 -129.285 0
      vertex 90.85 -140.002 0
      vertex 119.55 -128.985 0
    endloop
  endfacet
  facet normal -0 0 -1
    outer loop
      vertex 119.55 -128.985 0
      vertex 90.85 -140.002 0
      vertex 119.55 -128.015 0
    endloop
  endfacet
  facet normal -0 0 -1
    outer loop
      vertex 119.55 -128.015 0
      vertex 90.85 -140.002 0
      vertex 119.55 -127.715 0
    endloop
  endfacet
  facet normal -0 0 -1
    outer loop
      vertex 119.55 -127.715 0
      vertex 90.85 -140.002 0
      vertex 119.55 -126.745 0
    endloop
  endfacet
  facet normal -0 0 -1
    outer loop
      vertex 119.55 -126.745 0
      vertex 90.85 -140.002 0
      vertex 119.55 -126.445 0
    endloop
  endfacet
  facet normal 0 0 -1
    outer loop
      vertex 119.643 -126.306 0
      vertex 112.825 -91.925 0
      vertex 118.9 -91.925 0
    endloop
  endfacet
  facet normal 0 0 -1
    outer loop
      vertex 118.9 -91.925 0
      vertex 112.825 -91.925 0
      vertex 118.804 -91.906 0
    endloop
  endfacet
  facet normal 0 -0 -1
    outer loop
      vertex 112.921 -91.906 0
      vertex 118.804 -91.906 0
      vertex 112.825 -91.925 0
    endloop
  endfacet
  facet normal 0 0 -1
    outer loop
      vertex 118.804 -91.906 0
      vertex 112.921 -91.906 0
      vertex 118.723 -91.8518 0
    endloop
  endfacet
  facet normal 0 0 -1
    outer loop
      vertex 113.075 -91.15 0
      vertex 118.65 -91.15 0
      vertex 118.65 -91.675 0
    endloop
  endfacet
  facet normal 0 0 -1
    outer loop
      vertex 118.669 -91.0543 0
      vertex 113.056 -91.0543 0
      vertex 118.669 -89.9457 0
    endloop
  endfacet
  facet normal 0 0 -1
    outer loop
      vertex 113.075 -91.15 0
      vertex 118.65 -91.675 0
      vertex 113.075 -91.675 0
    endloop
  endfacet
  facet normal 0 0 -1
    outer loop
      vertex 118.723 -91.8518 0
      vertex 113.002 -91.8518 0
      vertex 118.669 -91.7707 0
    endloop
  endfacet
  facet normal -0 0 -1
    outer loop
      vertex 118.65 -91.675 0
      vertex 113.056 -91.7707 0
      vertex 113.075 -91.675 0
    endloop
  endfacet
  facet normal 0 0 -1
    outer loop
      vertex 118.669 -91.7707 0
      vertex 113.056 -91.7707 0
      vertex 118.65 -91.675 0
    endloop
  endfacet
  facet normal 0 -0 -1
    outer loop
      vertex 113.056 -91.7707 0
      vertex 118.669 -91.7707 0
      vertex 113.002 -91.8518 0
    endloop
  endfacet
  facet normal 0 -0 -1
    outer loop
      vertex 113.002 -91.8518 0
      vertex 118.723 -91.8518 0
      vertex 112.921 -91.906 0
    endloop
  endfacet
  facet normal 0 0 -1
    outer loop
      vertex 119.643 -126.306 0
      vertex 111.925 -91.925 0
      vertex 112.825 -91.925 0
    endloop
  endfacet
  facet normal 0 0 -1
    outer loop
      vertex 119.594 -126.339 0
      vertex 105.8 -91.925 0
      vertex 111.925 -91.925 0
    endloop
  endfacet
  facet normal 0 0 -1
    outer loop
      vertex 94 -143.15 0
      vertex 119.55 -130.555 0
      vertex 119.561 -130.612 0
    endloop
  endfacet
  facet normal 0 0 -1
    outer loop
      vertex 111.925 -91.925 0
      vertex 105.8 -91.925 0
      vertex 111.829 -91.906 0
    endloop
  endfacet
  facet normal 0 -0 -1
    outer loop
      vertex 105.896 -91.906 0
      vertex 111.829 -91.906 0
      vertex 105.8 -91.925 0
    endloop
  endfacet
  facet normal 0 0 -1
    outer loop
      vertex 106.05 -91.15 0
      vertex 111.675 -91.15 0
      vertex 111.675 -91.675 0
    endloop
  endfacet
  facet normal 0 0 -1
    outer loop
      vertex 111.694 -91.0543 0
      vertex 106.031 -91.0543 0
      vertex 111.694 -89.9457 0
    endloop
  endfacet
  facet normal 0 0 -1
    outer loop
      vertex 106.05 -91.15 0
      vertex 111.675 -91.675 0
      vertex 106.05 -91.675 0
    endloop
  endfacet
  facet normal 0 0 -1
    outer loop
      vertex 111.694 -91.7707 0
      vertex 106.05 -91.675 0
      vertex 111.675 -91.675 0
    endloop
  endfacet
  facet normal 0 0 -1
    outer loop
      vertex 111.829 -91.906 0
      vertex 105.896 -91.906 0
      vertex 111.748 -91.8518 0
    endloop
  endfacet
  facet normal 0 0 -1
    outer loop
      vertex 111.694 -91.7707 0
      vertex 106.031 -91.7707 0
      vertex 106.05 -91.675 0
    endloop
  endfacet
  facet normal -0 0 -1
    outer loop
      vertex 111.694 -91.7707 0
      vertex 105.977 -91.8518 0
      vertex 106.031 -91.7707 0
    endloop
  endfacet
  facet normal 0 0 -1
    outer loop
      vertex 111.748 -91.8518 0
      vertex 105.977 -91.8518 0
      vertex 111.694 -91.7707 0
    endloop
  endfacet
  facet normal 0 -0 -1
    outer loop
      vertex 105.977 -91.8518 0
      vertex 111.748 -91.8518 0
      vertex 105.896 -91.906 0
    endloop
  endfacet
  facet normal 0 0 -1
    outer loop
      vertex 119.594 -126.339 0
      vertex 104.9 -91.925 0
      vertex 105.8 -91.925 0
    endloop
  endfacet
  facet normal 0 0 -1
    outer loop
      vertex 119.594 -126.339 0
      vertex 98.725 -91.925 0
      vertex 104.9 -91.925 0
    endloop
  endfacet
  facet normal 0 0 -1
    outer loop
      vertex 104.9 -91.925 0
      vertex 98.725 -91.925 0
      vertex 104.804 -91.906 0
    endloop
  endfacet
  facet normal 0 -0 -1
    outer loop
      vertex 98.8207 -91.906 0
      vertex 104.804 -91.906 0
      vertex 98.725 -91.925 0
    endloop
  endfacet
  facet normal 0 0 -1
    outer loop
      vertex 98.975 -91.15 0
      vertex 104.65 -91.15 0
      vertex 104.65 -91.675 0
    endloop
  endfacet
  facet normal 0 0 -1
    outer loop
      vertex 104.669 -91.0543 0
      vertex 98.956 -91.0543 0
      vertex 104.669 -89.9457 0
    endloop
  endfacet
  facet normal 0 0 -1
    outer loop
      vertex 98.975 -91.15 0
      vertex 104.65 -91.675 0
      vertex 98.975 -91.675 0
    endloop
  endfacet
  facet normal 0 0 -1
    outer loop
      vertex 104.669 -91.7707 0
      vertex 98.975 -91.675 0
      vertex 104.65 -91.675 0
    endloop
  endfacet
  facet normal 0 0 -1
    outer loop
      vertex 104.804 -91.906 0
      vertex 98.8207 -91.906 0
      vertex 104.723 -91.8518 0
    endloop
  endfacet
  facet normal 0 0 -1
    outer loop
      vertex 104.669 -91.7707 0
      vertex 98.956 -91.7707 0
      vertex 98.975 -91.675 0
    endloop
  endfacet
  facet normal -0 0 -1
    outer loop
      vertex 104.669 -91.7707 0
      vertex 98.9018 -91.8518 0
      vertex 98.956 -91.7707 0
    endloop
  endfacet
  facet normal 0 0 -1
    outer loop
      vertex 104.723 -91.8518 0
      vertex 98.9018 -91.8518 0
      vertex 104.669 -91.7707 0
    endloop
  endfacet
  facet normal 0 -0 -1
    outer loop
      vertex 98.9018 -91.8518 0
      vertex 104.723 -91.8518 0
      vertex 98.8207 -91.906 0
    endloop
  endfacet
  facet normal -0 0 -1
    outer loop
      vertex 119.561 -126.388 0
      vertex 90.85 -140.002 0
      vertex 97.825 -91.925 0
    endloop
  endfacet
  facet normal 0 0 -1
    outer loop
      vertex 119.561 -126.388 0
      vertex 97.825 -91.925 0
      vertex 98.725 -91.925 0
    endloop
  endfacet
  facet normal -0 0 -1
    outer loop
      vertex 97.825 -91.925 0
      vertex 90.85 -140.002 0
      vertex 97.7293 -91.906 0
    endloop
  endfacet
  facet normal -0 0 -1
    outer loop
      vertex 97.7293 -91.906 0
      vertex 90.85 -140.002 0
      vertex 97.6482 -91.8518 0
    endloop
  endfacet
  facet normal 0 0 -1
    outer loop
      vertex 90.85 -80.4934 0
      vertex 97.575 -91.15 0
      vertex 97.575 -91.675 0
    endloop
  endfacet
  facet normal 0 0 -1
    outer loop
      vertex 97.575 -91.15 0
      vertex 90.85 -80.4934 0
      vertex 97.575 -89.85 0
    endloop
  endfacet
  facet normal 0 0 -1
    outer loop
      vertex 90.85 -80.4934 0
      vertex 97.594 -91.7707 0
      vertex 90.85 -140.002 0
    endloop
  endfacet
  facet normal -0 0 -1
    outer loop
      vertex 97.6482 -91.8518 0
      vertex 90.85 -140.002 0
      vertex 97.594 -91.7707 0
    endloop
  endfacet
  facet normal 0 0 -1
    outer loop
      vertex 119.55 -130.555 0
      vertex 94 -143.15 0
      vertex 90.85 -140.002 0
    endloop
  endfacet
  facet normal -0 0 -1
    outer loop
      vertex 119.594 -130.661 0
      vertex 94 -143.15 0
      vertex 119.561 -130.612 0
    endloop
  endfacet
  facet normal -0 0 -1
    outer loop
      vertex 119.643 -130.694 0
      vertex 94 -143.15 0
      vertex 119.594 -130.661 0
    endloop
  endfacet
  facet normal -0 0 -1
    outer loop
      vertex 119.7 -130.705 0
      vertex 94 -143.15 0
      vertex 119.643 -130.694 0
    endloop
  endfacet
  facet normal 0 0 -1
    outer loop
      vertex 159.981 -124.229 0
      vertex 168.65 -89.2399 0
      vertex 168.65 -134.822 0
    endloop
  endfacet
  facet normal 0 0 -1
    outer loop
      vertex 168.646 -135.028 0
      vertex 168.65 -134.822 0
      vertex 168.647 -135.011 0
    endloop
  endfacet
  facet normal 0 0 -1
    outer loop
      vertex 159.927 -124.148 0
      vertex 168.65 -89.2399 0
      vertex 159.981 -124.229 0
    endloop
  endfacet
  facet normal 0 0 -1
    outer loop
      vertex 168.599 -135.399 0
      vertex 168.65 -134.822 0
      vertex 168.646 -135.028 0
    endloop
  endfacet
  facet normal 0 0 -1
    outer loop
      vertex 159.846 -124.094 0
      vertex 168.65 -89.2399 0
      vertex 159.927 -124.148 0
    endloop
  endfacet
  facet normal 0 0 -1
    outer loop
      vertex 159.75 -124.075 0
      vertex 168.65 -89.2399 0
      vertex 159.846 -124.094 0
    endloop
  endfacet
  facet normal 0 0 -1
    outer loop
      vertex 168.65 -134.822 0
      vertex 168.599 -135.399 0
      vertex 167.81 -136.964 0
    endloop
  endfacet
  facet normal 0 0 -1
    outer loop
      vertex 167.81 -136.964 0
      vertex 168.599 -135.399 0
      vertex 168.596 -135.418 0
    endloop
  endfacet
  facet normal 0 0 -1
    outer loop
      vertex 158.85 -124.075 0
      vertex 168.65 -89.2399 0
      vertex 159.75 -124.075 0
    endloop
  endfacet
  facet normal 0 0 -1
    outer loop
      vertex 158.754 -124.094 0
      vertex 168.65 -89.2399 0
      vertex 158.85 -124.075 0
    endloop
  endfacet
  facet normal 0 0 -1
    outer loop
      vertex 167.81 -136.964 0
      vertex 168.596 -135.418 0
      vertex 168.503 -135.78 0
    endloop
  endfacet
  facet normal 0 0 -1
    outer loop
      vertex 167.81 -136.964 0
      vertex 168.503 -135.78 0
      vertex 168.498 -135.798 0
    endloop
  endfacet
  facet normal 0 -0 -1
    outer loop
      vertex 158.983 -78.2653 0
      vertex 168.65 -89.2399 0
      vertex 158.754 -124.094 0
    endloop
  endfacet
  facet normal -0 -0 -1
    outer loop
      vertex 167.728 -87.0154 0
      vertex 168.65 -89.2399 0
      vertex 158.983 -78.2653 0
    endloop
  endfacet
  facet normal 0 0 -1
    outer loop
      vertex 167.81 -136.964 0
      vertex 168.498 -135.798 0
      vertex 168.361 -136.146 0
    endloop
  endfacet
  facet normal 0 0 -1
    outer loop
      vertex 167.81 -136.964 0
      vertex 168.361 -136.146 0
      vertex 168.353 -136.163 0
    endloop
  endfacet
  facet normal -0 -0 -1
    outer loop
      vertex 168.609 -88.7226 0
      vertex 168.65 -89.2399 0
      vertex 167.728 -87.0154 0
    endloop
  endfacet
  facet normal 0 0 -1
    outer loop
      vertex 168.65 -89.2399 0
      vertex 168.647 -89.057 0
      vertex 168.648 -89.0716 0
    endloop
  endfacet
  facet normal 0 0 -1
    outer loop
      vertex 167.81 -136.964 0
      vertex 168.353 -136.163 0
      vertex 168.174 -136.492 0
    endloop
  endfacet
  facet normal 0 0 -1
    outer loop
      vertex 167.81 -136.964 0
      vertex 168.174 -136.492 0
      vertex 168.164 -136.508 0
    endloop
  endfacet
  facet normal 0 0 -1
    outer loop
      vertex 168.65 -89.2399 0
      vertex 168.609 -88.7226 0
      vertex 168.647 -89.057 0
    endloop
  endfacet
  facet normal 0 0 -1
    outer loop
      vertex 168.606 -88.706 0
      vertex 167.728 -87.0154 0
      vertex 168.531 -88.3779 0
    endloop
  endfacet
  facet normal 0 0 -1
    outer loop
      vertex 167.81 -136.964 0
      vertex 168.164 -136.508 0
      vertex 167.945 -136.812 0
    endloop
  endfacet
  facet normal 0 0 -1
    outer loop
      vertex 167.81 -136.964 0
      vertex 167.945 -136.812 0
      vertex 167.935 -136.825 0
    endloop
  endfacet
  facet normal 0 0 -1
    outer loop
      vertex 168.531 -88.3779 0
      vertex 167.728 -87.0154 0
      vertex 168.527 -88.3618 0
    endloop
  endfacet
  facet normal 0 0 -1
    outer loop
      vertex 168.527 -88.3618 0
      vertex 167.728 -87.0154 0
      vertex 168.416 -88.0441 0
    endloop
  endfacet
  facet normal 0 0 -1
    outer loop
      vertex 159.981 -126.771 0
      vertex 168.65 -134.822 0
      vertex 167.81 -136.964 0
    endloop
  endfacet
  facet normal 0 0 -1
    outer loop
      vertex 168.416 -88.0441 0
      vertex 167.728 -87.0154 0
      vertex 168.409 -88.0285 0
    endloop
  endfacet
  facet normal 0 0 -1
    outer loop
      vertex 159.981 -126.771 0
      vertex 167.81 -136.964 0
      vertex 163 -142.143 0
    endloop
  endfacet
  facet normal 0 0 -1
    outer loop
      vertex 162.866 -142.283 0
      vertex 163 -142.143 0
      vertex 162.877 -142.272 0
    endloop
  endfacet
  facet normal 0 0 -1
    outer loop
      vertex 162.597 -142.512 0
      vertex 163 -142.143 0
      vertex 162.866 -142.283 0
    endloop
  endfacet
  facet normal 0 0 -1
    outer loop
      vertex 163 -142.143 0
      vertex 162.597 -142.512 0
      vertex 160.692 -143.15 0
    endloop
  endfacet
  facet normal 0 0 -1
    outer loop
      vertex 160.692 -143.15 0
      vertex 162.597 -142.512 0
      vertex 162.583 -142.522 0
    endloop
  endfacet
  facet normal 0 0 -1
    outer loop
      vertex 160.692 -143.15 0
      vertex 162.583 -142.522 0
      vertex 162.289 -142.718 0
    endloop
  endfacet
  facet normal 0 0 -1
    outer loop
      vertex 160.692 -143.15 0
      vertex 162.289 -142.718 0
      vertex 162.274 -142.726 0
    endloop
  endfacet
  facet normal 0 0 -1
    outer loop
      vertex 160.692 -143.15 0
      vertex 162.274 -142.726 0
      vertex 161.96 -142.886 0
    endloop
  endfacet
  facet normal 0 0 -1
    outer loop
      vertex 160.692 -143.15 0
      vertex 161.96 -142.886 0
      vertex 161.944 -142.893 0
    endloop
  endfacet
  facet normal 0 0 -1
    outer loop
      vertex 160.692 -143.15 0
      vertex 161.944 -142.893 0
      vertex 161.613 -143.015 0
    endloop
  endfacet
  facet normal 0 0 -1
    outer loop
      vertex 160.692 -143.15 0
      vertex 161.613 -143.015 0
      vertex 161.596 -143.02 0
    endloop
  endfacet
  facet normal 0 0 -1
    outer loop
      vertex 160.692 -143.15 0
      vertex 161.596 -143.02 0
      vertex 161.253 -143.102 0
    endloop
  endfacet
  facet normal 0 0 -1
    outer loop
      vertex 160.692 -143.15 0
      vertex 161.253 -143.102 0
      vertex 161.236 -143.105 0
    endloop
  endfacet
  facet normal 0 0 -1
    outer loop
      vertex 160.692 -143.15 0
      vertex 161.236 -143.105 0
      vertex 160.886 -143.146 0
    endloop
  endfacet
  facet normal 0 0 -1
    outer loop
      vertex 160.692 -143.15 0
      vertex 160.886 -143.146 0
      vertex 160.87 -143.147 0
    endloop
  endfacet
  facet normal 0 0 -1
    outer loop
      vertex 158.85 -126.925 0
      vertex 163 -142.143 0
      vertex 160.692 -143.15 0
    endloop
  endfacet
  facet normal 0 0 -1
    outer loop
      vertex 168.65 -134.822 0
      vertex 160 -126.675 0
      vertex 160 -126.15 0
    endloop
  endfacet
  facet normal 0 0 -1
    outer loop
      vertex 168.65 -134.822 0
      vertex 160 -126.15 0
      vertex 160 -124.85 0
    endloop
  endfacet
  facet normal 0 0 -1
    outer loop
      vertex 168.65 -134.822 0
      vertex 160 -124.85 0
      vertex 160 -124.325 0
    endloop
  endfacet
  facet normal 0 0 -1
    outer loop
      vertex 168.65 -134.822 0
      vertex 160 -124.325 0
      vertex 159.981 -124.229 0
    endloop
  endfacet
  facet normal 0 0 -1
    outer loop
      vertex 168.409 -88.0285 0
      vertex 167.728 -87.0154 0
      vertex 168.263 -87.7252 0
    endloop
  endfacet
  facet normal 0 0 -1
    outer loop
      vertex 168.263 -87.7252 0
      vertex 167.728 -87.0154 0
      vertex 168.255 -87.7105 0
    endloop
  endfacet
  facet normal 0 0 -1
    outer loop
      vertex 168.255 -87.7105 0
      vertex 167.728 -87.0154 0
      vertex 168.076 -87.4255 0
    endloop
  endfacet
  facet normal 0 0 -1
    outer loop
      vertex 168.076 -87.4255 0
      vertex 167.728 -87.0154 0
      vertex 168.066 -87.4118 0
    endloop
  endfacet
  facet normal 0 0 -1
    outer loop
      vertex 168.066 -87.4118 0
      vertex 167.728 -87.0154 0
      vertex 167.857 -87.1486 0
    endloop
  endfacet
  facet normal 0 0 -1
    outer loop
      vertex 167.857 -87.1486 0
      vertex 167.728 -87.0154 0
      vertex 167.847 -87.1376 0
    endloop
  endfacet
  facet normal 0 0 -1
    outer loop
      vertex 168.609 -88.7226 0
      vertex 167.728 -87.0154 0
      vertex 168.606 -88.706 0
    endloop
  endfacet
  facet normal 0 0 -1
    outer loop
      vertex 158.673 -124.148 0
      vertex 158.983 -78.2653 0
      vertex 158.754 -124.094 0
    endloop
  endfacet
  facet normal 0 0 -1
    outer loop
      vertex 158.588 -77.9279 0
      vertex 158.983 -78.2653 0
      vertex 158.673 -124.148 0
    endloop
  endfacet
  facet normal -0 -0 -1
    outer loop
      vertex 158.852 -78.138 0
      vertex 158.983 -78.2653 0
      vertex 158.588 -77.9279 0
    endloop
  endfacet
  facet normal 0 0 -1
    outer loop
      vertex 158.588 -77.9279 0
      vertex 158.673 -124.148 0
      vertex 158.619 -124.229 0
    endloop
  endfacet
  facet normal 0 0 -1
    outer loop
      vertex 158.588 -77.9279 0
      vertex 158.619 -124.229 0
      vertex 158.6 -124.325 0
    endloop
  endfacet
  facet normal 0 0 -1
    outer loop
      vertex 158.983 -78.2653 0
      vertex 158.852 -78.138 0
      vertex 158.863 -78.1478 0
    endloop
  endfacet
  facet normal 0 0 -1
    outer loop
      vertex 156.739 -124.368 0
      vertex 158.6 -124.325 0
      vertex 156.75 -124.425 0
    endloop
  endfacet
  facet normal 0 0 -1
    outer loop
      vertex 158.6 -124.325 0
      vertex 156.75 -122.825 0
      vertex 156.75 -122.525 0
    endloop
  endfacet
  facet normal 0 0 -1
    outer loop
      vertex 158.6 -124.325 0
      vertex 156.75 -122.525 0
      vertex 156.739 -122.468 0
    endloop
  endfacet
  facet normal 0 0 -1
    outer loop
      vertex 156.4 -121 0
      vertex 158.6 -124.325 0
      vertex 156.739 -122.468 0
    endloop
  endfacet
  facet normal 0 0 -1
    outer loop
      vertex 156.4 -121 0
      vertex 156.739 -122.468 0
      vertex 156.706 -122.419 0
    endloop
  endfacet
  facet normal 0 0 -1
    outer loop
      vertex 156.381 -121.096 0
      vertex 156.706 -122.419 0
      vertex 156.657 -122.386 0
    endloop
  endfacet
  facet normal 0 0 -1
    outer loop
      vertex 156.327 -121.177 0
      vertex 156.657 -122.386 0
      vertex 156.6 -122.375 0
    endloop
  endfacet
  facet normal 0 0 -1
    outer loop
      vertex 158.6 -124.325 0
      vertex 156.4 -121 0
      vertex 156.4 -120.05 0
    endloop
  endfacet
  facet normal 0 0 -1
    outer loop
      vertex 158.6 -124.325 0
      vertex 156.4 -120.05 0
      vertex 156.381 -119.954 0
    endloop
  endfacet
  facet normal 0 0 -1
    outer loop
      vertex 158.6 -124.325 0
      vertex 156.381 -119.954 0
      vertex 155.075 -91.675 0
    endloop
  endfacet
  facet normal 0 0 -1
    outer loop
      vertex 155.075 -91.675 0
      vertex 156.381 -119.954 0
      vertex 156.327 -119.873 0
    endloop
  endfacet
  facet normal 0 0 -1
    outer loop
      vertex 155.075 -91.675 0
      vertex 156.327 -119.873 0
      vertex 156.246 -119.819 0
    endloop
  endfacet
  facet normal 0 0 -1
    outer loop
      vertex 155.075 -91.675 0
      vertex 156.246 -119.819 0
      vertex 156.15 -119.8 0
    endloop
  endfacet
  facet normal 0 0 -1
    outer loop
      vertex 155.075 -91.675 0
      vertex 156.15 -119.8 0
      vertex 155.65 -119.8 0
    endloop
  endfacet
  facet normal 0 0 -1
    outer loop
      vertex 155.075 -91.675 0
      vertex 155.65 -119.8 0
      vertex 155.554 -119.819 0
    endloop
  endfacet
  facet normal 0 0 -1
    outer loop
      vertex 155.075 -91.675 0
      vertex 155.554 -119.819 0
      vertex 155.473 -119.873 0
    endloop
  endfacet
  facet normal 0 0 -1
    outer loop
      vertex 155.075 -91.675 0
      vertex 155.473 -119.873 0
      vertex 155.419 -119.954 0
    endloop
  endfacet
  facet normal 0 0 -1
    outer loop
      vertex 155.075 -91.675 0
      vertex 155.419 -119.954 0
      vertex 155.4 -120.05 0
    endloop
  endfacet
  facet normal 0 0 -1
    outer loop
      vertex 157.971 -77.5846 0
      vertex 156.757 -77.3434 0
      vertex 157.956 -77.5781 0
    endloop
  endfacet
  facet normal 0 0 -1
    outer loop
      vertex 157.956 -77.5781 0
      vertex 156.757 -77.3434 0
      vertex 157.638 -77.4668 0
    endloop
  endfacet
  facet normal 0 0 -1
    outer loop
      vertex 157.638 -77.4668 0
      vertex 156.757 -77.3434 0
      vertex 157.622 -77.4622 0
    endloop
  endfacet
  facet normal 0 0 -1
    outer loop
      vertex 157.622 -77.4622 0
      vertex 156.757 -77.3434 0
      vertex 157.293 -77.3871 0
    endloop
  endfacet
  facet normal 0 0 -1
    outer loop
      vertex 157.293 -77.3871 0
      vertex 156.757 -77.3434 0
      vertex 157.277 -77.3843 0
    endloop
  endfacet
  facet normal 0 0 -1
    outer loop
      vertex 157.277 -77.3843 0
      vertex 156.757 -77.3434 0
      vertex 156.942 -77.3466 0
    endloop
  endfacet
  facet normal 0 0 -1
    outer loop
      vertex 156.942 -77.3466 0
      vertex 156.757 -77.3434 0
      vertex 156.927 -77.3457 0
    endloop
  endfacet
  facet normal 0 0 -1
    outer loop
      vertex 158.588 -77.9279 0
      vertex 156.757 -77.3434 0
      vertex 158.575 -77.9182 0
    endloop
  endfacet
  facet normal 0 0 -1
    outer loop
      vertex 153.925 -89.075 0
      vertex 156.757 -77.3434 0
      vertex 154.825 -89.075 0
    endloop
  endfacet
  facet normal 0 0 -1
    outer loop
      vertex 153.829 -89.094 0
      vertex 156.757 -77.3434 0
      vertex 153.925 -89.075 0
    endloop
  endfacet
  facet normal 0 0 -1
    outer loop
      vertex 147.896 -89.094 0
      vertex 153.829 -89.094 0
      vertex 153.748 -89.1482 0
    endloop
  endfacet
  facet normal 0 0 -1
    outer loop
      vertex 147.977 -89.1482 0
      vertex 153.748 -89.1482 0
      vertex 153.694 -89.2293 0
    endloop
  endfacet
  facet normal 0 0 -1
    outer loop
      vertex 153.694 -91.7707 0
      vertex 148.05 -91.675 0
      vertex 153.675 -91.675 0
    endloop
  endfacet
  facet normal 0 0 -1
    outer loop
      vertex 148.05 -91.675 0
      vertex 153.573 -119.873 0
      vertex 153.519 -119.954 0
    endloop
  endfacet
  facet normal 0 0 -1
    outer loop
      vertex 148.05 -91.675 0
      vertex 153.519 -119.954 0
      vertex 153.5 -120.05 0
    endloop
  endfacet
  facet normal -0 0 -1
    outer loop
      vertex 153.519 -121.096 0
      vertex 153.194 -122.419 0
      vertex 153.5 -121 0
    endloop
  endfacet
  facet normal 0 0 -1
    outer loop
      vertex 153.161 -122.468 0
      vertex 153.5 -121 0
      vertex 153.194 -122.419 0
    endloop
  endfacet
  facet normal -0 0 -1
    outer loop
      vertex 153.5 -121 0
      vertex 153.161 -122.468 0
      vertex 153.5 -120.05 0
    endloop
  endfacet
  facet normal 0 0 -1
    outer loop
      vertex 153.15 -122.525 0
      vertex 153.5 -120.05 0
      vertex 153.161 -122.468 0
    endloop
  endfacet
  facet normal -0 0 -1
    outer loop
      vertex 153.5 -120.05 0
      vertex 153.15 -122.525 0
      vertex 148.05 -91.675 0
    endloop
  endfacet
  facet normal 0 0 -1
    outer loop
      vertex 148.05 -91.15 0
      vertex 153.675 -91.675 0
      vertex 148.05 -91.675 0
    endloop
  endfacet
  facet normal 0 0 -1
    outer loop
      vertex 153.675 -91.675 0
      vertex 148.05 -91.15 0
      vertex 153.675 -89.325 0
    endloop
  endfacet
  facet normal 0 0 -1
    outer loop
      vertex 148.05 -89.85 0
      vertex 153.675 -89.325 0
      vertex 148.05 -91.15 0
    endloop
  endfacet
  facet normal 0 0 -1
    outer loop
      vertex 148.05 -89.325 0
      vertex 153.675 -89.325 0
      vertex 148.05 -89.85 0
    endloop
  endfacet
  facet normal 0 0 -1
    outer loop
      vertex 153.675 -89.325 0
      vertex 148.05 -89.325 0
      vertex 153.694 -89.2293 0
    endloop
  endfacet
  facet normal 0 0 -1
    outer loop
      vertex 148.031 -89.2293 0
      vertex 153.694 -89.2293 0
      vertex 148.05 -89.325 0
    endloop
  endfacet
  facet normal 0 0 -1
    outer loop
      vertex 147.977 -89.1482 0
      vertex 153.694 -89.2293 0
      vertex 148.031 -89.2293 0
    endloop
  endfacet
  facet normal 0 0 -1
    outer loop
      vertex 153.748 -89.1482 0
      vertex 147.977 -89.1482 0
      vertex 147.896 -89.094 0
    endloop
  endfacet
  facet normal 0 0 -1
    outer loop
      vertex 153.829 -89.094 0
      vertex 147.896 -89.094 0
      vertex 156.757 -77.3434 0
    endloop
  endfacet
  facet normal 0 0 -1
    outer loop
      vertex 147.8 -89.075 0
      vertex 156.757 -77.3434 0
      vertex 147.896 -89.094 0
    endloop
  endfacet
  facet normal 0 0 -1
    outer loop
      vertex 146.9 -89.075 0
      vertex 156.757 -77.3434 0
      vertex 147.8 -89.075 0
    endloop
  endfacet
  facet normal 0 0 -1
    outer loop
      vertex 146.804 -89.094 0
      vertex 156.757 -77.3434 0
      vertex 146.9 -89.075 0
    endloop
  endfacet
  facet normal 0 0 -1
    outer loop
      vertex 140.896 -89.094 0
      vertex 146.804 -89.094 0
      vertex 146.723 -89.1482 0
    endloop
  endfacet
  facet normal 0 0 -1
    outer loop
      vertex 153.15 -122.525 0
      vertex 144.406 -124.989 0
      vertex 144.352 -124.908 0
    endloop
  endfacet
  facet normal 0 0 -1
    outer loop
      vertex 153.15 -122.525 0
      vertex 144.352 -124.908 0
      vertex 144.271 -124.854 0
    endloop
  endfacet
  facet normal 0 0 -1
    outer loop
      vertex 141.05 -91.675 0
      vertex 146.804 -91.906 0
      vertex 143.65 -124.835 0
    endloop
  endfacet
  facet normal 0 0 -1
    outer loop
      vertex 146.804 -91.906 0
      vertex 141.05 -91.675 0
      vertex 146.723 -91.8518 0
    endloop
  endfacet
  facet normal 0 0 -1
    outer loop
      vertex 146.669 -91.7707 0
      vertex 141.05 -91.675 0
      vertex 146.65 -91.675 0
    endloop
  endfacet
  facet normal 0 0 -1
    outer loop
      vertex 146.723 -91.8518 0
      vertex 141.05 -91.675 0
      vertex 146.669 -91.7707 0
    endloop
  endfacet
  facet normal 0 0 -1
    outer loop
      vertex 142.35 -124.835 0
      vertex 143.65 -124.835 0
      vertex 143.554 -124.854 0
    endloop
  endfacet
  facet normal 0 0 -1
    outer loop
      vertex 142.446 -124.854 0
      vertex 143.554 -124.854 0
      vertex 143.473 -124.908 0
    endloop
  endfacet
  facet normal 0 0 -1
    outer loop
      vertex 142.527 -124.908 0
      vertex 143.473 -124.908 0
      vertex 143.419 -124.989 0
    endloop
  endfacet
  facet normal 0 0 -1
    outer loop
      vertex 142.581 -124.989 0
      vertex 143.419 -124.989 0
      vertex 143.4 -125.085 0
    endloop
  endfacet
  facet normal 0 0 -1
    outer loop
      vertex 142.6 -125.085 0
      vertex 143.4 -125.085 0
      vertex 142.6 -125.985 0
    endloop
  endfacet
  facet normal 0 0 -1
    outer loop
      vertex 142.581 -124.989 0
      vertex 143.4 -125.085 0
      vertex 142.6 -125.085 0
    endloop
  endfacet
  facet normal 0 0 -1
    outer loop
      vertex 143.419 -124.989 0
      vertex 142.581 -124.989 0
      vertex 142.527 -124.908 0
    endloop
  endfacet
  facet normal 0 0 -1
    outer loop
      vertex 143.473 -124.908 0
      vertex 142.527 -124.908 0
      vertex 142.446 -124.854 0
    endloop
  endfacet
  facet normal 0 0 -1
    outer loop
      vertex 143.554 -124.854 0
      vertex 142.446 -124.854 0
      vertex 142.35 -124.835 0
    endloop
  endfacet
  facet normal 0 0 -1
    outer loop
      vertex 143.65 -124.835 0
      vertex 142.35 -124.835 0
      vertex 141.05 -91.675 0
    endloop
  endfacet
  facet normal 0 0 -1
    outer loop
      vertex 141.05 -91.675 0
      vertex 142.35 -124.835 0
      vertex 141.825 -124.835 0
    endloop
  endfacet
  facet normal 0 0 -1
    outer loop
      vertex 141.05 -91.675 0
      vertex 141.825 -124.835 0
      vertex 141.729 -124.854 0
    endloop
  endfacet
  facet normal 0 0 -1
    outer loop
      vertex 141.05 -91.675 0
      vertex 141.729 -124.854 0
      vertex 141.648 -124.908 0
    endloop
  endfacet
  facet normal 0 0 -1
    outer loop
      vertex 141.05 -91.675 0
      vertex 141.648 -124.908 0
      vertex 141.594 -124.989 0
    endloop
  endfacet
  facet normal 0 0 -1
    outer loop
      vertex 141.05 -91.675 0
      vertex 141.594 -124.989 0
      vertex 141.575 -125.085 0
    endloop
  endfacet
  facet normal 0 0 -1
    outer loop
      vertex 141.05 -91.15 0
      vertex 146.65 -91.675 0
      vertex 141.05 -91.675 0
    endloop
  endfacet
  facet normal 0 0 -1
    outer loop
      vertex 146.669 -89.9457 0
      vertex 141.05 -89.85 0
      vertex 146.65 -89.85 0
    endloop
  endfacet
  facet normal 0 0 -1
    outer loop
      vertex 146.65 -89.85 0
      vertex 141.05 -89.85 0
      vertex 146.65 -89.325 0
    endloop
  endfacet
  facet normal 0 0 -1
    outer loop
      vertex 141.05 -89.325 0
      vertex 146.65 -89.325 0
      vertex 141.05 -89.85 0
    endloop
  endfacet
  facet normal 0 0 -1
    outer loop
      vertex 146.65 -89.325 0
      vertex 141.05 -89.325 0
      vertex 146.669 -89.2293 0
    endloop
  endfacet
  facet normal 0 0 -1
    outer loop
      vertex 141.031 -89.2293 0
      vertex 146.669 -89.2293 0
      vertex 141.05 -89.325 0
    endloop
  endfacet
  facet normal 0 0 -1
    outer loop
      vertex 146.669 -89.2293 0
      vertex 141.031 -89.2293 0
      vertex 146.723 -89.1482 0
    endloop
  endfacet
  facet normal 0 0 -1
    outer loop
      vertex 140.977 -89.1482 0
      vertex 146.723 -89.1482 0
      vertex 141.031 -89.2293 0
    endloop
  endfacet
  facet normal 0 0 -1
    outer loop
      vertex 140.896 -89.094 0
      vertex 146.723 -89.1482 0
      vertex 140.977 -89.1482 0
    endloop
  endfacet
  facet normal 0 0 -1
    outer loop
      vertex 146.804 -89.094 0
      vertex 140.896 -89.094 0
      vertex 156.757 -77.3434 0
    endloop
  endfacet
  facet normal 0 0 -1
    outer loop
      vertex 140.8 -89.075 0
      vertex 156.757 -77.3434 0
      vertex 140.896 -89.094 0
    endloop
  endfacet
  facet normal 0 0 -1
    outer loop
      vertex 139.9 -89.075 0
      vertex 156.757 -77.3434 0
      vertex 140.8 -89.075 0
    endloop
  endfacet
  facet normal 0 0 -1
    outer loop
      vertex 133.8 -89.075 0
      vertex 139.9 -89.075 0
      vertex 139.804 -89.094 0
    endloop
  endfacet
  facet normal 0 0 -1
    outer loop
      vertex 133.896 -89.094 0
      vertex 139.804 -89.094 0
      vertex 139.723 -89.1482 0
    endloop
  endfacet
  facet normal 0 0 -1
    outer loop
      vertex 139.669 -89.9457 0
      vertex 134.05 -89.85 0
      vertex 139.65 -89.85 0
    endloop
  endfacet
  facet normal 0 0 -1
    outer loop
      vertex 139.65 -89.85 0
      vertex 134.05 -89.85 0
      vertex 139.65 -89.325 0
    endloop
  endfacet
  facet normal 0 0 -1
    outer loop
      vertex 134.05 -89.325 0
      vertex 139.65 -89.325 0
      vertex 134.05 -89.85 0
    endloop
  endfacet
  facet normal 0 0 -1
    outer loop
      vertex 139.65 -89.325 0
      vertex 134.05 -89.325 0
      vertex 139.669 -89.2293 0
    endloop
  endfacet
  facet normal 0 0 -1
    outer loop
      vertex 134.031 -89.2293 0
      vertex 139.669 -89.2293 0
      vertex 134.05 -89.325 0
    endloop
  endfacet
  facet normal 0 0 -1
    outer loop
      vertex 139.669 -89.2293 0
      vertex 134.031 -89.2293 0
      vertex 139.723 -89.1482 0
    endloop
  endfacet
  facet normal 0 0 -1
    outer loop
      vertex 133.977 -89.1482 0
      vertex 139.723 -89.1482 0
      vertex 134.031 -89.2293 0
    endloop
  endfacet
  facet normal 0 0 -1
    outer loop
      vertex 133.896 -89.094 0
      vertex 139.723 -89.1482 0
      vertex 133.977 -89.1482 0
    endloop
  endfacet
  facet normal 0 0 -1
    outer loop
      vertex 139.804 -89.094 0
      vertex 133.896 -89.094 0
      vertex 133.8 -89.075 0
    endloop
  endfacet
  facet normal 0 0 -1
    outer loop
      vertex 139.9 -89.075 0
      vertex 133.8 -89.075 0
      vertex 156.757 -77.3434 0
    endloop
  endfacet
  facet normal 0 0 -1
    outer loop
      vertex 132.9 -89.075 0
      vertex 156.757 -77.3434 0
      vertex 133.8 -89.075 0
    endloop
  endfacet
  facet normal 0 0 -1
    outer loop
      vertex 126.8 -89.075 0
      vertex 132.9 -89.075 0
      vertex 132.804 -89.094 0
    endloop
  endfacet
  facet normal 0 0 -1
    outer loop
      vertex 131.675 -118.087 0
      vertex 132.9 -91.925 0
      vertex 132.2 -118.087 0
    endloop
  endfacet
  facet normal 0 0 -1
    outer loop
      vertex 130.375 -118.087 0
      vertex 132.9 -91.925 0
      vertex 131.675 -118.087 0
    endloop
  endfacet
  facet normal -0 0 -1
    outer loop
      vertex 132.9 -91.925 0
      vertex 130.375 -118.087 0
      vertex 132.804 -91.906 0
    endloop
  endfacet
  facet normal 0 0 -1
    outer loop
      vertex 129.85 -118.087 0
      vertex 132.804 -91.906 0
      vertex 130.375 -118.087 0
    endloop
  endfacet
  facet normal 0 0 -1
    outer loop
      vertex 127.05 -91.675 0
      vertex 132.804 -91.906 0
      vertex 129.85 -118.087 0
    endloop
  endfacet
  facet normal 0 0 -1
    outer loop
      vertex 132.804 -91.906 0
      vertex 127.05 -91.675 0
      vertex 132.723 -91.8518 0
    endloop
  endfacet
  facet normal 0 0 -1
    outer loop
      vertex 130.375 -118.087 0
      vertex 131.675 -118.087 0
      vertex 131.579 -118.106 0
    endloop
  endfacet
  facet normal 0 0 -1
    outer loop
      vertex 130.471 -118.106 0
      vertex 131.579 -118.106 0
      vertex 131.498 -118.161 0
    endloop
  endfacet
  facet normal 0 0 -1
    outer loop
      vertex 130.552 -118.161 0
      vertex 131.498 -118.161 0
      vertex 131.444 -118.242 0
    endloop
  endfacet
  facet normal 0 0 -1
    outer loop
      vertex 130.606 -118.242 0
      vertex 131.444 -118.242 0
      vertex 131.425 -118.337 0
    endloop
  endfacet
  facet normal 0 0 -1
    outer loop
      vertex 130.625 -118.337 0
      vertex 131.425 -118.337 0
      vertex 130.625 -119.237 0
    endloop
  endfacet
  facet normal 0 0 -1
    outer loop
      vertex 130.606 -118.242 0
      vertex 131.425 -118.337 0
      vertex 130.625 -118.337 0
    endloop
  endfacet
  facet normal 0 0 -1
    outer loop
      vertex 131.444 -118.242 0
      vertex 130.606 -118.242 0
      vertex 130.552 -118.161 0
    endloop
  endfacet
  facet normal 0 0 -1
    outer loop
      vertex 131.498 -118.161 0
      vertex 130.552 -118.161 0
      vertex 130.471 -118.106 0
    endloop
  endfacet
  facet normal 0 0 -1
    outer loop
      vertex 131.579 -118.106 0
      vertex 130.471 -118.106 0
      vertex 130.375 -118.087 0
    endloop
  endfacet
  facet normal 0 0 -1
    outer loop
      vertex 132.723 -91.8518 0
      vertex 127.05 -91.675 0
      vertex 132.669 -91.7707 0
    endloop
  endfacet
  facet normal 0 0 -1
    outer loop
      vertex 132.669 -91.7707 0
      vertex 127.05 -91.675 0
      vertex 132.65 -91.675 0
    endloop
  endfacet
  facet normal 0 0 -1
    outer loop
      vertex 127.05 -91.675 0
      vertex 129.85 -118.087 0
      vertex 129.754 -118.106 0
    endloop
  endfacet
  facet normal 0 0 -1
    outer loop
      vertex 127.05 -91.675 0
      vertex 129.754 -118.106 0
      vertex 129.673 -118.161 0
    endloop
  endfacet
  facet normal 0 0 -1
    outer loop
      vertex 127.05 -91.675 0
      vertex 129.673 -118.161 0
      vertex 129.619 -118.242 0
    endloop
  endfacet
  facet normal 0 0 -1
    outer loop
      vertex 127.069 -125.929 0
      vertex 129.619 -118.242 0
      vertex 129.6 -118.337 0
    endloop
  endfacet
  facet normal 0 0 -1
    outer loop
      vertex 127.8 -125.775 0
      vertex 129.2 -125.775 0
      vertex 129.104 -125.794 0
    endloop
  endfacet
  facet normal 0 0 -1
    outer loop
      vertex 127.896 -125.794 0
      vertex 129.104 -125.794 0
      vertex 129.023 -125.848 0
    endloop
  endfacet
  facet normal 0 0 -1
    outer loop
      vertex 127.977 -125.848 0
      vertex 129.023 -125.848 0
      vertex 128.969 -125.929 0
    endloop
  endfacet
  facet normal 0 0 -1
    outer loop
      vertex 128.031 -125.929 0
      vertex 128.969 -125.929 0
      vertex 128.95 -126.025 0
    endloop
  endfacet
  facet normal 0 0 -1
    outer loop
      vertex 128.05 -126.025 0
      vertex 128.95 -126.025 0
      vertex 128.05 -126.975 0
    endloop
  endfacet
  facet normal 0 0 -1
    outer loop
      vertex 128.031 -125.929 0
      vertex 128.95 -126.025 0
      vertex 128.05 -126.025 0
    endloop
  endfacet
  facet normal 0 0 -1
    outer loop
      vertex 128.969 -125.929 0
      vertex 128.031 -125.929 0
      vertex 127.977 -125.848 0
    endloop
  endfacet
  facet normal 0 0 -1
    outer loop
      vertex 129.023 -125.848 0
      vertex 127.977 -125.848 0
      vertex 127.896 -125.794 0
    endloop
  endfacet
  facet normal 0 0 -1
    outer loop
      vertex 127.8 -125.775 0
      vertex 129.104 -125.794 0
      vertex 127.896 -125.794 0
    endloop
  endfacet
  facet normal -0 0 -1
    outer loop
      vertex 129.673 -119.414 0
      vertex 127.204 -125.794 0
      vertex 129.619 -119.333 0
    endloop
  endfacet
  facet normal 0 0 -1
    outer loop
      vertex 127.123 -125.848 0
      vertex 129.619 -119.333 0
      vertex 127.204 -125.794 0
    endloop
  endfacet
  facet normal -0 0 -1
    outer loop
      vertex 129.619 -119.333 0
      vertex 127.123 -125.848 0
      vertex 129.6 -119.237 0
    endloop
  endfacet
  facet normal -0 0 -1
    outer loop
      vertex 129.6 -119.237 0
      vertex 127.123 -125.848 0
      vertex 129.6 -118.337 0
    endloop
  endfacet
  facet normal 0 0 -1
    outer loop
      vertex 127.069 -125.929 0
      vertex 129.6 -118.337 0
      vertex 127.123 -125.848 0
    endloop
  endfacet
  facet normal -0 0 -1
    outer loop
      vertex 129.619 -118.242 0
      vertex 127.069 -125.929 0
      vertex 127.05 -91.675 0
    endloop
  endfacet
  facet normal 0 0 -1
    outer loop
      vertex 127.05 -91.675 0
      vertex 127.069 -125.929 0
      vertex 127.05 -126.025 0
    endloop
  endfacet
  facet normal 0 0 -1
    outer loop
      vertex 127.05 -91.15 0
      vertex 132.65 -91.675 0
      vertex 127.05 -91.675 0
    endloop
  endfacet
  facet normal 0 0 -1
    outer loop
      vertex 132.669 -89.9457 0
      vertex 127.05 -89.85 0
      vertex 132.65 -89.85 0
    endloop
  endfacet
  facet normal 0 0 -1
    outer loop
      vertex 132.65 -89.85 0
      vertex 127.05 -89.85 0
      vertex 132.65 -89.325 0
    endloop
  endfacet
  facet normal 0 0 -1
    outer loop
      vertex 127.05 -89.325 0
      vertex 132.65 -89.325 0
      vertex 127.05 -89.85 0
    endloop
  endfacet
  facet normal 0 0 -1
    outer loop
      vertex 132.65 -89.325 0
      vertex 127.05 -89.325 0
      vertex 132.669 -89.2293 0
    endloop
  endfacet
  facet normal 0 0 -1
    outer loop
      vertex 127.031 -89.2293 0
      vertex 132.669 -89.2293 0
      vertex 127.05 -89.325 0
    endloop
  endfacet
  facet normal 0 0 -1
    outer loop
      vertex 132.669 -89.2293 0
      vertex 127.031 -89.2293 0
      vertex 132.723 -89.1482 0
    endloop
  endfacet
  facet normal 0 0 -1
    outer loop
      vertex 126.977 -89.1482 0
      vertex 132.723 -89.1482 0
      vertex 127.031 -89.2293 0
    endloop
  endfacet
  facet normal 0 0 -1
    outer loop
      vertex 132.723 -89.1482 0
      vertex 126.977 -89.1482 0
      vertex 132.804 -89.094 0
    endloop
  endfacet
  facet normal 0 0 -1
    outer loop
      vertex 126.896 -89.094 0
      vertex 132.804 -89.094 0
      vertex 126.977 -89.1482 0
    endloop
  endfacet
  facet normal 0 0 -1
    outer loop
      vertex 126.8 -89.075 0
      vertex 132.804 -89.094 0
      vertex 126.896 -89.094 0
    endloop
  endfacet
  facet normal 0 0 -1
    outer loop
      vertex 132.9 -89.075 0
      vertex 126.8 -89.075 0
      vertex 156.757 -77.3434 0
    endloop
  endfacet
  facet normal 0 0 -1
    outer loop
      vertex 125.9 -89.075 0
      vertex 156.757 -77.3434 0
      vertex 126.8 -89.075 0
    endloop
  endfacet
  facet normal 0 0 -1
    outer loop
      vertex 119.8 -89.075 0
      vertex 125.9 -89.075 0
      vertex 125.804 -89.094 0
    endloop
  endfacet
  facet normal 0 0 -1
    outer loop
      vertex 121.35 -126.295 0
      vertex 124.65 -126.295 0
      vertex 124.593 -126.306 0
    endloop
  endfacet
  facet normal 0 0 -1
    outer loop
      vertex 121.407 -126.306 0
      vertex 124.593 -126.306 0
      vertex 124.544 -126.339 0
    endloop
  endfacet
  facet normal 0 0 -1
    outer loop
      vertex 121.456 -126.339 0
      vertex 124.544 -126.339 0
      vertex 124.511 -126.388 0
    endloop
  endfacet
  facet normal 0 0 -1
    outer loop
      vertex 121.489 -126.388 0
      vertex 124.511 -126.388 0
      vertex 124.5 -126.445 0
    endloop
  endfacet
  facet normal 0 0 -1
    outer loop
      vertex 124.511 -129.342 0
      vertex 121.5 -129.285 0
      vertex 124.5 -129.285 0
    endloop
  endfacet
  facet normal 0 0 -1
    outer loop
      vertex 124.511 -128.928 0
      vertex 121.489 -128.928 0
      vertex 124.511 -128.072 0
    endloop
  endfacet
  facet normal 0 0 -1
    outer loop
      vertex 121.5 -127.715 0
      vertex 124.5 -127.715 0
      vertex 121.5 -128.015 0
    endloop
  endfacet
  facet normal 0 0 -1
    outer loop
      vertex 124.511 -127.658 0
      vertex 121.489 -127.658 0
      vertex 124.511 -126.802 0
    endloop
  endfacet
  facet normal 0 0 -1
    outer loop
      vertex 124.511 -126.802 0
      vertex 121.5 -126.745 0
      vertex 124.5 -126.745 0
    endloop
  endfacet
  facet normal 0 0 -1
    outer loop
      vertex 124.5 -126.745 0
      vertex 121.5 -126.745 0
      vertex 124.5 -126.445 0
    endloop
  endfacet
  facet normal 0 0 -1
    outer loop
      vertex 121.5 -126.445 0
      vertex 124.5 -126.445 0
      vertex 121.5 -126.745 0
    endloop
  endfacet
  facet normal 0 0 -1
    outer loop
      vertex 121.489 -126.388 0
      vertex 124.5 -126.445 0
      vertex 121.5 -126.445 0
    endloop
  endfacet
  facet normal 0 0 -1
    outer loop
      vertex 124.511 -126.388 0
      vertex 121.489 -126.388 0
      vertex 121.456 -126.339 0
    endloop
  endfacet
  facet normal 0 0 -1
    outer loop
      vertex 124.544 -126.339 0
      vertex 121.456 -126.339 0
      vertex 121.407 -126.306 0
    endloop
  endfacet
  facet normal 0 0 -1
    outer loop
      vertex 124.593 -126.306 0
      vertex 121.407 -126.306 0
      vertex 121.35 -126.295 0
    endloop
  endfacet
  facet normal 0 0 -1
    outer loop
      vertex 120.031 -91.7707 0
      vertex 125.669 -91.7707 0
      vertex 125.723 -91.8518 0
    endloop
  endfacet
  facet normal 0 0 -1
    outer loop
      vertex 120.05 -91.15 0
      vertex 125.65 -91.675 0
      vertex 120.05 -91.675 0
    endloop
  endfacet
  facet normal 0 0 -1
    outer loop
      vertex 125.669 -89.9457 0
      vertex 120.05 -89.85 0
      vertex 125.65 -89.85 0
    endloop
  endfacet
  facet normal 0 0 -1
    outer loop
      vertex 125.65 -89.85 0
      vertex 120.05 -89.85 0
      vertex 125.65 -89.325 0
    endloop
  endfacet
  facet normal 0 0 -1
    outer loop
      vertex 120.05 -89.325 0
      vertex 125.65 -89.325 0
      vertex 120.05 -89.85 0
    endloop
  endfacet
  facet normal 0 0 -1
    outer loop
      vertex 125.65 -89.325 0
      vertex 120.05 -89.325 0
      vertex 125.669 -89.2293 0
    endloop
  endfacet
  facet normal 0 0 -1
    outer loop
      vertex 120.031 -89.2293 0
      vertex 125.669 -89.2293 0
      vertex 120.05 -89.325 0
    endloop
  endfacet
  facet normal 0 0 -1
    outer loop
      vertex 125.669 -89.2293 0
      vertex 120.031 -89.2293 0
      vertex 125.723 -89.1482 0
    endloop
  endfacet
  facet normal 0 0 -1
    outer loop
      vertex 119.977 -89.1482 0
      vertex 125.723 -89.1482 0
      vertex 120.031 -89.2293 0
    endloop
  endfacet
  facet normal 0 0 -1
    outer loop
      vertex 125.723 -89.1482 0
      vertex 119.977 -89.1482 0
      vertex 125.804 -89.094 0
    endloop
  endfacet
  facet normal 0 0 -1
    outer loop
      vertex 119.896 -89.094 0
      vertex 125.804 -89.094 0
      vertex 119.977 -89.1482 0
    endloop
  endfacet
  facet normal 0 0 -1
    outer loop
      vertex 119.8 -89.075 0
      vertex 125.804 -89.094 0
      vertex 119.896 -89.094 0
    endloop
  endfacet
  facet normal 0 0 -1
    outer loop
      vertex 125.9 -89.075 0
      vertex 119.8 -89.075 0
      vertex 93.9979 -77.3434 0
    endloop
  endfacet
  facet normal 0 0 -1
    outer loop
      vertex 93.9979 -77.3434 0
      vertex 119.8 -89.075 0
      vertex 118.9 -89.075 0
    endloop
  endfacet
  facet normal 0 0 -1
    outer loop
      vertex 112.825 -89.075 0
      vertex 118.9 -89.075 0
      vertex 118.804 -89.094 0
    endloop
  endfacet
  facet normal 0 0 -1
    outer loop
      vertex 118.669 -89.9457 0
      vertex 113.075 -89.85 0
      vertex 118.65 -89.85 0
    endloop
  endfacet
  facet normal 0 0 -1
    outer loop
      vertex 118.65 -89.85 0
      vertex 113.075 -89.85 0
      vertex 118.65 -89.325 0
    endloop
  endfacet
  facet normal 0 0 -1
    outer loop
      vertex 113.075 -89.325 0
      vertex 118.65 -89.325 0
      vertex 113.075 -89.85 0
    endloop
  endfacet
  facet normal 0 0 -1
    outer loop
      vertex 118.65 -89.325 0
      vertex 113.075 -89.325 0
      vertex 118.669 -89.2293 0
    endloop
  endfacet
  facet normal 0 0 -1
    outer loop
      vertex 113.056 -89.2293 0
      vertex 118.669 -89.2293 0
      vertex 113.075 -89.325 0
    endloop
  endfacet
  facet normal 0 0 -1
    outer loop
      vertex 118.669 -89.2293 0
      vertex 113.056 -89.2293 0
      vertex 118.723 -89.1482 0
    endloop
  endfacet
  facet normal 0 0 -1
    outer loop
      vertex 113.002 -89.1482 0
      vertex 118.723 -89.1482 0
      vertex 113.056 -89.2293 0
    endloop
  endfacet
  facet normal 0 0 -1
    outer loop
      vertex 118.723 -89.1482 0
      vertex 113.002 -89.1482 0
      vertex 118.804 -89.094 0
    endloop
  endfacet
  facet normal 0 0 -1
    outer loop
      vertex 112.921 -89.094 0
      vertex 118.804 -89.094 0
      vertex 113.002 -89.1482 0
    endloop
  endfacet
  facet normal 0 0 -1
    outer loop
      vertex 112.825 -89.075 0
      vertex 118.804 -89.094 0
      vertex 112.921 -89.094 0
    endloop
  endfacet
  facet normal 0 0 -1
    outer loop
      vertex 118.9 -89.075 0
      vertex 112.825 -89.075 0
      vertex 93.9979 -77.3434 0
    endloop
  endfacet
  facet normal 0 0 -1
    outer loop
      vertex 93.9979 -77.3434 0
      vertex 112.825 -89.075 0
      vertex 111.925 -89.075 0
    endloop
  endfacet
  facet normal 0 0 -1
    outer loop
      vertex 93.9979 -77.3434 0
      vertex 111.925 -89.075 0
      vertex 111.829 -89.094 0
    endloop
  endfacet
  facet normal 0 0 -1
    outer loop
      vertex 111.694 -89.9457 0
      vertex 106.05 -89.85 0
      vertex 111.675 -89.85 0
    endloop
  endfacet
  facet normal 0 0 -1
    outer loop
      vertex 111.675 -89.85 0
      vertex 106.05 -89.85 0
      vertex 111.675 -89.325 0
    endloop
  endfacet
  facet normal 0 0 -1
    outer loop
      vertex 106.05 -89.325 0
      vertex 111.675 -89.325 0
      vertex 106.05 -89.85 0
    endloop
  endfacet
  facet normal 0 0 -1
    outer loop
      vertex 111.675 -89.325 0
      vertex 106.05 -89.325 0
      vertex 111.694 -89.2293 0
    endloop
  endfacet
  facet normal 0 0 -1
    outer loop
      vertex 106.031 -89.2293 0
      vertex 111.694 -89.2293 0
      vertex 106.05 -89.325 0
    endloop
  endfacet
  facet normal 0 0 -1
    outer loop
      vertex 111.694 -89.2293 0
      vertex 106.031 -89.2293 0
      vertex 111.748 -89.1482 0
    endloop
  endfacet
  facet normal 0 0 -1
    outer loop
      vertex 105.977 -89.1482 0
      vertex 111.748 -89.1482 0
      vertex 106.031 -89.2293 0
    endloop
  endfacet
  facet normal 0 0 -1
    outer loop
      vertex 111.748 -89.1482 0
      vertex 105.977 -89.1482 0
      vertex 111.829 -89.094 0
    endloop
  endfacet
  facet normal 0 0 -1
    outer loop
      vertex 105.896 -89.094 0
      vertex 111.829 -89.094 0
      vertex 105.977 -89.1482 0
    endloop
  endfacet
  facet normal 0 0 -1
    outer loop
      vertex 93.9979 -77.3434 0
      vertex 111.829 -89.094 0
      vertex 105.896 -89.094 0
    endloop
  endfacet
  facet normal 0 0 -1
    outer loop
      vertex 93.9979 -77.3434 0
      vertex 105.896 -89.094 0
      vertex 105.8 -89.075 0
    endloop
  endfacet
  facet normal 0 0 -1
    outer loop
      vertex 93.9979 -77.3434 0
      vertex 105.8 -89.075 0
      vertex 104.9 -89.075 0
    endloop
  endfacet
  facet normal 0 0 -1
    outer loop
      vertex 93.9979 -77.3434 0
      vertex 104.9 -89.075 0
      vertex 104.804 -89.094 0
    endloop
  endfacet
  facet normal 0 0 -1
    outer loop
      vertex 104.669 -89.9457 0
      vertex 98.975 -89.85 0
      vertex 104.65 -89.85 0
    endloop
  endfacet
  facet normal 0 0 -1
    outer loop
      vertex 104.65 -89.85 0
      vertex 98.975 -89.85 0
      vertex 104.65 -89.325 0
    endloop
  endfacet
  facet normal 0 0 -1
    outer loop
      vertex 98.975 -89.325 0
      vertex 104.65 -89.325 0
      vertex 98.975 -89.85 0
    endloop
  endfacet
  facet normal 0 0 -1
    outer loop
      vertex 104.65 -89.325 0
      vertex 98.975 -89.325 0
      vertex 104.669 -89.2293 0
    endloop
  endfacet
  facet normal 0 0 -1
    outer loop
      vertex 98.956 -89.2293 0
      vertex 104.669 -89.2293 0
      vertex 98.975 -89.325 0
    endloop
  endfacet
  facet normal 0 0 -1
    outer loop
      vertex 104.669 -89.2293 0
      vertex 98.956 -89.2293 0
      vertex 104.723 -89.1482 0
    endloop
  endfacet
  facet normal 0 0 -1
    outer loop
      vertex 98.9018 -89.1482 0
      vertex 104.723 -89.1482 0
      vertex 98.956 -89.2293 0
    endloop
  endfacet
  facet normal 0 0 -1
    outer loop
      vertex 104.723 -89.1482 0
      vertex 98.9018 -89.1482 0
      vertex 104.804 -89.094 0
    endloop
  endfacet
  facet normal 0 0 -1
    outer loop
      vertex 98.8207 -89.094 0
      vertex 104.804 -89.094 0
      vertex 98.9018 -89.1482 0
    endloop
  endfacet
  facet normal 0 0 -1
    outer loop
      vertex 104.804 -89.094 0
      vertex 98.8207 -89.094 0
      vertex 93.9979 -77.3434 0
    endloop
  endfacet
  facet normal 0 0 -1
    outer loop
      vertex 93.9979 -77.3434 0
      vertex 98.8207 -89.094 0
      vertex 98.725 -89.075 0
    endloop
  endfacet
  facet normal 0 0 -1
    outer loop
      vertex 93.9979 -77.3434 0
      vertex 98.725 -89.075 0
      vertex 97.825 -89.075 0
    endloop
  endfacet
  facet normal 0 0 -1
    outer loop
      vertex 93.9979 -77.3434 0
      vertex 97.825 -89.075 0
      vertex 97.7293 -89.094 0
    endloop
  endfacet
  facet normal 0 0 -1
    outer loop
      vertex 125.9 -89.075 0
      vertex 93.9979 -77.3434 0
      vertex 156.757 -77.3434 0
    endloop
  endfacet
  facet normal 0 0 -1
    outer loop
      vertex 90.85 -80.4934 0
      vertex 97.7293 -89.094 0
      vertex 97.6482 -89.1482 0
    endloop
  endfacet
  facet normal 0 0 -1
    outer loop
      vertex 90.85 -80.4934 0
      vertex 97.6482 -89.1482 0
      vertex 97.594 -89.2293 0
    endloop
  endfacet
  facet normal 0 0 -1
    outer loop
      vertex 90.85 -80.4934 0
      vertex 97.594 -89.2293 0
      vertex 97.575 -89.325 0
    endloop
  endfacet
  facet normal 0 0 -1
    outer loop
      vertex 97.594 -91.7707 0
      vertex 90.85 -80.4934 0
      vertex 97.575 -91.675 0
    endloop
  endfacet
  facet normal 0 0 -1
    outer loop
      vertex 97.7293 -89.094 0
      vertex 90.85 -80.4934 0
      vertex 93.9979 -77.3434 0
    endloop
  endfacet
  facet normal 0 0 -1
    outer loop
      vertex 93.8149 -143.147 0
      vertex 94 -143.15 0
      vertex 93.8295 -143.148 0
    endloop
  endfacet
  facet normal 0 0 -1
    outer loop
      vertex 93.4803 -143.109 0
      vertex 94 -143.15 0
      vertex 93.8149 -143.147 0
    endloop
  endfacet
  facet normal 0 0 -1
    outer loop
      vertex 97.575 -89.85 0
      vertex 90.85 -80.4934 0
      vertex 97.575 -89.325 0
    endloop
  endfacet
  facet normal 0 0 -1
    outer loop
      vertex 94 -143.15 0
      vertex 93.4803 -143.109 0
      vertex 90.85 -140.002 0
    endloop
  endfacet
  facet normal 0 -0 -1
    outer loop
      vertex 93.4803 -77.3844 0
      vertex 93.9979 -77.3434 0
      vertex 90.85 -80.4934 0
    endloop
  endfacet
  facet normal 0 0 -1
    outer loop
      vertex 90.85 -140.002 0
      vertex 93.4803 -143.109 0
      vertex 93.4637 -143.106 0
    endloop
  endfacet
  facet normal 0 0 -1
    outer loop
      vertex 93.9979 -77.3434 0
      vertex 93.8149 -77.3467 0
      vertex 93.8296 -77.3458 0
    endloop
  endfacet
  facet normal 0 0 -1
    outer loop
      vertex 90.85 -140.002 0
      vertex 93.4637 -143.106 0
      vertex 93.1354 -143.031 0
    endloop
  endfacet
  facet normal 0 0 -1
    outer loop
      vertex 93.9979 -77.3434 0
      vertex 93.4803 -77.3844 0
      vertex 93.8149 -77.3467 0
    endloop
  endfacet
  facet normal 0 0 -1
    outer loop
      vertex 90.85 -140.002 0
      vertex 93.1354 -143.031 0
      vertex 93.1192 -143.027 0
    endloop
  endfacet
  facet normal 0 0 -1
    outer loop
      vertex 93.4803 -77.3844 0
      vertex 90.85 -80.4934 0
      vertex 93.4637 -77.3873 0
    endloop
  endfacet
  facet normal 0 0 -1
    outer loop
      vertex 90.85 -140.002 0
      vertex 93.1192 -143.027 0
      vertex 92.8015 -142.915 0
    endloop
  endfacet
  facet normal 0 0 -1
    outer loop
      vertex 93.4637 -77.3873 0
      vertex 90.85 -80.4934 0
      vertex 93.1354 -77.4622 0
    endloop
  endfacet
  facet normal 0 0 -1
    outer loop
      vertex 93.1192 -77.4668 0
      vertex 90.85 -80.4934 0
      vertex 92.8015 -77.578 0
    endloop
  endfacet
  facet normal 0 0 -1
    outer loop
      vertex 90.85 -140.002 0
      vertex 92.8015 -142.915 0
      vertex 92.7859 -142.909 0
    endloop
  endfacet
  facet normal 0 0 -1
    outer loop
      vertex 92.8015 -77.578 0
      vertex 90.85 -80.4934 0
      vertex 92.7859 -77.5844 0
    endloop
  endfacet
  facet normal 0 0 -1
    outer loop
      vertex 90.85 -140.002 0
      vertex 92.7859 -142.909 0
      vertex 92.4826 -142.763 0
    endloop
  endfacet
  facet normal 0 0 -1
    outer loop
      vertex 90.85 -140.002 0
      vertex 92.4826 -142.763 0
      vertex 92.4679 -142.755 0
    endloop
  endfacet
  facet normal 0 0 -1
    outer loop
      vertex 93.1354 -77.4622 0
      vertex 90.85 -80.4934 0
      vertex 93.1192 -77.4668 0
    endloop
  endfacet
  facet normal 0 0 -1
    outer loop
      vertex 90.85 -140.002 0
      vertex 92.4679 -142.755 0
      vertex 92.1828 -142.576 0
    endloop
  endfacet
  facet normal 0 0 -1
    outer loop
      vertex 92.7859 -77.5844 0
      vertex 90.85 -80.4934 0
      vertex 92.4826 -77.7304 0
    endloop
  endfacet
  facet normal 0 0 -1
    outer loop
      vertex 92.4826 -77.7304 0
      vertex 90.85 -80.4934 0
      vertex 92.4679 -77.7386 0
    endloop
  endfacet
  facet normal 0 0 -1
    outer loop
      vertex 90.85 -140.002 0
      vertex 92.1828 -142.576 0
      vertex 92.1691 -142.566 0
    endloop
  endfacet
  facet normal 0 0 -1
    outer loop
      vertex 90.85 -140.002 0
      vertex 92.1691 -142.566 0
      vertex 91.9059 -142.356 0
    endloop
  endfacet
  facet normal 0 0 -1
    outer loop
      vertex 92.4679 -77.7386 0
      vertex 90.85 -80.4934 0
      vertex 92.1828 -77.9178 0
    endloop
  endfacet
  facet normal 0 0 -1
    outer loop
      vertex 90.85 -140.002 0
      vertex 91.9059 -142.356 0
      vertex 91.8933 -142.345 0
    endloop
  endfacet
  facet normal 0 0 -1
    outer loop
      vertex 92.1828 -77.9178 0
      vertex 90.85 -80.4934 0
      vertex 92.1691 -77.9275 0
    endloop
  endfacet
  facet normal 0 0 -1
    outer loop
      vertex 90.85 -140.002 0
      vertex 91.8933 -142.345 0
      vertex 91.6552 -142.107 0
    endloop
  endfacet
  facet normal 0 0 -1
    outer loop
      vertex 92.1691 -77.9275 0
      vertex 90.85 -80.4934 0
      vertex 91.9058 -78.1374 0
    endloop
  endfacet
  facet normal 0 0 -1
    outer loop
      vertex 90.85 -140.002 0
      vertex 91.6552 -142.107 0
      vertex 91.644 -142.094 0
    endloop
  endfacet
  facet normal 0 0 -1
    outer loop
      vertex 91.9058 -78.1374 0
      vertex 90.85 -80.4934 0
      vertex 91.8932 -78.1486 0
    endloop
  endfacet
  facet normal 0 0 -1
    outer loop
      vertex 90.85 -140.002 0
      vertex 91.644 -142.094 0
      vertex 91.4341 -141.831 0
    endloop
  endfacet
  facet normal 0 0 -1
    outer loop
      vertex 91.8932 -78.1486 0
      vertex 90.85 -80.4934 0
      vertex 91.6551 -78.3867 0
    endloop
  endfacet
  facet normal 0 0 -1
    outer loop
      vertex 90.85 -140.002 0
      vertex 91.4341 -141.831 0
      vertex 91.4244 -141.817 0
    endloop
  endfacet
  facet normal 0 0 -1
    outer loop
      vertex 91.6551 -78.3867 0
      vertex 90.85 -80.4934 0
      vertex 91.6439 -78.3993 0
    endloop
  endfacet
  facet normal 0 0 -1
    outer loop
      vertex 90.85 -140.002 0
      vertex 91.4244 -141.817 0
      vertex 91.2453 -141.532 0
    endloop
  endfacet
  facet normal 0 0 -1
    outer loop
      vertex 91.6439 -78.3993 0
      vertex 90.85 -80.4934 0
      vertex 91.434 -78.6625 0
    endloop
  endfacet
  facet normal 0 0 -1
    outer loop
      vertex 90.85 -140.002 0
      vertex 91.2453 -141.532 0
      vertex 91.2372 -141.517 0
    endloop
  endfacet
  facet normal 0 0 -1
    outer loop
      vertex 91.434 -78.6625 0
      vertex 90.85 -80.4934 0
      vertex 91.4243 -78.6762 0
    endloop
  endfacet
  facet normal 0 0 -1
    outer loop
      vertex 90.85 -140.002 0
      vertex 91.2372 -141.517 0
      vertex 91.0911 -141.214 0
    endloop
  endfacet
  facet normal 0 0 -1
    outer loop
      vertex 91.4243 -78.6762 0
      vertex 90.85 -80.4934 0
      vertex 91.2452 -78.9613 0
    endloop
  endfacet
  facet normal 0 0 -1
    outer loop
      vertex 90.85 -140.002 0
      vertex 91.0911 -141.214 0
      vertex 91.0846 -141.199 0
    endloop
  endfacet
  facet normal 0 0 -1
    outer loop
      vertex 91.2452 -78.9613 0
      vertex 90.85 -80.4934 0
      vertex 91.237 -78.976 0
    endloop
  endfacet
  facet normal 0 0 -1
    outer loop
      vertex 90.85 -140.002 0
      vertex 91.0846 -141.199 0
      vertex 90.9734 -140.881 0
    endloop
  endfacet
  facet normal 0 0 -1
    outer loop
      vertex 91.237 -78.976 0
      vertex 90.85 -80.4934 0
      vertex 91.0909 -79.2794 0
    endloop
  endfacet
  facet normal 0 0 -1
    outer loop
      vertex 90.85 -140.002 0
      vertex 90.9734 -140.881 0
      vertex 90.9688 -140.865 0
    endloop
  endfacet
  facet normal 0 0 -1
    outer loop
      vertex 91.0909 -79.2794 0
      vertex 90.85 -80.4934 0
      vertex 91.0845 -79.295 0
    endloop
  endfacet
  facet normal 0 0 -1
    outer loop
      vertex 90.85 -140.002 0
      vertex 90.9688 -140.865 0
      vertex 90.8938 -140.536 0
    endloop
  endfacet
  facet normal 0 0 -1
    outer loop
      vertex 91.0845 -79.295 0
      vertex 90.85 -80.4934 0
      vertex 90.9733 -79.6127 0
    endloop
  endfacet
  facet normal 0 0 -1
    outer loop
      vertex 90.85 -140.002 0
      vertex 90.8938 -140.536 0
      vertex 90.891 -140.52 0
    endloop
  endfacet
  facet normal 0 0 -1
    outer loop
      vertex 90.9733 -79.6127 0
      vertex 90.85 -80.4934 0
      vertex 90.9687 -79.6289 0
    endloop
  endfacet
  facet normal 0 0 -1
    outer loop
      vertex 90.85 -140.002 0
      vertex 90.891 -140.52 0
      vertex 90.8533 -140.185 0
    endloop
  endfacet
  facet normal 0 0 -1
    outer loop
      vertex 90.9687 -79.6289 0
      vertex 90.85 -80.4934 0
      vertex 90.8938 -79.9571 0
    endloop
  endfacet
  facet normal 0 0 -1
    outer loop
      vertex 90.85 -140.002 0
      vertex 90.8533 -140.185 0
      vertex 90.8524 -140.17 0
    endloop
  endfacet
  facet normal 0 0 -1
    outer loop
      vertex 90.8938 -79.9571 0
      vertex 90.85 -80.4934 0
      vertex 90.8909 -79.9737 0
    endloop
  endfacet
  facet normal 0 0 -1
    outer loop
      vertex 90.8909 -79.9737 0
      vertex 90.85 -80.4934 0
      vertex 90.8532 -80.3083 0
    endloop
  endfacet
  facet normal 0 0 -1
    outer loop
      vertex 90.8532 -80.3083 0
      vertex 90.85 -80.4934 0
      vertex 90.8523 -80.323 0
    endloop
  endfacet
  facet normal 0 0 -1
    outer loop
      vertex 154.346 -119.819 0
      vertex 155.4 -120.05 0
      vertex 154.427 -119.873 0
    endloop
  endfacet
  facet normal 0 0 -1
    outer loop
      vertex 155.4 -120.05 0
      vertex 154.921 -91.906 0
      vertex 155.002 -91.8518 0
    endloop
  endfacet
  facet normal 0 0 -1
    outer loop
      vertex 155.4 -120.05 0
      vertex 154.346 -119.819 0
      vertex 154.921 -91.906 0
    endloop
  endfacet
  facet normal 0 0 -1
    outer loop
      vertex 154.921 -91.906 0
      vertex 154.346 -119.819 0
      vertex 154.825 -91.925 0
    endloop
  endfacet
  facet normal 0 0 -1
    outer loop
      vertex 154.25 -119.8 0
      vertex 154.825 -91.925 0
      vertex 154.346 -119.819 0
    endloop
  endfacet
  facet normal 0 0 -1
    outer loop
      vertex 154.25 -119.8 0
      vertex 153.925 -91.925 0
      vertex 154.825 -91.925 0
    endloop
  endfacet
  facet normal 0 0 -1
    outer loop
      vertex 153.75 -119.8 0
      vertex 153.925 -91.925 0
      vertex 154.25 -119.8 0
    endloop
  endfacet
  facet normal -0 0 -1
    outer loop
      vertex 153.925 -91.925 0
      vertex 153.75 -119.8 0
      vertex 153.829 -91.906 0
    endloop
  endfacet
  facet normal 0 0 -1
    outer loop
      vertex 153.654 -119.819 0
      vertex 153.829 -91.906 0
      vertex 153.75 -119.8 0
    endloop
  endfacet
  facet normal 0 0 -1
    outer loop
      vertex 148.05 -91.675 0
      vertex 153.829 -91.906 0
      vertex 153.654 -119.819 0
    endloop
  endfacet
  facet normal 0 0 -1
    outer loop
      vertex 148.05 -91.675 0
      vertex 153.654 -119.819 0
      vertex 153.573 -119.873 0
    endloop
  endfacet
  facet normal 0 0 0
    outer loop
      vertex 153.675 -91.675 0
      vertex 153.675 -89.85 0
      vertex 153.675 -91.15 0
    endloop
  endfacet
  facet normal 0 0 0
    outer loop
      vertex 153.675 -91.675 0
      vertex 153.675 -89.325 0
      vertex 153.675 -89.85 0
    endloop
  endfacet
  facet normal 0 0 -1
    outer loop
      vertex 153.748 -91.8518 0
      vertex 148.05 -91.675 0
      vertex 153.694 -91.7707 0
    endloop
  endfacet
  facet normal 0 0 -1
    outer loop
      vertex 153.829 -91.906 0
      vertex 148.05 -91.675 0
      vertex 153.748 -91.8518 0
    endloop
  endfacet
  facet normal 0 0 -1
    outer loop
      vertex 154.464 -124.368 0
      vertex 155.436 -124.368 0
      vertex 154.475 -124.425 0
    endloop
  endfacet
  facet normal -0 0 -1
    outer loop
      vertex 155.469 -122.931 0
      vertex 154.464 -123.418 0
      vertex 155.436 -122.882 0
    endloop
  endfacet
  facet normal 0 0 -1
    outer loop
      vertex 155.425 -122.825 0
      vertex 154.475 -122.825 0
      vertex 155.425 -122.525 0
    endloop
  endfacet
  facet normal 0 0 -1
    outer loop
      vertex 155.436 -122.468 0
      vertex 154.464 -122.468 0
      vertex 154.431 -122.419 0
    endloop
  endfacet
  facet normal -0 0 -1
    outer loop
      vertex 155.4 -121 0
      vertex 154.481 -121.096 0
      vertex 154.5 -121 0
    endloop
  endfacet
  facet normal 0 0 -1
    outer loop
      vertex 155.473 -121.177 0
      vertex 154.427 -121.177 0
      vertex 155.419 -121.096 0
    endloop
  endfacet
  facet normal 0 -0 -1
    outer loop
      vertex 154.481 -121.096 0
      vertex 155.419 -121.096 0
      vertex 154.427 -121.177 0
    endloop
  endfacet
  facet normal 0 0 -1
    outer loop
      vertex 155.419 -121.096 0
      vertex 154.481 -121.096 0
      vertex 155.4 -121 0
    endloop
  endfacet
  facet normal 0 0 -1
    outer loop
      vertex 154.382 -122.386 0
      vertex 154.427 -121.177 0
      vertex 154.431 -122.419 0
    endloop
  endfacet
  facet normal 0 0 -1
    outer loop
      vertex 154.382 -122.386 0
      vertex 154.346 -121.231 0
      vertex 154.427 -121.177 0
    endloop
  endfacet
  facet normal 0 0 -1
    outer loop
      vertex 154.325 -122.375 0
      vertex 154.346 -121.231 0
      vertex 154.382 -122.386 0
    endloop
  endfacet
  facet normal 0 0 -1
    outer loop
      vertex 154.325 -122.375 0
      vertex 154.25 -121.25 0
      vertex 154.346 -121.231 0
    endloop
  endfacet
  facet normal 0 0 -1
    outer loop
      vertex 154.325 -122.375 0
      vertex 153.75 -121.25 0
      vertex 154.25 -121.25 0
    endloop
  endfacet
  facet normal 0 0 -1
    outer loop
      vertex 153.3 -122.375 0
      vertex 153.75 -121.25 0
      vertex 154.325 -122.375 0
    endloop
  endfacet
  facet normal -0 0 -1
    outer loop
      vertex 153.75 -121.25 0
      vertex 153.3 -122.375 0
      vertex 153.654 -121.231 0
    endloop
  endfacet
  facet normal -0 0 -1
    outer loop
      vertex 153.654 -121.231 0
      vertex 153.3 -122.375 0
      vertex 153.573 -121.177 0
    endloop
  endfacet
  facet normal 0 0 -1
    outer loop
      vertex 153.194 -122.419 0
      vertex 153.519 -121.096 0
      vertex 153.243 -122.386 0
    endloop
  endfacet
  facet normal -0 0 -1
    outer loop
      vertex 153.573 -121.177 0
      vertex 153.243 -122.386 0
      vertex 153.519 -121.096 0
    endloop
  endfacet
  facet normal 0 0 -1
    outer loop
      vertex 153.243 -122.386 0
      vertex 153.573 -121.177 0
      vertex 153.3 -122.375 0
    endloop
  endfacet
  facet normal 0 0 -1
    outer loop
      vertex 168.65 -89.2399 -1
      vertex 170.65 -89.2421 -1
      vertex 170.65 -134.822 -1
    endloop
  endfacet
  facet normal 0 0 -1
    outer loop
      vertex 168.65 -134.822 -1
      vertex 170.65 -134.822 -1
      vertex 170.65 -134.855 -1
    endloop
  endfacet
  facet normal 0 0 -1
    outer loop
      vertex 170.65 -89.2421 -1
      vertex 168.65 -89.2399 -1
      vertex 170.65 -89.2113 -1
    endloop
  endfacet
  facet normal 0 0 -1
    outer loop
      vertex 168.65 -134.822 -1
      vertex 170.65 -134.855 -1
      vertex 170.647 -135.043 -1
    endloop
  endfacet
  facet normal 0 0 -1
    outer loop
      vertex 170.65 -134.822 -1
      vertex 168.65 -134.822 -1
      vertex 168.65 -89.2399 -1
    endloop
  endfacet
  facet normal 0 0 -1
    outer loop
      vertex 168.647 -135.011 -1
      vertex 170.647 -135.043 -1
      vertex 170.63 -135.276 -1
    endloop
  endfacet
  facet normal -0 0 -1
    outer loop
      vertex 170.65 -89.2113 -1
      vertex 168.65 -89.2399 -1
      vertex 170.647 -89.043 -1
    endloop
  endfacet
  facet normal 0 0 -1
    outer loop
      vertex 168.646 -135.028 -1
      vertex 170.63 -135.276 -1
      vertex 170.584 -135.648 -1
    endloop
  endfacet
  facet normal 0 0 -1
    outer loop
      vertex 168.648 -89.0716 -1
      vertex 170.647 -89.043 -1
      vertex 168.65 -89.2399 -1
    endloop
  endfacet
  facet normal 0 0 -1
    outer loop
      vertex 168.599 -135.399 -1
      vertex 170.584 -135.648 -1
      vertex 170.534 -135.912 -1
    endloop
  endfacet
  facet normal -0 0 -1
    outer loop
      vertex 170.647 -89.043 -1
      vertex 168.648 -89.0716 -1
      vertex 170.634 -88.8336 -1
    endloop
  endfacet
  facet normal 0 0 -1
    outer loop
      vertex 168.596 -135.418 -1
      vertex 170.534 -135.912 -1
      vertex 170.441 -136.274 -1
    endloop
  endfacet
  facet normal 0 0 -1
    outer loop
      vertex 168.647 -89.057 -1
      vertex 170.634 -88.8336 -1
      vertex 168.648 -89.0716 -1
    endloop
  endfacet
  facet normal 0 0 -1
    outer loop
      vertex 168.503 -135.78 -1
      vertex 170.441 -136.274 -1
      vertex 170.359 -136.529 -1
    endloop
  endfacet
  facet normal -0 0 -1
    outer loop
      vertex 170.634 -88.8336 -1
      vertex 168.647 -89.057 -1
      vertex 170.597 -88.4992 -1
    endloop
  endfacet
  facet normal 0 0 -1
    outer loop
      vertex 168.498 -135.798 -1
      vertex 170.359 -136.529 -1
      vertex 170.223 -136.877 -1
    endloop
  endfacet
  facet normal 0 0 -1
    outer loop
      vertex 168.609 -88.7226 -1
      vertex 170.597 -88.4992 -1
      vertex 168.647 -89.057 -1
    endloop
  endfacet
  facet normal 0 0 -1
    outer loop
      vertex 168.361 -136.146 -1
      vertex 170.223 -136.877 -1
      vertex 170.109 -137.12 -1
    endloop
  endfacet
  facet normal -0 0 -1
    outer loop
      vertex 170.597 -88.4992 -1
      vertex 168.609 -88.7226 -1
      vertex 170.556 -88.2609 -1
    endloop
  endfacet
  facet normal -0 0 -1
    outer loop
      vertex 170.556 -88.2609 -1
      vertex 168.606 -88.706 -1
      vertex 170.481 -87.9328 -1
    endloop
  endfacet
  facet normal 0 0 -1
    outer loop
      vertex 168.353 -136.163 -1
      vertex 170.109 -137.12 -1
      vertex 169.93 -137.449 -1
    endloop
  endfacet
  facet normal 0 0 -1
    outer loop
      vertex 168.174 -136.492 -1
      vertex 169.93 -137.449 -1
      vertex 169.788 -137.676 -1
    endloop
  endfacet
  facet normal 0 0 -1
    outer loop
      vertex 168.606 -88.706 -1
      vertex 170.556 -88.2609 -1
      vertex 168.609 -88.7226 -1
    endloop
  endfacet
  facet normal -0 0 -1
    outer loop
      vertex 170.481 -87.9328 -1
      vertex 168.531 -88.3779 -1
      vertex 170.415 -87.7016 -1
    endloop
  endfacet
  facet normal 0 0 -1
    outer loop
      vertex 168.164 -136.508 -1
      vertex 169.788 -137.676 -1
      vertex 169.569 -137.98 -1
    endloop
  endfacet
  facet normal 0 0 -1
    outer loop
      vertex 167.945 -136.812 -1
      vertex 169.569 -137.98 -1
      vertex 169.422 -138.163 -1
    endloop
  endfacet
  facet normal 0 0 -1
    outer loop
      vertex 168.531 -88.3779 -1
      vertex 170.481 -87.9328 -1
      vertex 168.606 -88.706 -1
    endloop
  endfacet
  facet normal 0 0 -1
    outer loop
      vertex 167.935 -136.825 -1
      vertex 169.422 -138.163 -1
      vertex 169.296 -138.302 -1
    endloop
  endfacet
  facet normal 0 0 -1
    outer loop
      vertex 168.527 -88.3618 -1
      vertex 170.415 -87.7016 -1
      vertex 168.531 -88.3779 -1
    endloop
  endfacet
  facet normal 0 0 -1
    outer loop
      vertex 167.81 -136.964 -1
      vertex 169.296 -138.302 -1
      vertex 169.274 -138.326 -1
    endloop
  endfacet
  facet normal 0 0 -1
    outer loop
      vertex 168.416 -88.0441 -1
      vertex 170.303 -87.3839 -1
      vertex 168.527 -88.3618 -1
    endloop
  endfacet
  facet normal -0 0 -1
    outer loop
      vertex 170.303 -87.3839 -1
      vertex 168.416 -88.0441 -1
      vertex 170.211 -87.1611 -1
    endloop
  endfacet
  facet normal -0 0 -1
    outer loop
      vertex 170.415 -87.7016 -1
      vertex 168.527 -88.3618 -1
      vertex 170.303 -87.3839 -1
    endloop
  endfacet
  facet normal 0 0 -1
    outer loop
      vertex 170.647 -135.043 -1
      vertex 168.647 -135.011 -1
      vertex 168.65 -134.822 -1
    endloop
  endfacet
  facet normal 0 0 -1
    outer loop
      vertex 170.63 -135.276 -1
      vertex 168.646 -135.028 -1
      vertex 168.647 -135.011 -1
    endloop
  endfacet
  facet normal 0 0 -1
    outer loop
      vertex 170.584 -135.648 -1
      vertex 168.599 -135.399 -1
      vertex 168.646 -135.028 -1
    endloop
  endfacet
  facet normal 0 0 -1
    outer loop
      vertex 170.534 -135.912 -1
      vertex 168.596 -135.418 -1
      vertex 168.599 -135.399 -1
    endloop
  endfacet
  facet normal 0 0 -1
    outer loop
      vertex 170.441 -136.274 -1
      vertex 168.503 -135.78 -1
      vertex 168.596 -135.418 -1
    endloop
  endfacet
  facet normal 0 0 -1
    outer loop
      vertex 170.359 -136.529 -1
      vertex 168.498 -135.798 -1
      vertex 168.503 -135.78 -1
    endloop
  endfacet
  facet normal 0 0 -1
    outer loop
      vertex 170.223 -136.877 -1
      vertex 168.361 -136.146 -1
      vertex 168.498 -135.798 -1
    endloop
  endfacet
  facet normal 0 0 -1
    outer loop
      vertex 170.109 -137.12 -1
      vertex 168.353 -136.163 -1
      vertex 168.361 -136.146 -1
    endloop
  endfacet
  facet normal 0 0 -1
    outer loop
      vertex 169.93 -137.449 -1
      vertex 168.174 -136.492 -1
      vertex 168.353 -136.163 -1
    endloop
  endfacet
  facet normal 0 0 -1
    outer loop
      vertex 169.788 -137.676 -1
      vertex 168.164 -136.508 -1
      vertex 168.174 -136.492 -1
    endloop
  endfacet
  facet normal 0 0 -1
    outer loop
      vertex 169.569 -137.98 -1
      vertex 167.945 -136.812 -1
      vertex 168.164 -136.508 -1
    endloop
  endfacet
  facet normal 0 0 -1
    outer loop
      vertex 169.422 -138.163 -1
      vertex 167.935 -136.825 -1
      vertex 167.945 -136.812 -1
    endloop
  endfacet
  facet normal 0 0 -1
    outer loop
      vertex 169.296 -138.302 -1
      vertex 167.81 -136.964 -1
      vertex 167.935 -136.825 -1
    endloop
  endfacet
  facet normal 0 0 -1
    outer loop
      vertex 164.466 -143.504 -1
      vertex 167.81 -136.964 -1
      vertex 169.274 -138.326 -1
    endloop
  endfacet
  facet normal 0 0 -1
    outer loop
      vertex 163 -142.143 -1
      vertex 164.466 -143.504 -1
      vertex 164.444 -143.527 -1
    endloop
  endfacet
  facet normal 0 0 -1
    outer loop
      vertex 163 -142.143 -1
      vertex 164.444 -143.527 -1
      vertex 164.322 -143.655 -1
    endloop
  endfacet
  facet normal 0 0 -1
    outer loop
      vertex 162.877 -142.272 -1
      vertex 164.322 -143.655 -1
      vertex 164.161 -143.806 -1
    endloop
  endfacet
  facet normal 0 0 -1
    outer loop
      vertex 162.866 -142.283 -1
      vertex 164.161 -143.806 -1
      vertex 163.893 -144.035 -1
    endloop
  endfacet
  facet normal 0 0 -1
    outer loop
      vertex 162.597 -142.512 -1
      vertex 163.893 -144.035 -1
      vertex 163.691 -144.187 -1
    endloop
  endfacet
  facet normal 0 0 -1
    outer loop
      vertex 162.583 -142.522 -1
      vertex 163.691 -144.187 -1
      vertex 163.398 -144.382 -1
    endloop
  endfacet
  facet normal 0 0 -1
    outer loop
      vertex 162.289 -142.718 -1
      vertex 163.398 -144.382 -1
      vertex 163.18 -144.51 -1
    endloop
  endfacet
  facet normal 0 0 -1
    outer loop
      vertex 164.466 -143.504 -1
      vertex 163 -142.143 -1
      vertex 167.81 -136.964 -1
    endloop
  endfacet
  facet normal 0 0 -1
    outer loop
      vertex 164.322 -143.655 -1
      vertex 162.877 -142.272 -1
      vertex 163 -142.143 -1
    endloop
  endfacet
  facet normal 0 0 -1
    outer loop
      vertex 164.161 -143.806 -1
      vertex 162.866 -142.283 -1
      vertex 162.877 -142.272 -1
    endloop
  endfacet
  facet normal 0 0 -1
    outer loop
      vertex 162.274 -142.726 -1
      vertex 163.18 -144.51 -1
      vertex 162.865 -144.669 -1
    endloop
  endfacet
  facet normal 0 0 -1
    outer loop
      vertex 161.96 -142.886 -1
      vertex 162.865 -144.669 -1
      vertex 162.634 -144.77 -1
    endloop
  endfacet
  facet normal 0 0 -1
    outer loop
      vertex 163.893 -144.035 -1
      vertex 162.597 -142.512 -1
      vertex 162.866 -142.283 -1
    endloop
  endfacet
  facet normal 0 0 -1
    outer loop
      vertex 163.691 -144.187 -1
      vertex 162.583 -142.522 -1
      vertex 162.597 -142.512 -1
    endloop
  endfacet
  facet normal 0 0 -1
    outer loop
      vertex 161.944 -142.893 -1
      vertex 162.634 -144.77 -1
      vertex 162.303 -144.892 -1
    endloop
  endfacet
  facet normal 0 0 -1
    outer loop
      vertex 163.398 -144.382 -1
      vertex 162.289 -142.718 -1
      vertex 162.583 -142.522 -1
    endloop
  endfacet
  facet normal 0 0 -1
    outer loop
      vertex 163.18 -144.51 -1
      vertex 162.274 -142.726 -1
      vertex 162.289 -142.718 -1
    endloop
  endfacet
  facet normal 0 0 -1
    outer loop
      vertex 161.613 -143.015 -1
      vertex 162.303 -144.892 -1
      vertex 162.062 -144.965 -1
    endloop
  endfacet
  facet normal 0 0 -1
    outer loop
      vertex 162.865 -144.669 -1
      vertex 161.96 -142.886 -1
      vertex 162.274 -142.726 -1
    endloop
  endfacet
  facet normal 0 0 -1
    outer loop
      vertex 162.634 -144.77 -1
      vertex 161.944 -142.893 -1
      vertex 161.96 -142.886 -1
    endloop
  endfacet
  facet normal 0 0 -1
    outer loop
      vertex 161.596 -143.02 -1
      vertex 162.062 -144.965 -1
      vertex 161.719 -145.047 -1
    endloop
  endfacet
  facet normal 0 0 -1
    outer loop
      vertex 162.303 -144.892 -1
      vertex 161.613 -143.015 -1
      vertex 161.944 -142.893 -1
    endloop
  endfacet
  facet normal 0 0 -1
    outer loop
      vertex 162.062 -144.965 -1
      vertex 161.596 -143.02 -1
      vertex 161.613 -143.015 -1
    endloop
  endfacet
  facet normal 0 0 -1
    outer loop
      vertex 161.253 -143.102 -1
      vertex 161.719 -145.047 -1
      vertex 161.471 -145.091 -1
    endloop
  endfacet
  facet normal 0 0 -1
    outer loop
      vertex 161.719 -145.047 -1
      vertex 161.253 -143.102 -1
      vertex 161.596 -143.02 -1
    endloop
  endfacet
  facet normal 0 0 -1
    outer loop
      vertex 161.471 -145.091 -1
      vertex 161.236 -143.105 -1
      vertex 161.253 -143.102 -1
    endloop
  endfacet
  facet normal 0 0 -1
    outer loop
      vertex 161.121 -145.133 -1
      vertex 161.236 -143.105 -1
      vertex 161.471 -145.091 -1
    endloop
  endfacet
  facet normal 0 0 -1
    outer loop
      vertex 160.886 -143.146 -1
      vertex 161.121 -145.133 -1
      vertex 160.899 -145.147 -1
    endloop
  endfacet
  facet normal 0 0 -1
    outer loop
      vertex 161.121 -145.133 -1
      vertex 160.886 -143.146 -1
      vertex 161.236 -143.105 -1
    endloop
  endfacet
  facet normal 0 0 -1
    outer loop
      vertex 160.899 -145.147 -1
      vertex 160.87 -143.147 -1
      vertex 160.886 -143.146 -1
    endloop
  endfacet
  facet normal 0 0 -1
    outer loop
      vertex 160.722 -145.15 -1
      vertex 160.87 -143.147 -1
      vertex 160.899 -145.147 -1
    endloop
  endfacet
  facet normal 0 0 -1
    outer loop
      vertex 160.692 -143.15 -1
      vertex 160.722 -145.15 -1
      vertex 160.692 -145.15 -1
    endloop
  endfacet
  facet normal 0 0 -1
    outer loop
      vertex 160.722 -145.15 -1
      vertex 160.692 -143.15 -1
      vertex 160.87 -143.147 -1
    endloop
  endfacet
  facet normal 0 0 -1
    outer loop
      vertex 94 -145.15 -1
      vertex 160.692 -143.15 -1
      vertex 160.692 -145.15 -1
    endloop
  endfacet
  facet normal 0 0 -1
    outer loop
      vertex 94 -145.15 -1
      vertex 94 -143.15 -1
      vertex 160.692 -143.15 -1
    endloop
  endfacet
  facet normal 0 0 -1
    outer loop
      vertex 93.9692 -145.15 -1
      vertex 94 -143.15 -1
      vertex 94 -145.15 -1
    endloop
  endfacet
  facet normal 0 0 -1
    outer loop
      vertex 93.9692 -145.15 -1
      vertex 93.8295 -143.148 -1
      vertex 94 -143.15 -1
    endloop
  endfacet
  facet normal 0 0 -1
    outer loop
      vertex 93.8009 -145.147 -1
      vertex 93.8295 -143.148 -1
      vertex 93.9692 -145.15 -1
    endloop
  endfacet
  facet normal -0 0 -1
    outer loop
      vertex 93.8295 -143.148 -1
      vertex 93.8009 -145.147 -1
      vertex 93.8149 -143.147 -1
    endloop
  endfacet
  facet normal 0 0 -1
    outer loop
      vertex 93.591 -145.134 -1
      vertex 93.8149 -143.147 -1
      vertex 93.8009 -145.147 -1
    endloop
  endfacet
  facet normal 0 0 -1
    outer loop
      vertex 93.591 -145.134 -1
      vertex 93.4803 -143.109 -1
      vertex 93.8149 -143.147 -1
    endloop
  endfacet
  facet normal 0 0 -1
    outer loop
      vertex 93.2564 -145.096 -1
      vertex 93.4803 -143.109 -1
      vertex 93.591 -145.134 -1
    endloop
  endfacet
  facet normal -0 0 -1
    outer loop
      vertex 93.4803 -143.109 -1
      vertex 93.2564 -145.096 -1
      vertex 93.4637 -143.106 -1
    endloop
  endfacet
  facet normal 0 0 -1
    outer loop
      vertex 93.0188 -145.056 -1
      vertex 93.4637 -143.106 -1
      vertex 93.2564 -145.096 -1
    endloop
  endfacet
  facet normal -0 0 -1
    outer loop
      vertex 93.4637 -143.106 -1
      vertex 93.0188 -145.056 -1
      vertex 93.1354 -143.031 -1
    endloop
  endfacet
  facet normal 0 0 -1
    outer loop
      vertex 92.6905 -144.981 -1
      vertex 93.1354 -143.031 -1
      vertex 93.0188 -145.056 -1
    endloop
  endfacet
  facet normal -0 0 -1
    outer loop
      vertex 93.1354 -143.031 -1
      vertex 92.6905 -144.981 -1
      vertex 93.1192 -143.027 -1
    endloop
  endfacet
  facet normal 0 0 -1
    outer loop
      vertex 92.4587 -144.914 -1
      vertex 93.1192 -143.027 -1
      vertex 92.6905 -144.981 -1
    endloop
  endfacet
  facet normal -0 0 -1
    outer loop
      vertex 93.1192 -143.027 -1
      vertex 92.4587 -144.914 -1
      vertex 92.8015 -142.915 -1
    endloop
  endfacet
  facet normal 0 0 -1
    outer loop
      vertex 92.1409 -144.803 -1
      vertex 92.8015 -142.915 -1
      vertex 92.4587 -144.914 -1
    endloop
  endfacet
  facet normal -0 0 -1
    outer loop
      vertex 92.8015 -142.915 -1
      vertex 92.1409 -144.803 -1
      vertex 92.7859 -142.909 -1
    endloop
  endfacet
  facet normal 0 0 -1
    outer loop
      vertex 91.9179 -144.711 -1
      vertex 92.7859 -142.909 -1
      vertex 92.1409 -144.803 -1
    endloop
  endfacet
  facet normal -0 0 -1
    outer loop
      vertex 92.7859 -142.909 -1
      vertex 91.9179 -144.711 -1
      vertex 92.4826 -142.763 -1
    endloop
  endfacet
  facet normal 0 0 -1
    outer loop
      vertex 91.6146 -144.565 -1
      vertex 92.4826 -142.763 -1
      vertex 91.9179 -144.711 -1
    endloop
  endfacet
  facet normal -0 0 -1
    outer loop
      vertex 92.4826 -142.763 -1
      vertex 91.6146 -144.565 -1
      vertex 92.4679 -142.755 -1
    endloop
  endfacet
  facet normal 0 0 -1
    outer loop
      vertex 91.4041 -144.448 -1
      vertex 92.4679 -142.755 -1
      vertex 91.6146 -144.565 -1
    endloop
  endfacet
  facet normal -0 0 -1
    outer loop
      vertex 92.4679 -142.755 -1
      vertex 91.4041 -144.448 -1
      vertex 92.1828 -142.576 -1
    endloop
  endfacet
  facet normal 0 0 -1
    outer loop
      vertex 91.119 -144.269 -1
      vertex 92.1828 -142.576 -1
      vertex 91.4041 -144.448 -1
    endloop
  endfacet
  facet normal -0 0 -1
    outer loop
      vertex 92.1828 -142.576 -1
      vertex 91.119 -144.269 -1
      vertex 92.1691 -142.566 -1
    endloop
  endfacet
  facet normal 0 0 -1
    outer loop
      vertex 90.9221 -144.13 -1
      vertex 92.1691 -142.566 -1
      vertex 91.119 -144.269 -1
    endloop
  endfacet
  facet normal -0 0 -1
    outer loop
      vertex 92.1691 -142.566 -1
      vertex 90.9221 -144.13 -1
      vertex 91.9059 -142.356 -1
    endloop
  endfacet
  facet normal 0 0 -1
    outer loop
      vertex 90.6589 -143.92 -1
      vertex 91.9059 -142.356 -1
      vertex 90.9221 -144.13 -1
    endloop
  endfacet
  facet normal -0 0 -1
    outer loop
      vertex 91.9059 -142.356 -1
      vertex 90.6589 -143.92 -1
      vertex 91.8933 -142.345 -1
    endloop
  endfacet
  facet normal 0 0 -1
    outer loop
      vertex 90.4791 -143.759 -1
      vertex 91.8933 -142.345 -1
      vertex 90.6589 -143.92 -1
    endloop
  endfacet
  facet normal -0 0 -1
    outer loop
      vertex 91.8933 -142.345 -1
      vertex 90.4791 -143.759 -1
      vertex 91.6552 -142.107 -1
    endloop
  endfacet
  facet normal 0 0 -1
    outer loop
      vertex 90.241 -143.521 -1
      vertex 91.6552 -142.107 -1
      vertex 90.4791 -143.759 -1
    endloop
  endfacet
  facet normal -0 0 -1
    outer loop
      vertex 91.6552 -142.107 -1
      vertex 90.241 -143.521 -1
      vertex 91.644 -142.094 -1
    endloop
  endfacet
  facet normal 0 0 -1
    outer loop
      vertex 90.0804 -143.341 -1
      vertex 91.644 -142.094 -1
      vertex 90.241 -143.521 -1
    endloop
  endfacet
  facet normal -0 0 -1
    outer loop
      vertex 91.644 -142.094 -1
      vertex 90.0804 -143.341 -1
      vertex 91.4341 -141.831 -1
    endloop
  endfacet
  facet normal 0 0 -1
    outer loop
      vertex 89.8705 -143.078 -1
      vertex 91.4341 -141.831 -1
      vertex 90.0804 -143.341 -1
    endloop
  endfacet
  facet normal -0 0 -1
    outer loop
      vertex 91.4341 -141.831 -1
      vertex 89.8705 -143.078 -1
      vertex 91.4244 -141.817 -1
    endloop
  endfacet
  facet normal 0 0 -1
    outer loop
      vertex 89.7308 -142.881 -1
      vertex 91.4244 -141.817 -1
      vertex 89.8705 -143.078 -1
    endloop
  endfacet
  facet normal -0 0 -1
    outer loop
      vertex 91.4244 -141.817 -1
      vertex 89.7308 -142.881 -1
      vertex 91.2453 -141.532 -1
    endloop
  endfacet
  facet normal 0 0 -1
    outer loop
      vertex 89.5517 -142.596 -1
      vertex 91.2453 -141.532 -1
      vertex 89.7308 -142.881 -1
    endloop
  endfacet
  facet normal -0 0 -1
    outer loop
      vertex 91.2453 -141.532 -1
      vertex 89.5517 -142.596 -1
      vertex 91.2372 -141.517 -1
    endloop
  endfacet
  facet normal 0 0 -1
    outer loop
      vertex 89.4353 -142.385 -1
      vertex 91.2372 -141.517 -1
      vertex 89.5517 -142.596 -1
    endloop
  endfacet
  facet normal 0 0 -1
    outer loop
      vertex 88.85 -80.4934 -1
      vertex 90.85 -80.4934 -1
      vertex 90.85 -140.002 -1
    endloop
  endfacet
  facet normal -0 0 -1
    outer loop
      vertex 91.2372 -141.517 -1
      vertex 89.4353 -142.385 -1
      vertex 91.0911 -141.214 -1
    endloop
  endfacet
  facet normal 0 0 -1
    outer loop
      vertex 89.2892 -142.082 -1
      vertex 91.0911 -141.214 -1
      vertex 89.4353 -142.385 -1
    endloop
  endfacet
  facet normal -0 0 -1
    outer loop
      vertex 91.0911 -141.214 -1
      vertex 89.2892 -142.082 -1
      vertex 91.0846 -141.199 -1
    endloop
  endfacet
  facet normal 0 0 -1
    outer loop
      vertex 89.1969 -141.859 -1
      vertex 91.0846 -141.199 -1
      vertex 89.2892 -142.082 -1
    endloop
  endfacet
  facet normal 0 0 -1
    outer loop
      vertex 88.85 -80.4934 -1
      vertex 90.85 -140.002 -1
      vertex 88.85 -140 -1
    endloop
  endfacet
  facet normal -0 0 -1
    outer loop
      vertex 91.0846 -141.199 -1
      vertex 89.1969 -141.859 -1
      vertex 90.9734 -140.881 -1
    endloop
  endfacet
  facet normal 0 -0 -1
    outer loop
      vertex 88.8502 -80.4642 -1
      vertex 90.85 -80.4934 -1
      vertex 88.85 -80.4934 -1
    endloop
  endfacet
  facet normal 0 0 -1
    outer loop
      vertex 89.0856 -141.541 -1
      vertex 90.9734 -140.881 -1
      vertex 89.1969 -141.859 -1
    endloop
  endfacet
  facet normal 0 0 -1
    outer loop
      vertex 90.85 -80.4934 -1
      vertex 90.479 -76.7344 -1
      vertex 90.6591 -76.5735 -1
    endloop
  endfacet
  facet normal -0 0 -1
    outer loop
      vertex 90.9734 -140.881 -1
      vertex 89.0856 -141.541 -1
      vertex 90.9688 -140.865 -1
    endloop
  endfacet
  facet normal 0 0 -1
    outer loop
      vertex 90.85 -80.4934 -1
      vertex 90.2409 -76.9725 -1
      vertex 90.479 -76.7344 -1
    endloop
  endfacet
  facet normal 0 0 -1
    outer loop
      vertex 89.0189 -141.309 -1
      vertex 90.9688 -140.865 -1
      vertex 89.0856 -141.541 -1
    endloop
  endfacet
  facet normal 0 0 -1
    outer loop
      vertex 90.85 -80.4934 -1
      vertex 90.0803 -77.1522 -1
      vertex 90.2409 -76.9725 -1
    endloop
  endfacet
  facet normal -0 0 -1
    outer loop
      vertex 90.9688 -140.865 -1
      vertex 89.0189 -141.309 -1
      vertex 90.8938 -140.536 -1
    endloop
  endfacet
  facet normal 0 0 -1
    outer loop
      vertex 90.85 -80.4934 -1
      vertex 89.8704 -77.4154 -1
      vertex 90.0803 -77.1522 -1
    endloop
  endfacet
  facet normal 0 0 -1
    outer loop
      vertex 88.944 -140.981 -1
      vertex 90.8938 -140.536 -1
      vertex 89.0189 -141.309 -1
    endloop
  endfacet
  facet normal 0 0 -1
    outer loop
      vertex 90.85 -80.4934 -1
      vertex 89.7307 -77.6123 -1
      vertex 89.8704 -77.4154 -1
    endloop
  endfacet
  facet normal -0 0 -1
    outer loop
      vertex 90.8938 -140.536 -1
      vertex 88.944 -140.981 -1
      vertex 90.891 -140.52 -1
    endloop
  endfacet
  facet normal 0 0 -1
    outer loop
      vertex 90.85 -80.4934 -1
      vertex 89.5516 -77.8974 -1
      vertex 89.7307 -77.6123 -1
    endloop
  endfacet
  facet normal 0 0 -1
    outer loop
      vertex 88.9036 -140.744 -1
      vertex 90.891 -140.52 -1
      vertex 88.944 -140.981 -1
    endloop
  endfacet
  facet normal 0 0 -1
    outer loop
      vertex 90.85 -80.4934 -1
      vertex 89.4351 -78.1083 -1
      vertex 89.5516 -77.8974 -1
    endloop
  endfacet
  facet normal -0 0 -1
    outer loop
      vertex 90.891 -140.52 -1
      vertex 88.9036 -140.744 -1
      vertex 90.8533 -140.185 -1
    endloop
  endfacet
  facet normal 0 0 -1
    outer loop
      vertex 90.85 -80.4934 -1
      vertex 89.289 -78.4117 -1
      vertex 89.4351 -78.1083 -1
    endloop
  endfacet
  facet normal 0 0 -1
    outer loop
      vertex 88.8659 -140.409 -1
      vertex 90.8533 -140.185 -1
      vertex 88.9036 -140.744 -1
    endloop
  endfacet
  facet normal 0 0 -1
    outer loop
      vertex 90.85 -80.4934 -1
      vertex 89.1967 -78.6345 -1
      vertex 89.289 -78.4117 -1
    endloop
  endfacet
  facet normal -0 0 -1
    outer loop
      vertex 90.8533 -140.185 -1
      vertex 88.8659 -140.409 -1
      vertex 90.8524 -140.17 -1
    endloop
  endfacet
  facet normal 0 0 -1
    outer loop
      vertex 90.85 -80.4934 -1
      vertex 89.0855 -78.9523 -1
      vertex 89.1967 -78.6345 -1
    endloop
  endfacet
  facet normal 0 0 -1
    outer loop
      vertex 88.8526 -140.199 -1
      vertex 90.8524 -140.17 -1
      vertex 88.8659 -140.409 -1
    endloop
  endfacet
  facet normal 0 0 -1
    outer loop
      vertex 90.85 -80.4934 -1
      vertex 89.0188 -79.1839 -1
      vertex 89.0855 -78.9523 -1
    endloop
  endfacet
  facet normal -0 0 -1
    outer loop
      vertex 90.8524 -140.17 -1
      vertex 88.8526 -140.199 -1
      vertex 90.85 -140.002 -1
    endloop
  endfacet
  facet normal 0 0 -1
    outer loop
      vertex 90.85 -80.4934 -1
      vertex 88.9439 -79.5121 -1
      vertex 89.0188 -79.1839 -1
    endloop
  endfacet
  facet normal 0 0 -1
    outer loop
      vertex 90.85 -140.002 -1
      vertex 88.8526 -140.199 -1
      vertex 88.8502 -140.031 -1
    endloop
  endfacet
  facet normal -0 0 -1
    outer loop
      vertex 90.85 -140.002 -1
      vertex 88.8502 -140.031 -1
      vertex 88.85 -140 -1
    endloop
  endfacet
  facet normal 0 0 -1
    outer loop
      vertex 90.85 -80.4934 -1
      vertex 88.9035 -79.7497 -1
      vertex 88.9439 -79.5121 -1
    endloop
  endfacet
  facet normal 0 0 -1
    outer loop
      vertex 90.85 -80.4934 -1
      vertex 88.8525 -80.2959 -1
      vertex 88.8658 -80.0843 -1
    endloop
  endfacet
  facet normal 0 0 -1
    outer loop
      vertex 90.85 -80.4934 -1
      vertex 88.8658 -80.0843 -1
      vertex 88.9035 -79.7497 -1
    endloop
  endfacet
  facet normal 0 -0 -1
    outer loop
      vertex 88.8525 -80.2959 -1
      vertex 90.85 -80.4934 -1
      vertex 88.8502 -80.4642 -1
    endloop
  endfacet
  facet normal 0 0 -1
    outer loop
      vertex 168.409 -88.0285 -1
      vertex 170.211 -87.1611 -1
      vertex 168.416 -88.0441 -1
    endloop
  endfacet
  facet normal -0 0 -1
    outer loop
      vertex 170.211 -87.1611 -1
      vertex 168.409 -88.0285 -1
      vertex 170.065 -86.8578 -1
    endloop
  endfacet
  facet normal 0 0 -1
    outer loop
      vertex 168.263 -87.7252 -1
      vertex 170.065 -86.8578 -1
      vertex 168.409 -88.0285 -1
    endloop
  endfacet
  facet normal -0 0 -1
    outer loop
      vertex 170.065 -86.8578 -1
      vertex 168.263 -87.7252 -1
      vertex 169.949 -86.6468 -1
    endloop
  endfacet
  facet normal 0 0 -1
    outer loop
      vertex 168.255 -87.7105 -1
      vertex 169.949 -86.6468 -1
      vertex 168.263 -87.7252 -1
    endloop
  endfacet
  facet normal -0 0 -1
    outer loop
      vertex 169.949 -86.6468 -1
      vertex 168.255 -87.7105 -1
      vertex 169.77 -86.3618 -1
    endloop
  endfacet
  facet normal 0 0 -1
    outer loop
      vertex 168.076 -87.4255 -1
      vertex 169.77 -86.3618 -1
      vertex 168.255 -87.7105 -1
    endloop
  endfacet
  facet normal -0 0 -1
    outer loop
      vertex 169.77 -86.3618 -1
      vertex 168.076 -87.4255 -1
      vertex 169.631 -86.1655 -1
    endloop
  endfacet
  facet normal 0 0 -1
    outer loop
      vertex 168.066 -87.4118 -1
      vertex 169.631 -86.1655 -1
      vertex 168.076 -87.4255 -1
    endloop
  endfacet
  facet normal -0 0 -1
    outer loop
      vertex 169.631 -86.1655 -1
      vertex 168.066 -87.4118 -1
      vertex 169.421 -85.9023 -1
    endloop
  endfacet
  facet normal 0 0 -1
    outer loop
      vertex 167.857 -87.1486 -1
      vertex 169.421 -85.9023 -1
      vertex 168.066 -87.4118 -1
    endloop
  endfacet
  facet normal -0 0 -1
    outer loop
      vertex 169.421 -85.9023 -1
      vertex 167.857 -87.1486 -1
      vertex 169.281 -85.7437 -1
    endloop
  endfacet
  facet normal 0 0 -1
    outer loop
      vertex 167.847 -87.1376 -1
      vertex 169.281 -85.7437 -1
      vertex 167.857 -87.1486 -1
    endloop
  endfacet
  facet normal -0 0 -1
    outer loop
      vertex 169.281 -85.7437 -1
      vertex 167.847 -87.1376 -1
      vertex 169.164 -85.623 -1
    endloop
  endfacet
  facet normal 0 0 -1
    outer loop
      vertex 167.728 -87.0154 -1
      vertex 169.164 -85.623 -1
      vertex 167.847 -87.1376 -1
    endloop
  endfacet
  facet normal -0 0 -1
    outer loop
      vertex 169.164 -85.623 -1
      vertex 167.728 -87.0154 -1
      vertex 169.143 -85.6016 -1
    endloop
  endfacet
  facet normal 0 0 -1
    outer loop
      vertex 167.728 -87.0154 -1
      vertex 160.4 -76.853 -1
      vertex 169.143 -85.6016 -1
    endloop
  endfacet
  facet normal 0 0 -1
    outer loop
      vertex 158.983 -78.2653 -1
      vertex 160.4 -76.853 -1
      vertex 167.728 -87.0154 -1
    endloop
  endfacet
  facet normal -0 0 -1
    outer loop
      vertex 160.4 -76.853 -1
      vertex 158.983 -78.2653 -1
      vertex 160.378 -76.8321 -1
    endloop
  endfacet
  facet normal -0 0 -1
    outer loop
      vertex 160.378 -76.8321 -1
      vertex 158.983 -78.2653 -1
      vertex 160.258 -76.7146 -1
    endloop
  endfacet
  facet normal 0 0 -1
    outer loop
      vertex 158.863 -78.1478 -1
      vertex 160.258 -76.7146 -1
      vertex 158.983 -78.2653 -1
    endloop
  endfacet
  facet normal -0 0 -1
    outer loop
      vertex 160.258 -76.7146 -1
      vertex 158.863 -78.1478 -1
      vertex 160.099 -76.5748 -1
    endloop
  endfacet
  facet normal 0 0 -1
    outer loop
      vertex 158.852 -78.138 -1
      vertex 160.099 -76.5748 -1
      vertex 158.863 -78.1478 -1
    endloop
  endfacet
  facet normal -0 0 -1
    outer loop
      vertex 160.099 -76.5748 -1
      vertex 158.852 -78.138 -1
      vertex 159.836 -76.3647 -1
    endloop
  endfacet
  facet normal 0 0 -1
    outer loop
      vertex 158.588 -77.9279 -1
      vertex 159.836 -76.3647 -1
      vertex 158.852 -78.138 -1
    endloop
  endfacet
  facet normal -0 0 -1
    outer loop
      vertex 159.836 -76.3647 -1
      vertex 158.588 -77.9279 -1
      vertex 159.639 -76.2252 -1
    endloop
  endfacet
  facet normal 0 0 -1
    outer loop
      vertex 158.575 -77.9182 -1
      vertex 159.639 -76.2252 -1
      vertex 158.588 -77.9279 -1
    endloop
  endfacet
  facet normal -0 0 -1
    outer loop
      vertex 159.639 -76.2252 -1
      vertex 158.575 -77.9182 -1
      vertex 159.354 -76.0459 -1
    endloop
  endfacet
  facet normal 0 0 -1
    outer loop
      vertex 158.29 -77.7389 -1
      vertex 159.354 -76.0459 -1
      vertex 158.575 -77.9182 -1
    endloop
  endfacet
  facet normal -0 0 -1
    outer loop
      vertex 159.354 -76.0459 -1
      vertex 158.29 -77.7389 -1
      vertex 159.143 -75.9289 -1
    endloop
  endfacet
  facet normal 0 0 -1
    outer loop
      vertex 158.275 -77.7308 -1
      vertex 159.143 -75.9289 -1
      vertex 158.29 -77.7389 -1
    endloop
  endfacet
  facet normal -0 0 -1
    outer loop
      vertex 159.143 -75.9289 -1
      vertex 158.275 -77.7308 -1
      vertex 158.839 -75.7827 -1
    endloop
  endfacet
  facet normal 0 0 -1
    outer loop
      vertex 157.971 -77.5846 -1
      vertex 158.839 -75.7827 -1
      vertex 158.275 -77.7308 -1
    endloop
  endfacet
  facet normal -0 0 -1
    outer loop
      vertex 158.839 -75.7827 -1
      vertex 157.971 -77.5846 -1
      vertex 158.617 -75.6905 -1
    endloop
  endfacet
  facet normal 0 0 -1
    outer loop
      vertex 157.956 -77.5781 -1
      vertex 158.617 -75.6905 -1
      vertex 157.971 -77.5846 -1
    endloop
  endfacet
  facet normal -0 0 -1
    outer loop
      vertex 158.617 -75.6905 -1
      vertex 157.956 -77.5781 -1
      vertex 158.299 -75.5792 -1
    endloop
  endfacet
  facet normal 0 0 -1
    outer loop
      vertex 157.638 -77.4668 -1
      vertex 158.299 -75.5792 -1
      vertex 157.956 -77.5781 -1
    endloop
  endfacet
  facet normal -0 0 -1
    outer loop
      vertex 158.299 -75.5792 -1
      vertex 157.638 -77.4668 -1
      vertex 158.067 -75.5124 -1
    endloop
  endfacet
  facet normal 0 0 -1
    outer loop
      vertex 157.622 -77.4622 -1
      vertex 158.067 -75.5124 -1
      vertex 157.638 -77.4668 -1
    endloop
  endfacet
  facet normal -0 0 -1
    outer loop
      vertex 158.067 -75.5124 -1
      vertex 157.622 -77.4622 -1
      vertex 157.739 -75.4374 -1
    endloop
  endfacet
  facet normal 0 0 -1
    outer loop
      vertex 157.293 -77.3871 -1
      vertex 157.739 -75.4374 -1
      vertex 157.622 -77.4622 -1
    endloop
  endfacet
  facet normal -0 0 -1
    outer loop
      vertex 157.739 -75.4374 -1
      vertex 157.293 -77.3871 -1
      vertex 157.5 -75.3969 -1
    endloop
  endfacet
  facet normal 0 0 -1
    outer loop
      vertex 157.277 -77.3843 -1
      vertex 157.5 -75.3969 -1
      vertex 157.293 -77.3871 -1
    endloop
  endfacet
  facet normal 0 0 -1
    outer loop
      vertex 157.277 -77.3843 -1
      vertex 157.166 -75.3592 -1
      vertex 157.5 -75.3969 -1
    endloop
  endfacet
  facet normal 0 0 -1
    outer loop
      vertex 156.942 -77.3466 -1
      vertex 157.166 -75.3592 -1
      vertex 157.277 -77.3843 -1
    endloop
  endfacet
  facet normal -0 0 -1
    outer loop
      vertex 157.166 -75.3592 -1
      vertex 156.942 -77.3466 -1
      vertex 156.955 -75.3459 -1
    endloop
  endfacet
  facet normal 0 0 -1
    outer loop
      vertex 156.927 -77.3457 -1
      vertex 156.955 -75.3459 -1
      vertex 156.942 -77.3466 -1
    endloop
  endfacet
  facet normal 0 0 -1
    outer loop
      vertex 156.927 -77.3457 -1
      vertex 156.786 -75.3436 -1
      vertex 156.955 -75.3459 -1
    endloop
  endfacet
  facet normal 0 0 -1
    outer loop
      vertex 156.757 -77.3434 -1
      vertex 156.786 -75.3436 -1
      vertex 156.927 -77.3457 -1
    endloop
  endfacet
  facet normal 0 0 -1
    outer loop
      vertex 156.757 -77.3434 -1
      vertex 156.757 -75.3434 -1
      vertex 156.786 -75.3436 -1
    endloop
  endfacet
  facet normal 0 0 -1
    outer loop
      vertex 156.757 -77.3434 -1
      vertex 94 -75.3434 -1
      vertex 156.757 -75.3434 -1
    endloop
  endfacet
  facet normal 0 0 -1
    outer loop
      vertex 93.9979 -77.3434 -1
      vertex 94 -75.3434 -1
      vertex 156.757 -77.3434 -1
    endloop
  endfacet
  facet normal 0 0 -1
    outer loop
      vertex 93.9979 -77.3434 -1
      vertex 93.9694 -75.3436 -1
      vertex 94 -75.3434 -1
    endloop
  endfacet
  facet normal 0 0 -1
    outer loop
      vertex 93.8296 -77.3458 -1
      vertex 93.9694 -75.3436 -1
      vertex 93.9979 -77.3434 -1
    endloop
  endfacet
  facet normal 0 0 -1
    outer loop
      vertex 93.8011 -75.346 -1
      vertex 93.8296 -77.3458 -1
      vertex 93.8149 -77.3467 -1
    endloop
  endfacet
  facet normal 0 0 -1
    outer loop
      vertex 93.8296 -77.3458 -1
      vertex 93.8011 -75.346 -1
      vertex 93.9694 -75.3436 -1
    endloop
  endfacet
  facet normal 0 0 -1
    outer loop
      vertex 93.8149 -77.3467 -1
      vertex 93.591 -75.3593 -1
      vertex 93.8011 -75.346 -1
    endloop
  endfacet
  facet normal 0 0 -1
    outer loop
      vertex 93.4803 -77.3844 -1
      vertex 93.591 -75.3593 -1
      vertex 93.8149 -77.3467 -1
    endloop
  endfacet
  facet normal 0 0 -1
    outer loop
      vertex 93.2563 -75.397 -1
      vertex 93.4803 -77.3844 -1
      vertex 93.4637 -77.3873 -1
    endloop
  endfacet
  facet normal 0 0 -1
    outer loop
      vertex 93.4803 -77.3844 -1
      vertex 93.2563 -75.397 -1
      vertex 93.591 -75.3593 -1
    endloop
  endfacet
  facet normal 0 0 -1
    outer loop
      vertex 93.0188 -75.4374 -1
      vertex 93.4637 -77.3873 -1
      vertex 93.1354 -77.4622 -1
    endloop
  endfacet
  facet normal 0 0 -1
    outer loop
      vertex 92.6905 -75.5123 -1
      vertex 93.1354 -77.4622 -1
      vertex 93.1192 -77.4668 -1
    endloop
  endfacet
  facet normal 0 0 -1
    outer loop
      vertex 93.4637 -77.3873 -1
      vertex 93.0188 -75.4374 -1
      vertex 93.2563 -75.397 -1
    endloop
  endfacet
  facet normal 0 0 -1
    outer loop
      vertex 92.4588 -75.579 -1
      vertex 93.1192 -77.4668 -1
      vertex 92.8015 -77.578 -1
    endloop
  endfacet
  facet normal 0 0 -1
    outer loop
      vertex 92.141 -75.6902 -1
      vertex 92.8015 -77.578 -1
      vertex 92.7859 -77.5844 -1
    endloop
  endfacet
  facet normal 0 0 -1
    outer loop
      vertex 93.1354 -77.4622 -1
      vertex 92.6905 -75.5123 -1
      vertex 93.0188 -75.4374 -1
    endloop
  endfacet
  facet normal 0 0 -1
    outer loop
      vertex 91.9185 -75.7823 -1
      vertex 92.7859 -77.5844 -1
      vertex 92.4826 -77.7304 -1
    endloop
  endfacet
  facet normal 0 0 -1
    outer loop
      vertex 91.6152 -75.9283 -1
      vertex 92.4826 -77.7304 -1
      vertex 92.4679 -77.7386 -1
    endloop
  endfacet
  facet normal 0 0 -1
    outer loop
      vertex 93.1192 -77.4668 -1
      vertex 92.4588 -75.579 -1
      vertex 92.6905 -75.5123 -1
    endloop
  endfacet
  facet normal 0 0 -1
    outer loop
      vertex 91.4035 -76.0453 -1
      vertex 92.4679 -77.7386 -1
      vertex 92.1828 -77.9178 -1
    endloop
  endfacet
  facet normal 0 0 -1
    outer loop
      vertex 91.1184 -76.2245 -1
      vertex 92.1828 -77.9178 -1
      vertex 92.1691 -77.9275 -1
    endloop
  endfacet
  facet normal 0 0 -1
    outer loop
      vertex 92.8015 -77.578 -1
      vertex 92.141 -75.6902 -1
      vertex 92.4588 -75.579 -1
    endloop
  endfacet
  facet normal 0 0 -1
    outer loop
      vertex 92.7859 -77.5844 -1
      vertex 91.9185 -75.7823 -1
      vertex 92.141 -75.6902 -1
    endloop
  endfacet
  facet normal 0 0 -1
    outer loop
      vertex 90.9223 -76.3636 -1
      vertex 92.1691 -77.9275 -1
      vertex 91.9058 -78.1374 -1
    endloop
  endfacet
  facet normal 0 0 -1
    outer loop
      vertex 90.6591 -76.5735 -1
      vertex 91.9058 -78.1374 -1
      vertex 91.8932 -78.1486 -1
    endloop
  endfacet
  facet normal 0 0 -1
    outer loop
      vertex 90.6591 -76.5735 -1
      vertex 91.8932 -78.1486 -1
      vertex 91.6551 -78.3867 -1
    endloop
  endfacet
  facet normal 0 0 -1
    outer loop
      vertex 90.6591 -76.5735 -1
      vertex 91.6551 -78.3867 -1
      vertex 91.6439 -78.3993 -1
    endloop
  endfacet
  facet normal 0 0 -1
    outer loop
      vertex 92.4826 -77.7304 -1
      vertex 91.6152 -75.9283 -1
      vertex 91.9185 -75.7823 -1
    endloop
  endfacet
  facet normal 0 0 -1
    outer loop
      vertex 90.6591 -76.5735 -1
      vertex 91.6439 -78.3993 -1
      vertex 91.434 -78.6625 -1
    endloop
  endfacet
  facet normal 0 0 -1
    outer loop
      vertex 90.6591 -76.5735 -1
      vertex 91.434 -78.6625 -1
      vertex 91.4243 -78.6762 -1
    endloop
  endfacet
  facet normal 0 0 -1
    outer loop
      vertex 92.4679 -77.7386 -1
      vertex 91.4035 -76.0453 -1
      vertex 91.6152 -75.9283 -1
    endloop
  endfacet
  facet normal 0 0 -1
    outer loop
      vertex 90.6591 -76.5735 -1
      vertex 91.4243 -78.6762 -1
      vertex 91.2452 -78.9613 -1
    endloop
  endfacet
  facet normal 0 0 -1
    outer loop
      vertex 90.6591 -76.5735 -1
      vertex 91.2452 -78.9613 -1
      vertex 91.237 -78.976 -1
    endloop
  endfacet
  facet normal 0 0 -1
    outer loop
      vertex 92.1828 -77.9178 -1
      vertex 91.1184 -76.2245 -1
      vertex 91.4035 -76.0453 -1
    endloop
  endfacet
  facet normal 0 0 -1
    outer loop
      vertex 90.6591 -76.5735 -1
      vertex 91.237 -78.976 -1
      vertex 91.0909 -79.2794 -1
    endloop
  endfacet
  facet normal 0 0 -1
    outer loop
      vertex 90.6591 -76.5735 -1
      vertex 91.0909 -79.2794 -1
      vertex 91.0845 -79.295 -1
    endloop
  endfacet
  facet normal 0 0 -1
    outer loop
      vertex 90.6591 -76.5735 -1
      vertex 91.0845 -79.295 -1
      vertex 90.9733 -79.6127 -1
    endloop
  endfacet
  facet normal 0 0 -1
    outer loop
      vertex 90.6591 -76.5735 -1
      vertex 90.9733 -79.6127 -1
      vertex 90.9687 -79.6289 -1
    endloop
  endfacet
  facet normal 0 0 -1
    outer loop
      vertex 92.1691 -77.9275 -1
      vertex 90.9223 -76.3636 -1
      vertex 91.1184 -76.2245 -1
    endloop
  endfacet
  facet normal 0 0 -1
    outer loop
      vertex 90.6591 -76.5735 -1
      vertex 90.9687 -79.6289 -1
      vertex 90.8938 -79.9571 -1
    endloop
  endfacet
  facet normal 0 0 -1
    outer loop
      vertex 90.6591 -76.5735 -1
      vertex 90.8938 -79.9571 -1
      vertex 90.8909 -79.9737 -1
    endloop
  endfacet
  facet normal 0 0 -1
    outer loop
      vertex 90.6591 -76.5735 -1
      vertex 90.8909 -79.9737 -1
      vertex 90.8532 -80.3083 -1
    endloop
  endfacet
  facet normal 0 0 -1
    outer loop
      vertex 90.6591 -76.5735 -1
      vertex 90.8532 -80.3083 -1
      vertex 90.8523 -80.323 -1
    endloop
  endfacet
  facet normal 0 0 -1
    outer loop
      vertex 91.9058 -78.1374 -1
      vertex 90.6591 -76.5735 -1
      vertex 90.9223 -76.3636 -1
    endloop
  endfacet
  facet normal 0 0 -1
    outer loop
      vertex 90.6591 -76.5735 -1
      vertex 90.8523 -80.323 -1
      vertex 90.85 -80.4934 -1
    endloop
  endfacet
  facet normal 0.0117294 0.999931 -0
    outer loop
      vertex 94 -143.15 -1
      vertex 93.8295 -143.148 0
      vertex 94 -143.15 0
    endloop
  endfacet
  facet normal 0.0117294 0.999931 0
    outer loop
      vertex 93.8295 -143.148 0
      vertex 94 -143.15 -1
      vertex 93.8295 -143.148 -1
    endloop
  endfacet
  facet normal 0.0683331 0.997663 -0
    outer loop
      vertex 93.8295 -143.148 -1
      vertex 93.8149 -143.147 0
      vertex 93.8295 -143.148 0
    endloop
  endfacet
  facet normal 0.0683331 0.997663 0
    outer loop
      vertex 93.8149 -143.147 0
      vertex 93.8295 -143.148 -1
      vertex 93.8149 -143.147 -1
    endloop
  endfacet
  facet normal 0.112843 0.993613 -0
    outer loop
      vertex 93.8149 -143.147 -1
      vertex 93.4803 -143.109 0
      vertex 93.8149 -143.147 0
    endloop
  endfacet
  facet normal 0.112843 0.993613 0
    outer loop
      vertex 93.4803 -143.109 0
      vertex 93.8149 -143.147 -1
      vertex 93.4803 -143.109 -1
    endloop
  endfacet
  facet normal 0.177842 0.984059 -0
    outer loop
      vertex 93.4803 -143.109 -1
      vertex 93.4637 -143.106 0
      vertex 93.4803 -143.109 0
    endloop
  endfacet
  facet normal 0.177842 0.984059 0
    outer loop
      vertex 93.4637 -143.106 0
      vertex 93.4803 -143.109 -1
      vertex 93.4637 -143.106 -1
    endloop
  endfacet
  facet normal 0.222712 0.974884 -0
    outer loop
      vertex 93.4637 -143.106 -1
      vertex 93.1354 -143.031 0
      vertex 93.4637 -143.106 0
    endloop
  endfacet
  facet normal 0.222712 0.974884 0
    outer loop
      vertex 93.1354 -143.031 0
      vertex 93.4637 -143.106 -1
      vertex 93.1354 -143.031 -1
    endloop
  endfacet
  facet normal 0.239714 0.970843 -0
    outer loop
      vertex 93.1354 -143.031 -1
      vertex 93.1192 -143.027 0
      vertex 93.1354 -143.031 0
    endloop
  endfacet
  facet normal 0.239714 0.970843 0
    outer loop
      vertex 93.1192 -143.027 0
      vertex 93.1354 -143.031 -1
      vertex 93.1192 -143.027 -1
    endloop
  endfacet
  facet normal 0.332478 0.943111 -0
    outer loop
      vertex 93.1192 -143.027 -1
      vertex 92.8015 -142.915 0
      vertex 93.1192 -143.027 0
    endloop
  endfacet
  facet normal 0.332478 0.943111 0
    outer loop
      vertex 92.8015 -142.915 0
      vertex 93.1192 -143.027 -1
      vertex 92.8015 -142.915 -1
    endloop
  endfacet
  facet normal 0.358979 0.933346 -0
    outer loop
      vertex 92.8015 -142.915 -1
      vertex 92.7859 -142.909 0
      vertex 92.8015 -142.915 0
    endloop
  endfacet
  facet normal 0.358979 0.933346 0
    outer loop
      vertex 92.7859 -142.909 0
      vertex 92.8015 -142.915 -1
      vertex 92.7859 -142.909 -1
    endloop
  endfacet
  facet normal 0.433735 0.90104 -0
    outer loop
      vertex 92.7859 -142.909 -1
      vertex 92.4826 -142.763 0
      vertex 92.7859 -142.909 0
    endloop
  endfacet
  facet normal 0.433735 0.90104 0
    outer loop
      vertex 92.4826 -142.763 0
      vertex 92.7859 -142.909 -1
      vertex 92.4826 -142.763 -1
    endloop
  endfacet
  facet normal 0.478015 0.878352 -0
    outer loop
      vertex 92.4826 -142.763 -1
      vertex 92.4679 -142.755 0
      vertex 92.4826 -142.763 0
    endloop
  endfacet
  facet normal 0.478015 0.878352 0
    outer loop
      vertex 92.4679 -142.755 0
      vertex 92.4826 -142.763 -1
      vertex 92.4679 -142.755 -1
    endloop
  endfacet
  facet normal 0.531733 0.846912 -0
    outer loop
      vertex 92.4679 -142.755 -1
      vertex 92.1828 -142.576 0
      vertex 92.4679 -142.755 0
    endloop
  endfacet
  facet normal 0.531733 0.846912 0
    outer loop
      vertex 92.1828 -142.576 0
      vertex 92.4679 -142.755 -1
      vertex 92.1828 -142.576 -1
    endloop
  endfacet
  facet normal 0.589573 0.807715 -0
    outer loop
      vertex 92.1828 -142.576 -1
      vertex 92.1691 -142.566 0
      vertex 92.1828 -142.576 0
    endloop
  endfacet
  facet normal 0.589573 0.807715 0
    outer loop
      vertex 92.1691 -142.566 0
      vertex 92.1828 -142.576 -1
      vertex 92.1691 -142.566 -1
    endloop
  endfacet
  facet normal 0.62368 0.781679 -0
    outer loop
      vertex 92.1691 -142.566 -1
      vertex 91.9059 -142.356 0
      vertex 92.1691 -142.566 0
    endloop
  endfacet
  facet normal 0.62368 0.781679 0
    outer loop
      vertex 91.9059 -142.356 0
      vertex 92.1691 -142.566 -1
      vertex 91.9059 -142.356 -1
    endloop
  endfacet
  facet normal 0.657658 0.753317 -0
    outer loop
      vertex 91.9059 -142.356 -1
      vertex 91.8933 -142.345 0
      vertex 91.9059 -142.356 0
    endloop
  endfacet
  facet normal 0.657658 0.753317 0
    outer loop
      vertex 91.8933 -142.345 0
      vertex 91.9059 -142.356 -1
      vertex 91.8933 -142.345 -1
    endloop
  endfacet
  facet normal 0.706958 0.707255 0
    outer loop
      vertex 91.8933 -142.345 0
      vertex 91.6552 -142.107 -1
      vertex 91.6552 -142.107 0
    endloop
  endfacet
  facet normal 0.706958 0.707255 0
    outer loop
      vertex 91.6552 -142.107 -1
      vertex 91.8933 -142.345 0
      vertex 91.8933 -142.345 -1
    endloop
  endfacet
  facet normal 0.757609 0.652709 0
    outer loop
      vertex 91.6552 -142.107 0
      vertex 91.644 -142.094 -1
      vertex 91.644 -142.094 0
    endloop
  endfacet
  facet normal 0.757609 0.652709 0
    outer loop
      vertex 91.644 -142.094 -1
      vertex 91.6552 -142.107 0
      vertex 91.6552 -142.107 -1
    endloop
  endfacet
  facet normal 0.781593 0.623789 0
    outer loop
      vertex 91.644 -142.094 0
      vertex 91.4341 -141.831 -1
      vertex 91.4341 -141.831 0
    endloop
  endfacet
  facet normal 0.781593 0.623789 0
    outer loop
      vertex 91.4341 -141.831 -1
      vertex 91.644 -142.094 0
      vertex 91.644 -142.094 -1
    endloop
  endfacet
  facet normal 0.821981 0.569515 0
    outer loop
      vertex 91.4341 -141.831 0
      vertex 91.4244 -141.817 -1
      vertex 91.4244 -141.817 0
    endloop
  endfacet
  facet normal 0.821981 0.569515 0
    outer loop
      vertex 91.4244 -141.817 -1
      vertex 91.4341 -141.831 0
      vertex 91.4341 -141.831 -1
    endloop
  endfacet
  facet normal 0.846694 0.53208 0
    outer loop
      vertex 91.4244 -141.817 0
      vertex 91.2453 -141.532 -1
      vertex 91.2453 -141.532 0
    endloop
  endfacet
  facet normal 0.846694 0.53208 0
    outer loop
      vertex 91.2453 -141.532 -1
      vertex 91.4244 -141.817 0
      vertex 91.4244 -141.817 -1
    endloop
  endfacet
  facet normal 0.879905 0.475149 0
    outer loop
      vertex 91.2453 -141.532 0
      vertex 91.2372 -141.517 -1
      vertex 91.2372 -141.517 0
    endloop
  endfacet
  facet normal 0.879905 0.475149 0
    outer loop
      vertex 91.2372 -141.517 -1
      vertex 91.2453 -141.532 0
      vertex 91.2453 -141.532 -1
    endloop
  endfacet
  facet normal 0.900756 0.434325 0
    outer loop
      vertex 91.2372 -141.517 0
      vertex 91.0911 -141.214 -1
      vertex 91.0911 -141.214 0
    endloop
  endfacet
  facet normal 0.900756 0.434325 0
    outer loop
      vertex 91.0911 -141.214 -1
      vertex 91.2372 -141.517 0
      vertex 91.2372 -141.517 -1
    endloop
  endfacet
  facet normal 0.917556 0.397607 0
    outer loop
      vertex 91.0911 -141.214 0
      vertex 91.0846 -141.199 -1
      vertex 91.0846 -141.199 0
    endloop
  endfacet
  facet normal 0.917556 0.397607 0
    outer loop
      vertex 91.0846 -141.199 -1
      vertex 91.0911 -141.214 0
      vertex 91.0911 -141.214 -1
    endloop
  endfacet
  facet normal 0.943951 0.330086 0
    outer loop
      vertex 91.0846 -141.199 0
      vertex 90.9734 -140.881 -1
      vertex 90.9734 -140.881 0
    endloop
  endfacet
  facet normal 0.943951 0.330086 0
    outer loop
      vertex 90.9734 -140.881 -1
      vertex 91.0846 -141.199 0
      vertex 91.0846 -141.199 -1
    endloop
  endfacet
  facet normal 0.961069 0.276307 0
    outer loop
      vertex 90.9734 -140.881 0
      vertex 90.9688 -140.865 -1
      vertex 90.9688 -140.865 0
    endloop
  endfacet
  facet normal 0.961069 0.276307 0
    outer loop
      vertex 90.9688 -140.865 -1
      vertex 90.9734 -140.881 0
      vertex 90.9734 -140.881 -1
    endloop
  endfacet
  facet normal 0.974987 0.222261 0
    outer loop
      vertex 90.9688 -140.865 0
      vertex 90.8938 -140.536 -1
      vertex 90.8938 -140.536 0
    endloop
  endfacet
  facet normal 0.974987 0.222261 0
    outer loop
      vertex 90.8938 -140.536 -1
      vertex 90.9688 -140.865 0
      vertex 90.9688 -140.865 -1
    endloop
  endfacet
  facet normal 0.98503 0.17238 0
    outer loop
      vertex 90.8938 -140.536 0
      vertex 90.891 -140.52 -1
      vertex 90.891 -140.52 0
    endloop
  endfacet
  facet normal 0.98503 0.17238 0
    outer loop
      vertex 90.891 -140.52 -1
      vertex 90.8938 -140.536 0
      vertex 90.8938 -140.536 -1
    endloop
  endfacet
  facet normal 0.993727 0.111831 0
    outer loop
      vertex 90.891 -140.52 0
      vertex 90.8533 -140.185 -1
      vertex 90.8533 -140.185 0
    endloop
  endfacet
  facet normal 0.993727 0.111831 0
    outer loop
      vertex 90.8533 -140.185 -1
      vertex 90.891 -140.52 0
      vertex 90.891 -140.52 -1
    endloop
  endfacet
  facet normal 0.998205 0.0598923 0
    outer loop
      vertex 90.8533 -140.185 0
      vertex 90.8524 -140.17 -1
      vertex 90.8524 -140.17 0
    endloop
  endfacet
  facet normal 0.998205 0.0598923 0
    outer loop
      vertex 90.8524 -140.17 -1
      vertex 90.8533 -140.185 0
      vertex 90.8533 -140.185 -1
    endloop
  endfacet
  facet normal 0.999898 0.0142843 0
    outer loop
      vertex 90.8524 -140.17 0
      vertex 90.85 -140.002 -1
      vertex 90.85 -140.002 0
    endloop
  endfacet
  facet normal 0.999898 0.0142843 0
    outer loop
      vertex 90.85 -140.002 -1
      vertex 90.8524 -140.17 0
      vertex 90.8524 -140.17 -1
    endloop
  endfacet
  facet normal 1 -0 0
    outer loop
      vertex 90.85 -140.002 0
      vertex 90.85 -80.4934 -1
      vertex 90.85 -80.4934 0
    endloop
  endfacet
  facet normal 1 0 0
    outer loop
      vertex 90.85 -80.4934 -1
      vertex 90.85 -140.002 0
      vertex 90.85 -140.002 -1
    endloop
  endfacet
  facet normal 0.999909 -0.0134964 0
    outer loop
      vertex 90.85 -80.4934 0
      vertex 90.8523 -80.323 -1
      vertex 90.8523 -80.323 0
    endloop
  endfacet
  facet normal 0.999909 -0.0134964 0
    outer loop
      vertex 90.8523 -80.323 -1
      vertex 90.85 -80.4934 0
      vertex 90.85 -80.4934 -1
    endloop
  endfacet
  facet normal 0.998131 -0.0611101 0
    outer loop
      vertex 90.8523 -80.323 0
      vertex 90.8532 -80.3083 -1
      vertex 90.8532 -80.3083 0
    endloop
  endfacet
  facet normal 0.998131 -0.0611101 0
    outer loop
      vertex 90.8532 -80.3083 -1
      vertex 90.8523 -80.323 0
      vertex 90.8523 -80.323 -1
    endloop
  endfacet
  facet normal 0.993712 -0.111963 0
    outer loop
      vertex 90.8532 -80.3083 0
      vertex 90.8909 -79.9737 -1
      vertex 90.8909 -79.9737 0
    endloop
  endfacet
  facet normal 0.993712 -0.111963 0
    outer loop
      vertex 90.8909 -79.9737 -1
      vertex 90.8532 -80.3083 0
      vertex 90.8532 -80.3083 -1
    endloop
  endfacet
  facet normal 0.985081 -0.172092 0
    outer loop
      vertex 90.8909 -79.9737 0
      vertex 90.8938 -79.9571 -1
      vertex 90.8938 -79.9571 0
    endloop
  endfacet
  facet normal 0.985081 -0.172092 0
    outer loop
      vertex 90.8938 -79.9571 -1
      vertex 90.8909 -79.9737 0
      vertex 90.8909 -79.9737 -1
    endloop
  endfacet
  facet normal 0.974934 -0.222494 0
    outer loop
      vertex 90.8938 -79.9571 0
      vertex 90.9687 -79.6289 -1
      vertex 90.9687 -79.6289 0
    endloop
  endfacet
  facet normal 0.974934 -0.222494 0
    outer loop
      vertex 90.9687 -79.6289 -1
      vertex 90.8938 -79.9571 0
      vertex 90.8938 -79.9571 -1
    endloop
  endfacet
  facet normal 0.961971 -0.273152 0
    outer loop
      vertex 90.9687 -79.6289 0
      vertex 90.9733 -79.6127 -1
      vertex 90.9733 -79.6127 0
    endloop
  endfacet
  facet normal 0.961971 -0.273152 0
    outer loop
      vertex 90.9733 -79.6127 -1
      vertex 90.9687 -79.6289 0
      vertex 90.9687 -79.6289 -1
    endloop
  endfacet
  facet normal 0.943854 -0.330364 0
    outer loop
      vertex 90.9733 -79.6127 0
      vertex 91.0845 -79.295 -1
      vertex 91.0845 -79.295 0
    endloop
  endfacet
  facet normal 0.943854 -0.330364 0
    outer loop
      vertex 91.0845 -79.295 -1
      vertex 90.9733 -79.6127 0
      vertex 90.9733 -79.6127 -1
    endloop
  endfacet
  facet normal 0.925169 -0.379556 0
    outer loop
      vertex 91.0845 -79.295 0
      vertex 91.0909 -79.2794 -1
      vertex 91.0909 -79.2794 0
    endloop
  endfacet
  facet normal 0.925169 -0.379556 0
    outer loop
      vertex 91.0909 -79.2794 -1
      vertex 91.0845 -79.295 0
      vertex 91.0845 -79.295 -1
    endloop
  endfacet
  facet normal 0.90098 -0.43386 0
    outer loop
      vertex 91.0909 -79.2794 0
      vertex 91.237 -78.976 -1
      vertex 91.237 -78.976 0
    endloop
  endfacet
  facet normal 0.90098 -0.43386 0
    outer loop
      vertex 91.237 -78.976 -1
      vertex 91.0909 -79.2794 0
      vertex 91.0909 -79.2794 -1
    endloop
  endfacet
  facet normal 0.873315 -0.487155 0
    outer loop
      vertex 91.237 -78.976 0
      vertex 91.2452 -78.9613 -1
      vertex 91.2452 -78.9613 0
    endloop
  endfacet
  facet normal 0.873315 -0.487155 0
    outer loop
      vertex 91.2452 -78.9613 -1
      vertex 91.237 -78.976 0
      vertex 91.237 -78.976 -1
    endloop
  endfacet
  facet normal 0.846778 -0.531946 0
    outer loop
      vertex 91.2452 -78.9613 0
      vertex 91.4243 -78.6762 -1
      vertex 91.4243 -78.6762 0
    endloop
  endfacet
  facet normal 0.846778 -0.531946 0
    outer loop
      vertex 91.4243 -78.6762 -1
      vertex 91.2452 -78.9613 0
      vertex 91.2452 -78.9613 -1
    endloop
  endfacet
  facet normal 0.816142 -0.577852 0
    outer loop
      vertex 91.4243 -78.6762 0
      vertex 91.434 -78.6625 -1
      vertex 91.434 -78.6625 0
    endloop
  endfacet
  facet normal 0.816142 -0.577852 0
    outer loop
      vertex 91.434 -78.6625 -1
      vertex 91.4243 -78.6762 0
      vertex 91.4243 -78.6762 -1
    endloop
  endfacet
  facet normal 0.781824 -0.623499 0
    outer loop
      vertex 91.434 -78.6625 0
      vertex 91.6439 -78.3993 -1
      vertex 91.6439 -78.3993 0
    endloop
  endfacet
  facet normal 0.781824 -0.623499 0
    outer loop
      vertex 91.6439 -78.3993 -1
      vertex 91.434 -78.6625 0
      vertex 91.434 -78.6625 -1
    endloop
  endfacet
  facet normal 0.747409 -0.664364 0
    outer loop
      vertex 91.6439 -78.3993 0
      vertex 91.6551 -78.3867 -1
      vertex 91.6551 -78.3867 0
    endloop
  endfacet
  facet normal 0.747409 -0.664364 0
    outer loop
      vertex 91.6551 -78.3867 -1
      vertex 91.6439 -78.3993 0
      vertex 91.6439 -78.3993 -1
    endloop
  endfacet
  facet normal 0.707107 -0.707107 0
    outer loop
      vertex 91.6551 -78.3867 0
      vertex 91.8932 -78.1486 -1
      vertex 91.8932 -78.1486 0
    endloop
  endfacet
  facet normal 0.707107 -0.707107 0
    outer loop
      vertex 91.8932 -78.1486 -1
      vertex 91.6551 -78.3867 0
      vertex 91.6551 -78.3867 -1
    endloop
  endfacet
  facet normal 0.664364 -0.747409 0
    outer loop
      vertex 91.8932 -78.1486 -1
      vertex 91.9058 -78.1374 0
      vertex 91.8932 -78.1486 0
    endloop
  endfacet
  facet normal 0.664364 -0.747409 0
    outer loop
      vertex 91.9058 -78.1374 0
      vertex 91.8932 -78.1486 -1
      vertex 91.9058 -78.1374 -1
    endloop
  endfacet
  facet normal 0.623354 -0.78194 0
    outer loop
      vertex 91.9058 -78.1374 -1
      vertex 92.1691 -77.9275 0
      vertex 91.9058 -78.1374 0
    endloop
  endfacet
  facet normal 0.623354 -0.78194 0
    outer loop
      vertex 92.1691 -77.9275 0
      vertex 91.9058 -78.1374 -1
      vertex 92.1691 -77.9275 -1
    endloop
  endfacet
  facet normal 0.577852 -0.816142 0
    outer loop
      vertex 92.1691 -77.9275 -1
      vertex 92.1828 -77.9178 0
      vertex 92.1691 -77.9275 0
    endloop
  endfacet
  facet normal 0.577852 -0.816142 0
    outer loop
      vertex 92.1828 -77.9178 0
      vertex 92.1691 -77.9275 -1
      vertex 92.1828 -77.9178 -1
    endloop
  endfacet
  facet normal 0.532159 -0.846644 0
    outer loop
      vertex 92.1828 -77.9178 -1
      vertex 92.4679 -77.7386 0
      vertex 92.1828 -77.9178 0
    endloop
  endfacet
  facet normal 0.532159 -0.846644 0
    outer loop
      vertex 92.4679 -77.7386 0
      vertex 92.1828 -77.9178 -1
      vertex 92.4679 -77.7386 -1
    endloop
  endfacet
  facet normal 0.487155 -0.873315 0
    outer loop
      vertex 92.4679 -77.7386 -1
      vertex 92.4826 -77.7304 0
      vertex 92.4679 -77.7386 0
    endloop
  endfacet
  facet normal 0.487155 -0.873315 0
    outer loop
      vertex 92.4826 -77.7304 0
      vertex 92.4679 -77.7386 -1
      vertex 92.4826 -77.7304 -1
    endloop
  endfacet
  facet normal 0.433735 -0.90104 0
    outer loop
      vertex 92.4826 -77.7304 -1
      vertex 92.7859 -77.5844 0
      vertex 92.4826 -77.7304 0
    endloop
  endfacet
  facet normal 0.433735 -0.90104 0
    outer loop
      vertex 92.7859 -77.5844 0
      vertex 92.4826 -77.7304 -1
      vertex 92.7859 -77.5844 -1
    endloop
  endfacet
  facet normal 0.379556 -0.925169 0
    outer loop
      vertex 92.7859 -77.5844 -1
      vertex 92.8015 -77.578 0
      vertex 92.7859 -77.5844 0
    endloop
  endfacet
  facet normal 0.379556 -0.925169 0
    outer loop
      vertex 92.8015 -77.578 0
      vertex 92.7859 -77.5844 -1
      vertex 92.8015 -77.578 -1
    endloop
  endfacet
  facet normal 0.330364 -0.943854 0
    outer loop
      vertex 92.8015 -77.578 -1
      vertex 93.1192 -77.4668 0
      vertex 92.8015 -77.578 0
    endloop
  endfacet
  facet normal 0.330364 -0.943854 0
    outer loop
      vertex 93.1192 -77.4668 0
      vertex 92.8015 -77.578 -1
      vertex 93.1192 -77.4668 -1
    endloop
  endfacet
  facet normal 0.273152 -0.961971 0
    outer loop
      vertex 93.1192 -77.4668 -1
      vertex 93.1354 -77.4622 0
      vertex 93.1192 -77.4668 0
    endloop
  endfacet
  facet normal 0.273152 -0.961971 0
    outer loop
      vertex 93.1354 -77.4622 0
      vertex 93.1192 -77.4668 -1
      vertex 93.1354 -77.4622 -1
    endloop
  endfacet
  facet normal 0.22243 -0.974949 0
    outer loop
      vertex 93.1354 -77.4622 -1
      vertex 93.4637 -77.3873 0
      vertex 93.1354 -77.4622 0
    endloop
  endfacet
  facet normal 0.22243 -0.974949 0
    outer loop
      vertex 93.4637 -77.3873 0
      vertex 93.1354 -77.4622 -1
      vertex 93.4637 -77.3873 -1
    endloop
  endfacet
  facet normal 0.172092 -0.985081 0
    outer loop
      vertex 93.4637 -77.3873 -1
      vertex 93.4803 -77.3844 0
      vertex 93.4637 -77.3873 0
    endloop
  endfacet
  facet normal 0.172092 -0.985081 0
    outer loop
      vertex 93.4803 -77.3844 0
      vertex 93.4637 -77.3873 -1
      vertex 93.4803 -77.3844 -1
    endloop
  endfacet
  facet normal 0.111963 -0.993712 0
    outer loop
      vertex 93.4803 -77.3844 -1
      vertex 93.8149 -77.3467 0
      vertex 93.4803 -77.3844 0
    endloop
  endfacet
  facet normal 0.111963 -0.993712 0
    outer loop
      vertex 93.8149 -77.3467 0
      vertex 93.4803 -77.3844 -1
      vertex 93.8149 -77.3467 -1
    endloop
  endfacet
  facet normal 0.0611101 -0.998131 0
    outer loop
      vertex 93.8149 -77.3467 -1
      vertex 93.8296 -77.3458 0
      vertex 93.8149 -77.3467 0
    endloop
  endfacet
  facet normal 0.0611101 -0.998131 0
    outer loop
      vertex 93.8296 -77.3458 0
      vertex 93.8149 -77.3467 -1
      vertex 93.8296 -77.3458 -1
    endloop
  endfacet
  facet normal 0.0142588 -0.999898 0
    outer loop
      vertex 93.8296 -77.3458 -1
      vertex 93.9979 -77.3434 0
      vertex 93.8296 -77.3458 0
    endloop
  endfacet
  facet normal 0.0142588 -0.999898 0
    outer loop
      vertex 93.9979 -77.3434 0
      vertex 93.8296 -77.3458 -1
      vertex 93.9979 -77.3434 -1
    endloop
  endfacet
  facet normal 0 -1 0
    outer loop
      vertex 93.9979 -77.3434 -1
      vertex 156.757 -77.3434 0
      vertex 93.9979 -77.3434 0
    endloop
  endfacet
  facet normal 0 -1 -0
    outer loop
      vertex 156.757 -77.3434 0
      vertex 93.9979 -77.3434 -1
      vertex 156.757 -77.3434 -1
    endloop
  endfacet
  facet normal -0.0135282 -0.999908 0
    outer loop
      vertex 156.757 -77.3434 -1
      vertex 156.927 -77.3457 0
      vertex 156.757 -77.3434 0
    endloop
  endfacet
  facet normal -0.0135282 -0.999908 -0
    outer loop
      vertex 156.927 -77.3457 0
      vertex 156.757 -77.3434 -1
      vertex 156.927 -77.3457 -1
    endloop
  endfacet
  facet normal -0.0598923 -0.998205 0
    outer loop
      vertex 156.927 -77.3457 -1
      vertex 156.942 -77.3466 0
      vertex 156.927 -77.3457 0
    endloop
  endfacet
  facet normal -0.0598923 -0.998205 -0
    outer loop
      vertex 156.942 -77.3466 0
      vertex 156.927 -77.3457 -1
      vertex 156.942 -77.3466 -1
    endloop
  endfacet
  facet normal -0.111831 -0.993727 0
    outer loop
      vertex 156.942 -77.3466 -1
      vertex 157.277 -77.3843 0
      vertex 156.942 -77.3466 0
    endloop
  endfacet
  facet normal -0.111831 -0.993727 -0
    outer loop
      vertex 157.277 -77.3843 0
      vertex 156.942 -77.3466 -1
      vertex 157.277 -77.3843 -1
    endloop
  endfacet
  facet normal -0.17238 -0.98503 0
    outer loop
      vertex 157.277 -77.3843 -1
      vertex 157.293 -77.3871 0
      vertex 157.277 -77.3843 0
    endloop
  endfacet
  facet normal -0.17238 -0.98503 -0
    outer loop
      vertex 157.293 -77.3871 0
      vertex 157.277 -77.3843 -1
      vertex 157.293 -77.3871 -1
    endloop
  endfacet
  facet normal -0.222543 -0.974923 0
    outer loop
      vertex 157.293 -77.3871 -1
      vertex 157.622 -77.4622 0
      vertex 157.293 -77.3871 0
    endloop
  endfacet
  facet normal -0.222543 -0.974923 -0
    outer loop
      vertex 157.622 -77.4622 0
      vertex 157.293 -77.3871 -1
      vertex 157.622 -77.4622 -1
    endloop
  endfacet
  facet normal -0.276307 -0.961069 0
    outer loop
      vertex 157.622 -77.4622 -1
      vertex 157.638 -77.4668 0
      vertex 157.622 -77.4622 0
    endloop
  endfacet
  facet normal -0.276307 -0.961069 -0
    outer loop
      vertex 157.638 -77.4668 0
      vertex 157.622 -77.4622 -1
      vertex 157.638 -77.4668 -1
    endloop
  endfacet
  facet normal -0.33035 -0.943858 0
    outer loop
      vertex 157.638 -77.4668 -1
      vertex 157.956 -77.5781 0
      vertex 157.638 -77.4668 0
    endloop
  endfacet
  facet normal -0.33035 -0.943858 -0
    outer loop
      vertex 157.956 -77.5781 0
      vertex 157.638 -77.4668 -1
      vertex 157.956 -77.5781 -1
    endloop
  endfacet
  facet normal -0.397607 -0.917556 0
    outer loop
      vertex 157.956 -77.5781 -1
      vertex 157.971 -77.5846 0
      vertex 157.956 -77.5781 0
    endloop
  endfacet
  facet normal -0.397607 -0.917556 -0
    outer loop
      vertex 157.971 -77.5846 0
      vertex 157.956 -77.5781 -1
      vertex 157.971 -77.5846 -1
    endloop
  endfacet
  facet normal -0.433406 -0.901199 0
    outer loop
      vertex 157.971 -77.5846 -1
      vertex 158.275 -77.7308 0
      vertex 157.971 -77.5846 0
    endloop
  endfacet
  facet normal -0.433406 -0.901199 -0
    outer loop
      vertex 158.275 -77.7308 0
      vertex 157.971 -77.5846 -1
      vertex 158.275 -77.7308 -1
    endloop
  endfacet
  facet normal -0.475149 -0.879905 0
    outer loop
      vertex 158.275 -77.7308 -1
      vertex 158.29 -77.7389 0
      vertex 158.275 -77.7308 0
    endloop
  endfacet
  facet normal -0.475149 -0.879905 -0
    outer loop
      vertex 158.29 -77.7389 0
      vertex 158.275 -77.7308 -1
      vertex 158.29 -77.7389 -1
    endloop
  endfacet
  facet normal -0.532506 -0.846426 0
    outer loop
      vertex 158.29 -77.7389 -1
      vertex 158.575 -77.9182 0
      vertex 158.29 -77.7389 0
    endloop
  endfacet
  facet normal -0.532506 -0.846426 -0
    outer loop
      vertex 158.575 -77.9182 0
      vertex 158.29 -77.7389 -1
      vertex 158.575 -77.9182 -1
    endloop
  endfacet
  facet normal -0.598025 -0.801477 0
    outer loop
      vertex 158.575 -77.9182 -1
      vertex 158.588 -77.9279 0
      vertex 158.575 -77.9182 0
    endloop
  endfacet
  facet normal -0.598025 -0.801477 -0
    outer loop
      vertex 158.588 -77.9279 0
      vertex 158.575 -77.9182 -1
      vertex 158.588 -77.9279 -1
    endloop
  endfacet
  facet normal -0.622705 -0.782457 0
    outer loop
      vertex 158.588 -77.9279 -1
      vertex 158.852 -78.138 0
      vertex 158.588 -77.9279 0
    endloop
  endfacet
  facet normal -0.622705 -0.782457 -0
    outer loop
      vertex 158.852 -78.138 0
      vertex 158.588 -77.9279 -1
      vertex 158.852 -78.138 -1
    endloop
  endfacet
  facet normal -0.665206 -0.74666 0
    outer loop
      vertex 158.852 -78.138 -1
      vertex 158.863 -78.1478 0
      vertex 158.852 -78.138 0
    endloop
  endfacet
  facet normal -0.665206 -0.74666 -0
    outer loop
      vertex 158.863 -78.1478 0
      vertex 158.852 -78.138 -1
      vertex 158.863 -78.1478 -1
    endloop
  endfacet
  facet normal -0.699625 -0.71451 0
    outer loop
      vertex 158.863 -78.1478 -1
      vertex 158.983 -78.2653 0
      vertex 158.863 -78.1478 0
    endloop
  endfacet
  facet normal -0.699625 -0.71451 -0
    outer loop
      vertex 158.983 -78.2653 0
      vertex 158.863 -78.1478 -1
      vertex 158.983 -78.2653 -1
    endloop
  endfacet
  facet normal -0.707313 -0.706901 0
    outer loop
      vertex 167.728 -87.0154 -1
      vertex 158.983 -78.2653 0
      vertex 158.983 -78.2653 -1
    endloop
  endfacet
  facet normal -0.707313 -0.706901 0
    outer loop
      vertex 158.983 -78.2653 0
      vertex 167.728 -87.0154 -1
      vertex 167.728 -87.0154 0
    endloop
  endfacet
  facet normal -0.716425 -0.697664 0
    outer loop
      vertex 167.847 -87.1376 -1
      vertex 167.728 -87.0154 0
      vertex 167.728 -87.0154 -1
    endloop
  endfacet
  facet normal -0.716425 -0.697664 0
    outer loop
      vertex 167.728 -87.0154 0
      vertex 167.847 -87.1376 -1
      vertex 167.847 -87.1376 0
    endloop
  endfacet
  facet normal -0.73994 -0.672673 0
    outer loop
      vertex 167.857 -87.1486 -1
      vertex 167.847 -87.1376 0
      vertex 167.847 -87.1376 -1
    endloop
  endfacet
  facet normal -0.73994 -0.672673 0
    outer loop
      vertex 167.847 -87.1376 0
      vertex 167.857 -87.1486 -1
      vertex 167.857 -87.1486 0
    endloop
  endfacet
  facet normal -0.783128 -0.621861 0
    outer loop
      vertex 168.066 -87.4118 -1
      vertex 167.857 -87.1486 0
      vertex 167.857 -87.1486 -1
    endloop
  endfacet
  facet normal -0.783128 -0.621861 0
    outer loop
      vertex 167.857 -87.1486 0
      vertex 168.066 -87.4118 -1
      vertex 168.066 -87.4118 0
    endloop
  endfacet
  facet normal -0.807715 -0.589573 0
    outer loop
      vertex 168.076 -87.4255 -1
      vertex 168.066 -87.4118 0
      vertex 168.066 -87.4118 -1
    endloop
  endfacet
  facet normal -0.807715 -0.589573 0
    outer loop
      vertex 168.066 -87.4118 0
      vertex 168.076 -87.4255 -1
      vertex 168.076 -87.4255 0
    endloop
  endfacet
  facet normal -0.846828 -0.531867 0
    outer loop
      vertex 168.255 -87.7105 -1
      vertex 168.076 -87.4255 0
      vertex 168.076 -87.4255 -1
    endloop
  endfacet
  facet normal -0.846828 -0.531867 0
    outer loop
      vertex 168.076 -87.4255 0
      vertex 168.255 -87.7105 -1
      vertex 168.255 -87.7105 0
    endloop
  endfacet
  facet normal -0.878352 -0.478015 0
    outer loop
      vertex 168.263 -87.7252 -1
      vertex 168.255 -87.7105 0
      vertex 168.255 -87.7105 -1
    endloop
  endfacet
  facet normal -0.878352 -0.478015 0
    outer loop
      vertex 168.255 -87.7105 0
      vertex 168.263 -87.7252 -1
      vertex 168.263 -87.7252 0
    endloop
  endfacet
  facet normal -0.90104 -0.433735 0
    outer loop
      vertex 168.409 -88.0285 -1
      vertex 168.263 -87.7252 0
      vertex 168.263 -87.7252 -1
    endloop
  endfacet
  facet normal -0.90104 -0.433735 0
    outer loop
      vertex 168.263 -87.7252 0
      vertex 168.409 -88.0285 -1
      vertex 168.409 -88.0285 0
    endloop
  endfacet
  facet normal -0.912359 -0.409392 0
    outer loop
      vertex 168.416 -88.0441 -1
      vertex 168.409 -88.0285 0
      vertex 168.409 -88.0285 -1
    endloop
  endfacet
  facet normal -0.912359 -0.409392 0
    outer loop
      vertex 168.409 -88.0285 0
      vertex 168.416 -88.0441 -1
      vertex 168.416 -88.0441 0
    endloop
  endfacet
  facet normal -0.944039 -0.329834 0
    outer loop
      vertex 168.527 -88.3618 -1
      vertex 168.416 -88.0441 0
      vertex 168.416 -88.0441 -1
    endloop
  endfacet
  facet normal -0.944039 -0.329834 0
    outer loop
      vertex 168.416 -88.0441 0
      vertex 168.527 -88.3618 -1
      vertex 168.527 -88.3618 0
    endloop
  endfacet
  facet normal -0.970496 -0.241117 0
    outer loop
      vertex 168.531 -88.3779 -1
      vertex 168.527 -88.3618 0
      vertex 168.527 -88.3618 -1
    endloop
  endfacet
  facet normal -0.970496 -0.241117 0
    outer loop
      vertex 168.527 -88.3618 0
      vertex 168.531 -88.3779 -1
      vertex 168.531 -88.3779 0
    endloop
  endfacet
  facet normal -0.974855 -0.222841 0
    outer loop
      vertex 168.606 -88.706 -1
      vertex 168.531 -88.3779 0
      vertex 168.531 -88.3779 -1
    endloop
  endfacet
  facet normal -0.974855 -0.222841 0
    outer loop
      vertex 168.531 -88.3779 0
      vertex 168.606 -88.706 -1
      vertex 168.606 -88.706 0
    endloop
  endfacet
  facet normal -0.984059 -0.177842 0
    outer loop
      vertex 168.609 -88.7226 -1
      vertex 168.606 -88.706 0
      vertex 168.606 -88.706 -1
    endloop
  endfacet
  facet normal -0.984059 -0.177842 0
    outer loop
      vertex 168.606 -88.706 0
      vertex 168.609 -88.7226 -1
      vertex 168.609 -88.7226 0
    endloop
  endfacet
  facet normal -0.993605 -0.11291 0
    outer loop
      vertex 168.647 -89.057 -1
      vertex 168.609 -88.7226 0
      vertex 168.609 -88.7226 -1
    endloop
  endfacet
  facet normal -0.993605 -0.11291 0
    outer loop
      vertex 168.609 -88.7226 0
      vertex 168.647 -89.057 -1
      vertex 168.647 -89.057 0
    endloop
  endfacet
  facet normal -0.997663 -0.0683331 0
    outer loop
      vertex 168.648 -89.0716 -1
      vertex 168.647 -89.057 0
      vertex 168.647 -89.057 -1
    endloop
  endfacet
  facet normal -0.997663 -0.0683331 0
    outer loop
      vertex 168.647 -89.057 0
      vertex 168.648 -89.0716 -1
      vertex 168.648 -89.0716 0
    endloop
  endfacet
  facet normal -0.999929 -0.0118827 0
    outer loop
      vertex 168.65 -89.2399 -1
      vertex 168.648 -89.0716 0
      vertex 168.648 -89.0716 -1
    endloop
  endfacet
  facet normal -0.999929 -0.0118827 0
    outer loop
      vertex 168.648 -89.0716 0
      vertex 168.65 -89.2399 -1
      vertex 168.65 -89.2399 0
    endloop
  endfacet
  facet normal -1 0 0
    outer loop
      vertex 168.65 -134.822 -1
      vertex 168.65 -89.2399 0
      vertex 168.65 -89.2399 -1
    endloop
  endfacet
  facet normal -1 -0 0
    outer loop
      vertex 168.65 -89.2399 0
      vertex 168.65 -134.822 -1
      vertex 168.65 -134.822 0
    endloop
  endfacet
  facet normal -0.999874 0.015871 0
    outer loop
      vertex 168.647 -135.011 -1
      vertex 168.65 -134.822 0
      vertex 168.65 -134.822 -1
    endloop
  endfacet
  facet normal -0.999874 0.015871 0
    outer loop
      vertex 168.65 -134.822 0
      vertex 168.647 -135.011 -1
      vertex 168.647 -135.011 0
    endloop
  endfacet
  facet normal -0.998274 0.058722 0
    outer loop
      vertex 168.646 -135.028 -1
      vertex 168.647 -135.011 0
      vertex 168.647 -135.011 -1
    endloop
  endfacet
  facet normal -0.998274 0.058722 0
    outer loop
      vertex 168.647 -135.011 0
      vertex 168.646 -135.028 -1
      vertex 168.646 -135.028 0
    endloop
  endfacet
  facet normal -0.992071 0.12568 0
    outer loop
      vertex 168.599 -135.399 -1
      vertex 168.646 -135.028 0
      vertex 168.646 -135.028 -1
    endloop
  endfacet
  facet normal -0.992071 0.12568 0
    outer loop
      vertex 168.646 -135.028 0
      vertex 168.599 -135.399 -1
      vertex 168.599 -135.399 0
    endloop
  endfacet
  facet normal -0.987763 0.155963 0
    outer loop
      vertex 168.596 -135.418 -1
      vertex 168.599 -135.399 0
      vertex 168.599 -135.399 -1
    endloop
  endfacet
  facet normal -0.987763 0.155963 0
    outer loop
      vertex 168.599 -135.399 0
      vertex 168.596 -135.418 -1
      vertex 168.596 -135.418 0
    endloop
  endfacet
  facet normal -0.968548 0.248826 0
    outer loop
      vertex 168.503 -135.78 -1
      vertex 168.596 -135.418 0
      vertex 168.596 -135.418 -1
    endloop
  endfacet
  facet normal -0.968548 0.248826 0
    outer loop
      vertex 168.596 -135.418 0
      vertex 168.503 -135.78 -1
      vertex 168.503 -135.78 0
    endloop
  endfacet
  facet normal -0.963518 0.267644 0
    outer loop
      vertex 168.498 -135.798 -1
      vertex 168.503 -135.78 0
      vertex 168.503 -135.78 -1
    endloop
  endfacet
  facet normal -0.963518 0.267644 0
    outer loop
      vertex 168.503 -135.78 0
      vertex 168.498 -135.798 -1
      vertex 168.498 -135.798 0
    endloop
  endfacet
  facet normal -0.930491 0.366314 0
    outer loop
      vertex 168.361 -136.146 -1
      vertex 168.498 -135.798 0
      vertex 168.498 -135.798 -1
    endloop
  endfacet
  facet normal -0.930491 0.366314 0
    outer loop
      vertex 168.498 -135.798 0
      vertex 168.361 -136.146 -1
      vertex 168.361 -136.146 0
    endloop
  endfacet
  facet normal -0.904819 0.425797 0
    outer loop
      vertex 168.353 -136.163 -1
      vertex 168.361 -136.146 0
      vertex 168.361 -136.146 -1
    endloop
  endfacet
  facet normal -0.904819 0.425797 0
    outer loop
      vertex 168.361 -136.146 0
      vertex 168.353 -136.163 -1
      vertex 168.353 -136.163 0
    endloop
  endfacet
  facet normal -0.878405 0.477917 0
    outer loop
      vertex 168.174 -136.492 -1
      vertex 168.353 -136.163 0
      vertex 168.353 -136.163 -1
    endloop
  endfacet
  facet normal -0.878405 0.477917 0
    outer loop
      vertex 168.353 -136.163 0
      vertex 168.174 -136.492 -1
      vertex 168.174 -136.492 0
    endloop
  endfacet
  facet normal -0.847998 0.529999 0
    outer loop
      vertex 168.164 -136.508 -1
      vertex 168.174 -136.492 0
      vertex 168.174 -136.492 -1
    endloop
  endfacet
  facet normal -0.847998 0.529999 0
    outer loop
      vertex 168.174 -136.492 0
      vertex 168.164 -136.508 -1
      vertex 168.164 -136.508 0
    endloop
  endfacet
  facet normal -0.811382 0.584516 0
    outer loop
      vertex 167.945 -136.812 -1
      vertex 168.164 -136.508 0
      vertex 168.164 -136.508 -1
    endloop
  endfacet
  facet normal -0.811382 0.584516 0
    outer loop
      vertex 168.164 -136.508 0
      vertex 167.945 -136.812 -1
      vertex 167.945 -136.812 0
    endloop
  endfacet
  facet normal -0.792624 0.609711 0
    outer loop
      vertex 167.935 -136.825 -1
      vertex 167.945 -136.812 0
      vertex 167.945 -136.812 -1
    endloop
  endfacet
  facet normal -0.792624 0.609711 0
    outer loop
      vertex 167.945 -136.812 0
      vertex 167.935 -136.825 -1
      vertex 167.935 -136.825 0
    endloop
  endfacet
  facet normal -0.74356 0.668669 0
    outer loop
      vertex 167.81 -136.964 -1
      vertex 167.935 -136.825 0
      vertex 167.935 -136.825 -1
    endloop
  endfacet
  facet normal -0.74356 0.668669 0
    outer loop
      vertex 167.935 -136.825 0
      vertex 167.81 -136.964 -1
      vertex 167.81 -136.964 0
    endloop
  endfacet
  facet normal -0.732728 0.680522 0
    outer loop
      vertex 163 -142.143 -1
      vertex 167.81 -136.964 0
      vertex 167.81 -136.964 -1
    endloop
  endfacet
  facet normal -0.732728 0.680522 0
    outer loop
      vertex 167.81 -136.964 0
      vertex 163 -142.143 -1
      vertex 163 -142.143 0
    endloop
  endfacet
  facet normal -0.723738 0.690075 0
    outer loop
      vertex 162.877 -142.272 -1
      vertex 163 -142.143 0
      vertex 163 -142.143 -1
    endloop
  endfacet
  facet normal -0.723738 0.690075 0
    outer loop
      vertex 163 -142.143 0
      vertex 162.877 -142.272 -1
      vertex 162.877 -142.272 0
    endloop
  endfacet
  facet normal -0.707107 0.707107 0
    outer loop
      vertex 162.877 -142.272 -1
      vertex 162.866 -142.283 0
      vertex 162.877 -142.272 0
    endloop
  endfacet
  facet normal -0.707107 0.707107 0
    outer loop
      vertex 162.866 -142.283 0
      vertex 162.877 -142.272 -1
      vertex 162.866 -142.283 -1
    endloop
  endfacet
  facet normal -0.648223 0.76145 0
    outer loop
      vertex 162.866 -142.283 -1
      vertex 162.597 -142.512 0
      vertex 162.866 -142.283 0
    endloop
  endfacet
  facet normal -0.648223 0.76145 0
    outer loop
      vertex 162.597 -142.512 0
      vertex 162.866 -142.283 -1
      vertex 162.597 -142.512 -1
    endloop
  endfacet
  facet normal -0.581238 0.813733 0
    outer loop
      vertex 162.597 -142.512 -1
      vertex 162.583 -142.522 0
      vertex 162.597 -142.512 0
    endloop
  endfacet
  facet normal -0.581238 0.813733 0
    outer loop
      vertex 162.583 -142.522 0
      vertex 162.597 -142.512 -1
      vertex 162.583 -142.522 -1
    endloop
  endfacet
  facet normal -0.5547 0.83205 0
    outer loop
      vertex 162.583 -142.522 -1
      vertex 162.289 -142.718 0
      vertex 162.583 -142.522 0
    endloop
  endfacet
  facet normal -0.5547 0.83205 0
    outer loop
      vertex 162.289 -142.718 0
      vertex 162.583 -142.522 -1
      vertex 162.289 -142.718 -1
    endloop
  endfacet
  facet normal -0.470588 0.882353 0
    outer loop
      vertex 162.289 -142.718 -1
      vertex 162.274 -142.726 0
      vertex 162.289 -142.718 0
    endloop
  endfacet
  facet normal -0.470588 0.882353 0
    outer loop
      vertex 162.274 -142.726 0
      vertex 162.289 -142.718 -1
      vertex 162.274 -142.726 -1
    endloop
  endfacet
  facet normal -0.454011 0.890996 0
    outer loop
      vertex 162.274 -142.726 -1
      vertex 161.96 -142.886 0
      vertex 162.274 -142.726 0
    endloop
  endfacet
  facet normal -0.454011 0.890996 0
    outer loop
      vertex 161.96 -142.886 0
      vertex 162.274 -142.726 -1
      vertex 161.96 -142.886 -1
    endloop
  endfacet
  facet normal -0.400819 0.916157 0
    outer loop
      vertex 161.96 -142.886 -1
      vertex 161.944 -142.893 0
      vertex 161.96 -142.886 0
    endloop
  endfacet
  facet normal -0.400819 0.916157 0
    outer loop
      vertex 161.944 -142.893 0
      vertex 161.96 -142.886 -1
      vertex 161.944 -142.893 -1
    endloop
  endfacet
  facet normal -0.345837 0.938295 0
    outer loop
      vertex 161.944 -142.893 -1
      vertex 161.613 -143.015 0
      vertex 161.944 -142.893 0
    endloop
  endfacet
  facet normal -0.345837 0.938295 0
    outer loop
      vertex 161.613 -143.015 0
      vertex 161.944 -142.893 -1
      vertex 161.613 -143.015 -1
    endloop
  endfacet
  facet normal -0.282166 0.959366 0
    outer loop
      vertex 161.613 -143.015 -1
      vertex 161.596 -143.02 0
      vertex 161.613 -143.015 0
    endloop
  endfacet
  facet normal -0.282166 0.959366 0
    outer loop
      vertex 161.596 -143.02 0
      vertex 161.613 -143.015 -1
      vertex 161.596 -143.02 -1
    endloop
  endfacet
  facet normal -0.232515 0.972593 0
    outer loop
      vertex 161.596 -143.02 -1
      vertex 161.253 -143.102 0
      vertex 161.596 -143.02 0
    endloop
  endfacet
  facet normal -0.232515 0.972593 0
    outer loop
      vertex 161.253 -143.102 0
      vertex 161.596 -143.02 -1
      vertex 161.253 -143.102 -1
    endloop
  endfacet
  facet normal -0.173785 0.984784 0
    outer loop
      vertex 161.253 -143.102 -1
      vertex 161.236 -143.105 0
      vertex 161.253 -143.102 0
    endloop
  endfacet
  facet normal -0.173785 0.984784 0
    outer loop
      vertex 161.236 -143.105 0
      vertex 161.253 -143.102 -1
      vertex 161.236 -143.105 -1
    endloop
  endfacet
  facet normal -0.116347 0.993209 0
    outer loop
      vertex 161.236 -143.105 -1
      vertex 160.886 -143.146 0
      vertex 161.236 -143.105 0
    endloop
  endfacet
  facet normal -0.116347 0.993209 0
    outer loop
      vertex 160.886 -143.146 0
      vertex 161.236 -143.105 -1
      vertex 160.886 -143.146 -1
    endloop
  endfacet
  facet normal -0.0623783 0.998053 0
    outer loop
      vertex 160.886 -143.146 -1
      vertex 160.87 -143.147 0
      vertex 160.886 -143.146 0
    endloop
  endfacet
  facet normal -0.0623783 0.998053 0
    outer loop
      vertex 160.87 -143.147 0
      vertex 160.886 -143.146 -1
      vertex 160.87 -143.147 -1
    endloop
  endfacet
  facet normal -0.0168515 0.999858 0
    outer loop
      vertex 160.87 -143.147 -1
      vertex 160.692 -143.15 0
      vertex 160.87 -143.147 0
    endloop
  endfacet
  facet normal -0.0168515 0.999858 0
    outer loop
      vertex 160.692 -143.15 0
      vertex 160.87 -143.147 -1
      vertex 160.692 -143.15 -1
    endloop
  endfacet
  facet normal 0 1 -0
    outer loop
      vertex 160.692 -143.15 -1
      vertex 94 -143.15 0
      vertex 160.692 -143.15 0
    endloop
  endfacet
  facet normal 0 1 0
    outer loop
      vertex 94 -143.15 0
      vertex 160.692 -143.15 -1
      vertex 94 -143.15 -1
    endloop
  endfacet
  facet normal 0.194151 0.980972 -0
    outer loop
      vertex 104.9 -90.1 0
      vertex 104.804 -90.081 0.2
      vertex 104.9 -90.1 0.2
    endloop
  endfacet
  facet normal 0.194151 0.980972 0
    outer loop
      vertex 104.804 -90.081 0.2
      vertex 104.9 -90.1 0
      vertex 104.804 -90.081 0
    endloop
  endfacet
  facet normal -0.194151 0.980972 0
    outer loop
      vertex 105.896 -90.081 0
      vertex 105.8 -90.1 0.2
      vertex 105.896 -90.081 0.2
    endloop
  endfacet
  facet normal -0.194151 0.980972 0
    outer loop
      vertex 105.8 -90.1 0.2
      vertex 105.896 -90.081 0
      vertex 105.8 -90.1 0
    endloop
  endfacet
  facet normal -1 0 0
    outer loop
      vertex 106.05 -89.85 0
      vertex 106.05 -89.325 0.2
      vertex 106.05 -89.325 0
    endloop
  endfacet
  facet normal -1 -0 0
    outer loop
      vertex 106.05 -89.325 0.2
      vertex 106.05 -89.85 0
      vertex 106.05 -89.85 0.2
    endloop
  endfacet
  facet normal 0 1 -0
    outer loop
      vertex 105.8 -90.1 0
      vertex 104.9 -90.1 0.2
      vertex 105.8 -90.1 0.2
    endloop
  endfacet
  facet normal 0 1 0
    outer loop
      vertex 104.9 -90.1 0.2
      vertex 105.8 -90.1 0
      vertex 104.9 -90.1 0
    endloop
  endfacet
  facet normal -0.55612 -0.831102 0
    outer loop
      vertex 105.896 -89.094 0
      vertex 105.977 -89.1482 0.2
      vertex 105.896 -89.094 0.2
    endloop
  endfacet
  facet normal -0.55612 -0.831102 -0
    outer loop
      vertex 105.977 -89.1482 0.2
      vertex 105.896 -89.094 0
      vertex 105.977 -89.1482 0
    endloop
  endfacet
  facet normal -0.832366 0.554226 0
    outer loop
      vertex 105.977 -90.0268 0
      vertex 106.031 -89.9457 0.2
      vertex 106.031 -89.9457 0
    endloop
  endfacet
  facet normal -0.832366 0.554226 0
    outer loop
      vertex 106.031 -89.9457 0.2
      vertex 105.977 -90.0268 0
      vertex 105.977 -90.0268 0.2
    endloop
  endfacet
  facet normal -0.194151 -0.980972 0
    outer loop
      vertex 105.8 -89.075 0
      vertex 105.896 -89.094 0.2
      vertex 105.8 -89.075 0.2
    endloop
  endfacet
  facet normal -0.194151 -0.980972 -0
    outer loop
      vertex 105.896 -89.094 0.2
      vertex 105.8 -89.075 0
      vertex 105.896 -89.094 0
    endloop
  endfacet
  facet normal 0.55612 0.831102 -0
    outer loop
      vertex 104.804 -90.081 0
      vertex 104.723 -90.0268 0.2
      vertex 104.804 -90.081 0.2
    endloop
  endfacet
  facet normal 0.55612 0.831102 0
    outer loop
      vertex 104.723 -90.0268 0.2
      vertex 104.804 -90.081 0
      vertex 104.723 -90.0268 0
    endloop
  endfacet
  facet normal 0.832366 0.554226 0
    outer loop
      vertex 104.723 -90.0268 0.2
      vertex 104.669 -89.9457 0
      vertex 104.669 -89.9457 0.2
    endloop
  endfacet
  facet normal 0.832366 0.554226 0
    outer loop
      vertex 104.669 -89.9457 0
      vertex 104.723 -90.0268 0.2
      vertex 104.723 -90.0268 0
    endloop
  endfacet
  facet normal 0 -1 0
    outer loop
      vertex 104.9 -89.075 0
      vertex 105.8 -89.075 0.2
      vertex 104.9 -89.075 0.2
    endloop
  endfacet
  facet normal 0 -1 -0
    outer loop
      vertex 105.8 -89.075 0.2
      vertex 104.9 -89.075 0
      vertex 105.8 -89.075 0
    endloop
  endfacet
  facet normal 0.55612 -0.831102 0
    outer loop
      vertex 104.723 -89.1482 0
      vertex 104.804 -89.094 0.2
      vertex 104.723 -89.1482 0.2
    endloop
  endfacet
  facet normal 0.55612 -0.831102 0
    outer loop
      vertex 104.804 -89.094 0.2
      vertex 104.723 -89.1482 0
      vertex 104.804 -89.094 0
    endloop
  endfacet
  facet normal 0.194151 -0.980972 0
    outer loop
      vertex 104.804 -89.094 0
      vertex 104.9 -89.075 0.2
      vertex 104.804 -89.094 0.2
    endloop
  endfacet
  facet normal 0.194151 -0.980972 0
    outer loop
      vertex 104.9 -89.075 0.2
      vertex 104.804 -89.094 0
      vertex 104.9 -89.075 0
    endloop
  endfacet
  facet normal 0.980856 -0.194736 0
    outer loop
      vertex 104.65 -89.325 0.2
      vertex 104.669 -89.2293 0
      vertex 104.669 -89.2293 0.2
    endloop
  endfacet
  facet normal 0.980856 -0.194736 0
    outer loop
      vertex 104.669 -89.2293 0
      vertex 104.65 -89.325 0.2
      vertex 104.65 -89.325 0
    endloop
  endfacet
  facet normal -0.55612 0.831102 0
    outer loop
      vertex 105.977 -90.0268 0
      vertex 105.896 -90.081 0.2
      vertex 105.977 -90.0268 0.2
    endloop
  endfacet
  facet normal -0.55612 0.831102 0
    outer loop
      vertex 105.896 -90.081 0.2
      vertex 105.977 -90.0268 0
      vertex 105.896 -90.081 0
    endloop
  endfacet
  facet normal 0.832366 -0.554226 0
    outer loop
      vertex 104.669 -89.2293 0.2
      vertex 104.723 -89.1482 0
      vertex 104.723 -89.1482 0.2
    endloop
  endfacet
  facet normal 0.832366 -0.554226 0
    outer loop
      vertex 104.723 -89.1482 0
      vertex 104.669 -89.2293 0.2
      vertex 104.669 -89.2293 0
    endloop
  endfacet
  facet normal -0.980856 -0.194736 0
    outer loop
      vertex 106.05 -89.325 0
      vertex 106.031 -89.2293 0.2
      vertex 106.031 -89.2293 0
    endloop
  endfacet
  facet normal -0.980856 -0.194736 0
    outer loop
      vertex 106.031 -89.2293 0.2
      vertex 106.05 -89.325 0
      vertex 106.05 -89.325 0.2
    endloop
  endfacet
  facet normal 1 -0 0
    outer loop
      vertex 104.65 -89.85 0.2
      vertex 104.65 -89.325 0
      vertex 104.65 -89.325 0.2
    endloop
  endfacet
  facet normal 1 0 0
    outer loop
      vertex 104.65 -89.325 0
      vertex 104.65 -89.85 0.2
      vertex 104.65 -89.85 0
    endloop
  endfacet
  facet normal -0.832366 -0.554226 0
    outer loop
      vertex 106.031 -89.2293 0
      vertex 105.977 -89.1482 0.2
      vertex 105.977 -89.1482 0
    endloop
  endfacet
  facet normal -0.832366 -0.554226 0
    outer loop
      vertex 105.977 -89.1482 0.2
      vertex 106.031 -89.2293 0
      vertex 106.031 -89.2293 0.2
    endloop
  endfacet
  facet normal -0.980856 0.194736 0
    outer loop
      vertex 106.031 -89.9457 0
      vertex 106.05 -89.85 0.2
      vertex 106.05 -89.85 0
    endloop
  endfacet
  facet normal -0.980856 0.194736 0
    outer loop
      vertex 106.05 -89.85 0.2
      vertex 106.031 -89.9457 0
      vertex 106.031 -89.9457 0.2
    endloop
  endfacet
  facet normal 0.980856 0.194736 0
    outer loop
      vertex 104.669 -89.9457 0.2
      vertex 104.65 -89.85 0
      vertex 104.65 -89.85 0.2
    endloop
  endfacet
  facet normal 0.980856 0.194736 0
    outer loop
      vertex 104.65 -89.85 0
      vertex 104.669 -89.9457 0.2
      vertex 104.669 -89.9457 0
    endloop
  endfacet
  facet normal 1 -0 0
    outer loop
      vertex 104.65 -91.675 0.2
      vertex 104.65 -91.15 0
      vertex 104.65 -91.15 0.2
    endloop
  endfacet
  facet normal 1 0 0
    outer loop
      vertex 104.65 -91.15 0
      vertex 104.65 -91.675 0.2
      vertex 104.65 -91.675 0
    endloop
  endfacet
  facet normal 0.832366 0.554226 0
    outer loop
      vertex 104.723 -91.8518 0.2
      vertex 104.669 -91.7707 0
      vertex 104.669 -91.7707 0.2
    endloop
  endfacet
  facet normal 0.832366 0.554226 0
    outer loop
      vertex 104.669 -91.7707 0
      vertex 104.723 -91.8518 0.2
      vertex 104.723 -91.8518 0
    endloop
  endfacet
  facet normal -0.194151 0.980972 0
    outer loop
      vertex 105.896 -91.906 0
      vertex 105.8 -91.925 0.2
      vertex 105.896 -91.906 0.2
    endloop
  endfacet
  facet normal -0.194151 0.980972 0
    outer loop
      vertex 105.8 -91.925 0.2
      vertex 105.896 -91.906 0
      vertex 105.8 -91.925 0
    endloop
  endfacet
  facet normal -1 0 0
    outer loop
      vertex 106.05 -91.675 0
      vertex 106.05 -91.15 0.2
      vertex 106.05 -91.15 0
    endloop
  endfacet
  facet normal -1 -0 0
    outer loop
      vertex 106.05 -91.15 0.2
      vertex 106.05 -91.675 0
      vertex 106.05 -91.675 0.2
    endloop
  endfacet
  facet normal 0.194151 0.980972 -0
    outer loop
      vertex 104.9 -91.925 0
      vertex 104.804 -91.906 0.2
      vertex 104.9 -91.925 0.2
    endloop
  endfacet
  facet normal 0.194151 0.980972 0
    outer loop
      vertex 104.804 -91.906 0.2
      vertex 104.9 -91.925 0
      vertex 104.804 -91.906 0
    endloop
  endfacet
  facet normal -0.980856 0.194736 0
    outer loop
      vertex 106.031 -91.7707 0
      vertex 106.05 -91.675 0.2
      vertex 106.05 -91.675 0
    endloop
  endfacet
  facet normal -0.980856 0.194736 0
    outer loop
      vertex 106.05 -91.675 0.2
      vertex 106.031 -91.7707 0
      vertex 106.031 -91.7707 0.2
    endloop
  endfacet
  facet normal 0.980856 0.194736 0
    outer loop
      vertex 104.669 -91.7707 0.2
      vertex 104.65 -91.675 0
      vertex 104.65 -91.675 0.2
    endloop
  endfacet
  facet normal 0.980856 0.194736 0
    outer loop
      vertex 104.65 -91.675 0
      vertex 104.669 -91.7707 0.2
      vertex 104.669 -91.7707 0
    endloop
  endfacet
  facet normal -0.55612 -0.831102 0
    outer loop
      vertex 105.896 -90.919 0
      vertex 105.977 -90.9732 0.2
      vertex 105.896 -90.919 0.2
    endloop
  endfacet
  facet normal -0.55612 -0.831102 -0
    outer loop
      vertex 105.977 -90.9732 0.2
      vertex 105.896 -90.919 0
      vertex 105.977 -90.9732 0
    endloop
  endfacet
  facet normal 0.832366 -0.554226 0
    outer loop
      vertex 104.669 -91.0543 0.2
      vertex 104.723 -90.9732 0
      vertex 104.723 -90.9732 0.2
    endloop
  endfacet
  facet normal 0.832366 -0.554226 0
    outer loop
      vertex 104.723 -90.9732 0
      vertex 104.669 -91.0543 0.2
      vertex 104.669 -91.0543 0
    endloop
  endfacet
  facet normal -0.980856 -0.194736 0
    outer loop
      vertex 106.05 -91.15 0
      vertex 106.031 -91.0543 0.2
      vertex 106.031 -91.0543 0
    endloop
  endfacet
  facet normal -0.980856 -0.194736 0
    outer loop
      vertex 106.031 -91.0543 0.2
      vertex 106.05 -91.15 0
      vertex 106.05 -91.15 0.2
    endloop
  endfacet
  facet normal 0 -1 0
    outer loop
      vertex 104.9 -90.9 0
      vertex 105.8 -90.9 0.2
      vertex 104.9 -90.9 0.2
    endloop
  endfacet
  facet normal 0 -1 -0
    outer loop
      vertex 105.8 -90.9 0.2
      vertex 104.9 -90.9 0
      vertex 105.8 -90.9 0
    endloop
  endfacet
  facet normal 0.55612 -0.831102 0
    outer loop
      vertex 104.723 -90.9732 0
      vertex 104.804 -90.919 0.2
      vertex 104.723 -90.9732 0.2
    endloop
  endfacet
  facet normal 0.55612 -0.831102 0
    outer loop
      vertex 104.804 -90.919 0.2
      vertex 104.723 -90.9732 0
      vertex 104.804 -90.919 0
    endloop
  endfacet
  facet normal 0 1 -0
    outer loop
      vertex 105.8 -91.925 0
      vertex 104.9 -91.925 0.2
      vertex 105.8 -91.925 0.2
    endloop
  endfacet
  facet normal 0 1 0
    outer loop
      vertex 104.9 -91.925 0.2
      vertex 105.8 -91.925 0
      vertex 104.9 -91.925 0
    endloop
  endfacet
  facet normal 0.194151 -0.980972 0
    outer loop
      vertex 104.804 -90.919 0
      vertex 104.9 -90.9 0.2
      vertex 104.804 -90.919 0.2
    endloop
  endfacet
  facet normal 0.194151 -0.980972 0
    outer loop
      vertex 104.9 -90.9 0.2
      vertex 104.804 -90.919 0
      vertex 104.9 -90.9 0
    endloop
  endfacet
  facet normal 0.55612 0.831102 -0
    outer loop
      vertex 104.804 -91.906 0
      vertex 104.723 -91.8518 0.2
      vertex 104.804 -91.906 0.2
    endloop
  endfacet
  facet normal 0.55612 0.831102 0
    outer loop
      vertex 104.723 -91.8518 0.2
      vertex 104.804 -91.906 0
      vertex 104.723 -91.8518 0
    endloop
  endfacet
  facet normal -0.832366 -0.554226 0
    outer loop
      vertex 106.031 -91.0543 0
      vertex 105.977 -90.9732 0.2
      vertex 105.977 -90.9732 0
    endloop
  endfacet
  facet normal -0.832366 -0.554226 0
    outer loop
      vertex 105.977 -90.9732 0.2
      vertex 106.031 -91.0543 0
      vertex 106.031 -91.0543 0.2
    endloop
  endfacet
  facet normal -0.194151 -0.980972 0
    outer loop
      vertex 105.8 -90.9 0
      vertex 105.896 -90.919 0.2
      vertex 105.8 -90.9 0.2
    endloop
  endfacet
  facet normal -0.194151 -0.980972 -0
    outer loop
      vertex 105.896 -90.919 0.2
      vertex 105.8 -90.9 0
      vertex 105.896 -90.919 0
    endloop
  endfacet
  facet normal -0.832366 0.554226 0
    outer loop
      vertex 105.977 -91.8518 0
      vertex 106.031 -91.7707 0.2
      vertex 106.031 -91.7707 0
    endloop
  endfacet
  facet normal -0.832366 0.554226 0
    outer loop
      vertex 106.031 -91.7707 0.2
      vertex 105.977 -91.8518 0
      vertex 105.977 -91.8518 0.2
    endloop
  endfacet
  facet normal 0.980856 -0.194736 0
    outer loop
      vertex 104.65 -91.15 0.2
      vertex 104.669 -91.0543 0
      vertex 104.669 -91.0543 0.2
    endloop
  endfacet
  facet normal 0.980856 -0.194736 0
    outer loop
      vertex 104.669 -91.0543 0
      vertex 104.65 -91.15 0.2
      vertex 104.65 -91.15 0
    endloop
  endfacet
  facet normal -0.55612 0.831102 0
    outer loop
      vertex 105.977 -91.8518 0
      vertex 105.896 -91.906 0.2
      vertex 105.977 -91.8518 0.2
    endloop
  endfacet
  facet normal -0.55612 0.831102 0
    outer loop
      vertex 105.896 -91.906 0.2
      vertex 105.977 -91.8518 0
      vertex 105.896 -91.906 0
    endloop
  endfacet
  facet normal -0.194151 0.980972 0
    outer loop
      vertex 132.296 -119.468 0
      vertex 132.2 -119.487 0.2
      vertex 132.296 -119.468 0.2
    endloop
  endfacet
  facet normal -0.194151 0.980972 0
    outer loop
      vertex 132.2 -119.487 0.2
      vertex 132.296 -119.468 0
      vertex 132.2 -119.487 0
    endloop
  endfacet
  facet normal 0.980972 0.194151 0
    outer loop
      vertex 131.444 -119.333 0.2
      vertex 131.425 -119.237 0
      vertex 131.425 -119.237 0.2
    endloop
  endfacet
  facet normal 0.980972 0.194151 0
    outer loop
      vertex 131.425 -119.237 0
      vertex 131.444 -119.333 0.2
      vertex 131.444 -119.333 0
    endloop
  endfacet
  facet normal -0.83205 -0.5547 0
    outer loop
      vertex 132.431 -118.242 0
      vertex 132.377 -118.161 0.2
      vertex 132.377 -118.161 0
    endloop
  endfacet
  facet normal -0.83205 -0.5547 0
    outer loop
      vertex 132.377 -118.161 0.2
      vertex 132.431 -118.242 0
      vertex 132.431 -118.242 0.2
    endloop
  endfacet
  facet normal 0.194151 0.980972 -0
    outer loop
      vertex 131.675 -119.487 0
      vertex 131.579 -119.468 0.2
      vertex 131.675 -119.487 0.2
    endloop
  endfacet
  facet normal 0.194151 0.980972 0
    outer loop
      vertex 131.579 -119.468 0.2
      vertex 131.675 -119.487 0
      vertex 131.579 -119.468 0
    endloop
  endfacet
  facet normal 1 -0 0
    outer loop
      vertex 131.425 -119.237 0.2
      vertex 131.425 -118.337 0
      vertex 131.425 -118.337 0.2
    endloop
  endfacet
  facet normal 1 0 0
    outer loop
      vertex 131.425 -118.337 0
      vertex 131.425 -119.237 0.2
      vertex 131.425 -119.237 0
    endloop
  endfacet
  facet normal -0.194151 -0.980972 0
    outer loop
      vertex 132.2 -118.087 0
      vertex 132.296 -118.106 0.2
      vertex 132.2 -118.087 0.2
    endloop
  endfacet
  facet normal -0.194151 -0.980972 -0
    outer loop
      vertex 132.296 -118.106 0.2
      vertex 132.2 -118.087 0
      vertex 132.296 -118.106 0
    endloop
  endfacet
  facet normal -0.980581 -0.196116 0
    outer loop
      vertex 132.45 -118.337 0
      vertex 132.431 -118.242 0.2
      vertex 132.431 -118.242 0
    endloop
  endfacet
  facet normal -0.980581 -0.196116 0
    outer loop
      vertex 132.431 -118.242 0.2
      vertex 132.45 -118.337 0
      vertex 132.45 -118.337 0.2
    endloop
  endfacet
  facet normal 0.83205 0.5547 0
    outer loop
      vertex 131.498 -119.414 0.2
      vertex 131.444 -119.333 0
      vertex 131.444 -119.333 0.2
    endloop
  endfacet
  facet normal 0.83205 0.5547 0
    outer loop
      vertex 131.444 -119.333 0
      vertex 131.498 -119.414 0.2
      vertex 131.498 -119.414 0
    endloop
  endfacet
  facet normal 0.5547 0.83205 -0
    outer loop
      vertex 131.579 -119.468 0
      vertex 131.498 -119.414 0.2
      vertex 131.579 -119.468 0.2
    endloop
  endfacet
  facet normal 0.5547 0.83205 0
    outer loop
      vertex 131.498 -119.414 0.2
      vertex 131.579 -119.468 0
      vertex 131.498 -119.414 0
    endloop
  endfacet
  facet normal 0.980581 -0.196116 0
    outer loop
      vertex 131.425 -118.337 0.2
      vertex 131.444 -118.242 0
      vertex 131.444 -118.242 0.2
    endloop
  endfacet
  facet normal 0.980581 -0.196116 0
    outer loop
      vertex 131.444 -118.242 0
      vertex 131.425 -118.337 0.2
      vertex 131.425 -118.337 0
    endloop
  endfacet
  facet normal 0.83205 -0.5547 0
    outer loop
      vertex 131.444 -118.242 0.2
      vertex 131.498 -118.161 0
      vertex 131.498 -118.161 0.2
    endloop
  endfacet
  facet normal 0.83205 -0.5547 0
    outer loop
      vertex 131.498 -118.161 0
      vertex 131.444 -118.242 0.2
      vertex 131.444 -118.242 0
    endloop
  endfacet
  facet normal 0.194151 -0.980972 0
    outer loop
      vertex 131.579 -118.106 0
      vertex 131.675 -118.087 0.2
      vertex 131.579 -118.106 0.2
    endloop
  endfacet
  facet normal 0.194151 -0.980972 0
    outer loop
      vertex 131.675 -118.087 0.2
      vertex 131.579 -118.106 0
      vertex 131.675 -118.087 0
    endloop
  endfacet
  facet normal 0 -1 0
    outer loop
      vertex 131.675 -118.087 0
      vertex 132.2 -118.087 0.2
      vertex 131.675 -118.087 0.2
    endloop
  endfacet
  facet normal 0 -1 -0
    outer loop
      vertex 132.2 -118.087 0.2
      vertex 131.675 -118.087 0
      vertex 132.2 -118.087 0
    endloop
  endfacet
  facet normal 0.561751 -0.827306 0
    outer loop
      vertex 131.498 -118.161 0
      vertex 131.579 -118.106 0.2
      vertex 131.498 -118.161 0.2
    endloop
  endfacet
  facet normal 0.561751 -0.827306 0
    outer loop
      vertex 131.579 -118.106 0.2
      vertex 131.498 -118.161 0
      vertex 131.579 -118.106 0
    endloop
  endfacet
  facet normal 0 1 -0
    outer loop
      vertex 132.2 -119.487 0
      vertex 131.675 -119.487 0.2
      vertex 132.2 -119.487 0.2
    endloop
  endfacet
  facet normal 0 1 0
    outer loop
      vertex 131.675 -119.487 0.2
      vertex 132.2 -119.487 0
      vertex 131.675 -119.487 0
    endloop
  endfacet
  facet normal -0.83205 0.5547 0
    outer loop
      vertex 132.377 -119.414 0
      vertex 132.431 -119.333 0.2
      vertex 132.431 -119.333 0
    endloop
  endfacet
  facet normal -0.83205 0.5547 0
    outer loop
      vertex 132.431 -119.333 0.2
      vertex 132.377 -119.414 0
      vertex 132.377 -119.414 0.2
    endloop
  endfacet
  facet normal -1 0 0
    outer loop
      vertex 132.45 -119.237 0
      vertex 132.45 -118.337 0.2
      vertex 132.45 -118.337 0
    endloop
  endfacet
  facet normal -1 -0 0
    outer loop
      vertex 132.45 -118.337 0.2
      vertex 132.45 -119.237 0
      vertex 132.45 -119.237 0.2
    endloop
  endfacet
  facet normal -0.561751 -0.827306 0
    outer loop
      vertex 132.296 -118.106 0
      vertex 132.377 -118.161 0.2
      vertex 132.296 -118.106 0.2
    endloop
  endfacet
  facet normal -0.561751 -0.827306 -0
    outer loop
      vertex 132.377 -118.161 0.2
      vertex 132.296 -118.106 0
      vertex 132.377 -118.161 0
    endloop
  endfacet
  facet normal -0.980972 0.194151 0
    outer loop
      vertex 132.431 -119.333 0
      vertex 132.45 -119.237 0.2
      vertex 132.45 -119.237 0
    endloop
  endfacet
  facet normal -0.980972 0.194151 0
    outer loop
      vertex 132.45 -119.237 0.2
      vertex 132.431 -119.333 0
      vertex 132.431 -119.333 0.2
    endloop
  endfacet
  facet normal -0.5547 0.83205 0
    outer loop
      vertex 132.377 -119.414 0
      vertex 132.296 -119.468 0.2
      vertex 132.377 -119.414 0.2
    endloop
  endfacet
  facet normal -0.5547 0.83205 0
    outer loop
      vertex 132.296 -119.468 0.2
      vertex 132.377 -119.414 0
      vertex 132.296 -119.468 0
    endloop
  endfacet
  facet normal -0.194151 0.980972 0
    outer loop
      vertex 130.471 -119.468 0
      vertex 130.375 -119.487 0.2
      vertex 130.471 -119.468 0.2
    endloop
  endfacet
  facet normal -0.194151 0.980972 0
    outer loop
      vertex 130.375 -119.487 0.2
      vertex 130.471 -119.468 0
      vertex 130.375 -119.487 0
    endloop
  endfacet
  facet normal 0.83205 -0.5547 0
    outer loop
      vertex 129.619 -118.242 0.2
      vertex 129.673 -118.161 0
      vertex 129.673 -118.161 0.2
    endloop
  endfacet
  facet normal 0.83205 -0.5547 0
    outer loop
      vertex 129.673 -118.161 0
      vertex 129.619 -118.242 0.2
      vertex 129.619 -118.242 0
    endloop
  endfacet
  facet normal 0.5547 0.83205 -0
    outer loop
      vertex 129.754 -119.468 0
      vertex 129.673 -119.414 0.2
      vertex 129.754 -119.468 0.2
    endloop
  endfacet
  facet normal 0.5547 0.83205 0
    outer loop
      vertex 129.673 -119.414 0.2
      vertex 129.754 -119.468 0
      vertex 129.673 -119.414 0
    endloop
  endfacet
  facet normal -0.194151 -0.980972 0
    outer loop
      vertex 130.375 -118.087 0
      vertex 130.471 -118.106 0.2
      vertex 130.375 -118.087 0.2
    endloop
  endfacet
  facet normal -0.194151 -0.980972 -0
    outer loop
      vertex 130.471 -118.106 0.2
      vertex 130.375 -118.087 0
      vertex 130.471 -118.106 0
    endloop
  endfacet
  facet normal 1 -0 0
    outer loop
      vertex 129.6 -119.237 0.2
      vertex 129.6 -118.337 0
      vertex 129.6 -118.337 0.2
    endloop
  endfacet
  facet normal 1 0 0
    outer loop
      vertex 129.6 -118.337 0
      vertex 129.6 -119.237 0.2
      vertex 129.6 -119.237 0
    endloop
  endfacet
  facet normal 0 -1 0
    outer loop
      vertex 129.85 -118.087 0
      vertex 130.375 -118.087 0.2
      vertex 129.85 -118.087 0.2
    endloop
  endfacet
  facet normal 0 -1 -0
    outer loop
      vertex 130.375 -118.087 0.2
      vertex 129.85 -118.087 0
      vertex 130.375 -118.087 0
    endloop
  endfacet
  facet normal 0.980581 -0.196116 0
    outer loop
      vertex 129.6 -118.337 0.2
      vertex 129.619 -118.242 0
      vertex 129.619 -118.242 0.2
    endloop
  endfacet
  facet normal 0.980581 -0.196116 0
    outer loop
      vertex 129.619 -118.242 0
      vertex 129.6 -118.337 0.2
      vertex 129.6 -118.337 0
    endloop
  endfacet
  facet normal 0.980972 0.194151 0
    outer loop
      vertex 129.619 -119.333 0.2
      vertex 129.6 -119.237 0
      vertex 129.6 -119.237 0.2
    endloop
  endfacet
  facet normal 0.980972 0.194151 0
    outer loop
      vertex 129.6 -119.237 0
      vertex 129.619 -119.333 0.2
      vertex 129.619 -119.333 0
    endloop
  endfacet
  facet normal -0.561751 -0.827306 0
    outer loop
      vertex 130.471 -118.106 0
      vertex 130.552 -118.161 0.2
      vertex 130.471 -118.106 0.2
    endloop
  endfacet
  facet normal -0.561751 -0.827306 -0
    outer loop
      vertex 130.552 -118.161 0.2
      vertex 130.471 -118.106 0
      vertex 130.552 -118.161 0
    endloop
  endfacet
  facet normal 0.561751 -0.827306 0
    outer loop
      vertex 129.673 -118.161 0
      vertex 129.754 -118.106 0.2
      vertex 129.673 -118.161 0.2
    endloop
  endfacet
  facet normal 0.561751 -0.827306 0
    outer loop
      vertex 129.754 -118.106 0.2
      vertex 129.673 -118.161 0
      vertex 129.754 -118.106 0
    endloop
  endfacet
  facet normal -0.83205 0.5547 0
    outer loop
      vertex 130.552 -119.414 0
      vertex 130.606 -119.333 0.2
      vertex 130.606 -119.333 0
    endloop
  endfacet
  facet normal -0.83205 0.5547 0
    outer loop
      vertex 130.606 -119.333 0.2
      vertex 130.552 -119.414 0
      vertex 130.552 -119.414 0.2
    endloop
  endfacet
  facet normal -0.83205 -0.5547 0
    outer loop
      vertex 130.606 -118.242 0
      vertex 130.552 -118.161 0.2
      vertex 130.552 -118.161 0
    endloop
  endfacet
  facet normal -0.83205 -0.5547 0
    outer loop
      vertex 130.552 -118.161 0.2
      vertex 130.606 -118.242 0
      vertex 130.606 -118.242 0.2
    endloop
  endfacet
  facet normal 0.194151 0.980972 -0
    outer loop
      vertex 129.85 -119.487 0
      vertex 129.754 -119.468 0.2
      vertex 129.85 -119.487 0.2
    endloop
  endfacet
  facet normal 0.194151 0.980972 0
    outer loop
      vertex 129.754 -119.468 0.2
      vertex 129.85 -119.487 0
      vertex 129.754 -119.468 0
    endloop
  endfacet
  facet normal 0.83205 0.5547 0
    outer loop
      vertex 129.673 -119.414 0.2
      vertex 129.619 -119.333 0
      vertex 129.619 -119.333 0.2
    endloop
  endfacet
  facet normal 0.83205 0.5547 0
    outer loop
      vertex 129.619 -119.333 0
      vertex 129.673 -119.414 0.2
      vertex 129.673 -119.414 0
    endloop
  endfacet
  facet normal -0.980581 -0.196116 0
    outer loop
      vertex 130.625 -118.337 0
      vertex 130.606 -118.242 0.2
      vertex 130.606 -118.242 0
    endloop
  endfacet
  facet normal -0.980581 -0.196116 0
    outer loop
      vertex 130.606 -118.242 0.2
      vertex 130.625 -118.337 0
      vertex 130.625 -118.337 0.2
    endloop
  endfacet
  facet normal 0.194151 -0.980972 0
    outer loop
      vertex 129.754 -118.106 0
      vertex 129.85 -118.087 0.2
      vertex 129.754 -118.106 0.2
    endloop
  endfacet
  facet normal 0.194151 -0.980972 0
    outer loop
      vertex 129.85 -118.087 0.2
      vertex 129.754 -118.106 0
      vertex 129.85 -118.087 0
    endloop
  endfacet
  facet normal 0 1 -0
    outer loop
      vertex 130.375 -119.487 0
      vertex 129.85 -119.487 0.2
      vertex 130.375 -119.487 0.2
    endloop
  endfacet
  facet normal 0 1 0
    outer loop
      vertex 129.85 -119.487 0.2
      vertex 130.375 -119.487 0
      vertex 129.85 -119.487 0
    endloop
  endfacet
  facet normal -0.980972 0.194151 0
    outer loop
      vertex 130.606 -119.333 0
      vertex 130.625 -119.237 0.2
      vertex 130.625 -119.237 0
    endloop
  endfacet
  facet normal -0.980972 0.194151 0
    outer loop
      vertex 130.625 -119.237 0.2
      vertex 130.606 -119.333 0
      vertex 130.606 -119.333 0.2
    endloop
  endfacet
  facet normal -0.5547 0.83205 0
    outer loop
      vertex 130.552 -119.414 0
      vertex 130.471 -119.468 0.2
      vertex 130.552 -119.414 0.2
    endloop
  endfacet
  facet normal -0.5547 0.83205 0
    outer loop
      vertex 130.471 -119.468 0.2
      vertex 130.552 -119.414 0
      vertex 130.471 -119.468 0
    endloop
  endfacet
  facet normal -1 0 0
    outer loop
      vertex 130.625 -119.237 0
      vertex 130.625 -118.337 0.2
      vertex 130.625 -118.337 0
    endloop
  endfacet
  facet normal -1 -0 0
    outer loop
      vertex 130.625 -118.337 0.2
      vertex 130.625 -119.237 0
      vertex 130.625 -119.237 0.2
    endloop
  endfacet
  facet normal 0.194151 0.980972 -0
    outer loop
      vertex 111.925 -90.1 0
      vertex 111.829 -90.081 0.2
      vertex 111.925 -90.1 0.2
    endloop
  endfacet
  facet normal 0.194151 0.980972 0
    outer loop
      vertex 111.829 -90.081 0.2
      vertex 111.925 -90.1 0
      vertex 111.829 -90.081 0
    endloop
  endfacet
  facet normal -0.194151 0.980972 0
    outer loop
      vertex 112.921 -90.081 0
      vertex 112.825 -90.1 0.2
      vertex 112.921 -90.081 0.2
    endloop
  endfacet
  facet normal -0.194151 0.980972 0
    outer loop
      vertex 112.825 -90.1 0.2
      vertex 112.921 -90.081 0
      vertex 112.825 -90.1 0
    endloop
  endfacet
  facet normal -1 0 0
    outer loop
      vertex 113.075 -89.85 0
      vertex 113.075 -89.325 0.2
      vertex 113.075 -89.325 0
    endloop
  endfacet
  facet normal -1 -0 0
    outer loop
      vertex 113.075 -89.325 0.2
      vertex 113.075 -89.85 0
      vertex 113.075 -89.85 0.2
    endloop
  endfacet
  facet normal 0 1 -0
    outer loop
      vertex 112.825 -90.1 0
      vertex 111.925 -90.1 0.2
      vertex 112.825 -90.1 0.2
    endloop
  endfacet
  facet normal 0 1 0
    outer loop
      vertex 111.925 -90.1 0.2
      vertex 112.825 -90.1 0
      vertex 111.925 -90.1 0
    endloop
  endfacet
  facet normal -0.55612 -0.831102 0
    outer loop
      vertex 112.921 -89.094 0
      vertex 113.002 -89.1482 0.2
      vertex 112.921 -89.094 0.2
    endloop
  endfacet
  facet normal -0.55612 -0.831102 -0
    outer loop
      vertex 113.002 -89.1482 0.2
      vertex 112.921 -89.094 0
      vertex 113.002 -89.1482 0
    endloop
  endfacet
  facet normal -0.832366 0.554226 0
    outer loop
      vertex 113.002 -90.0268 0
      vertex 113.056 -89.9457 0.2
      vertex 113.056 -89.9457 0
    endloop
  endfacet
  facet normal -0.832366 0.554226 0
    outer loop
      vertex 113.056 -89.9457 0.2
      vertex 113.002 -90.0268 0
      vertex 113.002 -90.0268 0.2
    endloop
  endfacet
  facet normal -0.194151 -0.980972 0
    outer loop
      vertex 112.825 -89.075 0
      vertex 112.921 -89.094 0.2
      vertex 112.825 -89.075 0.2
    endloop
  endfacet
  facet normal -0.194151 -0.980972 -0
    outer loop
      vertex 112.921 -89.094 0.2
      vertex 112.825 -89.075 0
      vertex 112.921 -89.094 0
    endloop
  endfacet
  facet normal 0.55612 0.831102 -0
    outer loop
      vertex 111.829 -90.081 0
      vertex 111.748 -90.0268 0.2
      vertex 111.829 -90.081 0.2
    endloop
  endfacet
  facet normal 0.55612 0.831102 0
    outer loop
      vertex 111.748 -90.0268 0.2
      vertex 111.829 -90.081 0
      vertex 111.748 -90.0268 0
    endloop
  endfacet
  facet normal 0.832366 0.554226 0
    outer loop
      vertex 111.748 -90.0268 0.2
      vertex 111.694 -89.9457 0
      vertex 111.694 -89.9457 0.2
    endloop
  endfacet
  facet normal 0.832366 0.554226 0
    outer loop
      vertex 111.694 -89.9457 0
      vertex 111.748 -90.0268 0.2
      vertex 111.748 -90.0268 0
    endloop
  endfacet
  facet normal 0 -1 0
    outer loop
      vertex 111.925 -89.075 0
      vertex 112.825 -89.075 0.2
      vertex 111.925 -89.075 0.2
    endloop
  endfacet
  facet normal 0 -1 -0
    outer loop
      vertex 112.825 -89.075 0.2
      vertex 111.925 -89.075 0
      vertex 112.825 -89.075 0
    endloop
  endfacet
  facet normal 0.55612 -0.831102 0
    outer loop
      vertex 111.748 -89.1482 0
      vertex 111.829 -89.094 0.2
      vertex 111.748 -89.1482 0.2
    endloop
  endfacet
  facet normal 0.55612 -0.831102 0
    outer loop
      vertex 111.829 -89.094 0.2
      vertex 111.748 -89.1482 0
      vertex 111.829 -89.094 0
    endloop
  endfacet
  facet normal 0.194151 -0.980972 0
    outer loop
      vertex 111.829 -89.094 0
      vertex 111.925 -89.075 0.2
      vertex 111.829 -89.094 0.2
    endloop
  endfacet
  facet normal 0.194151 -0.980972 0
    outer loop
      vertex 111.925 -89.075 0.2
      vertex 111.829 -89.094 0
      vertex 111.925 -89.075 0
    endloop
  endfacet
  facet normal 0.980856 -0.194736 0
    outer loop
      vertex 111.675 -89.325 0.2
      vertex 111.694 -89.2293 0
      vertex 111.694 -89.2293 0.2
    endloop
  endfacet
  facet normal 0.980856 -0.194736 0
    outer loop
      vertex 111.694 -89.2293 0
      vertex 111.675 -89.325 0.2
      vertex 111.675 -89.325 0
    endloop
  endfacet
  facet normal -0.55612 0.831102 0
    outer loop
      vertex 113.002 -90.0268 0
      vertex 112.921 -90.081 0.2
      vertex 113.002 -90.0268 0.2
    endloop
  endfacet
  facet normal -0.55612 0.831102 0
    outer loop
      vertex 112.921 -90.081 0.2
      vertex 113.002 -90.0268 0
      vertex 112.921 -90.081 0
    endloop
  endfacet
  facet normal 0.832366 -0.554226 0
    outer loop
      vertex 111.694 -89.2293 0.2
      vertex 111.748 -89.1482 0
      vertex 111.748 -89.1482 0.2
    endloop
  endfacet
  facet normal 0.832366 -0.554226 0
    outer loop
      vertex 111.748 -89.1482 0
      vertex 111.694 -89.2293 0.2
      vertex 111.694 -89.2293 0
    endloop
  endfacet
  facet normal -0.980856 -0.194736 0
    outer loop
      vertex 113.075 -89.325 0
      vertex 113.056 -89.2293 0.2
      vertex 113.056 -89.2293 0
    endloop
  endfacet
  facet normal -0.980856 -0.194736 0
    outer loop
      vertex 113.056 -89.2293 0.2
      vertex 113.075 -89.325 0
      vertex 113.075 -89.325 0.2
    endloop
  endfacet
  facet normal 1 -0 0
    outer loop
      vertex 111.675 -89.85 0.2
      vertex 111.675 -89.325 0
      vertex 111.675 -89.325 0.2
    endloop
  endfacet
  facet normal 1 0 0
    outer loop
      vertex 111.675 -89.325 0
      vertex 111.675 -89.85 0.2
      vertex 111.675 -89.85 0
    endloop
  endfacet
  facet normal -0.832366 -0.554226 0
    outer loop
      vertex 113.056 -89.2293 0
      vertex 113.002 -89.1482 0.2
      vertex 113.002 -89.1482 0
    endloop
  endfacet
  facet normal -0.832366 -0.554226 0
    outer loop
      vertex 113.002 -89.1482 0.2
      vertex 113.056 -89.2293 0
      vertex 113.056 -89.2293 0.2
    endloop
  endfacet
  facet normal -0.980856 0.194736 0
    outer loop
      vertex 113.056 -89.9457 0
      vertex 113.075 -89.85 0.2
      vertex 113.075 -89.85 0
    endloop
  endfacet
  facet normal -0.980856 0.194736 0
    outer loop
      vertex 113.075 -89.85 0.2
      vertex 113.056 -89.9457 0
      vertex 113.056 -89.9457 0.2
    endloop
  endfacet
  facet normal 0.980856 0.194736 0
    outer loop
      vertex 111.694 -89.9457 0.2
      vertex 111.675 -89.85 0
      vertex 111.675 -89.85 0.2
    endloop
  endfacet
  facet normal 0.980856 0.194736 0
    outer loop
      vertex 111.675 -89.85 0
      vertex 111.694 -89.9457 0.2
      vertex 111.694 -89.9457 0
    endloop
  endfacet
  facet normal 1 -0 0
    outer loop
      vertex 111.675 -91.675 0.2
      vertex 111.675 -91.15 0
      vertex 111.675 -91.15 0.2
    endloop
  endfacet
  facet normal 1 0 0
    outer loop
      vertex 111.675 -91.15 0
      vertex 111.675 -91.675 0.2
      vertex 111.675 -91.675 0
    endloop
  endfacet
  facet normal 0.832366 0.554226 0
    outer loop
      vertex 111.748 -91.8518 0.2
      vertex 111.694 -91.7707 0
      vertex 111.694 -91.7707 0.2
    endloop
  endfacet
  facet normal 0.832366 0.554226 0
    outer loop
      vertex 111.694 -91.7707 0
      vertex 111.748 -91.8518 0.2
      vertex 111.748 -91.8518 0
    endloop
  endfacet
  facet normal -0.194151 0.980972 0
    outer loop
      vertex 112.921 -91.906 0
      vertex 112.825 -91.925 0.2
      vertex 112.921 -91.906 0.2
    endloop
  endfacet
  facet normal -0.194151 0.980972 0
    outer loop
      vertex 112.825 -91.925 0.2
      vertex 112.921 -91.906 0
      vertex 112.825 -91.925 0
    endloop
  endfacet
  facet normal -1 0 0
    outer loop
      vertex 113.075 -91.675 0
      vertex 113.075 -91.15 0.2
      vertex 113.075 -91.15 0
    endloop
  endfacet
  facet normal -1 -0 0
    outer loop
      vertex 113.075 -91.15 0.2
      vertex 113.075 -91.675 0
      vertex 113.075 -91.675 0.2
    endloop
  endfacet
  facet normal 0.194151 0.980972 -0
    outer loop
      vertex 111.925 -91.925 0
      vertex 111.829 -91.906 0.2
      vertex 111.925 -91.925 0.2
    endloop
  endfacet
  facet normal 0.194151 0.980972 0
    outer loop
      vertex 111.829 -91.906 0.2
      vertex 111.925 -91.925 0
      vertex 111.829 -91.906 0
    endloop
  endfacet
  facet normal 0.980856 0.194736 0
    outer loop
      vertex 111.694 -91.7707 0.2
      vertex 111.675 -91.675 0
      vertex 111.675 -91.675 0.2
    endloop
  endfacet
  facet normal 0.980856 0.194736 0
    outer loop
      vertex 111.675 -91.675 0
      vertex 111.694 -91.7707 0.2
      vertex 111.694 -91.7707 0
    endloop
  endfacet
  facet normal -0.55612 -0.831102 0
    outer loop
      vertex 112.921 -90.919 0
      vertex 113.002 -90.9732 0.2
      vertex 112.921 -90.919 0.2
    endloop
  endfacet
  facet normal -0.55612 -0.831102 -0
    outer loop
      vertex 113.002 -90.9732 0.2
      vertex 112.921 -90.919 0
      vertex 113.002 -90.9732 0
    endloop
  endfacet
  facet normal 0.832366 -0.554226 0
    outer loop
      vertex 111.694 -91.0543 0.2
      vertex 111.748 -90.9732 0
      vertex 111.748 -90.9732 0.2
    endloop
  endfacet
  facet normal 0.832366 -0.554226 0
    outer loop
      vertex 111.748 -90.9732 0
      vertex 111.694 -91.0543 0.2
      vertex 111.694 -91.0543 0
    endloop
  endfacet
  facet normal -0.980856 -0.194736 0
    outer loop
      vertex 113.075 -91.15 0
      vertex 113.056 -91.0543 0.2
      vertex 113.056 -91.0543 0
    endloop
  endfacet
  facet normal -0.980856 -0.194736 0
    outer loop
      vertex 113.056 -91.0543 0.2
      vertex 113.075 -91.15 0
      vertex 113.075 -91.15 0.2
    endloop
  endfacet
  facet normal 0 -1 0
    outer loop
      vertex 111.925 -90.9 0
      vertex 112.825 -90.9 0.2
      vertex 111.925 -90.9 0.2
    endloop
  endfacet
  facet normal 0 -1 -0
    outer loop
      vertex 112.825 -90.9 0.2
      vertex 111.925 -90.9 0
      vertex 112.825 -90.9 0
    endloop
  endfacet
  facet normal 0.55612 -0.831102 0
    outer loop
      vertex 111.748 -90.9732 0
      vertex 111.829 -90.919 0.2
      vertex 111.748 -90.9732 0.2
    endloop
  endfacet
  facet normal 0.55612 -0.831102 0
    outer loop
      vertex 111.829 -90.919 0.2
      vertex 111.748 -90.9732 0
      vertex 111.829 -90.919 0
    endloop
  endfacet
  facet normal 0 1 -0
    outer loop
      vertex 112.825 -91.925 0
      vertex 111.925 -91.925 0.2
      vertex 112.825 -91.925 0.2
    endloop
  endfacet
  facet normal 0 1 0
    outer loop
      vertex 111.925 -91.925 0.2
      vertex 112.825 -91.925 0
      vertex 111.925 -91.925 0
    endloop
  endfacet
  facet normal 0.194151 -0.980972 0
    outer loop
      vertex 111.829 -90.919 0
      vertex 111.925 -90.9 0.2
      vertex 111.829 -90.919 0.2
    endloop
  endfacet
  facet normal 0.194151 -0.980972 0
    outer loop
      vertex 111.925 -90.9 0.2
      vertex 111.829 -90.919 0
      vertex 111.925 -90.9 0
    endloop
  endfacet
  facet normal 0.55612 0.831102 -0
    outer loop
      vertex 111.829 -91.906 0
      vertex 111.748 -91.8518 0.2
      vertex 111.829 -91.906 0.2
    endloop
  endfacet
  facet normal 0.55612 0.831102 0
    outer loop
      vertex 111.748 -91.8518 0.2
      vertex 111.829 -91.906 0
      vertex 111.748 -91.8518 0
    endloop
  endfacet
  facet normal -0.832366 -0.554226 0
    outer loop
      vertex 113.056 -91.0543 0
      vertex 113.002 -90.9732 0.2
      vertex 113.002 -90.9732 0
    endloop
  endfacet
  facet normal -0.832366 -0.554226 0
    outer loop
      vertex 113.002 -90.9732 0.2
      vertex 113.056 -91.0543 0
      vertex 113.056 -91.0543 0.2
    endloop
  endfacet
  facet normal -0.194151 -0.980972 0
    outer loop
      vertex 112.825 -90.9 0
      vertex 112.921 -90.919 0.2
      vertex 112.825 -90.9 0.2
    endloop
  endfacet
  facet normal -0.194151 -0.980972 -0
    outer loop
      vertex 112.921 -90.919 0.2
      vertex 112.825 -90.9 0
      vertex 112.921 -90.919 0
    endloop
  endfacet
  facet normal -0.832366 0.554226 0
    outer loop
      vertex 113.002 -91.8518 0
      vertex 113.056 -91.7707 0.2
      vertex 113.056 -91.7707 0
    endloop
  endfacet
  facet normal -0.832366 0.554226 0
    outer loop
      vertex 113.056 -91.7707 0.2
      vertex 113.002 -91.8518 0
      vertex 113.002 -91.8518 0.2
    endloop
  endfacet
  facet normal 0.980856 -0.194736 0
    outer loop
      vertex 111.675 -91.15 0.2
      vertex 111.694 -91.0543 0
      vertex 111.694 -91.0543 0.2
    endloop
  endfacet
  facet normal 0.980856 -0.194736 0
    outer loop
      vertex 111.694 -91.0543 0
      vertex 111.675 -91.15 0.2
      vertex 111.675 -91.15 0
    endloop
  endfacet
  facet normal -0.980856 0.194736 0
    outer loop
      vertex 113.056 -91.7707 0
      vertex 113.075 -91.675 0.2
      vertex 113.075 -91.675 0
    endloop
  endfacet
  facet normal -0.980856 0.194736 0
    outer loop
      vertex 113.075 -91.675 0.2
      vertex 113.056 -91.7707 0
      vertex 113.056 -91.7707 0.2
    endloop
  endfacet
  facet normal -0.55612 0.831102 0
    outer loop
      vertex 113.002 -91.8518 0
      vertex 112.921 -91.906 0.2
      vertex 113.002 -91.8518 0.2
    endloop
  endfacet
  facet normal -0.55612 0.831102 0
    outer loop
      vertex 112.921 -91.906 0.2
      vertex 113.002 -91.8518 0
      vertex 112.921 -91.906 0
    endloop
  endfacet
  facet normal 0.194151 0.980972 -0
    outer loop
      vertex 132.9 -90.1 0
      vertex 132.804 -90.081 0.2
      vertex 132.9 -90.1 0.2
    endloop
  endfacet
  facet normal 0.194151 0.980972 0
    outer loop
      vertex 132.804 -90.081 0.2
      vertex 132.9 -90.1 0
      vertex 132.804 -90.081 0
    endloop
  endfacet
  facet normal -0.194151 0.980972 0
    outer loop
      vertex 133.896 -90.081 0
      vertex 133.8 -90.1 0.2
      vertex 133.896 -90.081 0.2
    endloop
  endfacet
  facet normal -0.194151 0.980972 0
    outer loop
      vertex 133.8 -90.1 0.2
      vertex 133.896 -90.081 0
      vertex 133.8 -90.1 0
    endloop
  endfacet
  facet normal -1 0 0
    outer loop
      vertex 134.05 -89.85 0
      vertex 134.05 -89.325 0.2
      vertex 134.05 -89.325 0
    endloop
  endfacet
  facet normal -1 -0 0
    outer loop
      vertex 134.05 -89.325 0.2
      vertex 134.05 -89.85 0
      vertex 134.05 -89.85 0.2
    endloop
  endfacet
  facet normal 0 1 -0
    outer loop
      vertex 133.8 -90.1 0
      vertex 132.9 -90.1 0.2
      vertex 133.8 -90.1 0.2
    endloop
  endfacet
  facet normal 0 1 0
    outer loop
      vertex 132.9 -90.1 0.2
      vertex 133.8 -90.1 0
      vertex 132.9 -90.1 0
    endloop
  endfacet
  facet normal -0.55612 -0.831102 0
    outer loop
      vertex 133.896 -89.094 0
      vertex 133.977 -89.1482 0.2
      vertex 133.896 -89.094 0.2
    endloop
  endfacet
  facet normal -0.55612 -0.831102 -0
    outer loop
      vertex 133.977 -89.1482 0.2
      vertex 133.896 -89.094 0
      vertex 133.977 -89.1482 0
    endloop
  endfacet
  facet normal -0.832366 0.554226 0
    outer loop
      vertex 133.977 -90.0268 0
      vertex 134.031 -89.9457 0.2
      vertex 134.031 -89.9457 0
    endloop
  endfacet
  facet normal -0.832366 0.554226 0
    outer loop
      vertex 134.031 -89.9457 0.2
      vertex 133.977 -90.0268 0
      vertex 133.977 -90.0268 0.2
    endloop
  endfacet
  facet normal -0.194151 -0.980972 0
    outer loop
      vertex 133.8 -89.075 0
      vertex 133.896 -89.094 0.2
      vertex 133.8 -89.075 0.2
    endloop
  endfacet
  facet normal -0.194151 -0.980972 -0
    outer loop
      vertex 133.896 -89.094 0.2
      vertex 133.8 -89.075 0
      vertex 133.896 -89.094 0
    endloop
  endfacet
  facet normal 0.55612 0.831102 -0
    outer loop
      vertex 132.804 -90.081 0
      vertex 132.723 -90.0268 0.2
      vertex 132.804 -90.081 0.2
    endloop
  endfacet
  facet normal 0.55612 0.831102 0
    outer loop
      vertex 132.723 -90.0268 0.2
      vertex 132.804 -90.081 0
      vertex 132.723 -90.0268 0
    endloop
  endfacet
  facet normal 0.832366 0.554226 0
    outer loop
      vertex 132.723 -90.0268 0.2
      vertex 132.669 -89.9457 0
      vertex 132.669 -89.9457 0.2
    endloop
  endfacet
  facet normal 0.832366 0.554226 0
    outer loop
      vertex 132.669 -89.9457 0
      vertex 132.723 -90.0268 0.2
      vertex 132.723 -90.0268 0
    endloop
  endfacet
  facet normal 0 -1 0
    outer loop
      vertex 132.9 -89.075 0
      vertex 133.8 -89.075 0.2
      vertex 132.9 -89.075 0.2
    endloop
  endfacet
  facet normal 0 -1 -0
    outer loop
      vertex 133.8 -89.075 0.2
      vertex 132.9 -89.075 0
      vertex 133.8 -89.075 0
    endloop
  endfacet
  facet normal 0.55612 -0.831102 0
    outer loop
      vertex 132.723 -89.1482 0
      vertex 132.804 -89.094 0.2
      vertex 132.723 -89.1482 0.2
    endloop
  endfacet
  facet normal 0.55612 -0.831102 0
    outer loop
      vertex 132.804 -89.094 0.2
      vertex 132.723 -89.1482 0
      vertex 132.804 -89.094 0
    endloop
  endfacet
  facet normal 0.194151 -0.980972 0
    outer loop
      vertex 132.804 -89.094 0
      vertex 132.9 -89.075 0.2
      vertex 132.804 -89.094 0.2
    endloop
  endfacet
  facet normal 0.194151 -0.980972 0
    outer loop
      vertex 132.9 -89.075 0.2
      vertex 132.804 -89.094 0
      vertex 132.9 -89.075 0
    endloop
  endfacet
  facet normal 0.980856 -0.194736 0
    outer loop
      vertex 132.65 -89.325 0.2
      vertex 132.669 -89.2293 0
      vertex 132.669 -89.2293 0.2
    endloop
  endfacet
  facet normal 0.980856 -0.194736 0
    outer loop
      vertex 132.669 -89.2293 0
      vertex 132.65 -89.325 0.2
      vertex 132.65 -89.325 0
    endloop
  endfacet
  facet normal -0.55612 0.831102 0
    outer loop
      vertex 133.977 -90.0268 0
      vertex 133.896 -90.081 0.2
      vertex 133.977 -90.0268 0.2
    endloop
  endfacet
  facet normal -0.55612 0.831102 0
    outer loop
      vertex 133.896 -90.081 0.2
      vertex 133.977 -90.0268 0
      vertex 133.896 -90.081 0
    endloop
  endfacet
  facet normal 0.832366 -0.554226 0
    outer loop
      vertex 132.669 -89.2293 0.2
      vertex 132.723 -89.1482 0
      vertex 132.723 -89.1482 0.2
    endloop
  endfacet
  facet normal 0.832366 -0.554226 0
    outer loop
      vertex 132.723 -89.1482 0
      vertex 132.669 -89.2293 0.2
      vertex 132.669 -89.2293 0
    endloop
  endfacet
  facet normal -0.980856 -0.194736 0
    outer loop
      vertex 134.05 -89.325 0
      vertex 134.031 -89.2293 0.2
      vertex 134.031 -89.2293 0
    endloop
  endfacet
  facet normal -0.980856 -0.194736 0
    outer loop
      vertex 134.031 -89.2293 0.2
      vertex 134.05 -89.325 0
      vertex 134.05 -89.325 0.2
    endloop
  endfacet
  facet normal 1 -0 0
    outer loop
      vertex 132.65 -89.85 0.2
      vertex 132.65 -89.325 0
      vertex 132.65 -89.325 0.2
    endloop
  endfacet
  facet normal 1 0 0
    outer loop
      vertex 132.65 -89.325 0
      vertex 132.65 -89.85 0.2
      vertex 132.65 -89.85 0
    endloop
  endfacet
  facet normal -0.832366 -0.554226 0
    outer loop
      vertex 134.031 -89.2293 0
      vertex 133.977 -89.1482 0.2
      vertex 133.977 -89.1482 0
    endloop
  endfacet
  facet normal -0.832366 -0.554226 0
    outer loop
      vertex 133.977 -89.1482 0.2
      vertex 134.031 -89.2293 0
      vertex 134.031 -89.2293 0.2
    endloop
  endfacet
  facet normal -0.980856 0.194736 0
    outer loop
      vertex 134.031 -89.9457 0
      vertex 134.05 -89.85 0.2
      vertex 134.05 -89.85 0
    endloop
  endfacet
  facet normal -0.980856 0.194736 0
    outer loop
      vertex 134.05 -89.85 0.2
      vertex 134.031 -89.9457 0
      vertex 134.031 -89.9457 0.2
    endloop
  endfacet
  facet normal 0.980856 0.194736 0
    outer loop
      vertex 132.669 -89.9457 0.2
      vertex 132.65 -89.85 0
      vertex 132.65 -89.85 0.2
    endloop
  endfacet
  facet normal 0.980856 0.194736 0
    outer loop
      vertex 132.65 -89.85 0
      vertex 132.669 -89.9457 0.2
      vertex 132.669 -89.9457 0
    endloop
  endfacet
  facet normal 1 -0 0
    outer loop
      vertex 132.65 -91.675 0.2
      vertex 132.65 -91.15 0
      vertex 132.65 -91.15 0.2
    endloop
  endfacet
  facet normal 1 0 0
    outer loop
      vertex 132.65 -91.15 0
      vertex 132.65 -91.675 0.2
      vertex 132.65 -91.675 0
    endloop
  endfacet
  facet normal 0.832366 0.554226 0
    outer loop
      vertex 132.723 -91.8518 0.2
      vertex 132.669 -91.7707 0
      vertex 132.669 -91.7707 0.2
    endloop
  endfacet
  facet normal 0.832366 0.554226 0
    outer loop
      vertex 132.669 -91.7707 0
      vertex 132.723 -91.8518 0.2
      vertex 132.723 -91.8518 0
    endloop
  endfacet
  facet normal -0.194151 0.980972 0
    outer loop
      vertex 133.896 -91.906 0
      vertex 133.8 -91.925 0.2
      vertex 133.896 -91.906 0.2
    endloop
  endfacet
  facet normal -0.194151 0.980972 0
    outer loop
      vertex 133.8 -91.925 0.2
      vertex 133.896 -91.906 0
      vertex 133.8 -91.925 0
    endloop
  endfacet
  facet normal -1 0 0
    outer loop
      vertex 134.05 -91.675 0
      vertex 134.05 -91.15 0.2
      vertex 134.05 -91.15 0
    endloop
  endfacet
  facet normal -1 -0 0
    outer loop
      vertex 134.05 -91.15 0.2
      vertex 134.05 -91.675 0
      vertex 134.05 -91.675 0.2
    endloop
  endfacet
  facet normal 0.194151 0.980972 -0
    outer loop
      vertex 132.9 -91.925 0
      vertex 132.804 -91.906 0.2
      vertex 132.9 -91.925 0.2
    endloop
  endfacet
  facet normal 0.194151 0.980972 0
    outer loop
      vertex 132.804 -91.906 0.2
      vertex 132.9 -91.925 0
      vertex 132.804 -91.906 0
    endloop
  endfacet
  facet normal -0.980856 0.194736 0
    outer loop
      vertex 134.031 -91.7707 0
      vertex 134.05 -91.675 0.2
      vertex 134.05 -91.675 0
    endloop
  endfacet
  facet normal -0.980856 0.194736 0
    outer loop
      vertex 134.05 -91.675 0.2
      vertex 134.031 -91.7707 0
      vertex 134.031 -91.7707 0.2
    endloop
  endfacet
  facet normal 0.980856 0.194736 0
    outer loop
      vertex 132.669 -91.7707 0.2
      vertex 132.65 -91.675 0
      vertex 132.65 -91.675 0.2
    endloop
  endfacet
  facet normal 0.980856 0.194736 0
    outer loop
      vertex 132.65 -91.675 0
      vertex 132.669 -91.7707 0.2
      vertex 132.669 -91.7707 0
    endloop
  endfacet
  facet normal -0.55612 -0.831102 0
    outer loop
      vertex 133.896 -90.919 0
      vertex 133.977 -90.9732 0.2
      vertex 133.896 -90.919 0.2
    endloop
  endfacet
  facet normal -0.55612 -0.831102 -0
    outer loop
      vertex 133.977 -90.9732 0.2
      vertex 133.896 -90.919 0
      vertex 133.977 -90.9732 0
    endloop
  endfacet
  facet normal 0.832366 -0.554226 0
    outer loop
      vertex 132.669 -91.0543 0.2
      vertex 132.723 -90.9732 0
      vertex 132.723 -90.9732 0.2
    endloop
  endfacet
  facet normal 0.832366 -0.554226 0
    outer loop
      vertex 132.723 -90.9732 0
      vertex 132.669 -91.0543 0.2
      vertex 132.669 -91.0543 0
    endloop
  endfacet
  facet normal -0.980856 -0.194736 0
    outer loop
      vertex 134.05 -91.15 0
      vertex 134.031 -91.0543 0.2
      vertex 134.031 -91.0543 0
    endloop
  endfacet
  facet normal -0.980856 -0.194736 0
    outer loop
      vertex 134.031 -91.0543 0.2
      vertex 134.05 -91.15 0
      vertex 134.05 -91.15 0.2
    endloop
  endfacet
  facet normal 0 -1 0
    outer loop
      vertex 132.9 -90.9 0
      vertex 133.8 -90.9 0.2
      vertex 132.9 -90.9 0.2
    endloop
  endfacet
  facet normal 0 -1 -0
    outer loop
      vertex 133.8 -90.9 0.2
      vertex 132.9 -90.9 0
      vertex 133.8 -90.9 0
    endloop
  endfacet
  facet normal 0.55612 -0.831102 0
    outer loop
      vertex 132.723 -90.9732 0
      vertex 132.804 -90.919 0.2
      vertex 132.723 -90.9732 0.2
    endloop
  endfacet
  facet normal 0.55612 -0.831102 0
    outer loop
      vertex 132.804 -90.919 0.2
      vertex 132.723 -90.9732 0
      vertex 132.804 -90.919 0
    endloop
  endfacet
  facet normal 0 1 -0
    outer loop
      vertex 133.8 -91.925 0
      vertex 132.9 -91.925 0.2
      vertex 133.8 -91.925 0.2
    endloop
  endfacet
  facet normal 0 1 0
    outer loop
      vertex 132.9 -91.925 0.2
      vertex 133.8 -91.925 0
      vertex 132.9 -91.925 0
    endloop
  endfacet
  facet normal 0.194151 -0.980972 0
    outer loop
      vertex 132.804 -90.919 0
      vertex 132.9 -90.9 0.2
      vertex 132.804 -90.919 0.2
    endloop
  endfacet
  facet normal 0.194151 -0.980972 0
    outer loop
      vertex 132.9 -90.9 0.2
      vertex 132.804 -90.919 0
      vertex 132.9 -90.9 0
    endloop
  endfacet
  facet normal 0.55612 0.831102 -0
    outer loop
      vertex 132.804 -91.906 0
      vertex 132.723 -91.8518 0.2
      vertex 132.804 -91.906 0.2
    endloop
  endfacet
  facet normal 0.55612 0.831102 0
    outer loop
      vertex 132.723 -91.8518 0.2
      vertex 132.804 -91.906 0
      vertex 132.723 -91.8518 0
    endloop
  endfacet
  facet normal -0.832366 -0.554226 0
    outer loop
      vertex 134.031 -91.0543 0
      vertex 133.977 -90.9732 0.2
      vertex 133.977 -90.9732 0
    endloop
  endfacet
  facet normal -0.832366 -0.554226 0
    outer loop
      vertex 133.977 -90.9732 0.2
      vertex 134.031 -91.0543 0
      vertex 134.031 -91.0543 0.2
    endloop
  endfacet
  facet normal -0.194151 -0.980972 0
    outer loop
      vertex 133.8 -90.9 0
      vertex 133.896 -90.919 0.2
      vertex 133.8 -90.9 0.2
    endloop
  endfacet
  facet normal -0.194151 -0.980972 -0
    outer loop
      vertex 133.896 -90.919 0.2
      vertex 133.8 -90.9 0
      vertex 133.896 -90.919 0
    endloop
  endfacet
  facet normal -0.832366 0.554226 0
    outer loop
      vertex 133.977 -91.8518 0
      vertex 134.031 -91.7707 0.2
      vertex 134.031 -91.7707 0
    endloop
  endfacet
  facet normal -0.832366 0.554226 0
    outer loop
      vertex 134.031 -91.7707 0.2
      vertex 133.977 -91.8518 0
      vertex 133.977 -91.8518 0.2
    endloop
  endfacet
  facet normal 0.980856 -0.194736 0
    outer loop
      vertex 132.65 -91.15 0.2
      vertex 132.669 -91.0543 0
      vertex 132.669 -91.0543 0.2
    endloop
  endfacet
  facet normal 0.980856 -0.194736 0
    outer loop
      vertex 132.669 -91.0543 0
      vertex 132.65 -91.15 0.2
      vertex 132.65 -91.15 0
    endloop
  endfacet
  facet normal -0.55612 0.831102 0
    outer loop
      vertex 133.977 -91.8518 0
      vertex 133.896 -91.906 0.2
      vertex 133.977 -91.8518 0.2
    endloop
  endfacet
  facet normal -0.55612 0.831102 0
    outer loop
      vertex 133.896 -91.906 0.2
      vertex 133.977 -91.8518 0
      vertex 133.896 -91.906 0
    endloop
  endfacet
  facet normal -0.829437 0.5586 0
    outer loop
      vertex 154.431 -122.931 0
      vertex 154.464 -122.882 0.2
      vertex 154.464 -122.882 0
    endloop
  endfacet
  facet normal -0.829437 0.5586 0
    outer loop
      vertex 154.464 -122.882 0.2
      vertex 154.431 -122.931 0
      vertex 154.431 -122.931 0.2
    endloop
  endfacet
  facet normal -0.5586 0.829437 0
    outer loop
      vertex 154.431 -122.931 0
      vertex 154.382 -122.964 0.2
      vertex 154.431 -122.931 0.2
    endloop
  endfacet
  facet normal -0.5586 0.829437 0
    outer loop
      vertex 154.382 -122.964 0.2
      vertex 154.431 -122.931 0
      vertex 154.382 -122.964 0
    endloop
  endfacet
  facet normal -0.189486 0.981883 0
    outer loop
      vertex 154.382 -122.964 0
      vertex 154.325 -122.975 0.2
      vertex 154.382 -122.964 0.2
    endloop
  endfacet
  facet normal -0.189486 0.981883 0
    outer loop
      vertex 154.325 -122.975 0.2
      vertex 154.382 -122.964 0
      vertex 154.325 -122.975 0
    endloop
  endfacet
  facet normal 1 -0 0
    outer loop
      vertex 153.15 -122.825 0.2
      vertex 153.15 -122.525 0
      vertex 153.15 -122.525 0.2
    endloop
  endfacet
  facet normal 1 0 0
    outer loop
      vertex 153.15 -122.525 0
      vertex 153.15 -122.825 0.2
      vertex 153.15 -122.825 0
    endloop
  endfacet
  facet normal -0.5586 -0.829437 0
    outer loop
      vertex 154.382 -122.386 0
      vertex 154.431 -122.419 0.2
      vertex 154.382 -122.386 0.2
    endloop
  endfacet
  facet normal -0.5586 -0.829437 -0
    outer loop
      vertex 154.431 -122.419 0.2
      vertex 154.382 -122.386 0
      vertex 154.431 -122.419 0
    endloop
  endfacet
  facet normal 0.189486 -0.981883 0
    outer loop
      vertex 153.243 -122.386 0
      vertex 153.3 -122.375 0.2
      vertex 153.243 -122.386 0.2
    endloop
  endfacet
  facet normal 0.189486 -0.981883 0
    outer loop
      vertex 153.3 -122.375 0.2
      vertex 153.243 -122.386 0
      vertex 153.3 -122.375 0
    endloop
  endfacet
  facet normal -0.981883 -0.189486 0
    outer loop
      vertex 154.475 -122.525 0
      vertex 154.464 -122.468 0.2
      vertex 154.464 -122.468 0
    endloop
  endfacet
  facet normal -0.981883 -0.189486 0
    outer loop
      vertex 154.464 -122.468 0.2
      vertex 154.475 -122.525 0
      vertex 154.475 -122.525 0.2
    endloop
  endfacet
  facet normal 0 1 -0
    outer loop
      vertex 154.325 -122.975 0
      vertex 153.3 -122.975 0.2
      vertex 154.325 -122.975 0.2
    endloop
  endfacet
  facet normal 0 1 0
    outer loop
      vertex 153.3 -122.975 0.2
      vertex 154.325 -122.975 0
      vertex 153.3 -122.975 0
    endloop
  endfacet
  facet normal 0.5586 0.829437 -0
    outer loop
      vertex 153.243 -122.964 0
      vertex 153.194 -122.931 0.2
      vertex 153.243 -122.964 0.2
    endloop
  endfacet
  facet normal 0.5586 0.829437 0
    outer loop
      vertex 153.194 -122.931 0.2
      vertex 153.243 -122.964 0
      vertex 153.194 -122.931 0
    endloop
  endfacet
  facet normal 0.829437 0.5586 0
    outer loop
      vertex 153.194 -122.931 0.2
      vertex 153.161 -122.882 0
      vertex 153.161 -122.882 0.2
    endloop
  endfacet
  facet normal 0.829437 0.5586 0
    outer loop
      vertex 153.161 -122.882 0
      vertex 153.194 -122.931 0.2
      vertex 153.194 -122.931 0
    endloop
  endfacet
  facet normal 0.981883 0.189486 0
    outer loop
      vertex 153.161 -122.882 0.2
      vertex 153.15 -122.825 0
      vertex 153.15 -122.825 0.2
    endloop
  endfacet
  facet normal 0.981883 0.189486 0
    outer loop
      vertex 153.15 -122.825 0
      vertex 153.161 -122.882 0.2
      vertex 153.161 -122.882 0
    endloop
  endfacet
  facet normal 0.981883 -0.189486 0
    outer loop
      vertex 153.15 -122.525 0.2
      vertex 153.161 -122.468 0
      vertex 153.161 -122.468 0.2
    endloop
  endfacet
  facet normal 0.981883 -0.189486 0
    outer loop
      vertex 153.161 -122.468 0
      vertex 153.15 -122.525 0.2
      vertex 153.15 -122.525 0
    endloop
  endfacet
  facet normal 0.189486 0.981883 -0
    outer loop
      vertex 153.3 -122.975 0
      vertex 153.243 -122.964 0.2
      vertex 153.3 -122.975 0.2
    endloop
  endfacet
  facet normal 0.189486 0.981883 0
    outer loop
      vertex 153.243 -122.964 0.2
      vertex 153.3 -122.975 0
      vertex 153.243 -122.964 0
    endloop
  endfacet
  facet normal 0.829437 -0.5586 0
    outer loop
      vertex 153.161 -122.468 0.2
      vertex 153.194 -122.419 0
      vertex 153.194 -122.419 0.2
    endloop
  endfacet
  facet normal 0.829437 -0.5586 0
    outer loop
      vertex 153.194 -122.419 0
      vertex 153.161 -122.468 0.2
      vertex 153.161 -122.468 0
    endloop
  endfacet
  facet normal -1 0 0
    outer loop
      vertex 154.475 -122.825 0
      vertex 154.475 -122.525 0.2
      vertex 154.475 -122.525 0
    endloop
  endfacet
  facet normal -1 -0 0
    outer loop
      vertex 154.475 -122.525 0.2
      vertex 154.475 -122.825 0
      vertex 154.475 -122.825 0.2
    endloop
  endfacet
  facet normal -0.189486 -0.981883 0
    outer loop
      vertex 154.325 -122.375 0
      vertex 154.382 -122.386 0.2
      vertex 154.325 -122.375 0.2
    endloop
  endfacet
  facet normal -0.189486 -0.981883 -0
    outer loop
      vertex 154.382 -122.386 0.2
      vertex 154.325 -122.375 0
      vertex 154.382 -122.386 0
    endloop
  endfacet
  facet normal 0.5586 -0.829437 0
    outer loop
      vertex 153.194 -122.419 0
      vertex 153.243 -122.386 0.2
      vertex 153.194 -122.419 0.2
    endloop
  endfacet
  facet normal 0.5586 -0.829437 0
    outer loop
      vertex 153.243 -122.386 0.2
      vertex 153.194 -122.419 0
      vertex 153.243 -122.386 0
    endloop
  endfacet
  facet normal -0.829437 -0.5586 0
    outer loop
      vertex 154.464 -122.468 0
      vertex 154.431 -122.419 0.2
      vertex 154.431 -122.419 0
    endloop
  endfacet
  facet normal -0.829437 -0.5586 0
    outer loop
      vertex 154.431 -122.419 0.2
      vertex 154.464 -122.468 0
      vertex 154.464 -122.468 0.2
    endloop
  endfacet
  facet normal 0 -1 0
    outer loop
      vertex 153.3 -122.375 0
      vertex 154.325 -122.375 0.2
      vertex 153.3 -122.375 0.2
    endloop
  endfacet
  facet normal 0 -1 -0
    outer loop
      vertex 154.325 -122.375 0.2
      vertex 153.3 -122.375 0
      vertex 154.325 -122.375 0
    endloop
  endfacet
  facet normal -0.981883 0.189486 0
    outer loop
      vertex 154.464 -122.882 0
      vertex 154.475 -122.825 0.2
      vertex 154.475 -122.825 0
    endloop
  endfacet
  facet normal -0.981883 0.189486 0
    outer loop
      vertex 154.475 -122.825 0.2
      vertex 154.464 -122.882 0
      vertex 154.464 -122.882 0.2
    endloop
  endfacet
  facet normal -0.829437 0.5586 0
    outer loop
      vertex 154.431 -123.881 0
      vertex 154.464 -123.832 0.2
      vertex 154.464 -123.832 0
    endloop
  endfacet
  facet normal -0.829437 0.5586 0
    outer loop
      vertex 154.464 -123.832 0.2
      vertex 154.431 -123.881 0
      vertex 154.431 -123.881 0.2
    endloop
  endfacet
  facet normal -0.5586 0.829437 0
    outer loop
      vertex 154.431 -123.881 0
      vertex 154.382 -123.914 0.2
      vertex 154.431 -123.881 0.2
    endloop
  endfacet
  facet normal -0.5586 0.829437 0
    outer loop
      vertex 154.382 -123.914 0.2
      vertex 154.431 -123.881 0
      vertex 154.382 -123.914 0
    endloop
  endfacet
  facet normal -0.189486 0.981883 0
    outer loop
      vertex 154.382 -123.914 0
      vertex 154.325 -123.925 0.2
      vertex 154.382 -123.914 0.2
    endloop
  endfacet
  facet normal -0.189486 0.981883 0
    outer loop
      vertex 154.325 -123.925 0.2
      vertex 154.382 -123.914 0
      vertex 154.325 -123.925 0
    endloop
  endfacet
  facet normal 1 -0 0
    outer loop
      vertex 153.15 -123.775 0.2
      vertex 153.15 -123.475 0
      vertex 153.15 -123.475 0.2
    endloop
  endfacet
  facet normal 1 0 0
    outer loop
      vertex 153.15 -123.475 0
      vertex 153.15 -123.775 0.2
      vertex 153.15 -123.775 0
    endloop
  endfacet
  facet normal -0.5586 -0.829437 0
    outer loop
      vertex 154.382 -123.336 0
      vertex 154.431 -123.369 0.2
      vertex 154.382 -123.336 0.2
    endloop
  endfacet
  facet normal -0.5586 -0.829437 -0
    outer loop
      vertex 154.431 -123.369 0.2
      vertex 154.382 -123.336 0
      vertex 154.431 -123.369 0
    endloop
  endfacet
  facet normal 0.189486 -0.981883 0
    outer loop
      vertex 153.243 -123.336 0
      vertex 153.3 -123.325 0.2
      vertex 153.243 -123.336 0.2
    endloop
  endfacet
  facet normal 0.189486 -0.981883 0
    outer loop
      vertex 153.3 -123.325 0.2
      vertex 153.243 -123.336 0
      vertex 153.3 -123.325 0
    endloop
  endfacet
  facet normal -0.981883 -0.189486 0
    outer loop
      vertex 154.475 -123.475 0
      vertex 154.464 -123.418 0.2
      vertex 154.464 -123.418 0
    endloop
  endfacet
  facet normal -0.981883 -0.189486 0
    outer loop
      vertex 154.464 -123.418 0.2
      vertex 154.475 -123.475 0
      vertex 154.475 -123.475 0.2
    endloop
  endfacet
  facet normal 0 1 -0
    outer loop
      vertex 154.325 -123.925 0
      vertex 153.3 -123.925 0.2
      vertex 154.325 -123.925 0.2
    endloop
  endfacet
  facet normal 0 1 0
    outer loop
      vertex 153.3 -123.925 0.2
      vertex 154.325 -123.925 0
      vertex 153.3 -123.925 0
    endloop
  endfacet
  facet normal 0.5586 0.829437 -0
    outer loop
      vertex 153.243 -123.914 0
      vertex 153.194 -123.881 0.2
      vertex 153.243 -123.914 0.2
    endloop
  endfacet
  facet normal 0.5586 0.829437 0
    outer loop
      vertex 153.194 -123.881 0.2
      vertex 153.243 -123.914 0
      vertex 153.194 -123.881 0
    endloop
  endfacet
  facet normal 0.981883 0.189486 0
    outer loop
      vertex 153.161 -123.832 0.2
      vertex 153.15 -123.775 0
      vertex 153.15 -123.775 0.2
    endloop
  endfacet
  facet normal 0.981883 0.189486 0
    outer loop
      vertex 153.15 -123.775 0
      vertex 153.161 -123.832 0.2
      vertex 153.161 -123.832 0
    endloop
  endfacet
  facet normal 0.981883 -0.189486 0
    outer loop
      vertex 153.15 -123.475 0.2
      vertex 153.161 -123.418 0
      vertex 153.161 -123.418 0.2
    endloop
  endfacet
  facet normal 0.981883 -0.189486 0
    outer loop
      vertex 153.161 -123.418 0
      vertex 153.15 -123.475 0.2
      vertex 153.15 -123.475 0
    endloop
  endfacet
  facet normal 0.189486 0.981883 -0
    outer loop
      vertex 153.3 -123.925 0
      vertex 153.243 -123.914 0.2
      vertex 153.3 -123.925 0.2
    endloop
  endfacet
  facet normal 0.189486 0.981883 0
    outer loop
      vertex 153.243 -123.914 0.2
      vertex 153.3 -123.925 0
      vertex 153.243 -123.914 0
    endloop
  endfacet
  facet normal 0.829437 -0.5586 0
    outer loop
      vertex 153.161 -123.418 0.2
      vertex 153.194 -123.369 0
      vertex 153.194 -123.369 0.2
    endloop
  endfacet
  facet normal 0.829437 -0.5586 0
    outer loop
      vertex 153.194 -123.369 0
      vertex 153.161 -123.418 0.2
      vertex 153.161 -123.418 0
    endloop
  endfacet
  facet normal -0.189486 -0.981883 0
    outer loop
      vertex 154.325 -123.325 0
      vertex 154.382 -123.336 0.2
      vertex 154.325 -123.325 0.2
    endloop
  endfacet
  facet normal -0.189486 -0.981883 -0
    outer loop
      vertex 154.382 -123.336 0.2
      vertex 154.325 -123.325 0
      vertex 154.382 -123.336 0
    endloop
  endfacet
  facet normal 0.5586 -0.829437 0
    outer loop
      vertex 153.194 -123.369 0
      vertex 153.243 -123.336 0.2
      vertex 153.194 -123.369 0.2
    endloop
  endfacet
  facet normal 0.5586 -0.829437 0
    outer loop
      vertex 153.243 -123.336 0.2
      vertex 153.194 -123.369 0
      vertex 153.243 -123.336 0
    endloop
  endfacet
  facet normal 0.829437 0.5586 0
    outer loop
      vertex 153.194 -123.881 0.2
      vertex 153.161 -123.832 0
      vertex 153.161 -123.832 0.2
    endloop
  endfacet
  facet normal 0.829437 0.5586 0
    outer loop
      vertex 153.161 -123.832 0
      vertex 153.194 -123.881 0.2
      vertex 153.194 -123.881 0
    endloop
  endfacet
  facet normal -0.829437 -0.5586 0
    outer loop
      vertex 154.464 -123.418 0
      vertex 154.431 -123.369 0.2
      vertex 154.431 -123.369 0
    endloop
  endfacet
  facet normal -0.829437 -0.5586 0
    outer loop
      vertex 154.431 -123.369 0.2
      vertex 154.464 -123.418 0
      vertex 154.464 -123.418 0.2
    endloop
  endfacet
  facet normal -1 0 0
    outer loop
      vertex 154.475 -123.775 0
      vertex 154.475 -123.475 0.2
      vertex 154.475 -123.475 0
    endloop
  endfacet
  facet normal -1 -0 0
    outer loop
      vertex 154.475 -123.475 0.2
      vertex 154.475 -123.775 0
      vertex 154.475 -123.775 0.2
    endloop
  endfacet
  facet normal 0 -1 0
    outer loop
      vertex 153.3 -123.325 0
      vertex 154.325 -123.325 0.2
      vertex 153.3 -123.325 0.2
    endloop
  endfacet
  facet normal 0 -1 -0
    outer loop
      vertex 154.325 -123.325 0.2
      vertex 153.3 -123.325 0
      vertex 154.325 -123.325 0
    endloop
  endfacet
  facet normal -0.981883 0.189486 0
    outer loop
      vertex 154.464 -123.832 0
      vertex 154.475 -123.775 0.2
      vertex 154.475 -123.775 0
    endloop
  endfacet
  facet normal -0.981883 0.189486 0
    outer loop
      vertex 154.475 -123.775 0.2
      vertex 154.464 -123.832 0
      vertex 154.464 -123.832 0.2
    endloop
  endfacet
  facet normal -0.829437 0.5586 0
    outer loop
      vertex 154.431 -124.831 0
      vertex 154.464 -124.782 0.2
      vertex 154.464 -124.782 0
    endloop
  endfacet
  facet normal -0.829437 0.5586 0
    outer loop
      vertex 154.464 -124.782 0.2
      vertex 154.431 -124.831 0
      vertex 154.431 -124.831 0.2
    endloop
  endfacet
  facet normal -0.5586 0.829437 0
    outer loop
      vertex 154.431 -124.831 0
      vertex 154.382 -124.864 0.2
      vertex 154.431 -124.831 0.2
    endloop
  endfacet
  facet normal -0.5586 0.829437 0
    outer loop
      vertex 154.382 -124.864 0.2
      vertex 154.431 -124.831 0
      vertex 154.382 -124.864 0
    endloop
  endfacet
  facet normal -0.189486 0.981883 0
    outer loop
      vertex 154.382 -124.864 0
      vertex 154.325 -124.875 0.2
      vertex 154.382 -124.864 0.2
    endloop
  endfacet
  facet normal -0.189486 0.981883 0
    outer loop
      vertex 154.325 -124.875 0.2
      vertex 154.382 -124.864 0
      vertex 154.325 -124.875 0
    endloop
  endfacet
  facet normal 0.189486 -0.981883 0
    outer loop
      vertex 153.243 -124.286 0
      vertex 153.3 -124.275 0.2
      vertex 153.243 -124.286 0.2
    endloop
  endfacet
  facet normal 0.189486 -0.981883 0
    outer loop
      vertex 153.3 -124.275 0.2
      vertex 153.243 -124.286 0
      vertex 153.3 -124.275 0
    endloop
  endfacet
  facet normal 0.189486 0.981883 -0
    outer loop
      vertex 153.3 -124.875 0
      vertex 153.243 -124.864 0.2
      vertex 153.3 -124.875 0.2
    endloop
  endfacet
  facet normal 0.189486 0.981883 0
    outer loop
      vertex 153.243 -124.864 0.2
      vertex 153.3 -124.875 0
      vertex 153.243 -124.864 0
    endloop
  endfacet
  facet normal -0.5586 -0.829437 0
    outer loop
      vertex 154.382 -124.286 0
      vertex 154.431 -124.319 0.2
      vertex 154.382 -124.286 0.2
    endloop
  endfacet
  facet normal -0.5586 -0.829437 -0
    outer loop
      vertex 154.431 -124.319 0.2
      vertex 154.382 -124.286 0
      vertex 154.431 -124.319 0
    endloop
  endfacet
  facet normal 0.5586 0.829437 -0
    outer loop
      vertex 153.243 -124.864 0
      vertex 153.194 -124.831 0.2
      vertex 153.243 -124.864 0.2
    endloop
  endfacet
  facet normal 0.5586 0.829437 0
    outer loop
      vertex 153.194 -124.831 0.2
      vertex 153.243 -124.864 0
      vertex 153.194 -124.831 0
    endloop
  endfacet
  facet normal 0 1 -0
    outer loop
      vertex 154.325 -124.875 0
      vertex 153.3 -124.875 0.2
      vertex 154.325 -124.875 0.2
    endloop
  endfacet
  facet normal 0 1 0
    outer loop
      vertex 153.3 -124.875 0.2
      vertex 154.325 -124.875 0
      vertex 153.3 -124.875 0
    endloop
  endfacet
  facet normal 1 -0 0
    outer loop
      vertex 153.15 -124.725 0.2
      vertex 153.15 -124.425 0
      vertex 153.15 -124.425 0.2
    endloop
  endfacet
  facet normal 1 0 0
    outer loop
      vertex 153.15 -124.425 0
      vertex 153.15 -124.725 0.2
      vertex 153.15 -124.725 0
    endloop
  endfacet
  facet normal 0.829437 0.5586 0
    outer loop
      vertex 153.194 -124.831 0.2
      vertex 153.161 -124.782 0
      vertex 153.161 -124.782 0.2
    endloop
  endfacet
  facet normal 0.829437 0.5586 0
    outer loop
      vertex 153.161 -124.782 0
      vertex 153.194 -124.831 0.2
      vertex 153.194 -124.831 0
    endloop
  endfacet
  facet normal -1 0 0
    outer loop
      vertex 154.475 -124.725 0
      vertex 154.475 -124.425 0.2
      vertex 154.475 -124.425 0
    endloop
  endfacet
  facet normal -1 -0 0
    outer loop
      vertex 154.475 -124.425 0.2
      vertex 154.475 -124.725 0
      vertex 154.475 -124.725 0.2
    endloop
  endfacet
  facet normal 0 -1 0
    outer loop
      vertex 153.3 -124.275 0
      vertex 154.325 -124.275 0.2
      vertex 153.3 -124.275 0.2
    endloop
  endfacet
  facet normal 0 -1 -0
    outer loop
      vertex 154.325 -124.275 0.2
      vertex 153.3 -124.275 0
      vertex 154.325 -124.275 0
    endloop
  endfacet
  facet normal 0.5586 -0.829437 0
    outer loop
      vertex 153.194 -124.319 0
      vertex 153.243 -124.286 0.2
      vertex 153.194 -124.319 0.2
    endloop
  endfacet
  facet normal 0.5586 -0.829437 0
    outer loop
      vertex 153.243 -124.286 0.2
      vertex 153.194 -124.319 0
      vertex 153.243 -124.286 0
    endloop
  endfacet
  facet normal 0.981883 0.189486 0
    outer loop
      vertex 153.161 -124.782 0.2
      vertex 153.15 -124.725 0
      vertex 153.15 -124.725 0.2
    endloop
  endfacet
  facet normal 0.981883 0.189486 0
    outer loop
      vertex 153.15 -124.725 0
      vertex 153.161 -124.782 0.2
      vertex 153.161 -124.782 0
    endloop
  endfacet
  facet normal 0.829437 -0.5586 0
    outer loop
      vertex 153.161 -124.368 0.2
      vertex 153.194 -124.319 0
      vertex 153.194 -124.319 0.2
    endloop
  endfacet
  facet normal 0.829437 -0.5586 0
    outer loop
      vertex 153.194 -124.319 0
      vertex 153.161 -124.368 0.2
      vertex 153.161 -124.368 0
    endloop
  endfacet
  facet normal 0.981883 -0.189486 0
    outer loop
      vertex 153.15 -124.425 0.2
      vertex 153.161 -124.368 0
      vertex 153.161 -124.368 0.2
    endloop
  endfacet
  facet normal 0.981883 -0.189486 0
    outer loop
      vertex 153.161 -124.368 0
      vertex 153.15 -124.425 0.2
      vertex 153.15 -124.425 0
    endloop
  endfacet
  facet normal -0.829437 -0.5586 0
    outer loop
      vertex 154.464 -124.368 0
      vertex 154.431 -124.319 0.2
      vertex 154.431 -124.319 0
    endloop
  endfacet
  facet normal -0.829437 -0.5586 0
    outer loop
      vertex 154.431 -124.319 0.2
      vertex 154.464 -124.368 0
      vertex 154.464 -124.368 0.2
    endloop
  endfacet
  facet normal -0.981883 -0.189486 0
    outer loop
      vertex 154.475 -124.425 0
      vertex 154.464 -124.368 0.2
      vertex 154.464 -124.368 0
    endloop
  endfacet
  facet normal -0.981883 -0.189486 0
    outer loop
      vertex 154.464 -124.368 0.2
      vertex 154.475 -124.425 0
      vertex 154.475 -124.425 0.2
    endloop
  endfacet
  facet normal -0.981883 0.189486 0
    outer loop
      vertex 154.464 -124.782 0
      vertex 154.475 -124.725 0.2
      vertex 154.475 -124.725 0
    endloop
  endfacet
  facet normal -0.981883 0.189486 0
    outer loop
      vertex 154.475 -124.725 0.2
      vertex 154.464 -124.782 0
      vertex 154.464 -124.782 0.2
    endloop
  endfacet
  facet normal -0.189486 -0.981883 0
    outer loop
      vertex 154.325 -124.275 0
      vertex 154.382 -124.286 0.2
      vertex 154.325 -124.275 0.2
    endloop
  endfacet
  facet normal -0.189486 -0.981883 -0
    outer loop
      vertex 154.382 -124.286 0.2
      vertex 154.325 -124.275 0
      vertex 154.382 -124.286 0
    endloop
  endfacet
  facet normal -0.829437 0.5586 0
    outer loop
      vertex 156.706 -124.831 0
      vertex 156.739 -124.782 0.2
      vertex 156.739 -124.782 0
    endloop
  endfacet
  facet normal -0.829437 0.5586 0
    outer loop
      vertex 156.739 -124.782 0.2
      vertex 156.706 -124.831 0
      vertex 156.706 -124.831 0.2
    endloop
  endfacet
  facet normal -0.5586 0.829437 0
    outer loop
      vertex 156.706 -124.831 0
      vertex 156.657 -124.864 0.2
      vertex 156.706 -124.831 0.2
    endloop
  endfacet
  facet normal -0.5586 0.829437 0
    outer loop
      vertex 156.657 -124.864 0.2
      vertex 156.706 -124.831 0
      vertex 156.657 -124.864 0
    endloop
  endfacet
  facet normal -0.189486 0.981883 0
    outer loop
      vertex 156.657 -124.864 0
      vertex 156.6 -124.875 0.2
      vertex 156.657 -124.864 0.2
    endloop
  endfacet
  facet normal -0.189486 0.981883 0
    outer loop
      vertex 156.6 -124.875 0.2
      vertex 156.657 -124.864 0
      vertex 156.6 -124.875 0
    endloop
  endfacet
  facet normal 1 -0 0
    outer loop
      vertex 155.425 -124.725 0.2
      vertex 155.425 -124.425 0
      vertex 155.425 -124.425 0.2
    endloop
  endfacet
  facet normal 1 0 0
    outer loop
      vertex 155.425 -124.425 0
      vertex 155.425 -124.725 0.2
      vertex 155.425 -124.725 0
    endloop
  endfacet
  facet normal 0.189486 -0.981883 0
    outer loop
      vertex 155.518 -124.286 0
      vertex 155.575 -124.275 0.2
      vertex 155.518 -124.286 0.2
    endloop
  endfacet
  facet normal 0.189486 -0.981883 0
    outer loop
      vertex 155.575 -124.275 0.2
      vertex 155.518 -124.286 0
      vertex 155.575 -124.275 0
    endloop
  endfacet
  facet normal -0.981883 -0.189486 0
    outer loop
      vertex 156.75 -124.425 0
      vertex 156.739 -124.368 0.2
      vertex 156.739 -124.368 0
    endloop
  endfacet
  facet normal -0.981883 -0.189486 0
    outer loop
      vertex 156.739 -124.368 0.2
      vertex 156.75 -124.425 0
      vertex 156.75 -124.425 0.2
    endloop
  endfacet
  facet normal 0 1 -0
    outer loop
      vertex 156.6 -124.875 0
      vertex 155.575 -124.875 0.2
      vertex 156.6 -124.875 0.2
    endloop
  endfacet
  facet normal 0 1 0
    outer loop
      vertex 155.575 -124.875 0.2
      vertex 156.6 -124.875 0
      vertex 155.575 -124.875 0
    endloop
  endfacet
  facet normal -0.829437 -0.5586 0
    outer loop
      vertex 156.739 -124.368 0
      vertex 156.706 -124.319 0.2
      vertex 156.706 -124.319 0
    endloop
  endfacet
  facet normal -0.829437 -0.5586 0
    outer loop
      vertex 156.706 -124.319 0.2
      vertex 156.739 -124.368 0
      vertex 156.739 -124.368 0.2
    endloop
  endfacet
  facet normal 0.5586 0.829437 -0
    outer loop
      vertex 155.518 -124.864 0
      vertex 155.469 -124.831 0.2
      vertex 155.518 -124.864 0.2
    endloop
  endfacet
  facet normal 0.5586 0.829437 0
    outer loop
      vertex 155.469 -124.831 0.2
      vertex 155.518 -124.864 0
      vertex 155.469 -124.831 0
    endloop
  endfacet
  facet normal 0.829437 0.5586 0
    outer loop
      vertex 155.469 -124.831 0.2
      vertex 155.436 -124.782 0
      vertex 155.436 -124.782 0.2
    endloop
  endfacet
  facet normal 0.829437 0.5586 0
    outer loop
      vertex 155.436 -124.782 0
      vertex 155.469 -124.831 0.2
      vertex 155.469 -124.831 0
    endloop
  endfacet
  facet normal 0.981883 0.189486 0
    outer loop
      vertex 155.436 -124.782 0.2
      vertex 155.425 -124.725 0
      vertex 155.425 -124.725 0.2
    endloop
  endfacet
  facet normal 0.981883 0.189486 0
    outer loop
      vertex 155.425 -124.725 0
      vertex 155.436 -124.782 0.2
      vertex 155.436 -124.782 0
    endloop
  endfacet
  facet normal 0.981883 -0.189486 0
    outer loop
      vertex 155.425 -124.425 0.2
      vertex 155.436 -124.368 0
      vertex 155.436 -124.368 0.2
    endloop
  endfacet
  facet normal 0.981883 -0.189486 0
    outer loop
      vertex 155.436 -124.368 0
      vertex 155.425 -124.425 0.2
      vertex 155.425 -124.425 0
    endloop
  endfacet
  facet normal 0.189486 0.981883 -0
    outer loop
      vertex 155.575 -124.875 0
      vertex 155.518 -124.864 0.2
      vertex 155.575 -124.875 0.2
    endloop
  endfacet
  facet normal 0.189486 0.981883 0
    outer loop
      vertex 155.518 -124.864 0.2
      vertex 155.575 -124.875 0
      vertex 155.518 -124.864 0
    endloop
  endfacet
  facet normal 0.829437 -0.5586 0
    outer loop
      vertex 155.436 -124.368 0.2
      vertex 155.469 -124.319 0
      vertex 155.469 -124.319 0.2
    endloop
  endfacet
  facet normal 0.829437 -0.5586 0
    outer loop
      vertex 155.469 -124.319 0
      vertex 155.436 -124.368 0.2
      vertex 155.436 -124.368 0
    endloop
  endfacet
  facet normal -1 0 0
    outer loop
      vertex 156.75 -124.725 0
      vertex 156.75 -124.425 0.2
      vertex 156.75 -124.425 0
    endloop
  endfacet
  facet normal -1 -0 0
    outer loop
      vertex 156.75 -124.425 0.2
      vertex 156.75 -124.725 0
      vertex 156.75 -124.725 0.2
    endloop
  endfacet
  facet normal -0.189486 -0.981883 0
    outer loop
      vertex 156.6 -124.275 0
      vertex 156.657 -124.286 0.2
      vertex 156.6 -124.275 0.2
    endloop
  endfacet
  facet normal -0.189486 -0.981883 -0
    outer loop
      vertex 156.657 -124.286 0.2
      vertex 156.6 -124.275 0
      vertex 156.657 -124.286 0
    endloop
  endfacet
  facet normal 0.5586 -0.829437 0
    outer loop
      vertex 155.469 -124.319 0
      vertex 155.518 -124.286 0.2
      vertex 155.469 -124.319 0.2
    endloop
  endfacet
  facet normal 0.5586 -0.829437 0
    outer loop
      vertex 155.518 -124.286 0.2
      vertex 155.469 -124.319 0
      vertex 155.518 -124.286 0
    endloop
  endfacet
  facet normal -0.5586 -0.829437 0
    outer loop
      vertex 156.657 -124.286 0
      vertex 156.706 -124.319 0.2
      vertex 156.657 -124.286 0.2
    endloop
  endfacet
  facet normal -0.5586 -0.829437 -0
    outer loop
      vertex 156.706 -124.319 0.2
      vertex 156.657 -124.286 0
      vertex 156.706 -124.319 0
    endloop
  endfacet
  facet normal 0 -1 0
    outer loop
      vertex 155.575 -124.275 0
      vertex 156.6 -124.275 0.2
      vertex 155.575 -124.275 0.2
    endloop
  endfacet
  facet normal 0 -1 -0
    outer loop
      vertex 156.6 -124.275 0.2
      vertex 155.575 -124.275 0
      vertex 156.6 -124.275 0
    endloop
  endfacet
  facet normal -0.981883 0.189486 0
    outer loop
      vertex 156.739 -124.782 0
      vertex 156.75 -124.725 0.2
      vertex 156.75 -124.725 0
    endloop
  endfacet
  facet normal -0.981883 0.189486 0
    outer loop
      vertex 156.75 -124.725 0.2
      vertex 156.739 -124.782 0
      vertex 156.739 -124.782 0.2
    endloop
  endfacet
  facet normal -0.829437 0.5586 0
    outer loop
      vertex 156.706 -122.931 0
      vertex 156.739 -122.882 0.2
      vertex 156.739 -122.882 0
    endloop
  endfacet
  facet normal -0.829437 0.5586 0
    outer loop
      vertex 156.739 -122.882 0.2
      vertex 156.706 -122.931 0
      vertex 156.706 -122.931 0.2
    endloop
  endfacet
  facet normal -0.5586 0.829437 0
    outer loop
      vertex 156.706 -122.931 0
      vertex 156.657 -122.964 0.2
      vertex 156.706 -122.931 0.2
    endloop
  endfacet
  facet normal -0.5586 0.829437 0
    outer loop
      vertex 156.657 -122.964 0.2
      vertex 156.706 -122.931 0
      vertex 156.657 -122.964 0
    endloop
  endfacet
  facet normal -0.189486 0.981883 0
    outer loop
      vertex 156.657 -122.964 0
      vertex 156.6 -122.975 0.2
      vertex 156.657 -122.964 0.2
    endloop
  endfacet
  facet normal -0.189486 0.981883 0
    outer loop
      vertex 156.6 -122.975 0.2
      vertex 156.657 -122.964 0
      vertex 156.6 -122.975 0
    endloop
  endfacet
  facet normal 1 -0 0
    outer loop
      vertex 155.425 -122.825 0.2
      vertex 155.425 -122.525 0
      vertex 155.425 -122.525 0.2
    endloop
  endfacet
  facet normal 1 0 0
    outer loop
      vertex 155.425 -122.525 0
      vertex 155.425 -122.825 0.2
      vertex 155.425 -122.825 0
    endloop
  endfacet
  facet normal -0.5586 -0.829437 0
    outer loop
      vertex 156.657 -122.386 0
      vertex 156.706 -122.419 0.2
      vertex 156.657 -122.386 0.2
    endloop
  endfacet
  facet normal -0.5586 -0.829437 -0
    outer loop
      vertex 156.706 -122.419 0.2
      vertex 156.657 -122.386 0
      vertex 156.706 -122.419 0
    endloop
  endfacet
  facet normal 0.189486 -0.981883 0
    outer loop
      vertex 155.518 -122.386 0
      vertex 155.575 -122.375 0.2
      vertex 155.518 -122.386 0.2
    endloop
  endfacet
  facet normal 0.189486 -0.981883 0
    outer loop
      vertex 155.575 -122.375 0.2
      vertex 155.518 -122.386 0
      vertex 155.575 -122.375 0
    endloop
  endfacet
  facet normal -0.981883 -0.189486 0
    outer loop
      vertex 156.75 -122.525 0
      vertex 156.739 -122.468 0.2
      vertex 156.739 -122.468 0
    endloop
  endfacet
  facet normal -0.981883 -0.189486 0
    outer loop
      vertex 156.739 -122.468 0.2
      vertex 156.75 -122.525 0
      vertex 156.75 -122.525 0.2
    endloop
  endfacet
  facet normal 0 1 -0
    outer loop
      vertex 156.6 -122.975 0
      vertex 155.575 -122.975 0.2
      vertex 156.6 -122.975 0.2
    endloop
  endfacet
  facet normal 0 1 0
    outer loop
      vertex 155.575 -122.975 0.2
      vertex 156.6 -122.975 0
      vertex 155.575 -122.975 0
    endloop
  endfacet
  facet normal 0.5586 0.829437 -0
    outer loop
      vertex 155.518 -122.964 0
      vertex 155.469 -122.931 0.2
      vertex 155.518 -122.964 0.2
    endloop
  endfacet
  facet normal 0.5586 0.829437 0
    outer loop
      vertex 155.469 -122.931 0.2
      vertex 155.518 -122.964 0
      vertex 155.469 -122.931 0
    endloop
  endfacet
  facet normal 0.981883 0.189486 0
    outer loop
      vertex 155.436 -122.882 0.2
      vertex 155.425 -122.825 0
      vertex 155.425 -122.825 0.2
    endloop
  endfacet
  facet normal 0.981883 0.189486 0
    outer loop
      vertex 155.425 -122.825 0
      vertex 155.436 -122.882 0.2
      vertex 155.436 -122.882 0
    endloop
  endfacet
  facet normal 0.981883 -0.189486 0
    outer loop
      vertex 155.425 -122.525 0.2
      vertex 155.436 -122.468 0
      vertex 155.436 -122.468 0.2
    endloop
  endfacet
  facet normal 0.981883 -0.189486 0
    outer loop
      vertex 155.436 -122.468 0
      vertex 155.425 -122.525 0.2
      vertex 155.425 -122.525 0
    endloop
  endfacet
  facet normal 0.189486 0.981883 -0
    outer loop
      vertex 155.575 -122.975 0
      vertex 155.518 -122.964 0.2
      vertex 155.575 -122.975 0.2
    endloop
  endfacet
  facet normal 0.189486 0.981883 0
    outer loop
      vertex 155.518 -122.964 0.2
      vertex 155.575 -122.975 0
      vertex 155.518 -122.964 0
    endloop
  endfacet
  facet normal 0.829437 -0.5586 0
    outer loop
      vertex 155.436 -122.468 0.2
      vertex 155.469 -122.419 0
      vertex 155.469 -122.419 0.2
    endloop
  endfacet
  facet normal 0.829437 -0.5586 0
    outer loop
      vertex 155.469 -122.419 0
      vertex 155.436 -122.468 0.2
      vertex 155.436 -122.468 0
    endloop
  endfacet
  facet normal -1 0 0
    outer loop
      vertex 156.75 -122.825 0
      vertex 156.75 -122.525 0.2
      vertex 156.75 -122.525 0
    endloop
  endfacet
  facet normal -1 -0 0
    outer loop
      vertex 156.75 -122.525 0.2
      vertex 156.75 -122.825 0
      vertex 156.75 -122.825 0.2
    endloop
  endfacet
  facet normal -0.189486 -0.981883 0
    outer loop
      vertex 156.6 -122.375 0
      vertex 156.657 -122.386 0.2
      vertex 156.6 -122.375 0.2
    endloop
  endfacet
  facet normal -0.189486 -0.981883 -0
    outer loop
      vertex 156.657 -122.386 0.2
      vertex 156.6 -122.375 0
      vertex 156.657 -122.386 0
    endloop
  endfacet
  facet normal 0.5586 -0.829437 0
    outer loop
      vertex 155.469 -122.419 0
      vertex 155.518 -122.386 0.2
      vertex 155.469 -122.419 0.2
    endloop
  endfacet
  facet normal 0.5586 -0.829437 0
    outer loop
      vertex 155.518 -122.386 0.2
      vertex 155.469 -122.419 0
      vertex 155.518 -122.386 0
    endloop
  endfacet
  facet normal 0.829437 0.5586 0
    outer loop
      vertex 155.469 -122.931 0.2
      vertex 155.436 -122.882 0
      vertex 155.436 -122.882 0.2
    endloop
  endfacet
  facet normal 0.829437 0.5586 0
    outer loop
      vertex 155.436 -122.882 0
      vertex 155.469 -122.931 0.2
      vertex 155.469 -122.931 0
    endloop
  endfacet
  facet normal -0.829437 -0.5586 0
    outer loop
      vertex 156.739 -122.468 0
      vertex 156.706 -122.419 0.2
      vertex 156.706 -122.419 0
    endloop
  endfacet
  facet normal -0.829437 -0.5586 0
    outer loop
      vertex 156.706 -122.419 0.2
      vertex 156.739 -122.468 0
      vertex 156.739 -122.468 0.2
    endloop
  endfacet
  facet normal 0 -1 0
    outer loop
      vertex 155.575 -122.375 0
      vertex 156.6 -122.375 0.2
      vertex 155.575 -122.375 0.2
    endloop
  endfacet
  facet normal 0 -1 -0
    outer loop
      vertex 156.6 -122.375 0.2
      vertex 155.575 -122.375 0
      vertex 156.6 -122.375 0
    endloop
  endfacet
  facet normal -0.981883 0.189486 0
    outer loop
      vertex 156.739 -122.882 0
      vertex 156.75 -122.825 0.2
      vertex 156.75 -122.825 0
    endloop
  endfacet
  facet normal -0.981883 0.189486 0
    outer loop
      vertex 156.75 -122.825 0.2
      vertex 156.739 -122.882 0
      vertex 156.739 -122.882 0.2
    endloop
  endfacet
  facet normal 0.194151 0.980972 -0
    outer loop
      vertex 125.9 -90.1 0
      vertex 125.804 -90.081 0.2
      vertex 125.9 -90.1 0.2
    endloop
  endfacet
  facet normal 0.194151 0.980972 0
    outer loop
      vertex 125.804 -90.081 0.2
      vertex 125.9 -90.1 0
      vertex 125.804 -90.081 0
    endloop
  endfacet
  facet normal -0.194151 0.980972 0
    outer loop
      vertex 126.896 -90.081 0
      vertex 126.8 -90.1 0.2
      vertex 126.896 -90.081 0.2
    endloop
  endfacet
  facet normal -0.194151 0.980972 0
    outer loop
      vertex 126.8 -90.1 0.2
      vertex 126.896 -90.081 0
      vertex 126.8 -90.1 0
    endloop
  endfacet
  facet normal -1 0 0
    outer loop
      vertex 127.05 -89.85 0
      vertex 127.05 -89.325 0.2
      vertex 127.05 -89.325 0
    endloop
  endfacet
  facet normal -1 -0 0
    outer loop
      vertex 127.05 -89.325 0.2
      vertex 127.05 -89.85 0
      vertex 127.05 -89.85 0.2
    endloop
  endfacet
  facet normal 0 1 -0
    outer loop
      vertex 126.8 -90.1 0
      vertex 125.9 -90.1 0.2
      vertex 126.8 -90.1 0.2
    endloop
  endfacet
  facet normal 0 1 0
    outer loop
      vertex 125.9 -90.1 0.2
      vertex 126.8 -90.1 0
      vertex 125.9 -90.1 0
    endloop
  endfacet
  facet normal -0.55612 -0.831102 0
    outer loop
      vertex 126.896 -89.094 0
      vertex 126.977 -89.1482 0.2
      vertex 126.896 -89.094 0.2
    endloop
  endfacet
  facet normal -0.55612 -0.831102 -0
    outer loop
      vertex 126.977 -89.1482 0.2
      vertex 126.896 -89.094 0
      vertex 126.977 -89.1482 0
    endloop
  endfacet
  facet normal -0.832366 0.554226 0
    outer loop
      vertex 126.977 -90.0268 0
      vertex 127.031 -89.9457 0.2
      vertex 127.031 -89.9457 0
    endloop
  endfacet
  facet normal -0.832366 0.554226 0
    outer loop
      vertex 127.031 -89.9457 0.2
      vertex 126.977 -90.0268 0
      vertex 126.977 -90.0268 0.2
    endloop
  endfacet
  facet normal -0.194151 -0.980972 0
    outer loop
      vertex 126.8 -89.075 0
      vertex 126.896 -89.094 0.2
      vertex 126.8 -89.075 0.2
    endloop
  endfacet
  facet normal -0.194151 -0.980972 -0
    outer loop
      vertex 126.896 -89.094 0.2
      vertex 126.8 -89.075 0
      vertex 126.896 -89.094 0
    endloop
  endfacet
  facet normal 0.55612 0.831102 -0
    outer loop
      vertex 125.804 -90.081 0
      vertex 125.723 -90.0268 0.2
      vertex 125.804 -90.081 0.2
    endloop
  endfacet
  facet normal 0.55612 0.831102 0
    outer loop
      vertex 125.723 -90.0268 0.2
      vertex 125.804 -90.081 0
      vertex 125.723 -90.0268 0
    endloop
  endfacet
  facet normal 0.832366 0.554226 0
    outer loop
      vertex 125.723 -90.0268 0.2
      vertex 125.669 -89.9457 0
      vertex 125.669 -89.9457 0.2
    endloop
  endfacet
  facet normal 0.832366 0.554226 0
    outer loop
      vertex 125.669 -89.9457 0
      vertex 125.723 -90.0268 0.2
      vertex 125.723 -90.0268 0
    endloop
  endfacet
  facet normal 0 -1 0
    outer loop
      vertex 125.9 -89.075 0
      vertex 126.8 -89.075 0.2
      vertex 125.9 -89.075 0.2
    endloop
  endfacet
  facet normal 0 -1 -0
    outer loop
      vertex 126.8 -89.075 0.2
      vertex 125.9 -89.075 0
      vertex 126.8 -89.075 0
    endloop
  endfacet
  facet normal 0.55612 -0.831102 0
    outer loop
      vertex 125.723 -89.1482 0
      vertex 125.804 -89.094 0.2
      vertex 125.723 -89.1482 0.2
    endloop
  endfacet
  facet normal 0.55612 -0.831102 0
    outer loop
      vertex 125.804 -89.094 0.2
      vertex 125.723 -89.1482 0
      vertex 125.804 -89.094 0
    endloop
  endfacet
  facet normal 0.194151 -0.980972 0
    outer loop
      vertex 125.804 -89.094 0
      vertex 125.9 -89.075 0.2
      vertex 125.804 -89.094 0.2
    endloop
  endfacet
  facet normal 0.194151 -0.980972 0
    outer loop
      vertex 125.9 -89.075 0.2
      vertex 125.804 -89.094 0
      vertex 125.9 -89.075 0
    endloop
  endfacet
  facet normal 0.980856 -0.194736 0
    outer loop
      vertex 125.65 -89.325 0.2
      vertex 125.669 -89.2293 0
      vertex 125.669 -89.2293 0.2
    endloop
  endfacet
  facet normal 0.980856 -0.194736 0
    outer loop
      vertex 125.669 -89.2293 0
      vertex 125.65 -89.325 0.2
      vertex 125.65 -89.325 0
    endloop
  endfacet
  facet normal -0.55612 0.831102 0
    outer loop
      vertex 126.977 -90.0268 0
      vertex 126.896 -90.081 0.2
      vertex 126.977 -90.0268 0.2
    endloop
  endfacet
  facet normal -0.55612 0.831102 0
    outer loop
      vertex 126.896 -90.081 0.2
      vertex 126.977 -90.0268 0
      vertex 126.896 -90.081 0
    endloop
  endfacet
  facet normal 0.832366 -0.554226 0
    outer loop
      vertex 125.669 -89.2293 0.2
      vertex 125.723 -89.1482 0
      vertex 125.723 -89.1482 0.2
    endloop
  endfacet
  facet normal 0.832366 -0.554226 0
    outer loop
      vertex 125.723 -89.1482 0
      vertex 125.669 -89.2293 0.2
      vertex 125.669 -89.2293 0
    endloop
  endfacet
  facet normal -0.980856 -0.194736 0
    outer loop
      vertex 127.05 -89.325 0
      vertex 127.031 -89.2293 0.2
      vertex 127.031 -89.2293 0
    endloop
  endfacet
  facet normal -0.980856 -0.194736 0
    outer loop
      vertex 127.031 -89.2293 0.2
      vertex 127.05 -89.325 0
      vertex 127.05 -89.325 0.2
    endloop
  endfacet
  facet normal 1 -0 0
    outer loop
      vertex 125.65 -89.85 0.2
      vertex 125.65 -89.325 0
      vertex 125.65 -89.325 0.2
    endloop
  endfacet
  facet normal 1 0 0
    outer loop
      vertex 125.65 -89.325 0
      vertex 125.65 -89.85 0.2
      vertex 125.65 -89.85 0
    endloop
  endfacet
  facet normal -0.832366 -0.554226 0
    outer loop
      vertex 127.031 -89.2293 0
      vertex 126.977 -89.1482 0.2
      vertex 126.977 -89.1482 0
    endloop
  endfacet
  facet normal -0.832366 -0.554226 0
    outer loop
      vertex 126.977 -89.1482 0.2
      vertex 127.031 -89.2293 0
      vertex 127.031 -89.2293 0.2
    endloop
  endfacet
  facet normal -0.980856 0.194736 0
    outer loop
      vertex 127.031 -89.9457 0
      vertex 127.05 -89.85 0.2
      vertex 127.05 -89.85 0
    endloop
  endfacet
  facet normal -0.980856 0.194736 0
    outer loop
      vertex 127.05 -89.85 0.2
      vertex 127.031 -89.9457 0
      vertex 127.031 -89.9457 0.2
    endloop
  endfacet
  facet normal 0.980856 0.194736 0
    outer loop
      vertex 125.669 -89.9457 0.2
      vertex 125.65 -89.85 0
      vertex 125.65 -89.85 0.2
    endloop
  endfacet
  facet normal 0.980856 0.194736 0
    outer loop
      vertex 125.65 -89.85 0
      vertex 125.669 -89.9457 0.2
      vertex 125.669 -89.9457 0
    endloop
  endfacet
  facet normal 1 -0 0
    outer loop
      vertex 125.65 -91.675 0.2
      vertex 125.65 -91.15 0
      vertex 125.65 -91.15 0.2
    endloop
  endfacet
  facet normal 1 0 0
    outer loop
      vertex 125.65 -91.15 0
      vertex 125.65 -91.675 0.2
      vertex 125.65 -91.675 0
    endloop
  endfacet
  facet normal 0.832366 0.554226 0
    outer loop
      vertex 125.723 -91.8518 0.2
      vertex 125.669 -91.7707 0
      vertex 125.669 -91.7707 0.2
    endloop
  endfacet
  facet normal 0.832366 0.554226 0
    outer loop
      vertex 125.669 -91.7707 0
      vertex 125.723 -91.8518 0.2
      vertex 125.723 -91.8518 0
    endloop
  endfacet
  facet normal -0.194151 0.980972 0
    outer loop
      vertex 126.896 -91.906 0
      vertex 126.8 -91.925 0.2
      vertex 126.896 -91.906 0.2
    endloop
  endfacet
  facet normal -0.194151 0.980972 0
    outer loop
      vertex 126.8 -91.925 0.2
      vertex 126.896 -91.906 0
      vertex 126.8 -91.925 0
    endloop
  endfacet
  facet normal -1 0 0
    outer loop
      vertex 127.05 -91.675 0
      vertex 127.05 -91.15 0.2
      vertex 127.05 -91.15 0
    endloop
  endfacet
  facet normal -1 -0 0
    outer loop
      vertex 127.05 -91.15 0.2
      vertex 127.05 -91.675 0
      vertex 127.05 -91.675 0.2
    endloop
  endfacet
  facet normal 0.194151 0.980972 -0
    outer loop
      vertex 125.9 -91.925 0
      vertex 125.804 -91.906 0.2
      vertex 125.9 -91.925 0.2
    endloop
  endfacet
  facet normal 0.194151 0.980972 0
    outer loop
      vertex 125.804 -91.906 0.2
      vertex 125.9 -91.925 0
      vertex 125.804 -91.906 0
    endloop
  endfacet
  facet normal 0.980856 0.194736 0
    outer loop
      vertex 125.669 -91.7707 0.2
      vertex 125.65 -91.675 0
      vertex 125.65 -91.675 0.2
    endloop
  endfacet
  facet normal 0.980856 0.194736 0
    outer loop
      vertex 125.65 -91.675 0
      vertex 125.669 -91.7707 0.2
      vertex 125.669 -91.7707 0
    endloop
  endfacet
  facet normal -0.55612 -0.831102 0
    outer loop
      vertex 126.896 -90.919 0
      vertex 126.977 -90.9732 0.2
      vertex 126.896 -90.919 0.2
    endloop
  endfacet
  facet normal -0.55612 -0.831102 -0
    outer loop
      vertex 126.977 -90.9732 0.2
      vertex 126.896 -90.919 0
      vertex 126.977 -90.9732 0
    endloop
  endfacet
  facet normal 0.832366 -0.554226 0
    outer loop
      vertex 125.669 -91.0543 0.2
      vertex 125.723 -90.9732 0
      vertex 125.723 -90.9732 0.2
    endloop
  endfacet
  facet normal 0.832366 -0.554226 0
    outer loop
      vertex 125.723 -90.9732 0
      vertex 125.669 -91.0543 0.2
      vertex 125.669 -91.0543 0
    endloop
  endfacet
  facet normal -0.980856 -0.194736 0
    outer loop
      vertex 127.05 -91.15 0
      vertex 127.031 -91.0543 0.2
      vertex 127.031 -91.0543 0
    endloop
  endfacet
  facet normal -0.980856 -0.194736 0
    outer loop
      vertex 127.031 -91.0543 0.2
      vertex 127.05 -91.15 0
      vertex 127.05 -91.15 0.2
    endloop
  endfacet
  facet normal 0 -1 0
    outer loop
      vertex 125.9 -90.9 0
      vertex 126.8 -90.9 0.2
      vertex 125.9 -90.9 0.2
    endloop
  endfacet
  facet normal 0 -1 -0
    outer loop
      vertex 126.8 -90.9 0.2
      vertex 125.9 -90.9 0
      vertex 126.8 -90.9 0
    endloop
  endfacet
  facet normal 0.55612 -0.831102 0
    outer loop
      vertex 125.723 -90.9732 0
      vertex 125.804 -90.919 0.2
      vertex 125.723 -90.9732 0.2
    endloop
  endfacet
  facet normal 0.55612 -0.831102 0
    outer loop
      vertex 125.804 -90.919 0.2
      vertex 125.723 -90.9732 0
      vertex 125.804 -90.919 0
    endloop
  endfacet
  facet normal 0 1 -0
    outer loop
      vertex 126.8 -91.925 0
      vertex 125.9 -91.925 0.2
      vertex 126.8 -91.925 0.2
    endloop
  endfacet
  facet normal 0 1 0
    outer loop
      vertex 125.9 -91.925 0.2
      vertex 126.8 -91.925 0
      vertex 125.9 -91.925 0
    endloop
  endfacet
  facet normal 0.194151 -0.980972 0
    outer loop
      vertex 125.804 -90.919 0
      vertex 125.9 -90.9 0.2
      vertex 125.804 -90.919 0.2
    endloop
  endfacet
  facet normal 0.194151 -0.980972 0
    outer loop
      vertex 125.9 -90.9 0.2
      vertex 125.804 -90.919 0
      vertex 125.9 -90.9 0
    endloop
  endfacet
  facet normal 0.55612 0.831102 -0
    outer loop
      vertex 125.804 -91.906 0
      vertex 125.723 -91.8518 0.2
      vertex 125.804 -91.906 0.2
    endloop
  endfacet
  facet normal 0.55612 0.831102 0
    outer loop
      vertex 125.723 -91.8518 0.2
      vertex 125.804 -91.906 0
      vertex 125.723 -91.8518 0
    endloop
  endfacet
  facet normal -0.832366 -0.554226 0
    outer loop
      vertex 127.031 -91.0543 0
      vertex 126.977 -90.9732 0.2
      vertex 126.977 -90.9732 0
    endloop
  endfacet
  facet normal -0.832366 -0.554226 0
    outer loop
      vertex 126.977 -90.9732 0.2
      vertex 127.031 -91.0543 0
      vertex 127.031 -91.0543 0.2
    endloop
  endfacet
  facet normal -0.194151 -0.980972 0
    outer loop
      vertex 126.8 -90.9 0
      vertex 126.896 -90.919 0.2
      vertex 126.8 -90.9 0.2
    endloop
  endfacet
  facet normal -0.194151 -0.980972 -0
    outer loop
      vertex 126.896 -90.919 0.2
      vertex 126.8 -90.9 0
      vertex 126.896 -90.919 0
    endloop
  endfacet
  facet normal -0.832366 0.554226 0
    outer loop
      vertex 126.977 -91.8518 0
      vertex 127.031 -91.7707 0.2
      vertex 127.031 -91.7707 0
    endloop
  endfacet
  facet normal -0.832366 0.554226 0
    outer loop
      vertex 127.031 -91.7707 0.2
      vertex 126.977 -91.8518 0
      vertex 126.977 -91.8518 0.2
    endloop
  endfacet
  facet normal 0.980856 -0.194736 0
    outer loop
      vertex 125.65 -91.15 0.2
      vertex 125.669 -91.0543 0
      vertex 125.669 -91.0543 0.2
    endloop
  endfacet
  facet normal 0.980856 -0.194736 0
    outer loop
      vertex 125.669 -91.0543 0
      vertex 125.65 -91.15 0.2
      vertex 125.65 -91.15 0
    endloop
  endfacet
  facet normal -0.980856 0.194736 0
    outer loop
      vertex 127.031 -91.7707 0
      vertex 127.05 -91.675 0.2
      vertex 127.05 -91.675 0
    endloop
  endfacet
  facet normal -0.980856 0.194736 0
    outer loop
      vertex 127.05 -91.675 0.2
      vertex 127.031 -91.7707 0
      vertex 127.031 -91.7707 0.2
    endloop
  endfacet
  facet normal -0.55612 0.831102 0
    outer loop
      vertex 126.977 -91.8518 0
      vertex 126.896 -91.906 0.2
      vertex 126.977 -91.8518 0.2
    endloop
  endfacet
  facet normal -0.55612 0.831102 0
    outer loop
      vertex 126.896 -91.906 0.2
      vertex 126.977 -91.8518 0
      vertex 126.896 -91.906 0
    endloop
  endfacet
  facet normal 0.194151 0.980972 -0
    outer loop
      vertex 153.925 -90.1 0
      vertex 153.829 -90.081 0.2
      vertex 153.925 -90.1 0.2
    endloop
  endfacet
  facet normal 0.194151 0.980972 0
    outer loop
      vertex 153.829 -90.081 0.2
      vertex 153.925 -90.1 0
      vertex 153.829 -90.081 0
    endloop
  endfacet
  facet normal -0.194151 0.980972 0
    outer loop
      vertex 154.921 -90.081 0
      vertex 154.825 -90.1 0.2
      vertex 154.921 -90.081 0.2
    endloop
  endfacet
  facet normal -0.194151 0.980972 0
    outer loop
      vertex 154.825 -90.1 0.2
      vertex 154.921 -90.081 0
      vertex 154.825 -90.1 0
    endloop
  endfacet
  facet normal -1 0 0
    outer loop
      vertex 155.075 -89.85 0
      vertex 155.075 -89.325 0.2
      vertex 155.075 -89.325 0
    endloop
  endfacet
  facet normal -1 -0 0
    outer loop
      vertex 155.075 -89.325 0.2
      vertex 155.075 -89.85 0
      vertex 155.075 -89.85 0.2
    endloop
  endfacet
  facet normal 0 1 -0
    outer loop
      vertex 154.825 -90.1 0
      vertex 153.925 -90.1 0.2
      vertex 154.825 -90.1 0.2
    endloop
  endfacet
  facet normal 0 1 0
    outer loop
      vertex 153.925 -90.1 0.2
      vertex 154.825 -90.1 0
      vertex 153.925 -90.1 0
    endloop
  endfacet
  facet normal -0.55612 -0.831102 0
    outer loop
      vertex 154.921 -89.094 0
      vertex 155.002 -89.1482 0.2
      vertex 154.921 -89.094 0.2
    endloop
  endfacet
  facet normal -0.55612 -0.831102 -0
    outer loop
      vertex 155.002 -89.1482 0.2
      vertex 154.921 -89.094 0
      vertex 155.002 -89.1482 0
    endloop
  endfacet
  facet normal -0.832366 0.554226 0
    outer loop
      vertex 155.002 -90.0268 0
      vertex 155.056 -89.9457 0.2
      vertex 155.056 -89.9457 0
    endloop
  endfacet
  facet normal -0.832366 0.554226 0
    outer loop
      vertex 155.056 -89.9457 0.2
      vertex 155.002 -90.0268 0
      vertex 155.002 -90.0268 0.2
    endloop
  endfacet
  facet normal -0.194151 -0.980972 0
    outer loop
      vertex 154.825 -89.075 0
      vertex 154.921 -89.094 0.2
      vertex 154.825 -89.075 0.2
    endloop
  endfacet
  facet normal -0.194151 -0.980972 -0
    outer loop
      vertex 154.921 -89.094 0.2
      vertex 154.825 -89.075 0
      vertex 154.921 -89.094 0
    endloop
  endfacet
  facet normal 0.55612 0.831102 -0
    outer loop
      vertex 153.829 -90.081 0
      vertex 153.748 -90.0268 0.2
      vertex 153.829 -90.081 0.2
    endloop
  endfacet
  facet normal 0.55612 0.831102 0
    outer loop
      vertex 153.748 -90.0268 0.2
      vertex 153.829 -90.081 0
      vertex 153.748 -90.0268 0
    endloop
  endfacet
  facet normal 0.832366 0.554226 0
    outer loop
      vertex 153.748 -90.0268 0.2
      vertex 153.694 -89.9457 0
      vertex 153.694 -89.9457 0.2
    endloop
  endfacet
  facet normal 0.832366 0.554226 0
    outer loop
      vertex 153.694 -89.9457 0
      vertex 153.748 -90.0268 0.2
      vertex 153.748 -90.0268 0
    endloop
  endfacet
  facet normal 0 -1 0
    outer loop
      vertex 153.925 -89.075 0
      vertex 154.825 -89.075 0.2
      vertex 153.925 -89.075 0.2
    endloop
  endfacet
  facet normal 0 -1 -0
    outer loop
      vertex 154.825 -89.075 0.2
      vertex 153.925 -89.075 0
      vertex 154.825 -89.075 0
    endloop
  endfacet
  facet normal 0.55612 -0.831102 0
    outer loop
      vertex 153.748 -89.1482 0
      vertex 153.829 -89.094 0.2
      vertex 153.748 -89.1482 0.2
    endloop
  endfacet
  facet normal 0.55612 -0.831102 0
    outer loop
      vertex 153.829 -89.094 0.2
      vertex 153.748 -89.1482 0
      vertex 153.829 -89.094 0
    endloop
  endfacet
  facet normal -0.832366 -0.554226 0
    outer loop
      vertex 155.056 -89.2293 0
      vertex 155.002 -89.1482 0.2
      vertex 155.002 -89.1482 0
    endloop
  endfacet
  facet normal -0.832366 -0.554226 0
    outer loop
      vertex 155.002 -89.1482 0.2
      vertex 155.056 -89.2293 0
      vertex 155.056 -89.2293 0.2
    endloop
  endfacet
  facet normal 0.194151 -0.980972 0
    outer loop
      vertex 153.829 -89.094 0
      vertex 153.925 -89.075 0.2
      vertex 153.829 -89.094 0.2
    endloop
  endfacet
  facet normal 0.194151 -0.980972 0
    outer loop
      vertex 153.925 -89.075 0.2
      vertex 153.829 -89.094 0
      vertex 153.925 -89.075 0
    endloop
  endfacet
  facet normal 0.980856 -0.194736 0
    outer loop
      vertex 153.675 -89.325 0.2
      vertex 153.694 -89.2293 0
      vertex 153.694 -89.2293 0.2
    endloop
  endfacet
  facet normal 0.980856 -0.194736 0
    outer loop
      vertex 153.694 -89.2293 0
      vertex 153.675 -89.325 0.2
      vertex 153.675 -89.325 0
    endloop
  endfacet
  facet normal -0.55612 0.831102 0
    outer loop
      vertex 155.002 -90.0268 0
      vertex 154.921 -90.081 0.2
      vertex 155.002 -90.0268 0.2
    endloop
  endfacet
  facet normal -0.55612 0.831102 0
    outer loop
      vertex 154.921 -90.081 0.2
      vertex 155.002 -90.0268 0
      vertex 154.921 -90.081 0
    endloop
  endfacet
  facet normal 0.832366 -0.554226 0
    outer loop
      vertex 153.694 -89.2293 0.2
      vertex 153.748 -89.1482 0
      vertex 153.748 -89.1482 0.2
    endloop
  endfacet
  facet normal 0.832366 -0.554226 0
    outer loop
      vertex 153.748 -89.1482 0
      vertex 153.694 -89.2293 0.2
      vertex 153.694 -89.2293 0
    endloop
  endfacet
  facet normal -0.980856 -0.194736 0
    outer loop
      vertex 155.075 -89.325 0
      vertex 155.056 -89.2293 0.2
      vertex 155.056 -89.2293 0
    endloop
  endfacet
  facet normal -0.980856 -0.194736 0
    outer loop
      vertex 155.056 -89.2293 0.2
      vertex 155.075 -89.325 0
      vertex 155.075 -89.325 0.2
    endloop
  endfacet
  facet normal 1 -0 0
    outer loop
      vertex 153.675 -89.85 0.2
      vertex 153.675 -89.325 0
      vertex 153.675 -89.325 0.2
    endloop
  endfacet
  facet normal 1 0 0
    outer loop
      vertex 153.675 -89.325 0
      vertex 153.675 -89.85 0.2
      vertex 153.675 -89.85 0
    endloop
  endfacet
  facet normal -0.980856 0.194736 0
    outer loop
      vertex 155.056 -89.9457 0
      vertex 155.075 -89.85 0.2
      vertex 155.075 -89.85 0
    endloop
  endfacet
  facet normal -0.980856 0.194736 0
    outer loop
      vertex 155.075 -89.85 0.2
      vertex 155.056 -89.9457 0
      vertex 155.056 -89.9457 0.2
    endloop
  endfacet
  facet normal 0.980856 0.194736 0
    outer loop
      vertex 153.694 -89.9457 0.2
      vertex 153.675 -89.85 0
      vertex 153.675 -89.85 0.2
    endloop
  endfacet
  facet normal 0.980856 0.194736 0
    outer loop
      vertex 153.675 -89.85 0
      vertex 153.694 -89.9457 0.2
      vertex 153.694 -89.9457 0
    endloop
  endfacet
  facet normal 1 -0 0
    outer loop
      vertex 153.675 -91.675 0.2
      vertex 153.675 -91.15 0
      vertex 153.675 -91.15 0.2
    endloop
  endfacet
  facet normal 1 0 0
    outer loop
      vertex 153.675 -91.15 0
      vertex 153.675 -91.675 0.2
      vertex 153.675 -91.675 0
    endloop
  endfacet
  facet normal 0.832366 0.554226 0
    outer loop
      vertex 153.748 -91.8518 0.2
      vertex 153.694 -91.7707 0
      vertex 153.694 -91.7707 0.2
    endloop
  endfacet
  facet normal 0.832366 0.554226 0
    outer loop
      vertex 153.694 -91.7707 0
      vertex 153.748 -91.8518 0.2
      vertex 153.748 -91.8518 0
    endloop
  endfacet
  facet normal -0.194151 0.980972 0
    outer loop
      vertex 154.921 -91.906 0
      vertex 154.825 -91.925 0.2
      vertex 154.921 -91.906 0.2
    endloop
  endfacet
  facet normal -0.194151 0.980972 0
    outer loop
      vertex 154.825 -91.925 0.2
      vertex 154.921 -91.906 0
      vertex 154.825 -91.925 0
    endloop
  endfacet
  facet normal -1 0 0
    outer loop
      vertex 155.075 -91.675 0
      vertex 155.075 -91.15 0.2
      vertex 155.075 -91.15 0
    endloop
  endfacet
  facet normal -1 -0 0
    outer loop
      vertex 155.075 -91.15 0.2
      vertex 155.075 -91.675 0
      vertex 155.075 -91.675 0.2
    endloop
  endfacet
  facet normal 0.194151 0.980972 -0
    outer loop
      vertex 153.925 -91.925 0
      vertex 153.829 -91.906 0.2
      vertex 153.925 -91.925 0.2
    endloop
  endfacet
  facet normal 0.194151 0.980972 0
    outer loop
      vertex 153.829 -91.906 0.2
      vertex 153.925 -91.925 0
      vertex 153.829 -91.906 0
    endloop
  endfacet
  facet normal 0.980856 0.194736 0
    outer loop
      vertex 153.694 -91.7707 0.2
      vertex 153.675 -91.675 0
      vertex 153.675 -91.675 0.2
    endloop
  endfacet
  facet normal 0.980856 0.194736 0
    outer loop
      vertex 153.675 -91.675 0
      vertex 153.694 -91.7707 0.2
      vertex 153.694 -91.7707 0
    endloop
  endfacet
  facet normal -0.55612 -0.831102 0
    outer loop
      vertex 154.921 -90.919 0
      vertex 155.002 -90.9732 0.2
      vertex 154.921 -90.919 0.2
    endloop
  endfacet
  facet normal -0.55612 -0.831102 -0
    outer loop
      vertex 155.002 -90.9732 0.2
      vertex 154.921 -90.919 0
      vertex 155.002 -90.9732 0
    endloop
  endfacet
  facet normal 0.832366 -0.554226 0
    outer loop
      vertex 153.694 -91.0543 0.2
      vertex 153.748 -90.9732 0
      vertex 153.748 -90.9732 0.2
    endloop
  endfacet
  facet normal 0.832366 -0.554226 0
    outer loop
      vertex 153.748 -90.9732 0
      vertex 153.694 -91.0543 0.2
      vertex 153.694 -91.0543 0
    endloop
  endfacet
  facet normal -0.980856 -0.194736 0
    outer loop
      vertex 155.075 -91.15 0
      vertex 155.056 -91.0543 0.2
      vertex 155.056 -91.0543 0
    endloop
  endfacet
  facet normal -0.980856 -0.194736 0
    outer loop
      vertex 155.056 -91.0543 0.2
      vertex 155.075 -91.15 0
      vertex 155.075 -91.15 0.2
    endloop
  endfacet
  facet normal 0 -1 0
    outer loop
      vertex 153.925 -90.9 0
      vertex 154.825 -90.9 0.2
      vertex 153.925 -90.9 0.2
    endloop
  endfacet
  facet normal 0 -1 -0
    outer loop
      vertex 154.825 -90.9 0.2
      vertex 153.925 -90.9 0
      vertex 154.825 -90.9 0
    endloop
  endfacet
  facet normal 0.55612 -0.831102 0
    outer loop
      vertex 153.748 -90.9732 0
      vertex 153.829 -90.919 0.2
      vertex 153.748 -90.9732 0.2
    endloop
  endfacet
  facet normal 0.55612 -0.831102 0
    outer loop
      vertex 153.829 -90.919 0.2
      vertex 153.748 -90.9732 0
      vertex 153.829 -90.919 0
    endloop
  endfacet
  facet normal 0 1 -0
    outer loop
      vertex 154.825 -91.925 0
      vertex 153.925 -91.925 0.2
      vertex 154.825 -91.925 0.2
    endloop
  endfacet
  facet normal 0 1 0
    outer loop
      vertex 153.925 -91.925 0.2
      vertex 154.825 -91.925 0
      vertex 153.925 -91.925 0
    endloop
  endfacet
  facet normal 0.194151 -0.980972 0
    outer loop
      vertex 153.829 -90.919 0
      vertex 153.925 -90.9 0.2
      vertex 153.829 -90.919 0.2
    endloop
  endfacet
  facet normal 0.194151 -0.980972 0
    outer loop
      vertex 153.925 -90.9 0.2
      vertex 153.829 -90.919 0
      vertex 153.925 -90.9 0
    endloop
  endfacet
  facet normal 0.55612 0.831102 -0
    outer loop
      vertex 153.829 -91.906 0
      vertex 153.748 -91.8518 0.2
      vertex 153.829 -91.906 0.2
    endloop
  endfacet
  facet normal 0.55612 0.831102 0
    outer loop
      vertex 153.748 -91.8518 0.2
      vertex 153.829 -91.906 0
      vertex 153.748 -91.8518 0
    endloop
  endfacet
  facet normal -0.832366 -0.554226 0
    outer loop
      vertex 155.056 -91.0543 0
      vertex 155.002 -90.9732 0.2
      vertex 155.002 -90.9732 0
    endloop
  endfacet
  facet normal -0.832366 -0.554226 0
    outer loop
      vertex 155.002 -90.9732 0.2
      vertex 155.056 -91.0543 0
      vertex 155.056 -91.0543 0.2
    endloop
  endfacet
  facet normal -0.194151 -0.980972 0
    outer loop
      vertex 154.825 -90.9 0
      vertex 154.921 -90.919 0.2
      vertex 154.825 -90.9 0.2
    endloop
  endfacet
  facet normal -0.194151 -0.980972 -0
    outer loop
      vertex 154.921 -90.919 0.2
      vertex 154.825 -90.9 0
      vertex 154.921 -90.919 0
    endloop
  endfacet
  facet normal -0.832366 0.554226 0
    outer loop
      vertex 155.002 -91.8518 0
      vertex 155.056 -91.7707 0.2
      vertex 155.056 -91.7707 0
    endloop
  endfacet
  facet normal -0.832366 0.554226 0
    outer loop
      vertex 155.056 -91.7707 0.2
      vertex 155.002 -91.8518 0
      vertex 155.002 -91.8518 0.2
    endloop
  endfacet
  facet normal 0.980856 -0.194736 0
    outer loop
      vertex 153.675 -91.15 0.2
      vertex 153.694 -91.0543 0
      vertex 153.694 -91.0543 0.2
    endloop
  endfacet
  facet normal 0.980856 -0.194736 0
    outer loop
      vertex 153.694 -91.0543 0
      vertex 153.675 -91.15 0.2
      vertex 153.675 -91.15 0
    endloop
  endfacet
  facet normal -0.980856 0.194736 0
    outer loop
      vertex 155.056 -91.7707 0
      vertex 155.075 -91.675 0.2
      vertex 155.075 -91.675 0
    endloop
  endfacet
  facet normal -0.980856 0.194736 0
    outer loop
      vertex 155.075 -91.675 0.2
      vertex 155.056 -91.7707 0
      vertex 155.056 -91.7707 0.2
    endloop
  endfacet
  facet normal -0.55612 0.831102 0
    outer loop
      vertex 155.002 -91.8518 0
      vertex 154.921 -91.906 0.2
      vertex 155.002 -91.8518 0.2
    endloop
  endfacet
  facet normal -0.55612 0.831102 0
    outer loop
      vertex 154.921 -91.906 0.2
      vertex 155.002 -91.8518 0
      vertex 154.921 -91.906 0
    endloop
  endfacet
  facet normal 0.194151 0.980972 -0
    outer loop
      vertex 146.9 -90.1 0
      vertex 146.804 -90.081 0.2
      vertex 146.9 -90.1 0.2
    endloop
  endfacet
  facet normal 0.194151 0.980972 0
    outer loop
      vertex 146.804 -90.081 0.2
      vertex 146.9 -90.1 0
      vertex 146.804 -90.081 0
    endloop
  endfacet
  facet normal -0.194151 0.980972 0
    outer loop
      vertex 147.896 -90.081 0
      vertex 147.8 -90.1 0.2
      vertex 147.896 -90.081 0.2
    endloop
  endfacet
  facet normal -0.194151 0.980972 0
    outer loop
      vertex 147.8 -90.1 0.2
      vertex 147.896 -90.081 0
      vertex 147.8 -90.1 0
    endloop
  endfacet
  facet normal -1 0 0
    outer loop
      vertex 148.05 -89.85 0
      vertex 148.05 -89.325 0.2
      vertex 148.05 -89.325 0
    endloop
  endfacet
  facet normal -1 -0 0
    outer loop
      vertex 148.05 -89.325 0.2
      vertex 148.05 -89.85 0
      vertex 148.05 -89.85 0.2
    endloop
  endfacet
  facet normal 0 1 -0
    outer loop
      vertex 147.8 -90.1 0
      vertex 146.9 -90.1 0.2
      vertex 147.8 -90.1 0.2
    endloop
  endfacet
  facet normal 0 1 0
    outer loop
      vertex 146.9 -90.1 0.2
      vertex 147.8 -90.1 0
      vertex 146.9 -90.1 0
    endloop
  endfacet
  facet normal -0.55612 -0.831102 0
    outer loop
      vertex 147.896 -89.094 0
      vertex 147.977 -89.1482 0.2
      vertex 147.896 -89.094 0.2
    endloop
  endfacet
  facet normal -0.55612 -0.831102 -0
    outer loop
      vertex 147.977 -89.1482 0.2
      vertex 147.896 -89.094 0
      vertex 147.977 -89.1482 0
    endloop
  endfacet
  facet normal -0.832366 0.554226 0
    outer loop
      vertex 147.977 -90.0268 0
      vertex 148.031 -89.9457 0.2
      vertex 148.031 -89.9457 0
    endloop
  endfacet
  facet normal -0.832366 0.554226 0
    outer loop
      vertex 148.031 -89.9457 0.2
      vertex 147.977 -90.0268 0
      vertex 147.977 -90.0268 0.2
    endloop
  endfacet
  facet normal -0.194151 -0.980972 0
    outer loop
      vertex 147.8 -89.075 0
      vertex 147.896 -89.094 0.2
      vertex 147.8 -89.075 0.2
    endloop
  endfacet
  facet normal -0.194151 -0.980972 -0
    outer loop
      vertex 147.896 -89.094 0.2
      vertex 147.8 -89.075 0
      vertex 147.896 -89.094 0
    endloop
  endfacet
  facet normal 0.55612 0.831102 -0
    outer loop
      vertex 146.804 -90.081 0
      vertex 146.723 -90.0268 0.2
      vertex 146.804 -90.081 0.2
    endloop
  endfacet
  facet normal 0.55612 0.831102 0
    outer loop
      vertex 146.723 -90.0268 0.2
      vertex 146.804 -90.081 0
      vertex 146.723 -90.0268 0
    endloop
  endfacet
  facet normal 0.832366 0.554226 0
    outer loop
      vertex 146.723 -90.0268 0.2
      vertex 146.669 -89.9457 0
      vertex 146.669 -89.9457 0.2
    endloop
  endfacet
  facet normal 0.832366 0.554226 0
    outer loop
      vertex 146.669 -89.9457 0
      vertex 146.723 -90.0268 0.2
      vertex 146.723 -90.0268 0
    endloop
  endfacet
  facet normal 0 -1 0
    outer loop
      vertex 146.9 -89.075 0
      vertex 147.8 -89.075 0.2
      vertex 146.9 -89.075 0.2
    endloop
  endfacet
  facet normal 0 -1 -0
    outer loop
      vertex 147.8 -89.075 0.2
      vertex 146.9 -89.075 0
      vertex 147.8 -89.075 0
    endloop
  endfacet
  facet normal 0.55612 -0.831102 0
    outer loop
      vertex 146.723 -89.1482 0
      vertex 146.804 -89.094 0.2
      vertex 146.723 -89.1482 0.2
    endloop
  endfacet
  facet normal 0.55612 -0.831102 0
    outer loop
      vertex 146.804 -89.094 0.2
      vertex 146.723 -89.1482 0
      vertex 146.804 -89.094 0
    endloop
  endfacet
  facet normal -0.832366 -0.554226 0
    outer loop
      vertex 148.031 -89.2293 0
      vertex 147.977 -89.1482 0.2
      vertex 147.977 -89.1482 0
    endloop
  endfacet
  facet normal -0.832366 -0.554226 0
    outer loop
      vertex 147.977 -89.1482 0.2
      vertex 148.031 -89.2293 0
      vertex 148.031 -89.2293 0.2
    endloop
  endfacet
  facet normal 0.194151 -0.980972 0
    outer loop
      vertex 146.804 -89.094 0
      vertex 146.9 -89.075 0.2
      vertex 146.804 -89.094 0.2
    endloop
  endfacet
  facet normal 0.194151 -0.980972 0
    outer loop
      vertex 146.9 -89.075 0.2
      vertex 146.804 -89.094 0
      vertex 146.9 -89.075 0
    endloop
  endfacet
  facet normal 0.980856 -0.194736 0
    outer loop
      vertex 146.65 -89.325 0.2
      vertex 146.669 -89.2293 0
      vertex 146.669 -89.2293 0.2
    endloop
  endfacet
  facet normal 0.980856 -0.194736 0
    outer loop
      vertex 146.669 -89.2293 0
      vertex 146.65 -89.325 0.2
      vertex 146.65 -89.325 0
    endloop
  endfacet
  facet normal -0.55612 0.831102 0
    outer loop
      vertex 147.977 -90.0268 0
      vertex 147.896 -90.081 0.2
      vertex 147.977 -90.0268 0.2
    endloop
  endfacet
  facet normal -0.55612 0.831102 0
    outer loop
      vertex 147.896 -90.081 0.2
      vertex 147.977 -90.0268 0
      vertex 147.896 -90.081 0
    endloop
  endfacet
  facet normal 0.832366 -0.554226 0
    outer loop
      vertex 146.669 -89.2293 0.2
      vertex 146.723 -89.1482 0
      vertex 146.723 -89.1482 0.2
    endloop
  endfacet
  facet normal 0.832366 -0.554226 0
    outer loop
      vertex 146.723 -89.1482 0
      vertex 146.669 -89.2293 0.2
      vertex 146.669 -89.2293 0
    endloop
  endfacet
  facet normal -0.980856 -0.194736 0
    outer loop
      vertex 148.05 -89.325 0
      vertex 148.031 -89.2293 0.2
      vertex 148.031 -89.2293 0
    endloop
  endfacet
  facet normal -0.980856 -0.194736 0
    outer loop
      vertex 148.031 -89.2293 0.2
      vertex 148.05 -89.325 0
      vertex 148.05 -89.325 0.2
    endloop
  endfacet
  facet normal 1 -0 0
    outer loop
      vertex 146.65 -89.85 0.2
      vertex 146.65 -89.325 0
      vertex 146.65 -89.325 0.2
    endloop
  endfacet
  facet normal 1 0 0
    outer loop
      vertex 146.65 -89.325 0
      vertex 146.65 -89.85 0.2
      vertex 146.65 -89.85 0
    endloop
  endfacet
  facet normal -0.980856 0.194736 0
    outer loop
      vertex 148.031 -89.9457 0
      vertex 148.05 -89.85 0.2
      vertex 148.05 -89.85 0
    endloop
  endfacet
  facet normal -0.980856 0.194736 0
    outer loop
      vertex 148.05 -89.85 0.2
      vertex 148.031 -89.9457 0
      vertex 148.031 -89.9457 0.2
    endloop
  endfacet
  facet normal 0.980856 0.194736 0
    outer loop
      vertex 146.669 -89.9457 0.2
      vertex 146.65 -89.85 0
      vertex 146.65 -89.85 0.2
    endloop
  endfacet
  facet normal 0.980856 0.194736 0
    outer loop
      vertex 146.65 -89.85 0
      vertex 146.669 -89.9457 0.2
      vertex 146.669 -89.9457 0
    endloop
  endfacet
  facet normal 1 -0 0
    outer loop
      vertex 146.65 -91.675 0.2
      vertex 146.65 -91.15 0
      vertex 146.65 -91.15 0.2
    endloop
  endfacet
  facet normal 1 0 0
    outer loop
      vertex 146.65 -91.15 0
      vertex 146.65 -91.675 0.2
      vertex 146.65 -91.675 0
    endloop
  endfacet
  facet normal 0.832366 0.554226 0
    outer loop
      vertex 146.723 -91.8518 0.2
      vertex 146.669 -91.7707 0
      vertex 146.669 -91.7707 0.2
    endloop
  endfacet
  facet normal 0.832366 0.554226 0
    outer loop
      vertex 146.669 -91.7707 0
      vertex 146.723 -91.8518 0.2
      vertex 146.723 -91.8518 0
    endloop
  endfacet
  facet normal -0.194151 0.980972 0
    outer loop
      vertex 147.896 -91.906 0
      vertex 147.8 -91.925 0.2
      vertex 147.896 -91.906 0.2
    endloop
  endfacet
  facet normal -0.194151 0.980972 0
    outer loop
      vertex 147.8 -91.925 0.2
      vertex 147.896 -91.906 0
      vertex 147.8 -91.925 0
    endloop
  endfacet
  facet normal -1 0 0
    outer loop
      vertex 148.05 -91.675 0
      vertex 148.05 -91.15 0.2
      vertex 148.05 -91.15 0
    endloop
  endfacet
  facet normal -1 -0 0
    outer loop
      vertex 148.05 -91.15 0.2
      vertex 148.05 -91.675 0
      vertex 148.05 -91.675 0.2
    endloop
  endfacet
  facet normal 0.194151 0.980972 -0
    outer loop
      vertex 146.9 -91.925 0
      vertex 146.804 -91.906 0.2
      vertex 146.9 -91.925 0.2
    endloop
  endfacet
  facet normal 0.194151 0.980972 0
    outer loop
      vertex 146.804 -91.906 0.2
      vertex 146.9 -91.925 0
      vertex 146.804 -91.906 0
    endloop
  endfacet
  facet normal 0.980856 0.194736 0
    outer loop
      vertex 146.669 -91.7707 0.2
      vertex 146.65 -91.675 0
      vertex 146.65 -91.675 0.2
    endloop
  endfacet
  facet normal 0.980856 0.194736 0
    outer loop
      vertex 146.65 -91.675 0
      vertex 146.669 -91.7707 0.2
      vertex 146.669 -91.7707 0
    endloop
  endfacet
  facet normal -0.55612 -0.831102 0
    outer loop
      vertex 147.896 -90.919 0
      vertex 147.977 -90.9732 0.2
      vertex 147.896 -90.919 0.2
    endloop
  endfacet
  facet normal -0.55612 -0.831102 -0
    outer loop
      vertex 147.977 -90.9732 0.2
      vertex 147.896 -90.919 0
      vertex 147.977 -90.9732 0
    endloop
  endfacet
  facet normal 0.832366 -0.554226 0
    outer loop
      vertex 146.669 -91.0543 0.2
      vertex 146.723 -90.9732 0
      vertex 146.723 -90.9732 0.2
    endloop
  endfacet
  facet normal 0.832366 -0.554226 0
    outer loop
      vertex 146.723 -90.9732 0
      vertex 146.669 -91.0543 0.2
      vertex 146.669 -91.0543 0
    endloop
  endfacet
  facet normal -0.980856 -0.194736 0
    outer loop
      vertex 148.05 -91.15 0
      vertex 148.031 -91.0543 0.2
      vertex 148.031 -91.0543 0
    endloop
  endfacet
  facet normal -0.980856 -0.194736 0
    outer loop
      vertex 148.031 -91.0543 0.2
      vertex 148.05 -91.15 0
      vertex 148.05 -91.15 0.2
    endloop
  endfacet
  facet normal 0 -1 0
    outer loop
      vertex 146.9 -90.9 0
      vertex 147.8 -90.9 0.2
      vertex 146.9 -90.9 0.2
    endloop
  endfacet
  facet normal 0 -1 -0
    outer loop
      vertex 147.8 -90.9 0.2
      vertex 146.9 -90.9 0
      vertex 147.8 -90.9 0
    endloop
  endfacet
  facet normal 0.55612 -0.831102 0
    outer loop
      vertex 146.723 -90.9732 0
      vertex 146.804 -90.919 0.2
      vertex 146.723 -90.9732 0.2
    endloop
  endfacet
  facet normal 0.55612 -0.831102 0
    outer loop
      vertex 146.804 -90.919 0.2
      vertex 146.723 -90.9732 0
      vertex 146.804 -90.919 0
    endloop
  endfacet
  facet normal 0 1 -0
    outer loop
      vertex 147.8 -91.925 0
      vertex 146.9 -91.925 0.2
      vertex 147.8 -91.925 0.2
    endloop
  endfacet
  facet normal 0 1 0
    outer loop
      vertex 146.9 -91.925 0.2
      vertex 147.8 -91.925 0
      vertex 146.9 -91.925 0
    endloop
  endfacet
  facet normal 0.194151 -0.980972 0
    outer loop
      vertex 146.804 -90.919 0
      vertex 146.9 -90.9 0.2
      vertex 146.804 -90.919 0.2
    endloop
  endfacet
  facet normal 0.194151 -0.980972 0
    outer loop
      vertex 146.9 -90.9 0.2
      vertex 146.804 -90.919 0
      vertex 146.9 -90.9 0
    endloop
  endfacet
  facet normal 0.55612 0.831102 -0
    outer loop
      vertex 146.804 -91.906 0
      vertex 146.723 -91.8518 0.2
      vertex 146.804 -91.906 0.2
    endloop
  endfacet
  facet normal 0.55612 0.831102 0
    outer loop
      vertex 146.723 -91.8518 0.2
      vertex 146.804 -91.906 0
      vertex 146.723 -91.8518 0
    endloop
  endfacet
  facet normal -0.832366 -0.554226 0
    outer loop
      vertex 148.031 -91.0543 0
      vertex 147.977 -90.9732 0.2
      vertex 147.977 -90.9732 0
    endloop
  endfacet
  facet normal -0.832366 -0.554226 0
    outer loop
      vertex 147.977 -90.9732 0.2
      vertex 148.031 -91.0543 0
      vertex 148.031 -91.0543 0.2
    endloop
  endfacet
  facet normal -0.194151 -0.980972 0
    outer loop
      vertex 147.8 -90.9 0
      vertex 147.896 -90.919 0.2
      vertex 147.8 -90.9 0.2
    endloop
  endfacet
  facet normal -0.194151 -0.980972 -0
    outer loop
      vertex 147.896 -90.919 0.2
      vertex 147.8 -90.9 0
      vertex 147.896 -90.919 0
    endloop
  endfacet
  facet normal -0.832366 0.554226 0
    outer loop
      vertex 147.977 -91.8518 0
      vertex 148.031 -91.7707 0.2
      vertex 148.031 -91.7707 0
    endloop
  endfacet
  facet normal -0.832366 0.554226 0
    outer loop
      vertex 148.031 -91.7707 0.2
      vertex 147.977 -91.8518 0
      vertex 147.977 -91.8518 0.2
    endloop
  endfacet
  facet normal 0.980856 -0.194736 0
    outer loop
      vertex 146.65 -91.15 0.2
      vertex 146.669 -91.0543 0
      vertex 146.669 -91.0543 0.2
    endloop
  endfacet
  facet normal 0.980856 -0.194736 0
    outer loop
      vertex 146.669 -91.0543 0
      vertex 146.65 -91.15 0.2
      vertex 146.65 -91.15 0
    endloop
  endfacet
  facet normal -0.980856 0.194736 0
    outer loop
      vertex 148.031 -91.7707 0
      vertex 148.05 -91.675 0.2
      vertex 148.05 -91.675 0
    endloop
  endfacet
  facet normal -0.980856 0.194736 0
    outer loop
      vertex 148.05 -91.675 0.2
      vertex 148.031 -91.7707 0
      vertex 148.031 -91.7707 0.2
    endloop
  endfacet
  facet normal -0.55612 0.831102 0
    outer loop
      vertex 147.977 -91.8518 0
      vertex 147.896 -91.906 0.2
      vertex 147.977 -91.8518 0.2
    endloop
  endfacet
  facet normal -0.55612 0.831102 0
    outer loop
      vertex 147.896 -91.906 0.2
      vertex 147.977 -91.8518 0
      vertex 147.896 -91.906 0
    endloop
  endfacet
  facet normal -0.194151 -0.980972 0
    outer loop
      vertex 127.8 -125.775 0
      vertex 127.896 -125.794 0.2
      vertex 127.8 -125.775 0.2
    endloop
  endfacet
  facet normal -0.194151 -0.980972 -0
    outer loop
      vertex 127.896 -125.794 0.2
      vertex 127.8 -125.775 0
      vertex 127.896 -125.794 0
    endloop
  endfacet
  facet normal -0.83205 0.5547 0
    outer loop
      vertex 127.977 -127.152 0
      vertex 128.031 -127.071 0.2
      vertex 128.031 -127.071 0
    endloop
  endfacet
  facet normal -0.83205 0.5547 0
    outer loop
      vertex 128.031 -127.071 0.2
      vertex 127.977 -127.152 0
      vertex 127.977 -127.152 0.2
    endloop
  endfacet
  facet normal -0.194151 0.980972 0
    outer loop
      vertex 127.896 -127.206 0
      vertex 127.8 -127.225 0.2
      vertex 127.896 -127.206 0.2
    endloop
  endfacet
  facet normal -0.194151 0.980972 0
    outer loop
      vertex 127.8 -127.225 0.2
      vertex 127.896 -127.206 0
      vertex 127.8 -127.225 0
    endloop
  endfacet
  facet normal -0.5547 0.83205 0
    outer loop
      vertex 127.977 -127.152 0
      vertex 127.896 -127.206 0.2
      vertex 127.977 -127.152 0.2
    endloop
  endfacet
  facet normal -0.5547 0.83205 0
    outer loop
      vertex 127.896 -127.206 0.2
      vertex 127.977 -127.152 0
      vertex 127.896 -127.206 0
    endloop
  endfacet
  facet normal -1 0 0
    outer loop
      vertex 128.05 -126.975 0
      vertex 128.05 -126.025 0.2
      vertex 128.05 -126.025 0
    endloop
  endfacet
  facet normal -1 -0 0
    outer loop
      vertex 128.05 -126.025 0.2
      vertex 128.05 -126.975 0
      vertex 128.05 -126.975 0.2
    endloop
  endfacet
  facet normal 0.194151 0.980972 -0
    outer loop
      vertex 127.3 -127.225 0
      vertex 127.204 -127.206 0.2
      vertex 127.3 -127.225 0.2
    endloop
  endfacet
  facet normal 0.194151 0.980972 0
    outer loop
      vertex 127.204 -127.206 0.2
      vertex 127.3 -127.225 0
      vertex 127.204 -127.206 0
    endloop
  endfacet
  facet normal -0.5547 -0.83205 0
    outer loop
      vertex 127.896 -125.794 0
      vertex 127.977 -125.848 0.2
      vertex 127.896 -125.794 0.2
    endloop
  endfacet
  facet normal -0.5547 -0.83205 -0
    outer loop
      vertex 127.977 -125.848 0.2
      vertex 127.896 -125.794 0
      vertex 127.977 -125.848 0
    endloop
  endfacet
  facet normal 0.83205 -0.5547 0
    outer loop
      vertex 127.069 -125.929 0.2
      vertex 127.123 -125.848 0
      vertex 127.123 -125.848 0.2
    endloop
  endfacet
  facet normal 0.83205 -0.5547 0
    outer loop
      vertex 127.123 -125.848 0
      vertex 127.069 -125.929 0.2
      vertex 127.069 -125.929 0
    endloop
  endfacet
  facet normal -0.83205 -0.5547 0
    outer loop
      vertex 128.031 -125.929 0
      vertex 127.977 -125.848 0.2
      vertex 127.977 -125.848 0
    endloop
  endfacet
  facet normal -0.83205 -0.5547 0
    outer loop
      vertex 127.977 -125.848 0.2
      vertex 128.031 -125.929 0
      vertex 128.031 -125.929 0.2
    endloop
  endfacet
  facet normal 0.980972 -0.194151 0
    outer loop
      vertex 127.05 -126.025 0.2
      vertex 127.069 -125.929 0
      vertex 127.069 -125.929 0.2
    endloop
  endfacet
  facet normal 0.980972 -0.194151 0
    outer loop
      vertex 127.069 -125.929 0
      vertex 127.05 -126.025 0.2
      vertex 127.05 -126.025 0
    endloop
  endfacet
  facet normal 0.5547 -0.83205 0
    outer loop
      vertex 127.123 -125.848 0
      vertex 127.204 -125.794 0.2
      vertex 127.123 -125.848 0.2
    endloop
  endfacet
  facet normal 0.5547 -0.83205 0
    outer loop
      vertex 127.204 -125.794 0.2
      vertex 127.123 -125.848 0
      vertex 127.204 -125.794 0
    endloop
  endfacet
  facet normal 0.5547 0.83205 -0
    outer loop
      vertex 127.204 -127.206 0
      vertex 127.123 -127.152 0.2
      vertex 127.204 -127.206 0.2
    endloop
  endfacet
  facet normal 0.5547 0.83205 0
    outer loop
      vertex 127.123 -127.152 0.2
      vertex 127.204 -127.206 0
      vertex 127.123 -127.152 0
    endloop
  endfacet
  facet normal 0 1 -0
    outer loop
      vertex 127.8 -127.225 0
      vertex 127.3 -127.225 0.2
      vertex 127.8 -127.225 0.2
    endloop
  endfacet
  facet normal 0 1 0
    outer loop
      vertex 127.3 -127.225 0.2
      vertex 127.8 -127.225 0
      vertex 127.3 -127.225 0
    endloop
  endfacet
  facet normal -0.980972 0.194151 0
    outer loop
      vertex 128.031 -127.071 0
      vertex 128.05 -126.975 0.2
      vertex 128.05 -126.975 0
    endloop
  endfacet
  facet normal -0.980972 0.194151 0
    outer loop
      vertex 128.05 -126.975 0.2
      vertex 128.031 -127.071 0
      vertex 128.031 -127.071 0.2
    endloop
  endfacet
  facet normal 0.194151 -0.980972 0
    outer loop
      vertex 127.204 -125.794 0
      vertex 127.3 -125.775 0.2
      vertex 127.204 -125.794 0.2
    endloop
  endfacet
  facet normal 0.194151 -0.980972 0
    outer loop
      vertex 127.3 -125.775 0.2
      vertex 127.204 -125.794 0
      vertex 127.3 -125.775 0
    endloop
  endfacet
  facet normal 0.980972 0.194151 0
    outer loop
      vertex 127.069 -127.071 0.2
      vertex 127.05 -126.975 0
      vertex 127.05 -126.975 0.2
    endloop
  endfacet
  facet normal 0.980972 0.194151 0
    outer loop
      vertex 127.05 -126.975 0
      vertex 127.069 -127.071 0.2
      vertex 127.069 -127.071 0
    endloop
  endfacet
  facet normal 0.83205 0.5547 0
    outer loop
      vertex 127.123 -127.152 0.2
      vertex 127.069 -127.071 0
      vertex 127.069 -127.071 0.2
    endloop
  endfacet
  facet normal 0.83205 0.5547 0
    outer loop
      vertex 127.069 -127.071 0
      vertex 127.123 -127.152 0.2
      vertex 127.123 -127.152 0
    endloop
  endfacet
  facet normal 1 -0 0
    outer loop
      vertex 127.05 -126.975 0.2
      vertex 127.05 -126.025 0
      vertex 127.05 -126.025 0.2
    endloop
  endfacet
  facet normal 1 0 0
    outer loop
      vertex 127.05 -126.025 0
      vertex 127.05 -126.975 0.2
      vertex 127.05 -126.975 0
    endloop
  endfacet
  facet normal 0 -1 0
    outer loop
      vertex 127.3 -125.775 0
      vertex 127.8 -125.775 0.2
      vertex 127.3 -125.775 0.2
    endloop
  endfacet
  facet normal 0 -1 -0
    outer loop
      vertex 127.8 -125.775 0.2
      vertex 127.3 -125.775 0
      vertex 127.8 -125.775 0
    endloop
  endfacet
  facet normal -0.980972 -0.194151 0
    outer loop
      vertex 128.05 -126.025 0
      vertex 128.031 -125.929 0.2
      vertex 128.031 -125.929 0
    endloop
  endfacet
  facet normal -0.980972 -0.194151 0
    outer loop
      vertex 128.031 -125.929 0.2
      vertex 128.05 -126.025 0
      vertex 128.05 -126.025 0.2
    endloop
  endfacet
  facet normal -0.194151 0.980972 0
    outer loop
      vertex 129.796 -127.206 0
      vertex 129.7 -127.225 0.2
      vertex 129.796 -127.206 0.2
    endloop
  endfacet
  facet normal -0.194151 0.980972 0
    outer loop
      vertex 129.7 -127.225 0.2
      vertex 129.796 -127.206 0
      vertex 129.7 -127.225 0
    endloop
  endfacet
  facet normal -0.5547 0.83205 0
    outer loop
      vertex 129.877 -127.152 0
      vertex 129.796 -127.206 0.2
      vertex 129.877 -127.152 0.2
    endloop
  endfacet
  facet normal -0.5547 0.83205 0
    outer loop
      vertex 129.796 -127.206 0.2
      vertex 129.877 -127.152 0
      vertex 129.796 -127.206 0
    endloop
  endfacet
  facet normal 0.83205 -0.5547 0
    outer loop
      vertex 128.969 -125.929 0.2
      vertex 129.023 -125.848 0
      vertex 129.023 -125.848 0.2
    endloop
  endfacet
  facet normal 0.83205 -0.5547 0
    outer loop
      vertex 129.023 -125.848 0
      vertex 128.969 -125.929 0.2
      vertex 128.969 -125.929 0
    endloop
  endfacet
  facet normal 0.5547 0.83205 -0
    outer loop
      vertex 129.104 -127.206 0
      vertex 129.023 -127.152 0.2
      vertex 129.104 -127.206 0.2
    endloop
  endfacet
  facet normal 0.5547 0.83205 0
    outer loop
      vertex 129.023 -127.152 0.2
      vertex 129.104 -127.206 0
      vertex 129.023 -127.152 0
    endloop
  endfacet
  facet normal -0.83205 -0.5547 0
    outer loop
      vertex 129.931 -125.929 0
      vertex 129.877 -125.848 0.2
      vertex 129.877 -125.848 0
    endloop
  endfacet
  facet normal -0.83205 -0.5547 0
    outer loop
      vertex 129.877 -125.848 0.2
      vertex 129.931 -125.929 0
      vertex 129.931 -125.929 0.2
    endloop
  endfacet
  facet normal 0.980972 -0.194151 0
    outer loop
      vertex 128.95 -126.025 0.2
      vertex 128.969 -125.929 0
      vertex 128.969 -125.929 0.2
    endloop
  endfacet
  facet normal 0.980972 -0.194151 0
    outer loop
      vertex 128.969 -125.929 0
      vertex 128.95 -126.025 0.2
      vertex 128.95 -126.025 0
    endloop
  endfacet
  facet normal -0.194151 -0.980972 0
    outer loop
      vertex 129.7 -125.775 0
      vertex 129.796 -125.794 0.2
      vertex 129.7 -125.775 0.2
    endloop
  endfacet
  facet normal -0.194151 -0.980972 -0
    outer loop
      vertex 129.796 -125.794 0.2
      vertex 129.7 -125.775 0
      vertex 129.796 -125.794 0
    endloop
  endfacet
  facet normal 0 1 -0
    outer loop
      vertex 129.7 -127.225 0
      vertex 129.2 -127.225 0.2
      vertex 129.7 -127.225 0.2
    endloop
  endfacet
  facet normal 0 1 0
    outer loop
      vertex 129.2 -127.225 0.2
      vertex 129.7 -127.225 0
      vertex 129.2 -127.225 0
    endloop
  endfacet
  facet normal 0.5547 -0.83205 0
    outer loop
      vertex 129.023 -125.848 0
      vertex 129.104 -125.794 0.2
      vertex 129.023 -125.848 0.2
    endloop
  endfacet
  facet normal 0.5547 -0.83205 0
    outer loop
      vertex 129.104 -125.794 0.2
      vertex 129.023 -125.848 0
      vertex 129.104 -125.794 0
    endloop
  endfacet
  facet normal 0.194151 0.980972 -0
    outer loop
      vertex 129.2 -127.225 0
      vertex 129.104 -127.206 0.2
      vertex 129.2 -127.225 0.2
    endloop
  endfacet
  facet normal 0.194151 0.980972 0
    outer loop
      vertex 129.104 -127.206 0.2
      vertex 129.2 -127.225 0
      vertex 129.104 -127.206 0
    endloop
  endfacet
  facet normal 0.980972 0.194151 0
    outer loop
      vertex 128.969 -127.071 0.2
      vertex 128.95 -126.975 0
      vertex 128.95 -126.975 0.2
    endloop
  endfacet
  facet normal 0.980972 0.194151 0
    outer loop
      vertex 128.95 -126.975 0
      vertex 128.969 -127.071 0.2
      vertex 128.969 -127.071 0
    endloop
  endfacet
  facet normal -0.5547 -0.83205 0
    outer loop
      vertex 129.796 -125.794 0
      vertex 129.877 -125.848 0.2
      vertex 129.796 -125.794 0.2
    endloop
  endfacet
  facet normal -0.5547 -0.83205 -0
    outer loop
      vertex 129.877 -125.848 0.2
      vertex 129.796 -125.794 0
      vertex 129.877 -125.848 0
    endloop
  endfacet
  facet normal 0.83205 0.5547 0
    outer loop
      vertex 129.023 -127.152 0.2
      vertex 128.969 -127.071 0
      vertex 128.969 -127.071 0.2
    endloop
  endfacet
  facet normal 0.83205 0.5547 0
    outer loop
      vertex 128.969 -127.071 0
      vertex 129.023 -127.152 0.2
      vertex 129.023 -127.152 0
    endloop
  endfacet
  facet normal -0.980972 -0.194151 0
    outer loop
      vertex 129.95 -126.025 0
      vertex 129.931 -125.929 0.2
      vertex 129.931 -125.929 0
    endloop
  endfacet
  facet normal -0.980972 -0.194151 0
    outer loop
      vertex 129.931 -125.929 0.2
      vertex 129.95 -126.025 0
      vertex 129.95 -126.025 0.2
    endloop
  endfacet
  facet normal -1 0 0
    outer loop
      vertex 129.95 -126.975 0
      vertex 129.95 -126.025 0.2
      vertex 129.95 -126.025 0
    endloop
  endfacet
  facet normal -1 -0 0
    outer loop
      vertex 129.95 -126.025 0.2
      vertex 129.95 -126.975 0
      vertex 129.95 -126.975 0.2
    endloop
  endfacet
  facet normal -0.83205 0.5547 0
    outer loop
      vertex 129.877 -127.152 0
      vertex 129.931 -127.071 0.2
      vertex 129.931 -127.071 0
    endloop
  endfacet
  facet normal -0.83205 0.5547 0
    outer loop
      vertex 129.931 -127.071 0.2
      vertex 129.877 -127.152 0
      vertex 129.877 -127.152 0.2
    endloop
  endfacet
  facet normal -0.980972 0.194151 0
    outer loop
      vertex 129.931 -127.071 0
      vertex 129.95 -126.975 0.2
      vertex 129.95 -126.975 0
    endloop
  endfacet
  facet normal -0.980972 0.194151 0
    outer loop
      vertex 129.95 -126.975 0.2
      vertex 129.931 -127.071 0
      vertex 129.931 -127.071 0.2
    endloop
  endfacet
  facet normal 0.194151 -0.980972 0
    outer loop
      vertex 129.104 -125.794 0
      vertex 129.2 -125.775 0.2
      vertex 129.104 -125.794 0.2
    endloop
  endfacet
  facet normal 0.194151 -0.980972 0
    outer loop
      vertex 129.2 -125.775 0.2
      vertex 129.104 -125.794 0
      vertex 129.2 -125.775 0
    endloop
  endfacet
  facet normal 0 -1 0
    outer loop
      vertex 129.2 -125.775 0
      vertex 129.7 -125.775 0.2
      vertex 129.2 -125.775 0.2
    endloop
  endfacet
  facet normal 0 -1 -0
    outer loop
      vertex 129.7 -125.775 0.2
      vertex 129.2 -125.775 0
      vertex 129.7 -125.775 0
    endloop
  endfacet
  facet normal 1 -0 0
    outer loop
      vertex 128.95 -126.975 0.2
      vertex 128.95 -126.025 0
      vertex 128.95 -126.025 0.2
    endloop
  endfacet
  facet normal 1 0 0
    outer loop
      vertex 128.95 -126.025 0
      vertex 128.95 -126.975 0.2
      vertex 128.95 -126.975 0
    endloop
  endfacet
  facet normal 1 -0 0
    outer loop
      vertex 118.65 -89.85 0.2
      vertex 118.65 -89.325 0
      vertex 118.65 -89.325 0.2
    endloop
  endfacet
  facet normal 1 0 0
    outer loop
      vertex 118.65 -89.325 0
      vertex 118.65 -89.85 0.2
      vertex 118.65 -89.85 0
    endloop
  endfacet
  facet normal 0.832366 0.554226 0
    outer loop
      vertex 118.723 -90.0268 0.2
      vertex 118.669 -89.9457 0
      vertex 118.669 -89.9457 0.2
    endloop
  endfacet
  facet normal 0.832366 0.554226 0
    outer loop
      vertex 118.669 -89.9457 0
      vertex 118.723 -90.0268 0.2
      vertex 118.723 -90.0268 0
    endloop
  endfacet
  facet normal -0.194151 0.980972 0
    outer loop
      vertex 119.896 -90.081 0
      vertex 119.8 -90.1 0.2
      vertex 119.896 -90.081 0.2
    endloop
  endfacet
  facet normal -0.194151 0.980972 0
    outer loop
      vertex 119.8 -90.1 0.2
      vertex 119.896 -90.081 0
      vertex 119.8 -90.1 0
    endloop
  endfacet
  facet normal -1 0 0
    outer loop
      vertex 120.05 -89.85 0
      vertex 120.05 -89.325 0.2
      vertex 120.05 -89.325 0
    endloop
  endfacet
  facet normal -1 -0 0
    outer loop
      vertex 120.05 -89.325 0.2
      vertex 120.05 -89.85 0
      vertex 120.05 -89.85 0.2
    endloop
  endfacet
  facet normal 0.194151 0.980972 -0
    outer loop
      vertex 118.9 -90.1 0
      vertex 118.804 -90.081 0.2
      vertex 118.9 -90.1 0.2
    endloop
  endfacet
  facet normal 0.194151 0.980972 0
    outer loop
      vertex 118.804 -90.081 0.2
      vertex 118.9 -90.1 0
      vertex 118.804 -90.081 0
    endloop
  endfacet
  facet normal 0.980856 0.194736 0
    outer loop
      vertex 118.669 -89.9457 0.2
      vertex 118.65 -89.85 0
      vertex 118.65 -89.85 0.2
    endloop
  endfacet
  facet normal 0.980856 0.194736 0
    outer loop
      vertex 118.65 -89.85 0
      vertex 118.669 -89.9457 0.2
      vertex 118.669 -89.9457 0
    endloop
  endfacet
  facet normal -0.55612 -0.831102 0
    outer loop
      vertex 119.896 -89.094 0
      vertex 119.977 -89.1482 0.2
      vertex 119.896 -89.094 0.2
    endloop
  endfacet
  facet normal -0.55612 -0.831102 -0
    outer loop
      vertex 119.977 -89.1482 0.2
      vertex 119.896 -89.094 0
      vertex 119.977 -89.1482 0
    endloop
  endfacet
  facet normal 0.832366 -0.554226 0
    outer loop
      vertex 118.669 -89.2293 0.2
      vertex 118.723 -89.1482 0
      vertex 118.723 -89.1482 0.2
    endloop
  endfacet
  facet normal 0.832366 -0.554226 0
    outer loop
      vertex 118.723 -89.1482 0
      vertex 118.669 -89.2293 0.2
      vertex 118.669 -89.2293 0
    endloop
  endfacet
  facet normal -0.980856 -0.194736 0
    outer loop
      vertex 120.05 -89.325 0
      vertex 120.031 -89.2293 0.2
      vertex 120.031 -89.2293 0
    endloop
  endfacet
  facet normal -0.980856 -0.194736 0
    outer loop
      vertex 120.031 -89.2293 0.2
      vertex 120.05 -89.325 0
      vertex 120.05 -89.325 0.2
    endloop
  endfacet
  facet normal 0 -1 0
    outer loop
      vertex 118.9 -89.075 0
      vertex 119.8 -89.075 0.2
      vertex 118.9 -89.075 0.2
    endloop
  endfacet
  facet normal 0 -1 -0
    outer loop
      vertex 119.8 -89.075 0.2
      vertex 118.9 -89.075 0
      vertex 119.8 -89.075 0
    endloop
  endfacet
  facet normal 0.55612 -0.831102 0
    outer loop
      vertex 118.723 -89.1482 0
      vertex 118.804 -89.094 0.2
      vertex 118.723 -89.1482 0.2
    endloop
  endfacet
  facet normal 0.55612 -0.831102 0
    outer loop
      vertex 118.804 -89.094 0.2
      vertex 118.723 -89.1482 0
      vertex 118.804 -89.094 0
    endloop
  endfacet
  facet normal 0 1 -0
    outer loop
      vertex 119.8 -90.1 0
      vertex 118.9 -90.1 0.2
      vertex 119.8 -90.1 0.2
    endloop
  endfacet
  facet normal 0 1 0
    outer loop
      vertex 118.9 -90.1 0.2
      vertex 119.8 -90.1 0
      vertex 118.9 -90.1 0
    endloop
  endfacet
  facet normal 0.194151 -0.980972 0
    outer loop
      vertex 118.804 -89.094 0
      vertex 118.9 -89.075 0.2
      vertex 118.804 -89.094 0.2
    endloop
  endfacet
  facet normal 0.194151 -0.980972 0
    outer loop
      vertex 118.9 -89.075 0.2
      vertex 118.804 -89.094 0
      vertex 118.9 -89.075 0
    endloop
  endfacet
  facet normal 0.55612 0.831102 -0
    outer loop
      vertex 118.804 -90.081 0
      vertex 118.723 -90.0268 0.2
      vertex 118.804 -90.081 0.2
    endloop
  endfacet
  facet normal 0.55612 0.831102 0
    outer loop
      vertex 118.723 -90.0268 0.2
      vertex 118.804 -90.081 0
      vertex 118.723 -90.0268 0
    endloop
  endfacet
  facet normal -0.832366 -0.554226 0
    outer loop
      vertex 120.031 -89.2293 0
      vertex 119.977 -89.1482 0.2
      vertex 119.977 -89.1482 0
    endloop
  endfacet
  facet normal -0.832366 -0.554226 0
    outer loop
      vertex 119.977 -89.1482 0.2
      vertex 120.031 -89.2293 0
      vertex 120.031 -89.2293 0.2
    endloop
  endfacet
  facet normal -0.194151 -0.980972 0
    outer loop
      vertex 119.8 -89.075 0
      vertex 119.896 -89.094 0.2
      vertex 119.8 -89.075 0.2
    endloop
  endfacet
  facet normal -0.194151 -0.980972 -0
    outer loop
      vertex 119.896 -89.094 0.2
      vertex 119.8 -89.075 0
      vertex 119.896 -89.094 0
    endloop
  endfacet
  facet normal -0.832366 0.554226 0
    outer loop
      vertex 119.977 -90.0268 0
      vertex 120.031 -89.9457 0.2
      vertex 120.031 -89.9457 0
    endloop
  endfacet
  facet normal -0.832366 0.554226 0
    outer loop
      vertex 120.031 -89.9457 0.2
      vertex 119.977 -90.0268 0
      vertex 119.977 -90.0268 0.2
    endloop
  endfacet
  facet normal 0.980856 -0.194736 0
    outer loop
      vertex 118.65 -89.325 0.2
      vertex 118.669 -89.2293 0
      vertex 118.669 -89.2293 0.2
    endloop
  endfacet
  facet normal 0.980856 -0.194736 0
    outer loop
      vertex 118.669 -89.2293 0
      vertex 118.65 -89.325 0.2
      vertex 118.65 -89.325 0
    endloop
  endfacet
  facet normal -0.980856 0.194736 0
    outer loop
      vertex 120.031 -89.9457 0
      vertex 120.05 -89.85 0.2
      vertex 120.05 -89.85 0
    endloop
  endfacet
  facet normal -0.980856 0.194736 0
    outer loop
      vertex 120.05 -89.85 0.2
      vertex 120.031 -89.9457 0
      vertex 120.031 -89.9457 0.2
    endloop
  endfacet
  facet normal -0.55612 0.831102 0
    outer loop
      vertex 119.977 -90.0268 0
      vertex 119.896 -90.081 0.2
      vertex 119.977 -90.0268 0.2
    endloop
  endfacet
  facet normal -0.55612 0.831102 0
    outer loop
      vertex 119.896 -90.081 0.2
      vertex 119.977 -90.0268 0
      vertex 119.896 -90.081 0
    endloop
  endfacet
  facet normal 0.194151 0.980972 -0
    outer loop
      vertex 118.9 -91.925 0
      vertex 118.804 -91.906 0.2
      vertex 118.9 -91.925 0.2
    endloop
  endfacet
  facet normal 0.194151 0.980972 0
    outer loop
      vertex 118.804 -91.906 0.2
      vertex 118.9 -91.925 0
      vertex 118.804 -91.906 0
    endloop
  endfacet
  facet normal -0.194151 0.980972 0
    outer loop
      vertex 119.896 -91.906 0
      vertex 119.8 -91.925 0.2
      vertex 119.896 -91.906 0.2
    endloop
  endfacet
  facet normal -0.194151 0.980972 0
    outer loop
      vertex 119.8 -91.925 0.2
      vertex 119.896 -91.906 0
      vertex 119.8 -91.925 0
    endloop
  endfacet
  facet normal -1 0 0
    outer loop
      vertex 120.05 -91.675 0
      vertex 120.05 -91.15 0.2
      vertex 120.05 -91.15 0
    endloop
  endfacet
  facet normal -1 -0 0
    outer loop
      vertex 120.05 -91.15 0.2
      vertex 120.05 -91.675 0
      vertex 120.05 -91.675 0.2
    endloop
  endfacet
  facet normal 0 1 -0
    outer loop
      vertex 119.8 -91.925 0
      vertex 118.9 -91.925 0.2
      vertex 119.8 -91.925 0.2
    endloop
  endfacet
  facet normal 0 1 0
    outer loop
      vertex 118.9 -91.925 0.2
      vertex 119.8 -91.925 0
      vertex 118.9 -91.925 0
    endloop
  endfacet
  facet normal -0.55612 -0.831102 0
    outer loop
      vertex 119.896 -90.919 0
      vertex 119.977 -90.9732 0.2
      vertex 119.896 -90.919 0.2
    endloop
  endfacet
  facet normal -0.55612 -0.831102 -0
    outer loop
      vertex 119.977 -90.9732 0.2
      vertex 119.896 -90.919 0
      vertex 119.977 -90.9732 0
    endloop
  endfacet
  facet normal -0.832366 0.554226 0
    outer loop
      vertex 119.977 -91.8518 0
      vertex 120.031 -91.7707 0.2
      vertex 120.031 -91.7707 0
    endloop
  endfacet
  facet normal -0.832366 0.554226 0
    outer loop
      vertex 120.031 -91.7707 0.2
      vertex 119.977 -91.8518 0
      vertex 119.977 -91.8518 0.2
    endloop
  endfacet
  facet normal -0.194151 -0.980972 0
    outer loop
      vertex 119.8 -90.9 0
      vertex 119.896 -90.919 0.2
      vertex 119.8 -90.9 0.2
    endloop
  endfacet
  facet normal -0.194151 -0.980972 -0
    outer loop
      vertex 119.896 -90.919 0.2
      vertex 119.8 -90.9 0
      vertex 119.896 -90.919 0
    endloop
  endfacet
  facet normal 0.55612 0.831102 -0
    outer loop
      vertex 118.804 -91.906 0
      vertex 118.723 -91.8518 0.2
      vertex 118.804 -91.906 0.2
    endloop
  endfacet
  facet normal 0.55612 0.831102 0
    outer loop
      vertex 118.723 -91.8518 0.2
      vertex 118.804 -91.906 0
      vertex 118.723 -91.8518 0
    endloop
  endfacet
  facet normal 0.832366 0.554226 0
    outer loop
      vertex 118.723 -91.8518 0.2
      vertex 118.669 -91.7707 0
      vertex 118.669 -91.7707 0.2
    endloop
  endfacet
  facet normal 0.832366 0.554226 0
    outer loop
      vertex 118.669 -91.7707 0
      vertex 118.723 -91.8518 0.2
      vertex 118.723 -91.8518 0
    endloop
  endfacet
  facet normal 0 -1 0
    outer loop
      vertex 118.9 -90.9 0
      vertex 119.8 -90.9 0.2
      vertex 118.9 -90.9 0.2
    endloop
  endfacet
  facet normal 0 -1 -0
    outer loop
      vertex 119.8 -90.9 0.2
      vertex 118.9 -90.9 0
      vertex 119.8 -90.9 0
    endloop
  endfacet
  facet normal 0.55612 -0.831102 0
    outer loop
      vertex 118.723 -90.9732 0
      vertex 118.804 -90.919 0.2
      vertex 118.723 -90.9732 0.2
    endloop
  endfacet
  facet normal 0.55612 -0.831102 0
    outer loop
      vertex 118.804 -90.919 0.2
      vertex 118.723 -90.9732 0
      vertex 118.804 -90.919 0
    endloop
  endfacet
  facet normal 0.194151 -0.980972 0
    outer loop
      vertex 118.804 -90.919 0
      vertex 118.9 -90.9 0.2
      vertex 118.804 -90.919 0.2
    endloop
  endfacet
  facet normal 0.194151 -0.980972 0
    outer loop
      vertex 118.9 -90.9 0.2
      vertex 118.804 -90.919 0
      vertex 118.9 -90.9 0
    endloop
  endfacet
  facet normal 0.980856 -0.194736 0
    outer loop
      vertex 118.65 -91.15 0.2
      vertex 118.669 -91.0543 0
      vertex 118.669 -91.0543 0.2
    endloop
  endfacet
  facet normal 0.980856 -0.194736 0
    outer loop
      vertex 118.669 -91.0543 0
      vertex 118.65 -91.15 0.2
      vertex 118.65 -91.15 0
    endloop
  endfacet
  facet normal -0.55612 0.831102 0
    outer loop
      vertex 119.977 -91.8518 0
      vertex 119.896 -91.906 0.2
      vertex 119.977 -91.8518 0.2
    endloop
  endfacet
  facet normal -0.55612 0.831102 0
    outer loop
      vertex 119.896 -91.906 0.2
      vertex 119.977 -91.8518 0
      vertex 119.896 -91.906 0
    endloop
  endfacet
  facet normal 0.832366 -0.554226 0
    outer loop
      vertex 118.669 -91.0543 0.2
      vertex 118.723 -90.9732 0
      vertex 118.723 -90.9732 0.2
    endloop
  endfacet
  facet normal 0.832366 -0.554226 0
    outer loop
      vertex 118.723 -90.9732 0
      vertex 118.669 -91.0543 0.2
      vertex 118.669 -91.0543 0
    endloop
  endfacet
  facet normal -0.980856 -0.194736 0
    outer loop
      vertex 120.05 -91.15 0
      vertex 120.031 -91.0543 0.2
      vertex 120.031 -91.0543 0
    endloop
  endfacet
  facet normal -0.980856 -0.194736 0
    outer loop
      vertex 120.031 -91.0543 0.2
      vertex 120.05 -91.15 0
      vertex 120.05 -91.15 0.2
    endloop
  endfacet
  facet normal 1 -0 0
    outer loop
      vertex 118.65 -91.675 0.2
      vertex 118.65 -91.15 0
      vertex 118.65 -91.15 0.2
    endloop
  endfacet
  facet normal 1 0 0
    outer loop
      vertex 118.65 -91.15 0
      vertex 118.65 -91.675 0.2
      vertex 118.65 -91.675 0
    endloop
  endfacet
  facet normal -0.832366 -0.554226 0
    outer loop
      vertex 120.031 -91.0543 0
      vertex 119.977 -90.9732 0.2
      vertex 119.977 -90.9732 0
    endloop
  endfacet
  facet normal -0.832366 -0.554226 0
    outer loop
      vertex 119.977 -90.9732 0.2
      vertex 120.031 -91.0543 0
      vertex 120.031 -91.0543 0.2
    endloop
  endfacet
  facet normal -0.980856 0.194736 0
    outer loop
      vertex 120.031 -91.7707 0
      vertex 120.05 -91.675 0.2
      vertex 120.05 -91.675 0
    endloop
  endfacet
  facet normal -0.980856 0.194736 0
    outer loop
      vertex 120.05 -91.675 0.2
      vertex 120.031 -91.7707 0
      vertex 120.031 -91.7707 0.2
    endloop
  endfacet
  facet normal 0.980856 0.194736 0
    outer loop
      vertex 118.669 -91.7707 0.2
      vertex 118.65 -91.675 0
      vertex 118.65 -91.675 0.2
    endloop
  endfacet
  facet normal 0.980856 0.194736 0
    outer loop
      vertex 118.65 -91.675 0
      vertex 118.669 -91.7707 0.2
      vertex 118.669 -91.7707 0
    endloop
  endfacet
  facet normal 0 1 -0
    outer loop
      vertex 159.75 -125.1 0
      vertex 158.85 -125.1 0.2
      vertex 159.75 -125.1 0.2
    endloop
  endfacet
  facet normal 0 1 0
    outer loop
      vertex 158.85 -125.1 0.2
      vertex 159.75 -125.1 0
      vertex 158.85 -125.1 0
    endloop
  endfacet
  facet normal -0.194151 0.980972 0
    outer loop
      vertex 159.846 -125.081 0
      vertex 159.75 -125.1 0.2
      vertex 159.846 -125.081 0.2
    endloop
  endfacet
  facet normal -0.194151 0.980972 0
    outer loop
      vertex 159.75 -125.1 0.2
      vertex 159.846 -125.081 0
      vertex 159.75 -125.1 0
    endloop
  endfacet
  facet normal 0 -1 0
    outer loop
      vertex 158.85 -124.075 0
      vertex 159.75 -124.075 0.2
      vertex 158.85 -124.075 0.2
    endloop
  endfacet
  facet normal 0 -1 -0
    outer loop
      vertex 159.75 -124.075 0.2
      vertex 158.85 -124.075 0
      vertex 159.75 -124.075 0
    endloop
  endfacet
  facet normal -0.5547 -0.83205 0
    outer loop
      vertex 159.846 -124.094 0
      vertex 159.927 -124.148 0.2
      vertex 159.846 -124.094 0.2
    endloop
  endfacet
  facet normal -0.5547 -0.83205 -0
    outer loop
      vertex 159.927 -124.148 0.2
      vertex 159.846 -124.094 0
      vertex 159.927 -124.148 0
    endloop
  endfacet
  facet normal 0.980972 0.194151 0
    outer loop
      vertex 158.619 -124.946 0.2
      vertex 158.6 -124.85 0
      vertex 158.6 -124.85 0.2
    endloop
  endfacet
  facet normal 0.980972 0.194151 0
    outer loop
      vertex 158.6 -124.85 0
      vertex 158.619 -124.946 0.2
      vertex 158.619 -124.946 0
    endloop
  endfacet
  facet normal 0.194151 0.980972 -0
    outer loop
      vertex 158.85 -125.1 0
      vertex 158.754 -125.081 0.2
      vertex 158.85 -125.1 0.2
    endloop
  endfacet
  facet normal 0.194151 0.980972 0
    outer loop
      vertex 158.754 -125.081 0.2
      vertex 158.85 -125.1 0
      vertex 158.754 -125.081 0
    endloop
  endfacet
  facet normal -0.980972 0.194151 0
    outer loop
      vertex 159.981 -124.946 0
      vertex 160 -124.85 0.2
      vertex 160 -124.85 0
    endloop
  endfacet
  facet normal -0.980972 0.194151 0
    outer loop
      vertex 160 -124.85 0.2
      vertex 159.981 -124.946 0
      vertex 159.981 -124.946 0.2
    endloop
  endfacet
  facet normal 0.980972 -0.194151 0
    outer loop
      vertex 158.6 -124.325 0.2
      vertex 158.619 -124.229 0
      vertex 158.619 -124.229 0.2
    endloop
  endfacet
  facet normal 0.980972 -0.194151 0
    outer loop
      vertex 158.619 -124.229 0
      vertex 158.6 -124.325 0.2
      vertex 158.6 -124.325 0
    endloop
  endfacet
  facet normal -0.980972 -0.194151 0
    outer loop
      vertex 160 -124.325 0
      vertex 159.981 -124.229 0.2
      vertex 159.981 -124.229 0
    endloop
  endfacet
  facet normal -0.980972 -0.194151 0
    outer loop
      vertex 159.981 -124.229 0.2
      vertex 160 -124.325 0
      vertex 160 -124.325 0.2
    endloop
  endfacet
  facet normal -0.83205 -0.5547 0
    outer loop
      vertex 159.981 -124.229 0
      vertex 159.927 -124.148 0.2
      vertex 159.927 -124.148 0
    endloop
  endfacet
  facet normal -0.83205 -0.5547 0
    outer loop
      vertex 159.927 -124.148 0.2
      vertex 159.981 -124.229 0
      vertex 159.981 -124.229 0.2
    endloop
  endfacet
  facet normal 0.5547 0.83205 -0
    outer loop
      vertex 158.754 -125.081 0
      vertex 158.673 -125.027 0.2
      vertex 158.754 -125.081 0.2
    endloop
  endfacet
  facet normal 0.5547 0.83205 0
    outer loop
      vertex 158.673 -125.027 0.2
      vertex 158.754 -125.081 0
      vertex 158.673 -125.027 0
    endloop
  endfacet
  facet normal -0.5547 0.83205 0
    outer loop
      vertex 159.927 -125.027 0
      vertex 159.846 -125.081 0.2
      vertex 159.927 -125.027 0.2
    endloop
  endfacet
  facet normal -0.5547 0.83205 0
    outer loop
      vertex 159.846 -125.081 0.2
      vertex 159.927 -125.027 0
      vertex 159.846 -125.081 0
    endloop
  endfacet
  facet normal 0.194151 -0.980972 0
    outer loop
      vertex 158.754 -124.094 0
      vertex 158.85 -124.075 0.2
      vertex 158.754 -124.094 0.2
    endloop
  endfacet
  facet normal 0.194151 -0.980972 0
    outer loop
      vertex 158.85 -124.075 0.2
      vertex 158.754 -124.094 0
      vertex 158.85 -124.075 0
    endloop
  endfacet
  facet normal -0.83205 0.5547 0
    outer loop
      vertex 159.927 -125.027 0
      vertex 159.981 -124.946 0.2
      vertex 159.981 -124.946 0
    endloop
  endfacet
  facet normal -0.83205 0.5547 0
    outer loop
      vertex 159.981 -124.946 0.2
      vertex 159.927 -125.027 0
      vertex 159.927 -125.027 0.2
    endloop
  endfacet
  facet normal 0.83205 0.5547 0
    outer loop
      vertex 158.673 -125.027 0.2
      vertex 158.619 -124.946 0
      vertex 158.619 -124.946 0.2
    endloop
  endfacet
  facet normal 0.83205 0.5547 0
    outer loop
      vertex 158.619 -124.946 0
      vertex 158.673 -125.027 0.2
      vertex 158.673 -125.027 0
    endloop
  endfacet
  facet normal 1 -0 0
    outer loop
      vertex 158.6 -124.85 0.2
      vertex 158.6 -124.325 0
      vertex 158.6 -124.325 0.2
    endloop
  endfacet
  facet normal 1 0 0
    outer loop
      vertex 158.6 -124.325 0
      vertex 158.6 -124.85 0.2
      vertex 158.6 -124.85 0
    endloop
  endfacet
  facet normal 0.5547 -0.83205 0
    outer loop
      vertex 158.673 -124.148 0
      vertex 158.754 -124.094 0.2
      vertex 158.673 -124.148 0.2
    endloop
  endfacet
  facet normal 0.5547 -0.83205 0
    outer loop
      vertex 158.754 -124.094 0.2
      vertex 158.673 -124.148 0
      vertex 158.754 -124.094 0
    endloop
  endfacet
  facet normal 0.83205 -0.5547 0
    outer loop
      vertex 158.619 -124.229 0.2
      vertex 158.673 -124.148 0
      vertex 158.673 -124.148 0.2
    endloop
  endfacet
  facet normal 0.83205 -0.5547 0
    outer loop
      vertex 158.673 -124.148 0
      vertex 158.619 -124.229 0.2
      vertex 158.619 -124.229 0
    endloop
  endfacet
  facet normal -1 0 0
    outer loop
      vertex 160 -124.85 0
      vertex 160 -124.325 0.2
      vertex 160 -124.325 0
    endloop
  endfacet
  facet normal -1 -0 0
    outer loop
      vertex 160 -124.325 0.2
      vertex 160 -124.85 0
      vertex 160 -124.85 0.2
    endloop
  endfacet
  facet normal -0.194151 -0.980972 0
    outer loop
      vertex 159.75 -124.075 0
      vertex 159.846 -124.094 0.2
      vertex 159.75 -124.075 0.2
    endloop
  endfacet
  facet normal -0.194151 -0.980972 -0
    outer loop
      vertex 159.846 -124.094 0.2
      vertex 159.75 -124.075 0
      vertex 159.846 -124.094 0
    endloop
  endfacet
  facet normal -0.194151 0.980972 0
    outer loop
      vertex 159.846 -126.906 0
      vertex 159.75 -126.925 0.2
      vertex 159.846 -126.906 0.2
    endloop
  endfacet
  facet normal -0.194151 0.980972 0
    outer loop
      vertex 159.75 -126.925 0.2
      vertex 159.846 -126.906 0
      vertex 159.75 -126.925 0
    endloop
  endfacet
  facet normal 0.83205 -0.5547 0
    outer loop
      vertex 158.619 -126.054 0.2
      vertex 158.673 -125.973 0
      vertex 158.673 -125.973 0.2
    endloop
  endfacet
  facet normal 0.83205 -0.5547 0
    outer loop
      vertex 158.673 -125.973 0
      vertex 158.619 -126.054 0.2
      vertex 158.619 -126.054 0
    endloop
  endfacet
  facet normal 0.194151 0.980972 -0
    outer loop
      vertex 158.85 -126.925 0
      vertex 158.754 -126.906 0.2
      vertex 158.85 -126.925 0.2
    endloop
  endfacet
  facet normal 0.194151 0.980972 0
    outer loop
      vertex 158.754 -126.906 0.2
      vertex 158.85 -126.925 0
      vertex 158.754 -126.906 0
    endloop
  endfacet
  facet normal 0.980972 -0.194151 0
    outer loop
      vertex 158.6 -126.15 0.2
      vertex 158.619 -126.054 0
      vertex 158.619 -126.054 0.2
    endloop
  endfacet
  facet normal 0.980972 -0.194151 0
    outer loop
      vertex 158.619 -126.054 0
      vertex 158.6 -126.15 0.2
      vertex 158.6 -126.15 0
    endloop
  endfacet
  facet normal 0.83205 0.5547 0
    outer loop
      vertex 158.673 -126.852 0.2
      vertex 158.619 -126.771 0
      vertex 158.619 -126.771 0.2
    endloop
  endfacet
  facet normal 0.83205 0.5547 0
    outer loop
      vertex 158.619 -126.771 0
      vertex 158.673 -126.852 0.2
      vertex 158.673 -126.852 0
    endloop
  endfacet
  facet normal 1 -0 0
    outer loop
      vertex 158.6 -126.675 0.2
      vertex 158.6 -126.15 0
      vertex 158.6 -126.15 0.2
    endloop
  endfacet
  facet normal 1 0 0
    outer loop
      vertex 158.6 -126.15 0
      vertex 158.6 -126.675 0.2
      vertex 158.6 -126.675 0
    endloop
  endfacet
  facet normal -0.5547 -0.83205 0
    outer loop
      vertex 159.846 -125.919 0
      vertex 159.927 -125.973 0.2
      vertex 159.846 -125.919 0.2
    endloop
  endfacet
  facet normal -0.5547 -0.83205 -0
    outer loop
      vertex 159.927 -125.973 0.2
      vertex 159.846 -125.919 0
      vertex 159.927 -125.973 0
    endloop
  endfacet
  facet normal 0.980972 0.194151 0
    outer loop
      vertex 158.619 -126.771 0.2
      vertex 158.6 -126.675 0
      vertex 158.6 -126.675 0.2
    endloop
  endfacet
  facet normal 0.980972 0.194151 0
    outer loop
      vertex 158.6 -126.675 0
      vertex 158.619 -126.771 0.2
      vertex 158.619 -126.771 0
    endloop
  endfacet
  facet normal 0 1 -0
    outer loop
      vertex 159.75 -126.925 0
      vertex 158.85 -126.925 0.2
      vertex 159.75 -126.925 0.2
    endloop
  endfacet
  facet normal 0 1 0
    outer loop
      vertex 158.85 -126.925 0.2
      vertex 159.75 -126.925 0
      vertex 158.85 -126.925 0
    endloop
  endfacet
  facet normal 0.194151 -0.980972 0
    outer loop
      vertex 158.754 -125.919 0
      vertex 158.85 -125.9 0.2
      vertex 158.754 -125.919 0.2
    endloop
  endfacet
  facet normal 0.194151 -0.980972 0
    outer loop
      vertex 158.85 -125.9 0.2
      vertex 158.754 -125.919 0
      vertex 158.85 -125.9 0
    endloop
  endfacet
  facet normal -0.194151 -0.980972 0
    outer loop
      vertex 159.75 -125.9 0
      vertex 159.846 -125.919 0.2
      vertex 159.75 -125.9 0.2
    endloop
  endfacet
  facet normal -0.194151 -0.980972 -0
    outer loop
      vertex 159.846 -125.919 0.2
      vertex 159.75 -125.9 0
      vertex 159.846 -125.919 0
    endloop
  endfacet
  facet normal -0.83205 0.5547 0
    outer loop
      vertex 159.927 -126.852 0
      vertex 159.981 -126.771 0.2
      vertex 159.981 -126.771 0
    endloop
  endfacet
  facet normal -0.83205 0.5547 0
    outer loop
      vertex 159.981 -126.771 0.2
      vertex 159.927 -126.852 0
      vertex 159.927 -126.852 0.2
    endloop
  endfacet
  facet normal 0 -1 0
    outer loop
      vertex 158.85 -125.9 0
      vertex 159.75 -125.9 0.2
      vertex 158.85 -125.9 0.2
    endloop
  endfacet
  facet normal 0 -1 -0
    outer loop
      vertex 159.75 -125.9 0.2
      vertex 158.85 -125.9 0
      vertex 159.75 -125.9 0
    endloop
  endfacet
  facet normal 0.5547 0.83205 -0
    outer loop
      vertex 158.754 -126.906 0
      vertex 158.673 -126.852 0.2
      vertex 158.754 -126.906 0.2
    endloop
  endfacet
  facet normal 0.5547 0.83205 0
    outer loop
      vertex 158.673 -126.852 0.2
      vertex 158.754 -126.906 0
      vertex 158.673 -126.852 0
    endloop
  endfacet
  facet normal 0.5547 -0.83205 0
    outer loop
      vertex 158.673 -125.973 0
      vertex 158.754 -125.919 0.2
      vertex 158.673 -125.973 0.2
    endloop
  endfacet
  facet normal 0.5547 -0.83205 0
    outer loop
      vertex 158.754 -125.919 0.2
      vertex 158.673 -125.973 0
      vertex 158.754 -125.919 0
    endloop
  endfacet
  facet normal -0.83205 -0.5547 0
    outer loop
      vertex 159.981 -126.054 0
      vertex 159.927 -125.973 0.2
      vertex 159.927 -125.973 0
    endloop
  endfacet
  facet normal -0.83205 -0.5547 0
    outer loop
      vertex 159.927 -125.973 0.2
      vertex 159.981 -126.054 0
      vertex 159.981 -126.054 0.2
    endloop
  endfacet
  facet normal -0.980972 0.194151 0
    outer loop
      vertex 159.981 -126.771 0
      vertex 160 -126.675 0.2
      vertex 160 -126.675 0
    endloop
  endfacet
  facet normal -0.980972 0.194151 0
    outer loop
      vertex 160 -126.675 0.2
      vertex 159.981 -126.771 0
      vertex 159.981 -126.771 0.2
    endloop
  endfacet
  facet normal -0.5547 0.83205 0
    outer loop
      vertex 159.927 -126.852 0
      vertex 159.846 -126.906 0.2
      vertex 159.927 -126.852 0.2
    endloop
  endfacet
  facet normal -0.5547 0.83205 0
    outer loop
      vertex 159.846 -126.906 0.2
      vertex 159.927 -126.852 0
      vertex 159.846 -126.906 0
    endloop
  endfacet
  facet normal -1 0 0
    outer loop
      vertex 160 -126.675 0
      vertex 160 -126.15 0.2
      vertex 160 -126.15 0
    endloop
  endfacet
  facet normal -1 -0 0
    outer loop
      vertex 160 -126.15 0.2
      vertex 160 -126.675 0
      vertex 160 -126.675 0.2
    endloop
  endfacet
  facet normal -0.980972 -0.194151 0
    outer loop
      vertex 160 -126.15 0
      vertex 159.981 -126.054 0.2
      vertex 159.981 -126.054 0
    endloop
  endfacet
  facet normal -0.980972 -0.194151 0
    outer loop
      vertex 159.981 -126.054 0.2
      vertex 160 -126.15 0
      vertex 160 -126.15 0.2
    endloop
  endfacet
  facet normal -0.829437 0.5586 0
    outer loop
      vertex 121.456 -126.851 0
      vertex 121.489 -126.802 0.2
      vertex 121.489 -126.802 0
    endloop
  endfacet
  facet normal -0.829437 0.5586 0
    outer loop
      vertex 121.489 -126.802 0.2
      vertex 121.456 -126.851 0
      vertex 121.456 -126.851 0.2
    endloop
  endfacet
  facet normal -0.5586 0.829437 0
    outer loop
      vertex 121.456 -126.851 0
      vertex 121.407 -126.884 0.2
      vertex 121.456 -126.851 0.2
    endloop
  endfacet
  facet normal -0.5586 0.829437 0
    outer loop
      vertex 121.407 -126.884 0.2
      vertex 121.456 -126.851 0
      vertex 121.407 -126.884 0
    endloop
  endfacet
  facet normal -0.189486 0.981883 0
    outer loop
      vertex 121.407 -126.884 0
      vertex 121.35 -126.895 0.2
      vertex 121.407 -126.884 0.2
    endloop
  endfacet
  facet normal -0.189486 0.981883 0
    outer loop
      vertex 121.35 -126.895 0.2
      vertex 121.407 -126.884 0
      vertex 121.35 -126.895 0
    endloop
  endfacet
  facet normal 1 -0 0
    outer loop
      vertex 119.55 -126.745 0.2
      vertex 119.55 -126.445 0
      vertex 119.55 -126.445 0.2
    endloop
  endfacet
  facet normal 1 0 0
    outer loop
      vertex 119.55 -126.445 0
      vertex 119.55 -126.745 0.2
      vertex 119.55 -126.745 0
    endloop
  endfacet
  facet normal 0.189486 -0.981883 0
    outer loop
      vertex 119.643 -126.306 0
      vertex 119.7 -126.295 0.2
      vertex 119.643 -126.306 0.2
    endloop
  endfacet
  facet normal 0.189486 -0.981883 0
    outer loop
      vertex 119.7 -126.295 0.2
      vertex 119.643 -126.306 0
      vertex 119.7 -126.295 0
    endloop
  endfacet
  facet normal -0.981883 -0.189486 0
    outer loop
      vertex 121.5 -126.445 0
      vertex 121.489 -126.388 0.2
      vertex 121.489 -126.388 0
    endloop
  endfacet
  facet normal -0.981883 -0.189486 0
    outer loop
      vertex 121.489 -126.388 0.2
      vertex 121.5 -126.445 0
      vertex 121.5 -126.445 0.2
    endloop
  endfacet
  facet normal 0 1 -0
    outer loop
      vertex 121.35 -126.895 0
      vertex 119.7 -126.895 0.2
      vertex 121.35 -126.895 0.2
    endloop
  endfacet
  facet normal 0 1 0
    outer loop
      vertex 119.7 -126.895 0.2
      vertex 121.35 -126.895 0
      vertex 119.7 -126.895 0
    endloop
  endfacet
  facet normal 0.5586 0.829437 -0
    outer loop
      vertex 119.643 -126.884 0
      vertex 119.594 -126.851 0.2
      vertex 119.643 -126.884 0.2
    endloop
  endfacet
  facet normal 0.5586 0.829437 0
    outer loop
      vertex 119.594 -126.851 0.2
      vertex 119.643 -126.884 0
      vertex 119.594 -126.851 0
    endloop
  endfacet
  facet normal 0.829437 0.5586 0
    outer loop
      vertex 119.594 -126.851 0.2
      vertex 119.561 -126.802 0
      vertex 119.561 -126.802 0.2
    endloop
  endfacet
  facet normal 0.829437 0.5586 0
    outer loop
      vertex 119.561 -126.802 0
      vertex 119.594 -126.851 0.2
      vertex 119.594 -126.851 0
    endloop
  endfacet
  facet normal 0.981883 0.189486 0
    outer loop
      vertex 119.561 -126.802 0.2
      vertex 119.55 -126.745 0
      vertex 119.55 -126.745 0.2
    endloop
  endfacet
  facet normal 0.981883 0.189486 0
    outer loop
      vertex 119.55 -126.745 0
      vertex 119.561 -126.802 0.2
      vertex 119.561 -126.802 0
    endloop
  endfacet
  facet normal 0.981883 -0.189486 0
    outer loop
      vertex 119.55 -126.445 0.2
      vertex 119.561 -126.388 0
      vertex 119.561 -126.388 0.2
    endloop
  endfacet
  facet normal 0.981883 -0.189486 0
    outer loop
      vertex 119.561 -126.388 0
      vertex 119.55 -126.445 0.2
      vertex 119.55 -126.445 0
    endloop
  endfacet
  facet normal 0.189486 0.981883 -0
    outer loop
      vertex 119.7 -126.895 0
      vertex 119.643 -126.884 0.2
      vertex 119.7 -126.895 0.2
    endloop
  endfacet
  facet normal 0.189486 0.981883 0
    outer loop
      vertex 119.643 -126.884 0.2
      vertex 119.7 -126.895 0
      vertex 119.643 -126.884 0
    endloop
  endfacet
  facet normal 0.829437 -0.5586 0
    outer loop
      vertex 119.561 -126.388 0.2
      vertex 119.594 -126.339 0
      vertex 119.594 -126.339 0.2
    endloop
  endfacet
  facet normal 0.829437 -0.5586 0
    outer loop
      vertex 119.594 -126.339 0
      vertex 119.561 -126.388 0.2
      vertex 119.561 -126.388 0
    endloop
  endfacet
  facet normal -1 0 0
    outer loop
      vertex 121.5 -126.745 0
      vertex 121.5 -126.445 0.2
      vertex 121.5 -126.445 0
    endloop
  endfacet
  facet normal -1 -0 0
    outer loop
      vertex 121.5 -126.445 0.2
      vertex 121.5 -126.745 0
      vertex 121.5 -126.745 0.2
    endloop
  endfacet
  facet normal -0.189486 -0.981883 0
    outer loop
      vertex 121.35 -126.295 0
      vertex 121.407 -126.306 0.2
      vertex 121.35 -126.295 0.2
    endloop
  endfacet
  facet normal -0.189486 -0.981883 -0
    outer loop
      vertex 121.407 -126.306 0.2
      vertex 121.35 -126.295 0
      vertex 121.407 -126.306 0
    endloop
  endfacet
  facet normal 0.5586 -0.829437 0
    outer loop
      vertex 119.594 -126.339 0
      vertex 119.643 -126.306 0.2
      vertex 119.594 -126.339 0.2
    endloop
  endfacet
  facet normal 0.5586 -0.829437 0
    outer loop
      vertex 119.643 -126.306 0.2
      vertex 119.594 -126.339 0
      vertex 119.643 -126.306 0
    endloop
  endfacet
  facet normal -0.5586 -0.829437 0
    outer loop
      vertex 121.407 -126.306 0
      vertex 121.456 -126.339 0.2
      vertex 121.407 -126.306 0.2
    endloop
  endfacet
  facet normal -0.5586 -0.829437 -0
    outer loop
      vertex 121.456 -126.339 0.2
      vertex 121.407 -126.306 0
      vertex 121.456 -126.339 0
    endloop
  endfacet
  facet normal -0.829437 -0.5586 0
    outer loop
      vertex 121.489 -126.388 0
      vertex 121.456 -126.339 0.2
      vertex 121.456 -126.339 0
    endloop
  endfacet
  facet normal -0.829437 -0.5586 0
    outer loop
      vertex 121.456 -126.339 0.2
      vertex 121.489 -126.388 0
      vertex 121.489 -126.388 0.2
    endloop
  endfacet
  facet normal 0 -1 0
    outer loop
      vertex 119.7 -126.295 0
      vertex 121.35 -126.295 0.2
      vertex 119.7 -126.295 0.2
    endloop
  endfacet
  facet normal 0 -1 -0
    outer loop
      vertex 121.35 -126.295 0.2
      vertex 119.7 -126.295 0
      vertex 121.35 -126.295 0
    endloop
  endfacet
  facet normal -0.981883 0.189486 0
    outer loop
      vertex 121.489 -126.802 0
      vertex 121.5 -126.745 0.2
      vertex 121.5 -126.745 0
    endloop
  endfacet
  facet normal -0.981883 0.189486 0
    outer loop
      vertex 121.5 -126.745 0.2
      vertex 121.489 -126.802 0
      vertex 121.489 -126.802 0.2
    endloop
  endfacet
  facet normal -0.829437 0.5586 0
    outer loop
      vertex 121.456 -128.121 0
      vertex 121.489 -128.072 0.2
      vertex 121.489 -128.072 0
    endloop
  endfacet
  facet normal -0.829437 0.5586 0
    outer loop
      vertex 121.489 -128.072 0.2
      vertex 121.456 -128.121 0
      vertex 121.456 -128.121 0.2
    endloop
  endfacet
  facet normal -0.5586 0.829437 0
    outer loop
      vertex 121.456 -128.121 0
      vertex 121.407 -128.154 0.2
      vertex 121.456 -128.121 0.2
    endloop
  endfacet
  facet normal -0.5586 0.829437 0
    outer loop
      vertex 121.407 -128.154 0.2
      vertex 121.456 -128.121 0
      vertex 121.407 -128.154 0
    endloop
  endfacet
  facet normal -0.189486 0.981883 0
    outer loop
      vertex 121.407 -128.154 0
      vertex 121.35 -128.165 0.2
      vertex 121.407 -128.154 0.2
    endloop
  endfacet
  facet normal -0.189486 0.981883 0
    outer loop
      vertex 121.35 -128.165 0.2
      vertex 121.407 -128.154 0
      vertex 121.35 -128.165 0
    endloop
  endfacet
  facet normal 1 -0 0
    outer loop
      vertex 119.55 -128.015 0.2
      vertex 119.55 -127.715 0
      vertex 119.55 -127.715 0.2
    endloop
  endfacet
  facet normal 1 0 0
    outer loop
      vertex 119.55 -127.715 0
      vertex 119.55 -128.015 0.2
      vertex 119.55 -128.015 0
    endloop
  endfacet
  facet normal -0.5586 -0.829437 0
    outer loop
      vertex 121.407 -127.576 0
      vertex 121.456 -127.609 0.2
      vertex 121.407 -127.576 0.2
    endloop
  endfacet
  facet normal -0.5586 -0.829437 -0
    outer loop
      vertex 121.456 -127.609 0.2
      vertex 121.407 -127.576 0
      vertex 121.456 -127.609 0
    endloop
  endfacet
  facet normal 0.189486 -0.981883 0
    outer loop
      vertex 119.643 -127.576 0
      vertex 119.7 -127.565 0.2
      vertex 119.643 -127.576 0.2
    endloop
  endfacet
  facet normal 0.189486 -0.981883 0
    outer loop
      vertex 119.7 -127.565 0.2
      vertex 119.643 -127.576 0
      vertex 119.7 -127.565 0
    endloop
  endfacet
  facet normal -0.981883 -0.189486 0
    outer loop
      vertex 121.5 -127.715 0
      vertex 121.489 -127.658 0.2
      vertex 121.489 -127.658 0
    endloop
  endfacet
  facet normal -0.981883 -0.189486 0
    outer loop
      vertex 121.489 -127.658 0.2
      vertex 121.5 -127.715 0
      vertex 121.5 -127.715 0.2
    endloop
  endfacet
  facet normal 0 1 -0
    outer loop
      vertex 121.35 -128.165 0
      vertex 119.7 -128.165 0.2
      vertex 121.35 -128.165 0.2
    endloop
  endfacet
  facet normal 0 1 0
    outer loop
      vertex 119.7 -128.165 0.2
      vertex 121.35 -128.165 0
      vertex 119.7 -128.165 0
    endloop
  endfacet
  facet normal 0.5586 0.829437 -0
    outer loop
      vertex 119.643 -128.154 0
      vertex 119.594 -128.121 0.2
      vertex 119.643 -128.154 0.2
    endloop
  endfacet
  facet normal 0.5586 0.829437 0
    outer loop
      vertex 119.594 -128.121 0.2
      vertex 119.643 -128.154 0
      vertex 119.594 -128.121 0
    endloop
  endfacet
  facet normal 0.981883 0.189486 0
    outer loop
      vertex 119.561 -128.072 0.2
      vertex 119.55 -128.015 0
      vertex 119.55 -128.015 0.2
    endloop
  endfacet
  facet normal 0.981883 0.189486 0
    outer loop
      vertex 119.55 -128.015 0
      vertex 119.561 -128.072 0.2
      vertex 119.561 -128.072 0
    endloop
  endfacet
  facet normal 0.981883 -0.189486 0
    outer loop
      vertex 119.55 -127.715 0.2
      vertex 119.561 -127.658 0
      vertex 119.561 -127.658 0.2
    endloop
  endfacet
  facet normal 0.981883 -0.189486 0
    outer loop
      vertex 119.561 -127.658 0
      vertex 119.55 -127.715 0.2
      vertex 119.55 -127.715 0
    endloop
  endfacet
  facet normal 0.189486 0.981883 -0
    outer loop
      vertex 119.7 -128.165 0
      vertex 119.643 -128.154 0.2
      vertex 119.7 -128.165 0.2
    endloop
  endfacet
  facet normal 0.189486 0.981883 0
    outer loop
      vertex 119.643 -128.154 0.2
      vertex 119.7 -128.165 0
      vertex 119.643 -128.154 0
    endloop
  endfacet
  facet normal 0.829437 -0.5586 0
    outer loop
      vertex 119.561 -127.658 0.2
      vertex 119.594 -127.609 0
      vertex 119.594 -127.609 0.2
    endloop
  endfacet
  facet normal 0.829437 -0.5586 0
    outer loop
      vertex 119.594 -127.609 0
      vertex 119.561 -127.658 0.2
      vertex 119.561 -127.658 0
    endloop
  endfacet
  facet normal -1 0 0
    outer loop
      vertex 121.5 -128.015 0
      vertex 121.5 -127.715 0.2
      vertex 121.5 -127.715 0
    endloop
  endfacet
  facet normal -1 -0 0
    outer loop
      vertex 121.5 -127.715 0.2
      vertex 121.5 -128.015 0
      vertex 121.5 -128.015 0.2
    endloop
  endfacet
  facet normal -0.189486 -0.981883 0
    outer loop
      vertex 121.35 -127.565 0
      vertex 121.407 -127.576 0.2
      vertex 121.35 -127.565 0.2
    endloop
  endfacet
  facet normal -0.189486 -0.981883 -0
    outer loop
      vertex 121.407 -127.576 0.2
      vertex 121.35 -127.565 0
      vertex 121.407 -127.576 0
    endloop
  endfacet
  facet normal 0.5586 -0.829437 0
    outer loop
      vertex 119.594 -127.609 0
      vertex 119.643 -127.576 0.2
      vertex 119.594 -127.609 0.2
    endloop
  endfacet
  facet normal 0.5586 -0.829437 0
    outer loop
      vertex 119.643 -127.576 0.2
      vertex 119.594 -127.609 0
      vertex 119.643 -127.576 0
    endloop
  endfacet
  facet normal 0.829437 0.5586 0
    outer loop
      vertex 119.594 -128.121 0.2
      vertex 119.561 -128.072 0
      vertex 119.561 -128.072 0.2
    endloop
  endfacet
  facet normal 0.829437 0.5586 0
    outer loop
      vertex 119.561 -128.072 0
      vertex 119.594 -128.121 0.2
      vertex 119.594 -128.121 0
    endloop
  endfacet
  facet normal -0.829437 -0.5586 0
    outer loop
      vertex 121.489 -127.658 0
      vertex 121.456 -127.609 0.2
      vertex 121.456 -127.609 0
    endloop
  endfacet
  facet normal -0.829437 -0.5586 0
    outer loop
      vertex 121.456 -127.609 0.2
      vertex 121.489 -127.658 0
      vertex 121.489 -127.658 0.2
    endloop
  endfacet
  facet normal 0 -1 0
    outer loop
      vertex 119.7 -127.565 0
      vertex 121.35 -127.565 0.2
      vertex 119.7 -127.565 0.2
    endloop
  endfacet
  facet normal 0 -1 -0
    outer loop
      vertex 121.35 -127.565 0.2
      vertex 119.7 -127.565 0
      vertex 121.35 -127.565 0
    endloop
  endfacet
  facet normal -0.981883 0.189486 0
    outer loop
      vertex 121.489 -128.072 0
      vertex 121.5 -128.015 0.2
      vertex 121.5 -128.015 0
    endloop
  endfacet
  facet normal -0.981883 0.189486 0
    outer loop
      vertex 121.5 -128.015 0.2
      vertex 121.489 -128.072 0
      vertex 121.489 -128.072 0.2
    endloop
  endfacet
  facet normal -0.829437 0.5586 0
    outer loop
      vertex 121.456 -129.391 0
      vertex 121.489 -129.342 0.2
      vertex 121.489 -129.342 0
    endloop
  endfacet
  facet normal -0.829437 0.5586 0
    outer loop
      vertex 121.489 -129.342 0.2
      vertex 121.456 -129.391 0
      vertex 121.456 -129.391 0.2
    endloop
  endfacet
  facet normal -0.5586 0.829437 0
    outer loop
      vertex 121.456 -129.391 0
      vertex 121.407 -129.424 0.2
      vertex 121.456 -129.391 0.2
    endloop
  endfacet
  facet normal -0.5586 0.829437 0
    outer loop
      vertex 121.407 -129.424 0.2
      vertex 121.456 -129.391 0
      vertex 121.407 -129.424 0
    endloop
  endfacet
  facet normal -0.189486 0.981883 0
    outer loop
      vertex 121.407 -129.424 0
      vertex 121.35 -129.435 0.2
      vertex 121.407 -129.424 0.2
    endloop
  endfacet
  facet normal -0.189486 0.981883 0
    outer loop
      vertex 121.35 -129.435 0.2
      vertex 121.407 -129.424 0
      vertex 121.35 -129.435 0
    endloop
  endfacet
  facet normal 0.189486 -0.981883 0
    outer loop
      vertex 119.643 -128.846 0
      vertex 119.7 -128.835 0.2
      vertex 119.643 -128.846 0.2
    endloop
  endfacet
  facet normal 0.189486 -0.981883 0
    outer loop
      vertex 119.7 -128.835 0.2
      vertex 119.643 -128.846 0
      vertex 119.7 -128.835 0
    endloop
  endfacet
  facet normal 0.189486 0.981883 -0
    outer loop
      vertex 119.7 -129.435 0
      vertex 119.643 -129.424 0.2
      vertex 119.7 -129.435 0.2
    endloop
  endfacet
  facet normal 0.189486 0.981883 0
    outer loop
      vertex 119.643 -129.424 0.2
      vertex 119.7 -129.435 0
      vertex 119.643 -129.424 0
    endloop
  endfacet
  facet normal -0.5586 -0.829437 0
    outer loop
      vertex 121.407 -128.846 0
      vertex 121.456 -128.879 0.2
      vertex 121.407 -128.846 0.2
    endloop
  endfacet
  facet normal -0.5586 -0.829437 -0
    outer loop
      vertex 121.456 -128.879 0.2
      vertex 121.407 -128.846 0
      vertex 121.456 -128.879 0
    endloop
  endfacet
  facet normal 0.5586 0.829437 -0
    outer loop
      vertex 119.643 -129.424 0
      vertex 119.594 -129.391 0.2
      vertex 119.643 -129.424 0.2
    endloop
  endfacet
  facet normal 0.5586 0.829437 0
    outer loop
      vertex 119.594 -129.391 0.2
      vertex 119.643 -129.424 0
      vertex 119.594 -129.391 0
    endloop
  endfacet
  facet normal 0 1 -0
    outer loop
      vertex 121.35 -129.435 0
      vertex 119.7 -129.435 0.2
      vertex 121.35 -129.435 0.2
    endloop
  endfacet
  facet normal 0 1 0
    outer loop
      vertex 119.7 -129.435 0.2
      vertex 121.35 -129.435 0
      vertex 119.7 -129.435 0
    endloop
  endfacet
  facet normal 1 -0 0
    outer loop
      vertex 119.55 -129.285 0.2
      vertex 119.55 -128.985 0
      vertex 119.55 -128.985 0.2
    endloop
  endfacet
  facet normal 1 0 0
    outer loop
      vertex 119.55 -128.985 0
      vertex 119.55 -129.285 0.2
      vertex 119.55 -129.285 0
    endloop
  endfacet
  facet normal 0.829437 0.5586 0
    outer loop
      vertex 119.594 -129.391 0.2
      vertex 119.561 -129.342 0
      vertex 119.561 -129.342 0.2
    endloop
  endfacet
  facet normal 0.829437 0.5586 0
    outer loop
      vertex 119.561 -129.342 0
      vertex 119.594 -129.391 0.2
      vertex 119.594 -129.391 0
    endloop
  endfacet
  facet normal -1 0 0
    outer loop
      vertex 121.5 -129.285 0
      vertex 121.5 -128.985 0.2
      vertex 121.5 -128.985 0
    endloop
  endfacet
  facet normal -1 -0 0
    outer loop
      vertex 121.5 -128.985 0.2
      vertex 121.5 -129.285 0
      vertex 121.5 -129.285 0.2
    endloop
  endfacet
  facet normal 0 -1 0
    outer loop
      vertex 119.7 -128.835 0
      vertex 121.35 -128.835 0.2
      vertex 119.7 -128.835 0.2
    endloop
  endfacet
  facet normal 0 -1 -0
    outer loop
      vertex 121.35 -128.835 0.2
      vertex 119.7 -128.835 0
      vertex 121.35 -128.835 0
    endloop
  endfacet
  facet normal 0.5586 -0.829437 0
    outer loop
      vertex 119.594 -128.879 0
      vertex 119.643 -128.846 0.2
      vertex 119.594 -128.879 0.2
    endloop
  endfacet
  facet normal 0.5586 -0.829437 0
    outer loop
      vertex 119.643 -128.846 0.2
      vertex 119.594 -128.879 0
      vertex 119.643 -128.846 0
    endloop
  endfacet
  facet normal 0.981883 0.189486 0
    outer loop
      vertex 119.561 -129.342 0.2
      vertex 119.55 -129.285 0
      vertex 119.55 -129.285 0.2
    endloop
  endfacet
  facet normal 0.981883 0.189486 0
    outer loop
      vertex 119.55 -129.285 0
      vertex 119.561 -129.342 0.2
      vertex 119.561 -129.342 0
    endloop
  endfacet
  facet normal 0.829437 -0.5586 0
    outer loop
      vertex 119.561 -128.928 0.2
      vertex 119.594 -128.879 0
      vertex 119.594 -128.879 0.2
    endloop
  endfacet
  facet normal 0.829437 -0.5586 0
    outer loop
      vertex 119.594 -128.879 0
      vertex 119.561 -128.928 0.2
      vertex 119.561 -128.928 0
    endloop
  endfacet
  facet normal 0.981883 -0.189486 0
    outer loop
      vertex 119.55 -128.985 0.2
      vertex 119.561 -128.928 0
      vertex 119.561 -128.928 0.2
    endloop
  endfacet
  facet normal 0.981883 -0.189486 0
    outer loop
      vertex 119.561 -128.928 0
      vertex 119.55 -128.985 0.2
      vertex 119.55 -128.985 0
    endloop
  endfacet
  facet normal -0.829437 -0.5586 0
    outer loop
      vertex 121.489 -128.928 0
      vertex 121.456 -128.879 0.2
      vertex 121.456 -128.879 0
    endloop
  endfacet
  facet normal -0.829437 -0.5586 0
    outer loop
      vertex 121.456 -128.879 0.2
      vertex 121.489 -128.928 0
      vertex 121.489 -128.928 0.2
    endloop
  endfacet
  facet normal -0.981883 -0.189486 0
    outer loop
      vertex 121.5 -128.985 0
      vertex 121.489 -128.928 0.2
      vertex 121.489 -128.928 0
    endloop
  endfacet
  facet normal -0.981883 -0.189486 0
    outer loop
      vertex 121.489 -128.928 0.2
      vertex 121.5 -128.985 0
      vertex 121.5 -128.985 0.2
    endloop
  endfacet
  facet normal -0.981883 0.189486 0
    outer loop
      vertex 121.489 -129.342 0
      vertex 121.5 -129.285 0.2
      vertex 121.5 -129.285 0
    endloop
  endfacet
  facet normal -0.981883 0.189486 0
    outer loop
      vertex 121.5 -129.285 0.2
      vertex 121.489 -129.342 0
      vertex 121.489 -129.342 0.2
    endloop
  endfacet
  facet normal -0.189486 -0.981883 0
    outer loop
      vertex 121.35 -128.835 0
      vertex 121.407 -128.846 0.2
      vertex 121.35 -128.835 0.2
    endloop
  endfacet
  facet normal -0.189486 -0.981883 -0
    outer loop
      vertex 121.407 -128.846 0.2
      vertex 121.35 -128.835 0
      vertex 121.407 -128.846 0
    endloop
  endfacet
  facet normal -0.829437 0.5586 0
    outer loop
      vertex 121.456 -130.661 0
      vertex 121.489 -130.612 0.2
      vertex 121.489 -130.612 0
    endloop
  endfacet
  facet normal -0.829437 0.5586 0
    outer loop
      vertex 121.489 -130.612 0.2
      vertex 121.456 -130.661 0
      vertex 121.456 -130.661 0.2
    endloop
  endfacet
  facet normal -0.5586 0.829437 0
    outer loop
      vertex 121.456 -130.661 0
      vertex 121.407 -130.694 0.2
      vertex 121.456 -130.661 0.2
    endloop
  endfacet
  facet normal -0.5586 0.829437 0
    outer loop
      vertex 121.407 -130.694 0.2
      vertex 121.456 -130.661 0
      vertex 121.407 -130.694 0
    endloop
  endfacet
  facet normal -0.189486 0.981883 0
    outer loop
      vertex 121.407 -130.694 0
      vertex 121.35 -130.705 0.2
      vertex 121.407 -130.694 0.2
    endloop
  endfacet
  facet normal -0.189486 0.981883 0
    outer loop
      vertex 121.35 -130.705 0.2
      vertex 121.407 -130.694 0
      vertex 121.35 -130.705 0
    endloop
  endfacet
  facet normal 1 -0 0
    outer loop
      vertex 119.55 -130.555 0.2
      vertex 119.55 -130.255 0
      vertex 119.55 -130.255 0.2
    endloop
  endfacet
  facet normal 1 0 0
    outer loop
      vertex 119.55 -130.255 0
      vertex 119.55 -130.555 0.2
      vertex 119.55 -130.555 0
    endloop
  endfacet
  facet normal -0.5586 -0.829437 0
    outer loop
      vertex 121.407 -130.116 0
      vertex 121.456 -130.149 0.2
      vertex 121.407 -130.116 0.2
    endloop
  endfacet
  facet normal -0.5586 -0.829437 -0
    outer loop
      vertex 121.456 -130.149 0.2
      vertex 121.407 -130.116 0
      vertex 121.456 -130.149 0
    endloop
  endfacet
  facet normal 0.189486 -0.981883 0
    outer loop
      vertex 119.643 -130.116 0
      vertex 119.7 -130.105 0.2
      vertex 119.643 -130.116 0.2
    endloop
  endfacet
  facet normal 0.189486 -0.981883 0
    outer loop
      vertex 119.7 -130.105 0.2
      vertex 119.643 -130.116 0
      vertex 119.7 -130.105 0
    endloop
  endfacet
  facet normal -0.981883 -0.189486 0
    outer loop
      vertex 121.5 -130.255 0
      vertex 121.489 -130.198 0.2
      vertex 121.489 -130.198 0
    endloop
  endfacet
  facet normal -0.981883 -0.189486 0
    outer loop
      vertex 121.489 -130.198 0.2
      vertex 121.5 -130.255 0
      vertex 121.5 -130.255 0.2
    endloop
  endfacet
  facet normal 0 1 -0
    outer loop
      vertex 121.35 -130.705 0
      vertex 119.7 -130.705 0.2
      vertex 121.35 -130.705 0.2
    endloop
  endfacet
  facet normal 0 1 0
    outer loop
      vertex 119.7 -130.705 0.2
      vertex 121.35 -130.705 0
      vertex 119.7 -130.705 0
    endloop
  endfacet
  facet normal 0.5586 0.829437 -0
    outer loop
      vertex 119.643 -130.694 0
      vertex 119.594 -130.661 0.2
      vertex 119.643 -130.694 0.2
    endloop
  endfacet
  facet normal 0.5586 0.829437 0
    outer loop
      vertex 119.594 -130.661 0.2
      vertex 119.643 -130.694 0
      vertex 119.594 -130.661 0
    endloop
  endfacet
  facet normal 0.981883 0.189486 0
    outer loop
      vertex 119.561 -130.612 0.2
      vertex 119.55 -130.555 0
      vertex 119.55 -130.555 0.2
    endloop
  endfacet
  facet normal 0.981883 0.189486 0
    outer loop
      vertex 119.55 -130.555 0
      vertex 119.561 -130.612 0.2
      vertex 119.561 -130.612 0
    endloop
  endfacet
  facet normal 0.981883 -0.189486 0
    outer loop
      vertex 119.55 -130.255 0.2
      vertex 119.561 -130.198 0
      vertex 119.561 -130.198 0.2
    endloop
  endfacet
  facet normal 0.981883 -0.189486 0
    outer loop
      vertex 119.561 -130.198 0
      vertex 119.55 -130.255 0.2
      vertex 119.55 -130.255 0
    endloop
  endfacet
  facet normal 0.189486 0.981883 -0
    outer loop
      vertex 119.7 -130.705 0
      vertex 119.643 -130.694 0.2
      vertex 119.7 -130.705 0.2
    endloop
  endfacet
  facet normal 0.189486 0.981883 0
    outer loop
      vertex 119.643 -130.694 0.2
      vertex 119.7 -130.705 0
      vertex 119.643 -130.694 0
    endloop
  endfacet
  facet normal 0.829437 -0.5586 0
    outer loop
      vertex 119.561 -130.198 0.2
      vertex 119.594 -130.149 0
      vertex 119.594 -130.149 0.2
    endloop
  endfacet
  facet normal 0.829437 -0.5586 0
    outer loop
      vertex 119.594 -130.149 0
      vertex 119.561 -130.198 0.2
      vertex 119.561 -130.198 0
    endloop
  endfacet
  facet normal -0.189486 -0.981883 0
    outer loop
      vertex 121.35 -130.105 0
      vertex 121.407 -130.116 0.2
      vertex 121.35 -130.105 0.2
    endloop
  endfacet
  facet normal -0.189486 -0.981883 -0
    outer loop
      vertex 121.407 -130.116 0.2
      vertex 121.35 -130.105 0
      vertex 121.407 -130.116 0
    endloop
  endfacet
  facet normal 0.5586 -0.829437 0
    outer loop
      vertex 119.594 -130.149 0
      vertex 119.643 -130.116 0.2
      vertex 119.594 -130.149 0.2
    endloop
  endfacet
  facet normal 0.5586 -0.829437 0
    outer loop
      vertex 119.643 -130.116 0.2
      vertex 119.594 -130.149 0
      vertex 119.643 -130.116 0
    endloop
  endfacet
  facet normal 0.829437 0.5586 0
    outer loop
      vertex 119.594 -130.661 0.2
      vertex 119.561 -130.612 0
      vertex 119.561 -130.612 0.2
    endloop
  endfacet
  facet normal 0.829437 0.5586 0
    outer loop
      vertex 119.561 -130.612 0
      vertex 119.594 -130.661 0.2
      vertex 119.594 -130.661 0
    endloop
  endfacet
  facet normal -0.829437 -0.5586 0
    outer loop
      vertex 121.489 -130.198 0
      vertex 121.456 -130.149 0.2
      vertex 121.456 -130.149 0
    endloop
  endfacet
  facet normal -0.829437 -0.5586 0
    outer loop
      vertex 121.456 -130.149 0.2
      vertex 121.489 -130.198 0
      vertex 121.489 -130.198 0.2
    endloop
  endfacet
  facet normal -1 0 0
    outer loop
      vertex 121.5 -130.555 0
      vertex 121.5 -130.255 0.2
      vertex 121.5 -130.255 0
    endloop
  endfacet
  facet normal -1 -0 0
    outer loop
      vertex 121.5 -130.255 0.2
      vertex 121.5 -130.555 0
      vertex 121.5 -130.555 0.2
    endloop
  endfacet
  facet normal 0 -1 0
    outer loop
      vertex 119.7 -130.105 0
      vertex 121.35 -130.105 0.2
      vertex 119.7 -130.105 0.2
    endloop
  endfacet
  facet normal 0 -1 -0
    outer loop
      vertex 121.35 -130.105 0.2
      vertex 119.7 -130.105 0
      vertex 121.35 -130.105 0
    endloop
  endfacet
  facet normal -0.981883 0.189486 0
    outer loop
      vertex 121.489 -130.612 0
      vertex 121.5 -130.555 0.2
      vertex 121.5 -130.555 0
    endloop
  endfacet
  facet normal -0.981883 0.189486 0
    outer loop
      vertex 121.5 -130.555 0.2
      vertex 121.489 -130.612 0
      vertex 121.489 -130.612 0.2
    endloop
  endfacet
  facet normal -0.829437 0.5586 0
    outer loop
      vertex 126.406 -130.661 0
      vertex 126.439 -130.612 0.2
      vertex 126.439 -130.612 0
    endloop
  endfacet
  facet normal -0.829437 0.5586 0
    outer loop
      vertex 126.439 -130.612 0.2
      vertex 126.406 -130.661 0
      vertex 126.406 -130.661 0.2
    endloop
  endfacet
  facet normal -0.5586 0.829437 0
    outer loop
      vertex 126.406 -130.661 0
      vertex 126.357 -130.694 0.2
      vertex 126.406 -130.661 0.2
    endloop
  endfacet
  facet normal -0.5586 0.829437 0
    outer loop
      vertex 126.357 -130.694 0.2
      vertex 126.406 -130.661 0
      vertex 126.357 -130.694 0
    endloop
  endfacet
  facet normal -0.189486 0.981883 0
    outer loop
      vertex 126.357 -130.694 0
      vertex 126.3 -130.705 0.2
      vertex 126.357 -130.694 0.2
    endloop
  endfacet
  facet normal -0.189486 0.981883 0
    outer loop
      vertex 126.3 -130.705 0.2
      vertex 126.357 -130.694 0
      vertex 126.3 -130.705 0
    endloop
  endfacet
  facet normal 0.189486 -0.981883 0
    outer loop
      vertex 124.593 -130.116 0
      vertex 124.65 -130.105 0.2
      vertex 124.593 -130.116 0.2
    endloop
  endfacet
  facet normal 0.189486 -0.981883 0
    outer loop
      vertex 124.65 -130.105 0.2
      vertex 124.593 -130.116 0
      vertex 124.65 -130.105 0
    endloop
  endfacet
  facet normal 0.189486 0.981883 -0
    outer loop
      vertex 124.65 -130.705 0
      vertex 124.593 -130.694 0.2
      vertex 124.65 -130.705 0.2
    endloop
  endfacet
  facet normal 0.189486 0.981883 0
    outer loop
      vertex 124.593 -130.694 0.2
      vertex 124.65 -130.705 0
      vertex 124.593 -130.694 0
    endloop
  endfacet
  facet normal 0.5586 0.829437 -0
    outer loop
      vertex 124.593 -130.694 0
      vertex 124.544 -130.661 0.2
      vertex 124.593 -130.694 0.2
    endloop
  endfacet
  facet normal 0.5586 0.829437 0
    outer loop
      vertex 124.544 -130.661 0.2
      vertex 124.593 -130.694 0
      vertex 124.544 -130.661 0
    endloop
  endfacet
  facet normal 0 1 -0
    outer loop
      vertex 126.3 -130.705 0
      vertex 124.65 -130.705 0.2
      vertex 126.3 -130.705 0.2
    endloop
  endfacet
  facet normal 0 1 0
    outer loop
      vertex 124.65 -130.705 0.2
      vertex 126.3 -130.705 0
      vertex 124.65 -130.705 0
    endloop
  endfacet
  facet normal 1 -0 0
    outer loop
      vertex 124.5 -130.555 0.2
      vertex 124.5 -130.255 0
      vertex 124.5 -130.255 0.2
    endloop
  endfacet
  facet normal 1 0 0
    outer loop
      vertex 124.5 -130.255 0
      vertex 124.5 -130.555 0.2
      vertex 124.5 -130.555 0
    endloop
  endfacet
  facet normal 0.829437 0.5586 0
    outer loop
      vertex 124.544 -130.661 0.2
      vertex 124.511 -130.612 0
      vertex 124.511 -130.612 0.2
    endloop
  endfacet
  facet normal 0.829437 0.5586 0
    outer loop
      vertex 124.511 -130.612 0
      vertex 124.544 -130.661 0.2
      vertex 124.544 -130.661 0
    endloop
  endfacet
  facet normal -1 0 0
    outer loop
      vertex 126.45 -130.555 0
      vertex 126.45 -130.255 0.2
      vertex 126.45 -130.255 0
    endloop
  endfacet
  facet normal -1 -0 0
    outer loop
      vertex 126.45 -130.255 0.2
      vertex 126.45 -130.555 0
      vertex 126.45 -130.555 0.2
    endloop
  endfacet
  facet normal 0 -1 0
    outer loop
      vertex 124.65 -130.105 0
      vertex 126.3 -130.105 0.2
      vertex 124.65 -130.105 0.2
    endloop
  endfacet
  facet normal 0 -1 -0
    outer loop
      vertex 126.3 -130.105 0.2
      vertex 124.65 -130.105 0
      vertex 126.3 -130.105 0
    endloop
  endfacet
  facet normal 0.5586 -0.829437 0
    outer loop
      vertex 124.544 -130.149 0
      vertex 124.593 -130.116 0.2
      vertex 124.544 -130.149 0.2
    endloop
  endfacet
  facet normal 0.5586 -0.829437 0
    outer loop
      vertex 124.593 -130.116 0.2
      vertex 124.544 -130.149 0
      vertex 124.593 -130.116 0
    endloop
  endfacet
  facet normal 0.981883 0.189486 0
    outer loop
      vertex 124.511 -130.612 0.2
      vertex 124.5 -130.555 0
      vertex 124.5 -130.555 0.2
    endloop
  endfacet
  facet normal 0.981883 0.189486 0
    outer loop
      vertex 124.5 -130.555 0
      vertex 124.511 -130.612 0.2
      vertex 124.511 -130.612 0
    endloop
  endfacet
  facet normal 0.829437 -0.5586 0
    outer loop
      vertex 124.511 -130.198 0.2
      vertex 124.544 -130.149 0
      vertex 124.544 -130.149 0.2
    endloop
  endfacet
  facet normal 0.829437 -0.5586 0
    outer loop
      vertex 124.544 -130.149 0
      vertex 124.511 -130.198 0.2
      vertex 124.511 -130.198 0
    endloop
  endfacet
  facet normal 0.981883 -0.189486 0
    outer loop
      vertex 124.5 -130.255 0.2
      vertex 124.511 -130.198 0
      vertex 124.511 -130.198 0.2
    endloop
  endfacet
  facet normal 0.981883 -0.189486 0
    outer loop
      vertex 124.511 -130.198 0
      vertex 124.5 -130.255 0.2
      vertex 124.5 -130.255 0
    endloop
  endfacet
  facet normal -0.829437 -0.5586 0
    outer loop
      vertex 126.439 -130.198 0
      vertex 126.406 -130.149 0.2
      vertex 126.406 -130.149 0
    endloop
  endfacet
  facet normal -0.829437 -0.5586 0
    outer loop
      vertex 126.406 -130.149 0.2
      vertex 126.439 -130.198 0
      vertex 126.439 -130.198 0.2
    endloop
  endfacet
  facet normal -0.981883 -0.189486 0
    outer loop
      vertex 126.45 -130.255 0
      vertex 126.439 -130.198 0.2
      vertex 126.439 -130.198 0
    endloop
  endfacet
  facet normal -0.981883 -0.189486 0
    outer loop
      vertex 126.439 -130.198 0.2
      vertex 126.45 -130.255 0
      vertex 126.45 -130.255 0.2
    endloop
  endfacet
  facet normal -0.5586 -0.829437 0
    outer loop
      vertex 126.357 -130.116 0
      vertex 126.406 -130.149 0.2
      vertex 126.357 -130.116 0.2
    endloop
  endfacet
  facet normal -0.5586 -0.829437 -0
    outer loop
      vertex 126.406 -130.149 0.2
      vertex 126.357 -130.116 0
      vertex 126.406 -130.149 0
    endloop
  endfacet
  facet normal -0.981883 0.189486 0
    outer loop
      vertex 126.439 -130.612 0
      vertex 126.45 -130.555 0.2
      vertex 126.45 -130.555 0
    endloop
  endfacet
  facet normal -0.981883 0.189486 0
    outer loop
      vertex 126.45 -130.555 0.2
      vertex 126.439 -130.612 0
      vertex 126.439 -130.612 0.2
    endloop
  endfacet
  facet normal -0.189486 -0.981883 0
    outer loop
      vertex 126.3 -130.105 0
      vertex 126.357 -130.116 0.2
      vertex 126.3 -130.105 0.2
    endloop
  endfacet
  facet normal -0.189486 -0.981883 -0
    outer loop
      vertex 126.357 -130.116 0.2
      vertex 126.3 -130.105 0
      vertex 126.357 -130.116 0
    endloop
  endfacet
  facet normal -0.829437 0.5586 0
    outer loop
      vertex 126.406 -129.391 0
      vertex 126.439 -129.342 0.2
      vertex 126.439 -129.342 0
    endloop
  endfacet
  facet normal -0.829437 0.5586 0
    outer loop
      vertex 126.439 -129.342 0.2
      vertex 126.406 -129.391 0
      vertex 126.406 -129.391 0.2
    endloop
  endfacet
  facet normal -0.5586 0.829437 0
    outer loop
      vertex 126.406 -129.391 0
      vertex 126.357 -129.424 0.2
      vertex 126.406 -129.391 0.2
    endloop
  endfacet
  facet normal -0.5586 0.829437 0
    outer loop
      vertex 126.357 -129.424 0.2
      vertex 126.406 -129.391 0
      vertex 126.357 -129.424 0
    endloop
  endfacet
  facet normal -0.189486 0.981883 0
    outer loop
      vertex 126.357 -129.424 0
      vertex 126.3 -129.435 0.2
      vertex 126.357 -129.424 0.2
    endloop
  endfacet
  facet normal -0.189486 0.981883 0
    outer loop
      vertex 126.3 -129.435 0.2
      vertex 126.357 -129.424 0
      vertex 126.3 -129.435 0
    endloop
  endfacet
  facet normal 1 -0 0
    outer loop
      vertex 124.5 -129.285 0.2
      vertex 124.5 -128.985 0
      vertex 124.5 -128.985 0.2
    endloop
  endfacet
  facet normal 1 0 0
    outer loop
      vertex 124.5 -128.985 0
      vertex 124.5 -129.285 0.2
      vertex 124.5 -129.285 0
    endloop
  endfacet
  facet normal -0.5586 -0.829437 0
    outer loop
      vertex 126.357 -128.846 0
      vertex 126.406 -128.879 0.2
      vertex 126.357 -128.846 0.2
    endloop
  endfacet
  facet normal -0.5586 -0.829437 -0
    outer loop
      vertex 126.406 -128.879 0.2
      vertex 126.357 -128.846 0
      vertex 126.406 -128.879 0
    endloop
  endfacet
  facet normal 0.189486 -0.981883 0
    outer loop
      vertex 124.593 -128.846 0
      vertex 124.65 -128.835 0.2
      vertex 124.593 -128.846 0.2
    endloop
  endfacet
  facet normal 0.189486 -0.981883 0
    outer loop
      vertex 124.65 -128.835 0.2
      vertex 124.593 -128.846 0
      vertex 124.65 -128.835 0
    endloop
  endfacet
  facet normal -0.981883 -0.189486 0
    outer loop
      vertex 126.45 -128.985 0
      vertex 126.439 -128.928 0.2
      vertex 126.439 -128.928 0
    endloop
  endfacet
  facet normal -0.981883 -0.189486 0
    outer loop
      vertex 126.439 -128.928 0.2
      vertex 126.45 -128.985 0
      vertex 126.45 -128.985 0.2
    endloop
  endfacet
  facet normal 0 1 -0
    outer loop
      vertex 126.3 -129.435 0
      vertex 124.65 -129.435 0.2
      vertex 126.3 -129.435 0.2
    endloop
  endfacet
  facet normal 0 1 0
    outer loop
      vertex 124.65 -129.435 0.2
      vertex 126.3 -129.435 0
      vertex 124.65 -129.435 0
    endloop
  endfacet
  facet normal 0.5586 0.829437 -0
    outer loop
      vertex 124.593 -129.424 0
      vertex 124.544 -129.391 0.2
      vertex 124.593 -129.424 0.2
    endloop
  endfacet
  facet normal 0.5586 0.829437 0
    outer loop
      vertex 124.544 -129.391 0.2
      vertex 124.593 -129.424 0
      vertex 124.544 -129.391 0
    endloop
  endfacet
  facet normal 0.829437 0.5586 0
    outer loop
      vertex 124.544 -129.391 0.2
      vertex 124.511 -129.342 0
      vertex 124.511 -129.342 0.2
    endloop
  endfacet
  facet normal 0.829437 0.5586 0
    outer loop
      vertex 124.511 -129.342 0
      vertex 124.544 -129.391 0.2
      vertex 124.544 -129.391 0
    endloop
  endfacet
  facet normal 0.981883 0.189486 0
    outer loop
      vertex 124.511 -129.342 0.2
      vertex 124.5 -129.285 0
      vertex 124.5 -129.285 0.2
    endloop
  endfacet
  facet normal 0.981883 0.189486 0
    outer loop
      vertex 124.5 -129.285 0
      vertex 124.511 -129.342 0.2
      vertex 124.511 -129.342 0
    endloop
  endfacet
  facet normal 0.981883 -0.189486 0
    outer loop
      vertex 124.5 -128.985 0.2
      vertex 124.511 -128.928 0
      vertex 124.511 -128.928 0.2
    endloop
  endfacet
  facet normal 0.981883 -0.189486 0
    outer loop
      vertex 124.511 -128.928 0
      vertex 124.5 -128.985 0.2
      vertex 124.5 -128.985 0
    endloop
  endfacet
  facet normal 0.189486 0.981883 -0
    outer loop
      vertex 124.65 -129.435 0
      vertex 124.593 -129.424 0.2
      vertex 124.65 -129.435 0.2
    endloop
  endfacet
  facet normal 0.189486 0.981883 0
    outer loop
      vertex 124.593 -129.424 0.2
      vertex 124.65 -129.435 0
      vertex 124.593 -129.424 0
    endloop
  endfacet
  facet normal 0.829437 -0.5586 0
    outer loop
      vertex 124.511 -128.928 0.2
      vertex 124.544 -128.879 0
      vertex 124.544 -128.879 0.2
    endloop
  endfacet
  facet normal 0.829437 -0.5586 0
    outer loop
      vertex 124.544 -128.879 0
      vertex 124.511 -128.928 0.2
      vertex 124.511 -128.928 0
    endloop
  endfacet
  facet normal -1 0 0
    outer loop
      vertex 126.45 -129.285 0
      vertex 126.45 -128.985 0.2
      vertex 126.45 -128.985 0
    endloop
  endfacet
  facet normal -1 -0 0
    outer loop
      vertex 126.45 -128.985 0.2
      vertex 126.45 -129.285 0
      vertex 126.45 -129.285 0.2
    endloop
  endfacet
  facet normal -0.189486 -0.981883 0
    outer loop
      vertex 126.3 -128.835 0
      vertex 126.357 -128.846 0.2
      vertex 126.3 -128.835 0.2
    endloop
  endfacet
  facet normal -0.189486 -0.981883 -0
    outer loop
      vertex 126.357 -128.846 0.2
      vertex 126.3 -128.835 0
      vertex 126.357 -128.846 0
    endloop
  endfacet
  facet normal 0.5586 -0.829437 0
    outer loop
      vertex 124.544 -128.879 0
      vertex 124.593 -128.846 0.2
      vertex 124.544 -128.879 0.2
    endloop
  endfacet
  facet normal 0.5586 -0.829437 0
    outer loop
      vertex 124.593 -128.846 0.2
      vertex 124.544 -128.879 0
      vertex 124.593 -128.846 0
    endloop
  endfacet
  facet normal -0.829437 -0.5586 0
    outer loop
      vertex 126.439 -128.928 0
      vertex 126.406 -128.879 0.2
      vertex 126.406 -128.879 0
    endloop
  endfacet
  facet normal -0.829437 -0.5586 0
    outer loop
      vertex 126.406 -128.879 0.2
      vertex 126.439 -128.928 0
      vertex 126.439 -128.928 0.2
    endloop
  endfacet
  facet normal 0 -1 0
    outer loop
      vertex 124.65 -128.835 0
      vertex 126.3 -128.835 0.2
      vertex 124.65 -128.835 0.2
    endloop
  endfacet
  facet normal 0 -1 -0
    outer loop
      vertex 126.3 -128.835 0.2
      vertex 124.65 -128.835 0
      vertex 126.3 -128.835 0
    endloop
  endfacet
  facet normal -0.981883 0.189486 0
    outer loop
      vertex 126.439 -129.342 0
      vertex 126.45 -129.285 0.2
      vertex 126.45 -129.285 0
    endloop
  endfacet
  facet normal -0.981883 0.189486 0
    outer loop
      vertex 126.45 -129.285 0.2
      vertex 126.439 -129.342 0
      vertex 126.439 -129.342 0.2
    endloop
  endfacet
  facet normal -0.829437 0.5586 0
    outer loop
      vertex 126.406 -128.121 0
      vertex 126.439 -128.072 0.2
      vertex 126.439 -128.072 0
    endloop
  endfacet
  facet normal -0.829437 0.5586 0
    outer loop
      vertex 126.439 -128.072 0.2
      vertex 126.406 -128.121 0
      vertex 126.406 -128.121 0.2
    endloop
  endfacet
  facet normal -0.5586 0.829437 0
    outer loop
      vertex 126.406 -128.121 0
      vertex 126.357 -128.154 0.2
      vertex 126.406 -128.121 0.2
    endloop
  endfacet
  facet normal -0.5586 0.829437 0
    outer loop
      vertex 126.357 -128.154 0.2
      vertex 126.406 -128.121 0
      vertex 126.357 -128.154 0
    endloop
  endfacet
  facet normal -0.189486 0.981883 0
    outer loop
      vertex 126.357 -128.154 0
      vertex 126.3 -128.165 0.2
      vertex 126.357 -128.154 0.2
    endloop
  endfacet
  facet normal -0.189486 0.981883 0
    outer loop
      vertex 126.3 -128.165 0.2
      vertex 126.357 -128.154 0
      vertex 126.3 -128.165 0
    endloop
  endfacet
  facet normal 1 -0 0
    outer loop
      vertex 124.5 -128.015 0.2
      vertex 124.5 -127.715 0
      vertex 124.5 -127.715 0.2
    endloop
  endfacet
  facet normal 1 0 0
    outer loop
      vertex 124.5 -127.715 0
      vertex 124.5 -128.015 0.2
      vertex 124.5 -128.015 0
    endloop
  endfacet
  facet normal -0.5586 -0.829437 0
    outer loop
      vertex 126.357 -127.576 0
      vertex 126.406 -127.609 0.2
      vertex 126.357 -127.576 0.2
    endloop
  endfacet
  facet normal -0.5586 -0.829437 -0
    outer loop
      vertex 126.406 -127.609 0.2
      vertex 126.357 -127.576 0
      vertex 126.406 -127.609 0
    endloop
  endfacet
  facet normal 0.189486 -0.981883 0
    outer loop
      vertex 124.593 -127.576 0
      vertex 124.65 -127.565 0.2
      vertex 124.593 -127.576 0.2
    endloop
  endfacet
  facet normal 0.189486 -0.981883 0
    outer loop
      vertex 124.65 -127.565 0.2
      vertex 124.593 -127.576 0
      vertex 124.65 -127.565 0
    endloop
  endfacet
  facet normal -0.981883 -0.189486 0
    outer loop
      vertex 126.45 -127.715 0
      vertex 126.439 -127.658 0.2
      vertex 126.439 -127.658 0
    endloop
  endfacet
  facet normal -0.981883 -0.189486 0
    outer loop
      vertex 126.439 -127.658 0.2
      vertex 126.45 -127.715 0
      vertex 126.45 -127.715 0.2
    endloop
  endfacet
  facet normal 0 1 -0
    outer loop
      vertex 126.3 -128.165 0
      vertex 124.65 -128.165 0.2
      vertex 126.3 -128.165 0.2
    endloop
  endfacet
  facet normal 0 1 0
    outer loop
      vertex 124.65 -128.165 0.2
      vertex 126.3 -128.165 0
      vertex 124.65 -128.165 0
    endloop
  endfacet
  facet normal 0.5586 0.829437 -0
    outer loop
      vertex 124.593 -128.154 0
      vertex 124.544 -128.121 0.2
      vertex 124.593 -128.154 0.2
    endloop
  endfacet
  facet normal 0.5586 0.829437 0
    outer loop
      vertex 124.544 -128.121 0.2
      vertex 124.593 -128.154 0
      vertex 124.544 -128.121 0
    endloop
  endfacet
  facet normal 0.981883 0.189486 0
    outer loop
      vertex 124.511 -128.072 0.2
      vertex 124.5 -128.015 0
      vertex 124.5 -128.015 0.2
    endloop
  endfacet
  facet normal 0.981883 0.189486 0
    outer loop
      vertex 124.5 -128.015 0
      vertex 124.511 -128.072 0.2
      vertex 124.511 -128.072 0
    endloop
  endfacet
  facet normal 0.981883 -0.189486 0
    outer loop
      vertex 124.5 -127.715 0.2
      vertex 124.511 -127.658 0
      vertex 124.511 -127.658 0.2
    endloop
  endfacet
  facet normal 0.981883 -0.189486 0
    outer loop
      vertex 124.511 -127.658 0
      vertex 124.5 -127.715 0.2
      vertex 124.5 -127.715 0
    endloop
  endfacet
  facet normal 0.189486 0.981883 -0
    outer loop
      vertex 124.65 -128.165 0
      vertex 124.593 -128.154 0.2
      vertex 124.65 -128.165 0.2
    endloop
  endfacet
  facet normal 0.189486 0.981883 0
    outer loop
      vertex 124.593 -128.154 0.2
      vertex 124.65 -128.165 0
      vertex 124.593 -128.154 0
    endloop
  endfacet
  facet normal 0.829437 -0.5586 0
    outer loop
      vertex 124.511 -127.658 0.2
      vertex 124.544 -127.609 0
      vertex 124.544 -127.609 0.2
    endloop
  endfacet
  facet normal 0.829437 -0.5586 0
    outer loop
      vertex 124.544 -127.609 0
      vertex 124.511 -127.658 0.2
      vertex 124.511 -127.658 0
    endloop
  endfacet
  facet normal -0.189486 -0.981883 0
    outer loop
      vertex 126.3 -127.565 0
      vertex 126.357 -127.576 0.2
      vertex 126.3 -127.565 0.2
    endloop
  endfacet
  facet normal -0.189486 -0.981883 -0
    outer loop
      vertex 126.357 -127.576 0.2
      vertex 126.3 -127.565 0
      vertex 126.357 -127.576 0
    endloop
  endfacet
  facet normal 0.5586 -0.829437 0
    outer loop
      vertex 124.544 -127.609 0
      vertex 124.593 -127.576 0.2
      vertex 124.544 -127.609 0.2
    endloop
  endfacet
  facet normal 0.5586 -0.829437 0
    outer loop
      vertex 124.593 -127.576 0.2
      vertex 124.544 -127.609 0
      vertex 124.593 -127.576 0
    endloop
  endfacet
  facet normal 0.829437 0.5586 0
    outer loop
      vertex 124.544 -128.121 0.2
      vertex 124.511 -128.072 0
      vertex 124.511 -128.072 0.2
    endloop
  endfacet
  facet normal 0.829437 0.5586 0
    outer loop
      vertex 124.511 -128.072 0
      vertex 124.544 -128.121 0.2
      vertex 124.544 -128.121 0
    endloop
  endfacet
  facet normal -0.829437 -0.5586 0
    outer loop
      vertex 126.439 -127.658 0
      vertex 126.406 -127.609 0.2
      vertex 126.406 -127.609 0
    endloop
  endfacet
  facet normal -0.829437 -0.5586 0
    outer loop
      vertex 126.406 -127.609 0.2
      vertex 126.439 -127.658 0
      vertex 126.439 -127.658 0.2
    endloop
  endfacet
  facet normal -1 0 0
    outer loop
      vertex 126.45 -128.015 0
      vertex 126.45 -127.715 0.2
      vertex 126.45 -127.715 0
    endloop
  endfacet
  facet normal -1 -0 0
    outer loop
      vertex 126.45 -127.715 0.2
      vertex 126.45 -128.015 0
      vertex 126.45 -128.015 0.2
    endloop
  endfacet
  facet normal 0 -1 0
    outer loop
      vertex 124.65 -127.565 0
      vertex 126.3 -127.565 0.2
      vertex 124.65 -127.565 0.2
    endloop
  endfacet
  facet normal 0 -1 -0
    outer loop
      vertex 126.3 -127.565 0.2
      vertex 124.65 -127.565 0
      vertex 126.3 -127.565 0
    endloop
  endfacet
  facet normal -0.981883 0.189486 0
    outer loop
      vertex 126.439 -128.072 0
      vertex 126.45 -128.015 0.2
      vertex 126.45 -128.015 0
    endloop
  endfacet
  facet normal -0.981883 0.189486 0
    outer loop
      vertex 126.45 -128.015 0.2
      vertex 126.439 -128.072 0
      vertex 126.439 -128.072 0.2
    endloop
  endfacet
  facet normal -0.829437 0.5586 0
    outer loop
      vertex 126.406 -126.851 0
      vertex 126.439 -126.802 0.2
      vertex 126.439 -126.802 0
    endloop
  endfacet
  facet normal -0.829437 0.5586 0
    outer loop
      vertex 126.439 -126.802 0.2
      vertex 126.406 -126.851 0
      vertex 126.406 -126.851 0.2
    endloop
  endfacet
  facet normal -0.5586 0.829437 0
    outer loop
      vertex 126.406 -126.851 0
      vertex 126.357 -126.884 0.2
      vertex 126.406 -126.851 0.2
    endloop
  endfacet
  facet normal -0.5586 0.829437 0
    outer loop
      vertex 126.357 -126.884 0.2
      vertex 126.406 -126.851 0
      vertex 126.357 -126.884 0
    endloop
  endfacet
  facet normal -0.189486 0.981883 0
    outer loop
      vertex 126.357 -126.884 0
      vertex 126.3 -126.895 0.2
      vertex 126.357 -126.884 0.2
    endloop
  endfacet
  facet normal -0.189486 0.981883 0
    outer loop
      vertex 126.3 -126.895 0.2
      vertex 126.357 -126.884 0
      vertex 126.3 -126.895 0
    endloop
  endfacet
  facet normal 1 -0 0
    outer loop
      vertex 124.5 -126.745 0.2
      vertex 124.5 -126.445 0
      vertex 124.5 -126.445 0.2
    endloop
  endfacet
  facet normal 1 0 0
    outer loop
      vertex 124.5 -126.445 0
      vertex 124.5 -126.745 0.2
      vertex 124.5 -126.745 0
    endloop
  endfacet
  facet normal -0.5586 -0.829437 0
    outer loop
      vertex 126.357 -126.306 0
      vertex 126.406 -126.339 0.2
      vertex 126.357 -126.306 0.2
    endloop
  endfacet
  facet normal -0.5586 -0.829437 -0
    outer loop
      vertex 126.406 -126.339 0.2
      vertex 126.357 -126.306 0
      vertex 126.406 -126.339 0
    endloop
  endfacet
  facet normal 0.189486 -0.981883 0
    outer loop
      vertex 124.593 -126.306 0
      vertex 124.65 -126.295 0.2
      vertex 124.593 -126.306 0.2
    endloop
  endfacet
  facet normal 0.189486 -0.981883 0
    outer loop
      vertex 124.65 -126.295 0.2
      vertex 124.593 -126.306 0
      vertex 124.65 -126.295 0
    endloop
  endfacet
  facet normal -0.981883 -0.189486 0
    outer loop
      vertex 126.45 -126.445 0
      vertex 126.439 -126.388 0.2
      vertex 126.439 -126.388 0
    endloop
  endfacet
  facet normal -0.981883 -0.189486 0
    outer loop
      vertex 126.439 -126.388 0.2
      vertex 126.45 -126.445 0
      vertex 126.45 -126.445 0.2
    endloop
  endfacet
  facet normal 0 1 -0
    outer loop
      vertex 126.3 -126.895 0
      vertex 124.65 -126.895 0.2
      vertex 126.3 -126.895 0.2
    endloop
  endfacet
  facet normal 0 1 0
    outer loop
      vertex 124.65 -126.895 0.2
      vertex 126.3 -126.895 0
      vertex 124.65 -126.895 0
    endloop
  endfacet
  facet normal 0.5586 0.829437 -0
    outer loop
      vertex 124.593 -126.884 0
      vertex 124.544 -126.851 0.2
      vertex 124.593 -126.884 0.2
    endloop
  endfacet
  facet normal 0.5586 0.829437 0
    outer loop
      vertex 124.544 -126.851 0.2
      vertex 124.593 -126.884 0
      vertex 124.544 -126.851 0
    endloop
  endfacet
  facet normal 0.981883 0.189486 0
    outer loop
      vertex 124.511 -126.802 0.2
      vertex 124.5 -126.745 0
      vertex 124.5 -126.745 0.2
    endloop
  endfacet
  facet normal 0.981883 0.189486 0
    outer loop
      vertex 124.5 -126.745 0
      vertex 124.511 -126.802 0.2
      vertex 124.511 -126.802 0
    endloop
  endfacet
  facet normal 0.981883 -0.189486 0
    outer loop
      vertex 124.5 -126.445 0.2
      vertex 124.511 -126.388 0
      vertex 124.511 -126.388 0.2
    endloop
  endfacet
  facet normal 0.981883 -0.189486 0
    outer loop
      vertex 124.511 -126.388 0
      vertex 124.5 -126.445 0.2
      vertex 124.5 -126.445 0
    endloop
  endfacet
  facet normal 0.189486 0.981883 -0
    outer loop
      vertex 124.65 -126.895 0
      vertex 124.593 -126.884 0.2
      vertex 124.65 -126.895 0.2
    endloop
  endfacet
  facet normal 0.189486 0.981883 0
    outer loop
      vertex 124.593 -126.884 0.2
      vertex 124.65 -126.895 0
      vertex 124.593 -126.884 0
    endloop
  endfacet
  facet normal 0.829437 -0.5586 0
    outer loop
      vertex 124.511 -126.388 0.2
      vertex 124.544 -126.339 0
      vertex 124.544 -126.339 0.2
    endloop
  endfacet
  facet normal 0.829437 -0.5586 0
    outer loop
      vertex 124.544 -126.339 0
      vertex 124.511 -126.388 0.2
      vertex 124.511 -126.388 0
    endloop
  endfacet
  facet normal -1 0 0
    outer loop
      vertex 126.45 -126.745 0
      vertex 126.45 -126.445 0.2
      vertex 126.45 -126.445 0
    endloop
  endfacet
  facet normal -1 -0 0
    outer loop
      vertex 126.45 -126.445 0.2
      vertex 126.45 -126.745 0
      vertex 126.45 -126.745 0.2
    endloop
  endfacet
  facet normal -0.189486 -0.981883 0
    outer loop
      vertex 126.3 -126.295 0
      vertex 126.357 -126.306 0.2
      vertex 126.3 -126.295 0.2
    endloop
  endfacet
  facet normal -0.189486 -0.981883 -0
    outer loop
      vertex 126.357 -126.306 0.2
      vertex 126.3 -126.295 0
      vertex 126.357 -126.306 0
    endloop
  endfacet
  facet normal 0.5586 -0.829437 0
    outer loop
      vertex 124.544 -126.339 0
      vertex 124.593 -126.306 0.2
      vertex 124.544 -126.339 0.2
    endloop
  endfacet
  facet normal 0.5586 -0.829437 0
    outer loop
      vertex 124.593 -126.306 0.2
      vertex 124.544 -126.339 0
      vertex 124.593 -126.306 0
    endloop
  endfacet
  facet normal 0.829437 0.5586 0
    outer loop
      vertex 124.544 -126.851 0.2
      vertex 124.511 -126.802 0
      vertex 124.511 -126.802 0.2
    endloop
  endfacet
  facet normal 0.829437 0.5586 0
    outer loop
      vertex 124.511 -126.802 0
      vertex 124.544 -126.851 0.2
      vertex 124.544 -126.851 0
    endloop
  endfacet
  facet normal -0.829437 -0.5586 0
    outer loop
      vertex 126.439 -126.388 0
      vertex 126.406 -126.339 0.2
      vertex 126.406 -126.339 0
    endloop
  endfacet
  facet normal -0.829437 -0.5586 0
    outer loop
      vertex 126.406 -126.339 0.2
      vertex 126.439 -126.388 0
      vertex 126.439 -126.388 0.2
    endloop
  endfacet
  facet normal 0 -1 0
    outer loop
      vertex 124.65 -126.295 0
      vertex 126.3 -126.295 0.2
      vertex 124.65 -126.295 0.2
    endloop
  endfacet
  facet normal 0 -1 -0
    outer loop
      vertex 126.3 -126.295 0.2
      vertex 124.65 -126.295 0
      vertex 126.3 -126.295 0
    endloop
  endfacet
  facet normal -0.981883 0.189486 0
    outer loop
      vertex 126.439 -126.802 0
      vertex 126.45 -126.745 0.2
      vertex 126.45 -126.745 0
    endloop
  endfacet
  facet normal -0.981883 0.189486 0
    outer loop
      vertex 126.45 -126.745 0.2
      vertex 126.439 -126.802 0
      vertex 126.439 -126.802 0.2
    endloop
  endfacet
  facet normal -0.194151 -0.980972 0
    outer loop
      vertex 144.175 -124.835 0
      vertex 144.271 -124.854 0.2
      vertex 144.175 -124.835 0.2
    endloop
  endfacet
  facet normal -0.194151 -0.980972 -0
    outer loop
      vertex 144.271 -124.854 0.2
      vertex 144.175 -124.835 0
      vertex 144.271 -124.854 0
    endloop
  endfacet
  facet normal -0.83205 0.5547 0
    outer loop
      vertex 144.352 -126.162 0
      vertex 144.406 -126.081 0.2
      vertex 144.406 -126.081 0
    endloop
  endfacet
  facet normal -0.83205 0.5547 0
    outer loop
      vertex 144.406 -126.081 0.2
      vertex 144.352 -126.162 0
      vertex 144.352 -126.162 0.2
    endloop
  endfacet
  facet normal -0.194151 0.980972 0
    outer loop
      vertex 144.271 -126.216 0
      vertex 144.175 -126.235 0.2
      vertex 144.271 -126.216 0.2
    endloop
  endfacet
  facet normal -0.194151 0.980972 0
    outer loop
      vertex 144.175 -126.235 0.2
      vertex 144.271 -126.216 0
      vertex 144.175 -126.235 0
    endloop
  endfacet
  facet normal -0.5547 0.83205 0
    outer loop
      vertex 144.352 -126.162 0
      vertex 144.271 -126.216 0.2
      vertex 144.352 -126.162 0.2
    endloop
  endfacet
  facet normal -0.5547 0.83205 0
    outer loop
      vertex 144.271 -126.216 0.2
      vertex 144.352 -126.162 0
      vertex 144.271 -126.216 0
    endloop
  endfacet
  facet normal -1 0 0
    outer loop
      vertex 144.425 -125.985 0
      vertex 144.425 -125.085 0.2
      vertex 144.425 -125.085 0
    endloop
  endfacet
  facet normal -1 -0 0
    outer loop
      vertex 144.425 -125.085 0.2
      vertex 144.425 -125.985 0
      vertex 144.425 -125.985 0.2
    endloop
  endfacet
  facet normal 0.194151 0.980972 -0
    outer loop
      vertex 143.65 -126.235 0
      vertex 143.554 -126.216 0.2
      vertex 143.65 -126.235 0.2
    endloop
  endfacet
  facet normal 0.194151 0.980972 0
    outer loop
      vertex 143.554 -126.216 0.2
      vertex 143.65 -126.235 0
      vertex 143.554 -126.216 0
    endloop
  endfacet
  facet normal -0.5547 -0.83205 0
    outer loop
      vertex 144.271 -124.854 0
      vertex 144.352 -124.908 0.2
      vertex 144.271 -124.854 0.2
    endloop
  endfacet
  facet normal -0.5547 -0.83205 -0
    outer loop
      vertex 144.352 -124.908 0.2
      vertex 144.271 -124.854 0
      vertex 144.352 -124.908 0
    endloop
  endfacet
  facet normal 0.83205 -0.5547 0
    outer loop
      vertex 143.419 -124.989 0.2
      vertex 143.473 -124.908 0
      vertex 143.473 -124.908 0.2
    endloop
  endfacet
  facet normal 0.83205 -0.5547 0
    outer loop
      vertex 143.473 -124.908 0
      vertex 143.419 -124.989 0.2
      vertex 143.419 -124.989 0
    endloop
  endfacet
  facet normal -0.83205 -0.5547 0
    outer loop
      vertex 144.406 -124.989 0
      vertex 144.352 -124.908 0.2
      vertex 144.352 -124.908 0
    endloop
  endfacet
  facet normal -0.83205 -0.5547 0
    outer loop
      vertex 144.352 -124.908 0.2
      vertex 144.406 -124.989 0
      vertex 144.406 -124.989 0.2
    endloop
  endfacet
  facet normal 0.980972 -0.194151 0
    outer loop
      vertex 143.4 -125.085 0.2
      vertex 143.419 -124.989 0
      vertex 143.419 -124.989 0.2
    endloop
  endfacet
  facet normal 0.980972 -0.194151 0
    outer loop
      vertex 143.419 -124.989 0
      vertex 143.4 -125.085 0.2
      vertex 143.4 -125.085 0
    endloop
  endfacet
  facet normal 0.5547 -0.83205 0
    outer loop
      vertex 143.473 -124.908 0
      vertex 143.554 -124.854 0.2
      vertex 143.473 -124.908 0.2
    endloop
  endfacet
  facet normal 0.5547 -0.83205 0
    outer loop
      vertex 143.554 -124.854 0.2
      vertex 143.473 -124.908 0
      vertex 143.554 -124.854 0
    endloop
  endfacet
  facet normal 0.5547 0.83205 -0
    outer loop
      vertex 143.554 -126.216 0
      vertex 143.473 -126.162 0.2
      vertex 143.554 -126.216 0.2
    endloop
  endfacet
  facet normal 0.5547 0.83205 0
    outer loop
      vertex 143.473 -126.162 0.2
      vertex 143.554 -126.216 0
      vertex 143.473 -126.162 0
    endloop
  endfacet
  facet normal 0 1 -0
    outer loop
      vertex 144.175 -126.235 0
      vertex 143.65 -126.235 0.2
      vertex 144.175 -126.235 0.2
    endloop
  endfacet
  facet normal 0 1 0
    outer loop
      vertex 143.65 -126.235 0.2
      vertex 144.175 -126.235 0
      vertex 143.65 -126.235 0
    endloop
  endfacet
  facet normal -0.980972 0.194151 0
    outer loop
      vertex 144.406 -126.081 0
      vertex 144.425 -125.985 0.2
      vertex 144.425 -125.985 0
    endloop
  endfacet
  facet normal -0.980972 0.194151 0
    outer loop
      vertex 144.425 -125.985 0.2
      vertex 144.406 -126.081 0
      vertex 144.406 -126.081 0.2
    endloop
  endfacet
  facet normal 0.194151 -0.980972 0
    outer loop
      vertex 143.554 -124.854 0
      vertex 143.65 -124.835 0.2
      vertex 143.554 -124.854 0.2
    endloop
  endfacet
  facet normal 0.194151 -0.980972 0
    outer loop
      vertex 143.65 -124.835 0.2
      vertex 143.554 -124.854 0
      vertex 143.65 -124.835 0
    endloop
  endfacet
  facet normal 0.980972 0.194151 0
    outer loop
      vertex 143.419 -126.081 0.2
      vertex 143.4 -125.985 0
      vertex 143.4 -125.985 0.2
    endloop
  endfacet
  facet normal 0.980972 0.194151 0
    outer loop
      vertex 143.4 -125.985 0
      vertex 143.419 -126.081 0.2
      vertex 143.419 -126.081 0
    endloop
  endfacet
  facet normal 0.83205 0.5547 0
    outer loop
      vertex 143.473 -126.162 0.2
      vertex 143.419 -126.081 0
      vertex 143.419 -126.081 0.2
    endloop
  endfacet
  facet normal 0.83205 0.5547 0
    outer loop
      vertex 143.419 -126.081 0
      vertex 143.473 -126.162 0.2
      vertex 143.473 -126.162 0
    endloop
  endfacet
  facet normal 1 -0 0
    outer loop
      vertex 143.4 -125.985 0.2
      vertex 143.4 -125.085 0
      vertex 143.4 -125.085 0.2
    endloop
  endfacet
  facet normal 1 0 0
    outer loop
      vertex 143.4 -125.085 0
      vertex 143.4 -125.985 0.2
      vertex 143.4 -125.985 0
    endloop
  endfacet
  facet normal 0 -1 0
    outer loop
      vertex 143.65 -124.835 0
      vertex 144.175 -124.835 0.2
      vertex 143.65 -124.835 0.2
    endloop
  endfacet
  facet normal 0 -1 -0
    outer loop
      vertex 144.175 -124.835 0.2
      vertex 143.65 -124.835 0
      vertex 144.175 -124.835 0
    endloop
  endfacet
  facet normal -0.980972 -0.194151 0
    outer loop
      vertex 144.425 -125.085 0
      vertex 144.406 -124.989 0.2
      vertex 144.406 -124.989 0
    endloop
  endfacet
  facet normal -0.980972 -0.194151 0
    outer loop
      vertex 144.406 -124.989 0.2
      vertex 144.425 -125.085 0
      vertex 144.425 -125.085 0.2
    endloop
  endfacet
  facet normal -0.194151 -0.980972 0
    outer loop
      vertex 142.35 -124.835 0
      vertex 142.446 -124.854 0.2
      vertex 142.35 -124.835 0.2
    endloop
  endfacet
  facet normal -0.194151 -0.980972 -0
    outer loop
      vertex 142.446 -124.854 0.2
      vertex 142.35 -124.835 0
      vertex 142.446 -124.854 0
    endloop
  endfacet
  facet normal -0.83205 0.5547 0
    outer loop
      vertex 142.527 -126.162 0
      vertex 142.581 -126.081 0.2
      vertex 142.581 -126.081 0
    endloop
  endfacet
  facet normal -0.83205 0.5547 0
    outer loop
      vertex 142.581 -126.081 0.2
      vertex 142.527 -126.162 0
      vertex 142.527 -126.162 0.2
    endloop
  endfacet
  facet normal -0.194151 0.980972 0
    outer loop
      vertex 142.446 -126.216 0
      vertex 142.35 -126.235 0.2
      vertex 142.446 -126.216 0.2
    endloop
  endfacet
  facet normal -0.194151 0.980972 0
    outer loop
      vertex 142.35 -126.235 0.2
      vertex 142.446 -126.216 0
      vertex 142.35 -126.235 0
    endloop
  endfacet
  facet normal -1 0 0
    outer loop
      vertex 142.6 -125.985 0
      vertex 142.6 -125.085 0.2
      vertex 142.6 -125.085 0
    endloop
  endfacet
  facet normal -1 -0 0
    outer loop
      vertex 142.6 -125.085 0.2
      vertex 142.6 -125.985 0
      vertex 142.6 -125.985 0.2
    endloop
  endfacet
  facet normal 0.194151 0.980972 -0
    outer loop
      vertex 141.825 -126.235 0
      vertex 141.729 -126.216 0.2
      vertex 141.825 -126.235 0.2
    endloop
  endfacet
  facet normal 0.194151 0.980972 0
    outer loop
      vertex 141.729 -126.216 0.2
      vertex 141.825 -126.235 0
      vertex 141.729 -126.216 0
    endloop
  endfacet
  facet normal -0.5547 -0.83205 0
    outer loop
      vertex 142.446 -124.854 0
      vertex 142.527 -124.908 0.2
      vertex 142.446 -124.854 0.2
    endloop
  endfacet
  facet normal -0.5547 -0.83205 -0
    outer loop
      vertex 142.527 -124.908 0.2
      vertex 142.446 -124.854 0
      vertex 142.527 -124.908 0
    endloop
  endfacet
  facet normal 0.83205 -0.5547 0
    outer loop
      vertex 141.594 -124.989 0.2
      vertex 141.648 -124.908 0
      vertex 141.648 -124.908 0.2
    endloop
  endfacet
  facet normal 0.83205 -0.5547 0
    outer loop
      vertex 141.648 -124.908 0
      vertex 141.594 -124.989 0.2
      vertex 141.594 -124.989 0
    endloop
  endfacet
  facet normal -0.83205 -0.5547 0
    outer loop
      vertex 142.581 -124.989 0
      vertex 142.527 -124.908 0.2
      vertex 142.527 -124.908 0
    endloop
  endfacet
  facet normal -0.83205 -0.5547 0
    outer loop
      vertex 142.527 -124.908 0.2
      vertex 142.581 -124.989 0
      vertex 142.581 -124.989 0.2
    endloop
  endfacet
  facet normal 0.980972 -0.194151 0
    outer loop
      vertex 141.575 -125.085 0.2
      vertex 141.594 -124.989 0
      vertex 141.594 -124.989 0.2
    endloop
  endfacet
  facet normal 0.980972 -0.194151 0
    outer loop
      vertex 141.594 -124.989 0
      vertex 141.575 -125.085 0.2
      vertex 141.575 -125.085 0
    endloop
  endfacet
  facet normal 0.5547 -0.83205 0
    outer loop
      vertex 141.648 -124.908 0
      vertex 141.729 -124.854 0.2
      vertex 141.648 -124.908 0.2
    endloop
  endfacet
  facet normal 0.5547 -0.83205 0
    outer loop
      vertex 141.729 -124.854 0.2
      vertex 141.648 -124.908 0
      vertex 141.729 -124.854 0
    endloop
  endfacet
  facet normal 0.5547 0.83205 -0
    outer loop
      vertex 141.729 -126.216 0
      vertex 141.648 -126.162 0.2
      vertex 141.729 -126.216 0.2
    endloop
  endfacet
  facet normal 0.5547 0.83205 0
    outer loop
      vertex 141.648 -126.162 0.2
      vertex 141.729 -126.216 0
      vertex 141.648 -126.162 0
    endloop
  endfacet
  facet normal 0 1 -0
    outer loop
      vertex 142.35 -126.235 0
      vertex 141.825 -126.235 0.2
      vertex 142.35 -126.235 0.2
    endloop
  endfacet
  facet normal 0 1 0
    outer loop
      vertex 141.825 -126.235 0.2
      vertex 142.35 -126.235 0
      vertex 141.825 -126.235 0
    endloop
  endfacet
  facet normal 0.194151 -0.980972 0
    outer loop
      vertex 141.729 -124.854 0
      vertex 141.825 -124.835 0.2
      vertex 141.729 -124.854 0.2
    endloop
  endfacet
  facet normal 0.194151 -0.980972 0
    outer loop
      vertex 141.825 -124.835 0.2
      vertex 141.729 -124.854 0
      vertex 141.825 -124.835 0
    endloop
  endfacet
  facet normal 0.980972 0.194151 0
    outer loop
      vertex 141.594 -126.081 0.2
      vertex 141.575 -125.985 0
      vertex 141.575 -125.985 0.2
    endloop
  endfacet
  facet normal 0.980972 0.194151 0
    outer loop
      vertex 141.575 -125.985 0
      vertex 141.594 -126.081 0.2
      vertex 141.594 -126.081 0
    endloop
  endfacet
  facet normal 0.83205 0.5547 0
    outer loop
      vertex 141.648 -126.162 0.2
      vertex 141.594 -126.081 0
      vertex 141.594 -126.081 0.2
    endloop
  endfacet
  facet normal 0.83205 0.5547 0
    outer loop
      vertex 141.594 -126.081 0
      vertex 141.648 -126.162 0.2
      vertex 141.648 -126.162 0
    endloop
  endfacet
  facet normal 1 -0 0
    outer loop
      vertex 141.575 -125.985 0.2
      vertex 141.575 -125.085 0
      vertex 141.575 -125.085 0.2
    endloop
  endfacet
  facet normal 1 0 0
    outer loop
      vertex 141.575 -125.085 0
      vertex 141.575 -125.985 0.2
      vertex 141.575 -125.985 0
    endloop
  endfacet
  facet normal -0.5547 0.83205 0
    outer loop
      vertex 142.527 -126.162 0
      vertex 142.446 -126.216 0.2
      vertex 142.527 -126.162 0.2
    endloop
  endfacet
  facet normal -0.5547 0.83205 0
    outer loop
      vertex 142.446 -126.216 0.2
      vertex 142.527 -126.162 0
      vertex 142.446 -126.216 0
    endloop
  endfacet
  facet normal 0 -1 0
    outer loop
      vertex 141.825 -124.835 0
      vertex 142.35 -124.835 0.2
      vertex 141.825 -124.835 0.2
    endloop
  endfacet
  facet normal 0 -1 -0
    outer loop
      vertex 142.35 -124.835 0.2
      vertex 141.825 -124.835 0
      vertex 142.35 -124.835 0
    endloop
  endfacet
  facet normal -0.980972 0.194151 0
    outer loop
      vertex 142.581 -126.081 0
      vertex 142.6 -125.985 0.2
      vertex 142.6 -125.985 0
    endloop
  endfacet
  facet normal -0.980972 0.194151 0
    outer loop
      vertex 142.6 -125.985 0.2
      vertex 142.581 -126.081 0
      vertex 142.581 -126.081 0.2
    endloop
  endfacet
  facet normal -0.980972 -0.194151 0
    outer loop
      vertex 142.6 -125.085 0
      vertex 142.581 -124.989 0.2
      vertex 142.581 -124.989 0
    endloop
  endfacet
  facet normal -0.980972 -0.194151 0
    outer loop
      vertex 142.581 -124.989 0.2
      vertex 142.6 -125.085 0
      vertex 142.6 -125.085 0.2
    endloop
  endfacet
  facet normal 0.194151 0.980972 -0
    outer loop
      vertex 139.9 -90.1 0
      vertex 139.804 -90.081 0.2
      vertex 139.9 -90.1 0.2
    endloop
  endfacet
  facet normal 0.194151 0.980972 0
    outer loop
      vertex 139.804 -90.081 0.2
      vertex 139.9 -90.1 0
      vertex 139.804 -90.081 0
    endloop
  endfacet
  facet normal -0.194151 0.980972 0
    outer loop
      vertex 140.896 -90.081 0
      vertex 140.8 -90.1 0.2
      vertex 140.896 -90.081 0.2
    endloop
  endfacet
  facet normal -0.194151 0.980972 0
    outer loop
      vertex 140.8 -90.1 0.2
      vertex 140.896 -90.081 0
      vertex 140.8 -90.1 0
    endloop
  endfacet
  facet normal -1 0 0
    outer loop
      vertex 141.05 -89.85 0
      vertex 141.05 -89.325 0.2
      vertex 141.05 -89.325 0
    endloop
  endfacet
  facet normal -1 -0 0
    outer loop
      vertex 141.05 -89.325 0.2
      vertex 141.05 -89.85 0
      vertex 141.05 -89.85 0.2
    endloop
  endfacet
  facet normal 0 1 -0
    outer loop
      vertex 140.8 -90.1 0
      vertex 139.9 -90.1 0.2
      vertex 140.8 -90.1 0.2
    endloop
  endfacet
  facet normal 0 1 0
    outer loop
      vertex 139.9 -90.1 0.2
      vertex 140.8 -90.1 0
      vertex 139.9 -90.1 0
    endloop
  endfacet
  facet normal -0.55612 -0.831102 0
    outer loop
      vertex 140.896 -89.094 0
      vertex 140.977 -89.1482 0.2
      vertex 140.896 -89.094 0.2
    endloop
  endfacet
  facet normal -0.55612 -0.831102 -0
    outer loop
      vertex 140.977 -89.1482 0.2
      vertex 140.896 -89.094 0
      vertex 140.977 -89.1482 0
    endloop
  endfacet
  facet normal -0.832366 0.554226 0
    outer loop
      vertex 140.977 -90.0268 0
      vertex 141.031 -89.9457 0.2
      vertex 141.031 -89.9457 0
    endloop
  endfacet
  facet normal -0.832366 0.554226 0
    outer loop
      vertex 141.031 -89.9457 0.2
      vertex 140.977 -90.0268 0
      vertex 140.977 -90.0268 0.2
    endloop
  endfacet
  facet normal -0.194151 -0.980972 0
    outer loop
      vertex 140.8 -89.075 0
      vertex 140.896 -89.094 0.2
      vertex 140.8 -89.075 0.2
    endloop
  endfacet
  facet normal -0.194151 -0.980972 -0
    outer loop
      vertex 140.896 -89.094 0.2
      vertex 140.8 -89.075 0
      vertex 140.896 -89.094 0
    endloop
  endfacet
  facet normal 0.55612 0.831102 -0
    outer loop
      vertex 139.804 -90.081 0
      vertex 139.723 -90.0268 0.2
      vertex 139.804 -90.081 0.2
    endloop
  endfacet
  facet normal 0.55612 0.831102 0
    outer loop
      vertex 139.723 -90.0268 0.2
      vertex 139.804 -90.081 0
      vertex 139.723 -90.0268 0
    endloop
  endfacet
  facet normal 0.832366 0.554226 0
    outer loop
      vertex 139.723 -90.0268 0.2
      vertex 139.669 -89.9457 0
      vertex 139.669 -89.9457 0.2
    endloop
  endfacet
  facet normal 0.832366 0.554226 0
    outer loop
      vertex 139.669 -89.9457 0
      vertex 139.723 -90.0268 0.2
      vertex 139.723 -90.0268 0
    endloop
  endfacet
  facet normal 0 -1 0
    outer loop
      vertex 139.9 -89.075 0
      vertex 140.8 -89.075 0.2
      vertex 139.9 -89.075 0.2
    endloop
  endfacet
  facet normal 0 -1 -0
    outer loop
      vertex 140.8 -89.075 0.2
      vertex 139.9 -89.075 0
      vertex 140.8 -89.075 0
    endloop
  endfacet
  facet normal 0.55612 -0.831102 0
    outer loop
      vertex 139.723 -89.1482 0
      vertex 139.804 -89.094 0.2
      vertex 139.723 -89.1482 0.2
    endloop
  endfacet
  facet normal 0.55612 -0.831102 0
    outer loop
      vertex 139.804 -89.094 0.2
      vertex 139.723 -89.1482 0
      vertex 139.804 -89.094 0
    endloop
  endfacet
  facet normal -0.832366 -0.554226 0
    outer loop
      vertex 141.031 -89.2293 0
      vertex 140.977 -89.1482 0.2
      vertex 140.977 -89.1482 0
    endloop
  endfacet
  facet normal -0.832366 -0.554226 0
    outer loop
      vertex 140.977 -89.1482 0.2
      vertex 141.031 -89.2293 0
      vertex 141.031 -89.2293 0.2
    endloop
  endfacet
  facet normal 0.194151 -0.980972 0
    outer loop
      vertex 139.804 -89.094 0
      vertex 139.9 -89.075 0.2
      vertex 139.804 -89.094 0.2
    endloop
  endfacet
  facet normal 0.194151 -0.980972 0
    outer loop
      vertex 139.9 -89.075 0.2
      vertex 139.804 -89.094 0
      vertex 139.9 -89.075 0
    endloop
  endfacet
  facet normal 0.980856 -0.194736 0
    outer loop
      vertex 139.65 -89.325 0.2
      vertex 139.669 -89.2293 0
      vertex 139.669 -89.2293 0.2
    endloop
  endfacet
  facet normal 0.980856 -0.194736 0
    outer loop
      vertex 139.669 -89.2293 0
      vertex 139.65 -89.325 0.2
      vertex 139.65 -89.325 0
    endloop
  endfacet
  facet normal -0.55612 0.831102 0
    outer loop
      vertex 140.977 -90.0268 0
      vertex 140.896 -90.081 0.2
      vertex 140.977 -90.0268 0.2
    endloop
  endfacet
  facet normal -0.55612 0.831102 0
    outer loop
      vertex 140.896 -90.081 0.2
      vertex 140.977 -90.0268 0
      vertex 140.896 -90.081 0
    endloop
  endfacet
  facet normal 0.832366 -0.554226 0
    outer loop
      vertex 139.669 -89.2293 0.2
      vertex 139.723 -89.1482 0
      vertex 139.723 -89.1482 0.2
    endloop
  endfacet
  facet normal 0.832366 -0.554226 0
    outer loop
      vertex 139.723 -89.1482 0
      vertex 139.669 -89.2293 0.2
      vertex 139.669 -89.2293 0
    endloop
  endfacet
  facet normal -0.980856 -0.194736 0
    outer loop
      vertex 141.05 -89.325 0
      vertex 141.031 -89.2293 0.2
      vertex 141.031 -89.2293 0
    endloop
  endfacet
  facet normal -0.980856 -0.194736 0
    outer loop
      vertex 141.031 -89.2293 0.2
      vertex 141.05 -89.325 0
      vertex 141.05 -89.325 0.2
    endloop
  endfacet
  facet normal 1 -0 0
    outer loop
      vertex 139.65 -89.85 0.2
      vertex 139.65 -89.325 0
      vertex 139.65 -89.325 0.2
    endloop
  endfacet
  facet normal 1 0 0
    outer loop
      vertex 139.65 -89.325 0
      vertex 139.65 -89.85 0.2
      vertex 139.65 -89.85 0
    endloop
  endfacet
  facet normal -0.980856 0.194736 0
    outer loop
      vertex 141.031 -89.9457 0
      vertex 141.05 -89.85 0.2
      vertex 141.05 -89.85 0
    endloop
  endfacet
  facet normal -0.980856 0.194736 0
    outer loop
      vertex 141.05 -89.85 0.2
      vertex 141.031 -89.9457 0
      vertex 141.031 -89.9457 0.2
    endloop
  endfacet
  facet normal 0.980856 0.194736 0
    outer loop
      vertex 139.669 -89.9457 0.2
      vertex 139.65 -89.85 0
      vertex 139.65 -89.85 0.2
    endloop
  endfacet
  facet normal 0.980856 0.194736 0
    outer loop
      vertex 139.65 -89.85 0
      vertex 139.669 -89.9457 0.2
      vertex 139.669 -89.9457 0
    endloop
  endfacet
  facet normal 1 -0 0
    outer loop
      vertex 139.65 -91.675 0.2
      vertex 139.65 -91.15 0
      vertex 139.65 -91.15 0.2
    endloop
  endfacet
  facet normal 1 0 0
    outer loop
      vertex 139.65 -91.15 0
      vertex 139.65 -91.675 0.2
      vertex 139.65 -91.675 0
    endloop
  endfacet
  facet normal 0.832366 0.554226 0
    outer loop
      vertex 139.723 -91.8518 0.2
      vertex 139.669 -91.7707 0
      vertex 139.669 -91.7707 0.2
    endloop
  endfacet
  facet normal 0.832366 0.554226 0
    outer loop
      vertex 139.669 -91.7707 0
      vertex 139.723 -91.8518 0.2
      vertex 139.723 -91.8518 0
    endloop
  endfacet
  facet normal -0.194151 0.980972 0
    outer loop
      vertex 140.896 -91.906 0
      vertex 140.8 -91.925 0.2
      vertex 140.896 -91.906 0.2
    endloop
  endfacet
  facet normal -0.194151 0.980972 0
    outer loop
      vertex 140.8 -91.925 0.2
      vertex 140.896 -91.906 0
      vertex 140.8 -91.925 0
    endloop
  endfacet
  facet normal -1 0 0
    outer loop
      vertex 141.05 -91.675 0
      vertex 141.05 -91.15 0.2
      vertex 141.05 -91.15 0
    endloop
  endfacet
  facet normal -1 -0 0
    outer loop
      vertex 141.05 -91.15 0.2
      vertex 141.05 -91.675 0
      vertex 141.05 -91.675 0.2
    endloop
  endfacet
  facet normal 0.194151 0.980972 -0
    outer loop
      vertex 139.9 -91.925 0
      vertex 139.804 -91.906 0.2
      vertex 139.9 -91.925 0.2
    endloop
  endfacet
  facet normal 0.194151 0.980972 0
    outer loop
      vertex 139.804 -91.906 0.2
      vertex 139.9 -91.925 0
      vertex 139.804 -91.906 0
    endloop
  endfacet
  facet normal 0.980856 0.194736 0
    outer loop
      vertex 139.669 -91.7707 0.2
      vertex 139.65 -91.675 0
      vertex 139.65 -91.675 0.2
    endloop
  endfacet
  facet normal 0.980856 0.194736 0
    outer loop
      vertex 139.65 -91.675 0
      vertex 139.669 -91.7707 0.2
      vertex 139.669 -91.7707 0
    endloop
  endfacet
  facet normal -0.55612 -0.831102 0
    outer loop
      vertex 140.896 -90.919 0
      vertex 140.977 -90.9732 0.2
      vertex 140.896 -90.919 0.2
    endloop
  endfacet
  facet normal -0.55612 -0.831102 -0
    outer loop
      vertex 140.977 -90.9732 0.2
      vertex 140.896 -90.919 0
      vertex 140.977 -90.9732 0
    endloop
  endfacet
  facet normal 0.832366 -0.554226 0
    outer loop
      vertex 139.669 -91.0543 0.2
      vertex 139.723 -90.9732 0
      vertex 139.723 -90.9732 0.2
    endloop
  endfacet
  facet normal 0.832366 -0.554226 0
    outer loop
      vertex 139.723 -90.9732 0
      vertex 139.669 -91.0543 0.2
      vertex 139.669 -91.0543 0
    endloop
  endfacet
  facet normal -0.980856 -0.194736 0
    outer loop
      vertex 141.05 -91.15 0
      vertex 141.031 -91.0543 0.2
      vertex 141.031 -91.0543 0
    endloop
  endfacet
  facet normal -0.980856 -0.194736 0
    outer loop
      vertex 141.031 -91.0543 0.2
      vertex 141.05 -91.15 0
      vertex 141.05 -91.15 0.2
    endloop
  endfacet
  facet normal 0 -1 0
    outer loop
      vertex 139.9 -90.9 0
      vertex 140.8 -90.9 0.2
      vertex 139.9 -90.9 0.2
    endloop
  endfacet
  facet normal 0 -1 -0
    outer loop
      vertex 140.8 -90.9 0.2
      vertex 139.9 -90.9 0
      vertex 140.8 -90.9 0
    endloop
  endfacet
  facet normal 0.55612 -0.831102 0
    outer loop
      vertex 139.723 -90.9732 0
      vertex 139.804 -90.919 0.2
      vertex 139.723 -90.9732 0.2
    endloop
  endfacet
  facet normal 0.55612 -0.831102 0
    outer loop
      vertex 139.804 -90.919 0.2
      vertex 139.723 -90.9732 0
      vertex 139.804 -90.919 0
    endloop
  endfacet
  facet normal 0 1 -0
    outer loop
      vertex 140.8 -91.925 0
      vertex 139.9 -91.925 0.2
      vertex 140.8 -91.925 0.2
    endloop
  endfacet
  facet normal 0 1 0
    outer loop
      vertex 139.9 -91.925 0.2
      vertex 140.8 -91.925 0
      vertex 139.9 -91.925 0
    endloop
  endfacet
  facet normal 0.194151 -0.980972 0
    outer loop
      vertex 139.804 -90.919 0
      vertex 139.9 -90.9 0.2
      vertex 139.804 -90.919 0.2
    endloop
  endfacet
  facet normal 0.194151 -0.980972 0
    outer loop
      vertex 139.9 -90.9 0.2
      vertex 139.804 -90.919 0
      vertex 139.9 -90.9 0
    endloop
  endfacet
  facet normal 0.55612 0.831102 -0
    outer loop
      vertex 139.804 -91.906 0
      vertex 139.723 -91.8518 0.2
      vertex 139.804 -91.906 0.2
    endloop
  endfacet
  facet normal 0.55612 0.831102 0
    outer loop
      vertex 139.723 -91.8518 0.2
      vertex 139.804 -91.906 0
      vertex 139.723 -91.8518 0
    endloop
  endfacet
  facet normal -0.832366 -0.554226 0
    outer loop
      vertex 141.031 -91.0543 0
      vertex 140.977 -90.9732 0.2
      vertex 140.977 -90.9732 0
    endloop
  endfacet
  facet normal -0.832366 -0.554226 0
    outer loop
      vertex 140.977 -90.9732 0.2
      vertex 141.031 -91.0543 0
      vertex 141.031 -91.0543 0.2
    endloop
  endfacet
  facet normal -0.194151 -0.980972 0
    outer loop
      vertex 140.8 -90.9 0
      vertex 140.896 -90.919 0.2
      vertex 140.8 -90.9 0.2
    endloop
  endfacet
  facet normal -0.194151 -0.980972 -0
    outer loop
      vertex 140.896 -90.919 0.2
      vertex 140.8 -90.9 0
      vertex 140.896 -90.919 0
    endloop
  endfacet
  facet normal -0.832366 0.554226 0
    outer loop
      vertex 140.977 -91.8518 0
      vertex 141.031 -91.7707 0.2
      vertex 141.031 -91.7707 0
    endloop
  endfacet
  facet normal -0.832366 0.554226 0
    outer loop
      vertex 141.031 -91.7707 0.2
      vertex 140.977 -91.8518 0
      vertex 140.977 -91.8518 0.2
    endloop
  endfacet
  facet normal 0.980856 -0.194736 0
    outer loop
      vertex 139.65 -91.15 0.2
      vertex 139.669 -91.0543 0
      vertex 139.669 -91.0543 0.2
    endloop
  endfacet
  facet normal 0.980856 -0.194736 0
    outer loop
      vertex 139.669 -91.0543 0
      vertex 139.65 -91.15 0.2
      vertex 139.65 -91.15 0
    endloop
  endfacet
  facet normal -0.980856 0.194736 0
    outer loop
      vertex 141.031 -91.7707 0
      vertex 141.05 -91.675 0.2
      vertex 141.05 -91.675 0
    endloop
  endfacet
  facet normal -0.980856 0.194736 0
    outer loop
      vertex 141.05 -91.675 0.2
      vertex 141.031 -91.7707 0
      vertex 141.031 -91.7707 0.2
    endloop
  endfacet
  facet normal -0.55612 0.831102 0
    outer loop
      vertex 140.977 -91.8518 0
      vertex 140.896 -91.906 0.2
      vertex 140.977 -91.8518 0.2
    endloop
  endfacet
  facet normal -0.55612 0.831102 0
    outer loop
      vertex 140.896 -91.906 0.2
      vertex 140.977 -91.8518 0
      vertex 140.896 -91.906 0
    endloop
  endfacet
  facet normal -0.194151 0.980972 0
    outer loop
      vertex 156.246 -121.231 0
      vertex 156.15 -121.25 0.2
      vertex 156.246 -121.231 0.2
    endloop
  endfacet
  facet normal -0.194151 0.980972 0
    outer loop
      vertex 156.15 -121.25 0.2
      vertex 156.246 -121.231 0
      vertex 156.15 -121.25 0
    endloop
  endfacet
  facet normal -0.5547 0.83205 0
    outer loop
      vertex 156.327 -121.177 0
      vertex 156.246 -121.231 0.2
      vertex 156.327 -121.177 0.2
    endloop
  endfacet
  facet normal -0.5547 0.83205 0
    outer loop
      vertex 156.246 -121.231 0.2
      vertex 156.327 -121.177 0
      vertex 156.246 -121.231 0
    endloop
  endfacet
  facet normal 0.83205 -0.5547 0
    outer loop
      vertex 155.419 -119.954 0.2
      vertex 155.473 -119.873 0
      vertex 155.473 -119.873 0.2
    endloop
  endfacet
  facet normal 0.83205 -0.5547 0
    outer loop
      vertex 155.473 -119.873 0
      vertex 155.419 -119.954 0.2
      vertex 155.419 -119.954 0
    endloop
  endfacet
  facet normal 0.5547 0.83205 -0
    outer loop
      vertex 155.554 -121.231 0
      vertex 155.473 -121.177 0.2
      vertex 155.554 -121.231 0.2
    endloop
  endfacet
  facet normal 0.5547 0.83205 0
    outer loop
      vertex 155.473 -121.177 0.2
      vertex 155.554 -121.231 0
      vertex 155.473 -121.177 0
    endloop
  endfacet
  facet normal -0.83205 -0.5547 0
    outer loop
      vertex 156.381 -119.954 0
      vertex 156.327 -119.873 0.2
      vertex 156.327 -119.873 0
    endloop
  endfacet
  facet normal -0.83205 -0.5547 0
    outer loop
      vertex 156.327 -119.873 0.2
      vertex 156.381 -119.954 0
      vertex 156.381 -119.954 0.2
    endloop
  endfacet
  facet normal 0.980972 -0.194151 0
    outer loop
      vertex 155.4 -120.05 0.2
      vertex 155.419 -119.954 0
      vertex 155.419 -119.954 0.2
    endloop
  endfacet
  facet normal 0.980972 -0.194151 0
    outer loop
      vertex 155.419 -119.954 0
      vertex 155.4 -120.05 0.2
      vertex 155.4 -120.05 0
    endloop
  endfacet
  facet normal -0.194151 -0.980972 0
    outer loop
      vertex 156.15 -119.8 0
      vertex 156.246 -119.819 0.2
      vertex 156.15 -119.8 0.2
    endloop
  endfacet
  facet normal -0.194151 -0.980972 -0
    outer loop
      vertex 156.246 -119.819 0.2
      vertex 156.15 -119.8 0
      vertex 156.246 -119.819 0
    endloop
  endfacet
  facet normal 0 1 -0
    outer loop
      vertex 156.15 -121.25 0
      vertex 155.65 -121.25 0.2
      vertex 156.15 -121.25 0.2
    endloop
  endfacet
  facet normal 0 1 0
    outer loop
      vertex 155.65 -121.25 0.2
      vertex 156.15 -121.25 0
      vertex 155.65 -121.25 0
    endloop
  endfacet
  facet normal 0.5547 -0.83205 0
    outer loop
      vertex 155.473 -119.873 0
      vertex 155.554 -119.819 0.2
      vertex 155.473 -119.873 0.2
    endloop
  endfacet
  facet normal 0.5547 -0.83205 0
    outer loop
      vertex 155.554 -119.819 0.2
      vertex 155.473 -119.873 0
      vertex 155.554 -119.819 0
    endloop
  endfacet
  facet normal 0.194151 0.980972 -0
    outer loop
      vertex 155.65 -121.25 0
      vertex 155.554 -121.231 0.2
      vertex 155.65 -121.25 0.2
    endloop
  endfacet
  facet normal 0.194151 0.980972 0
    outer loop
      vertex 155.554 -121.231 0.2
      vertex 155.65 -121.25 0
      vertex 155.554 -121.231 0
    endloop
  endfacet
  facet normal 0.980972 0.194151 0
    outer loop
      vertex 155.419 -121.096 0.2
      vertex 155.4 -121 0
      vertex 155.4 -121 0.2
    endloop
  endfacet
  facet normal 0.980972 0.194151 0
    outer loop
      vertex 155.4 -121 0
      vertex 155.419 -121.096 0.2
      vertex 155.419 -121.096 0
    endloop
  endfacet
  facet normal -0.980972 0.194151 0
    outer loop
      vertex 156.381 -121.096 0
      vertex 156.4 -121 0.2
      vertex 156.4 -121 0
    endloop
  endfacet
  facet normal -0.980972 0.194151 0
    outer loop
      vertex 156.4 -121 0.2
      vertex 156.381 -121.096 0
      vertex 156.381 -121.096 0.2
    endloop
  endfacet
  facet normal -0.5547 -0.83205 0
    outer loop
      vertex 156.246 -119.819 0
      vertex 156.327 -119.873 0.2
      vertex 156.246 -119.819 0.2
    endloop
  endfacet
  facet normal -0.5547 -0.83205 -0
    outer loop
      vertex 156.327 -119.873 0.2
      vertex 156.246 -119.819 0
      vertex 156.327 -119.873 0
    endloop
  endfacet
  facet normal 0.83205 0.5547 0
    outer loop
      vertex 155.473 -121.177 0.2
      vertex 155.419 -121.096 0
      vertex 155.419 -121.096 0.2
    endloop
  endfacet
  facet normal 0.83205 0.5547 0
    outer loop
      vertex 155.419 -121.096 0
      vertex 155.473 -121.177 0.2
      vertex 155.473 -121.177 0
    endloop
  endfacet
  facet normal -0.980972 -0.194151 0
    outer loop
      vertex 156.4 -120.05 0
      vertex 156.381 -119.954 0.2
      vertex 156.381 -119.954 0
    endloop
  endfacet
  facet normal -0.980972 -0.194151 0
    outer loop
      vertex 156.381 -119.954 0.2
      vertex 156.4 -120.05 0
      vertex 156.4 -120.05 0.2
    endloop
  endfacet
  facet normal -1 0 0
    outer loop
      vertex 156.4 -121 0
      vertex 156.4 -120.05 0.2
      vertex 156.4 -120.05 0
    endloop
  endfacet
  facet normal -1 -0 0
    outer loop
      vertex 156.4 -120.05 0.2
      vertex 156.4 -121 0
      vertex 156.4 -121 0.2
    endloop
  endfacet
  facet normal -0.83205 0.5547 0
    outer loop
      vertex 156.327 -121.177 0
      vertex 156.381 -121.096 0.2
      vertex 156.381 -121.096 0
    endloop
  endfacet
  facet normal -0.83205 0.5547 0
    outer loop
      vertex 156.381 -121.096 0.2
      vertex 156.327 -121.177 0
      vertex 156.327 -121.177 0.2
    endloop
  endfacet
  facet normal 1 -0 0
    outer loop
      vertex 155.4 -121 0.2
      vertex 155.4 -120.05 0
      vertex 155.4 -120.05 0.2
    endloop
  endfacet
  facet normal 1 0 0
    outer loop
      vertex 155.4 -120.05 0
      vertex 155.4 -121 0.2
      vertex 155.4 -121 0
    endloop
  endfacet
  facet normal 0.194151 -0.980972 0
    outer loop
      vertex 155.554 -119.819 0
      vertex 155.65 -119.8 0.2
      vertex 155.554 -119.819 0.2
    endloop
  endfacet
  facet normal 0.194151 -0.980972 0
    outer loop
      vertex 155.65 -119.8 0.2
      vertex 155.554 -119.819 0
      vertex 155.65 -119.8 0
    endloop
  endfacet
  facet normal 0 -1 0
    outer loop
      vertex 155.65 -119.8 0
      vertex 156.15 -119.8 0.2
      vertex 155.65 -119.8 0.2
    endloop
  endfacet
  facet normal 0 -1 -0
    outer loop
      vertex 156.15 -119.8 0.2
      vertex 155.65 -119.8 0
      vertex 156.15 -119.8 0
    endloop
  endfacet
  facet normal -0.194151 0.980972 0
    outer loop
      vertex 154.346 -121.231 0
      vertex 154.25 -121.25 0.2
      vertex 154.346 -121.231 0.2
    endloop
  endfacet
  facet normal -0.194151 0.980972 0
    outer loop
      vertex 154.25 -121.25 0.2
      vertex 154.346 -121.231 0
      vertex 154.25 -121.25 0
    endloop
  endfacet
  facet normal 0.83205 -0.5547 0
    outer loop
      vertex 153.519 -119.954 0.2
      vertex 153.573 -119.873 0
      vertex 153.573 -119.873 0.2
    endloop
  endfacet
  facet normal 0.83205 -0.5547 0
    outer loop
      vertex 153.573 -119.873 0
      vertex 153.519 -119.954 0.2
      vertex 153.519 -119.954 0
    endloop
  endfacet
  facet normal 0.5547 0.83205 -0
    outer loop
      vertex 153.654 -121.231 0
      vertex 153.573 -121.177 0.2
      vertex 153.654 -121.231 0.2
    endloop
  endfacet
  facet normal 0.5547 0.83205 0
    outer loop
      vertex 153.573 -121.177 0.2
      vertex 153.654 -121.231 0
      vertex 153.573 -121.177 0
    endloop
  endfacet
  facet normal -0.194151 -0.980972 0
    outer loop
      vertex 154.25 -119.8 0
      vertex 154.346 -119.819 0.2
      vertex 154.25 -119.8 0.2
    endloop
  endfacet
  facet normal -0.194151 -0.980972 -0
    outer loop
      vertex 154.346 -119.819 0.2
      vertex 154.25 -119.8 0
      vertex 154.346 -119.819 0
    endloop
  endfacet
  facet normal 1 -0 0
    outer loop
      vertex 153.5 -121 0.2
      vertex 153.5 -120.05 0
      vertex 153.5 -120.05 0.2
    endloop
  endfacet
  facet normal 1 0 0
    outer loop
      vertex 153.5 -120.05 0
      vertex 153.5 -121 0.2
      vertex 153.5 -121 0
    endloop
  endfacet
  facet normal 0 -1 0
    outer loop
      vertex 153.75 -119.8 0
      vertex 154.25 -119.8 0.2
      vertex 153.75 -119.8 0.2
    endloop
  endfacet
  facet normal 0 -1 -0
    outer loop
      vertex 154.25 -119.8 0.2
      vertex 153.75 -119.8 0
      vertex 154.25 -119.8 0
    endloop
  endfacet
  facet normal 0.980972 -0.194151 0
    outer loop
      vertex 153.5 -120.05 0.2
      vertex 153.519 -119.954 0
      vertex 153.519 -119.954 0.2
    endloop
  endfacet
  facet normal 0.980972 -0.194151 0
    outer loop
      vertex 153.519 -119.954 0
      vertex 153.5 -120.05 0.2
      vertex 153.5 -120.05 0
    endloop
  endfacet
  facet normal 0.980972 0.194151 0
    outer loop
      vertex 153.519 -121.096 0.2
      vertex 153.5 -121 0
      vertex 153.5 -121 0.2
    endloop
  endfacet
  facet normal 0.980972 0.194151 0
    outer loop
      vertex 153.5 -121 0
      vertex 153.519 -121.096 0.2
      vertex 153.519 -121.096 0
    endloop
  endfacet
  facet normal -0.5547 -0.83205 0
    outer loop
      vertex 154.346 -119.819 0
      vertex 154.427 -119.873 0.2
      vertex 154.346 -119.819 0.2
    endloop
  endfacet
  facet normal -0.5547 -0.83205 -0
    outer loop
      vertex 154.427 -119.873 0.2
      vertex 154.346 -119.819 0
      vertex 154.427 -119.873 0
    endloop
  endfacet
  facet normal 0.5547 -0.83205 0
    outer loop
      vertex 153.573 -119.873 0
      vertex 153.654 -119.819 0.2
      vertex 153.573 -119.873 0.2
    endloop
  endfacet
  facet normal 0.5547 -0.83205 0
    outer loop
      vertex 153.654 -119.819 0.2
      vertex 153.573 -119.873 0
      vertex 153.654 -119.819 0
    endloop
  endfacet
  facet normal -0.83205 0.5547 0
    outer loop
      vertex 154.427 -121.177 0
      vertex 154.481 -121.096 0.2
      vertex 154.481 -121.096 0
    endloop
  endfacet
  facet normal -0.83205 0.5547 0
    outer loop
      vertex 154.481 -121.096 0.2
      vertex 154.427 -121.177 0
      vertex 154.427 -121.177 0.2
    endloop
  endfacet
  facet normal 0.194151 0.980972 -0
    outer loop
      vertex 153.75 -121.25 0
      vertex 153.654 -121.231 0.2
      vertex 153.75 -121.25 0.2
    endloop
  endfacet
  facet normal 0.194151 0.980972 0
    outer loop
      vertex 153.654 -121.231 0.2
      vertex 153.75 -121.25 0
      vertex 153.654 -121.231 0
    endloop
  endfacet
  facet normal 0.83205 0.5547 0
    outer loop
      vertex 153.573 -121.177 0.2
      vertex 153.519 -121.096 0
      vertex 153.519 -121.096 0.2
    endloop
  endfacet
  facet normal 0.83205 0.5547 0
    outer loop
      vertex 153.519 -121.096 0
      vertex 153.573 -121.177 0.2
      vertex 153.573 -121.177 0
    endloop
  endfacet
  facet normal -0.980972 -0.194151 0
    outer loop
      vertex 154.5 -120.05 0
      vertex 154.481 -119.954 0.2
      vertex 154.481 -119.954 0
    endloop
  endfacet
  facet normal -0.980972 -0.194151 0
    outer loop
      vertex 154.481 -119.954 0.2
      vertex 154.5 -120.05 0
      vertex 154.5 -120.05 0.2
    endloop
  endfacet
  facet normal 0.194151 -0.980972 0
    outer loop
      vertex 153.654 -119.819 0
      vertex 153.75 -119.8 0.2
      vertex 153.654 -119.819 0.2
    endloop
  endfacet
  facet normal 0.194151 -0.980972 0
    outer loop
      vertex 153.75 -119.8 0.2
      vertex 153.654 -119.819 0
      vertex 153.75 -119.8 0
    endloop
  endfacet
  facet normal 0 1 -0
    outer loop
      vertex 154.25 -121.25 0
      vertex 153.75 -121.25 0.2
      vertex 154.25 -121.25 0.2
    endloop
  endfacet
  facet normal 0 1 0
    outer loop
      vertex 153.75 -121.25 0.2
      vertex 154.25 -121.25 0
      vertex 153.75 -121.25 0
    endloop
  endfacet
  facet normal -0.980972 0.194151 0
    outer loop
      vertex 154.481 -121.096 0
      vertex 154.5 -121 0.2
      vertex 154.5 -121 0
    endloop
  endfacet
  facet normal -0.980972 0.194151 0
    outer loop
      vertex 154.5 -121 0.2
      vertex 154.481 -121.096 0
      vertex 154.481 -121.096 0.2
    endloop
  endfacet
  facet normal -0.5547 0.83205 0
    outer loop
      vertex 154.427 -121.177 0
      vertex 154.346 -121.231 0.2
      vertex 154.427 -121.177 0.2
    endloop
  endfacet
  facet normal -0.5547 0.83205 0
    outer loop
      vertex 154.346 -121.231 0.2
      vertex 154.427 -121.177 0
      vertex 154.346 -121.231 0
    endloop
  endfacet
  facet normal -1 0 0
    outer loop
      vertex 154.5 -121 0
      vertex 154.5 -120.05 0.2
      vertex 154.5 -120.05 0
    endloop
  endfacet
  facet normal -1 -0 0
    outer loop
      vertex 154.5 -120.05 0.2
      vertex 154.5 -121 0
      vertex 154.5 -121 0.2
    endloop
  endfacet
  facet normal -0.83205 -0.5547 0
    outer loop
      vertex 154.481 -119.954 0
      vertex 154.427 -119.873 0.2
      vertex 154.427 -119.873 0
    endloop
  endfacet
  facet normal -0.83205 -0.5547 0
    outer loop
      vertex 154.427 -119.873 0.2
      vertex 154.481 -119.954 0
      vertex 154.481 -119.954 0.2
    endloop
  endfacet
  facet normal 1 -0 0
    outer loop
      vertex 97.575 -89.85 0.2
      vertex 97.575 -89.325 0
      vertex 97.575 -89.325 0.2
    endloop
  endfacet
  facet normal 1 0 0
    outer loop
      vertex 97.575 -89.325 0
      vertex 97.575 -89.85 0.2
      vertex 97.575 -89.85 0
    endloop
  endfacet
  facet normal 0.831419 0.555646 0
    outer loop
      vertex 97.6482 -90.0268 0.2
      vertex 97.594 -89.9457 0
      vertex 97.594 -89.9457 0.2
    endloop
  endfacet
  facet normal 0.831419 0.555646 0
    outer loop
      vertex 97.594 -89.9457 0
      vertex 97.6482 -90.0268 0.2
      vertex 97.6482 -90.0268 0
    endloop
  endfacet
  facet normal -0.194736 0.980856 0
    outer loop
      vertex 98.8207 -90.081 0
      vertex 98.725 -90.1 0.2
      vertex 98.8207 -90.081 0.2
    endloop
  endfacet
  facet normal -0.194736 0.980856 0
    outer loop
      vertex 98.725 -90.1 0.2
      vertex 98.8207 -90.081 0
      vertex 98.725 -90.1 0
    endloop
  endfacet
  facet normal -1 0 0
    outer loop
      vertex 98.975 -89.85 0
      vertex 98.975 -89.325 0.2
      vertex 98.975 -89.325 0
    endloop
  endfacet
  facet normal -1 -0 0
    outer loop
      vertex 98.975 -89.325 0.2
      vertex 98.975 -89.85 0
      vertex 98.975 -89.85 0.2
    endloop
  endfacet
  facet normal 0.194736 0.980856 -0
    outer loop
      vertex 97.825 -90.1 0
      vertex 97.7293 -90.081 0.2
      vertex 97.825 -90.1 0.2
    endloop
  endfacet
  facet normal 0.194736 0.980856 0
    outer loop
      vertex 97.7293 -90.081 0.2
      vertex 97.825 -90.1 0
      vertex 97.7293 -90.081 0
    endloop
  endfacet
  facet normal 0.980856 0.194736 0
    outer loop
      vertex 97.594 -89.9457 0.2
      vertex 97.575 -89.85 0
      vertex 97.575 -89.85 0.2
    endloop
  endfacet
  facet normal 0.980856 0.194736 0
    outer loop
      vertex 97.575 -89.85 0
      vertex 97.594 -89.9457 0.2
      vertex 97.594 -89.9457 0
    endloop
  endfacet
  facet normal -0.555646 -0.831419 0
    outer loop
      vertex 98.8207 -89.094 0
      vertex 98.9018 -89.1482 0.2
      vertex 98.8207 -89.094 0.2
    endloop
  endfacet
  facet normal -0.555646 -0.831419 -0
    outer loop
      vertex 98.9018 -89.1482 0.2
      vertex 98.8207 -89.094 0
      vertex 98.9018 -89.1482 0
    endloop
  endfacet
  facet normal 0.831419 -0.555646 0
    outer loop
      vertex 97.594 -89.2293 0.2
      vertex 97.6482 -89.1482 0
      vertex 97.6482 -89.1482 0.2
    endloop
  endfacet
  facet normal 0.831419 -0.555646 0
    outer loop
      vertex 97.6482 -89.1482 0
      vertex 97.594 -89.2293 0.2
      vertex 97.594 -89.2293 0
    endloop
  endfacet
  facet normal -0.980856 -0.194736 0
    outer loop
      vertex 98.975 -89.325 0
      vertex 98.956 -89.2293 0.2
      vertex 98.956 -89.2293 0
    endloop
  endfacet
  facet normal -0.980856 -0.194736 0
    outer loop
      vertex 98.956 -89.2293 0.2
      vertex 98.975 -89.325 0
      vertex 98.975 -89.325 0.2
    endloop
  endfacet
  facet normal 0 -1 0
    outer loop
      vertex 97.825 -89.075 0
      vertex 98.725 -89.075 0.2
      vertex 97.825 -89.075 0.2
    endloop
  endfacet
  facet normal 0 -1 -0
    outer loop
      vertex 98.725 -89.075 0.2
      vertex 97.825 -89.075 0
      vertex 98.725 -89.075 0
    endloop
  endfacet
  facet normal 0.555646 -0.831419 0
    outer loop
      vertex 97.6482 -89.1482 0
      vertex 97.7293 -89.094 0.2
      vertex 97.6482 -89.1482 0.2
    endloop
  endfacet
  facet normal 0.555646 -0.831419 0
    outer loop
      vertex 97.7293 -89.094 0.2
      vertex 97.6482 -89.1482 0
      vertex 97.7293 -89.094 0
    endloop
  endfacet
  facet normal 0 1 -0
    outer loop
      vertex 98.725 -90.1 0
      vertex 97.825 -90.1 0.2
      vertex 98.725 -90.1 0.2
    endloop
  endfacet
  facet normal 0 1 0
    outer loop
      vertex 97.825 -90.1 0.2
      vertex 98.725 -90.1 0
      vertex 97.825 -90.1 0
    endloop
  endfacet
  facet normal 0.194736 -0.980856 0
    outer loop
      vertex 97.7293 -89.094 0
      vertex 97.825 -89.075 0.2
      vertex 97.7293 -89.094 0.2
    endloop
  endfacet
  facet normal 0.194736 -0.980856 0
    outer loop
      vertex 97.825 -89.075 0.2
      vertex 97.7293 -89.094 0
      vertex 97.825 -89.075 0
    endloop
  endfacet
  facet normal 0.555646 0.831419 -0
    outer loop
      vertex 97.7293 -90.081 0
      vertex 97.6482 -90.0268 0.2
      vertex 97.7293 -90.081 0.2
    endloop
  endfacet
  facet normal 0.555646 0.831419 0
    outer loop
      vertex 97.6482 -90.0268 0.2
      vertex 97.7293 -90.081 0
      vertex 97.6482 -90.0268 0
    endloop
  endfacet
  facet normal -0.831419 -0.555646 0
    outer loop
      vertex 98.956 -89.2293 0
      vertex 98.9018 -89.1482 0.2
      vertex 98.9018 -89.1482 0
    endloop
  endfacet
  facet normal -0.831419 -0.555646 0
    outer loop
      vertex 98.9018 -89.1482 0.2
      vertex 98.956 -89.2293 0
      vertex 98.956 -89.2293 0.2
    endloop
  endfacet
  facet normal -0.194736 -0.980856 0
    outer loop
      vertex 98.725 -89.075 0
      vertex 98.8207 -89.094 0.2
      vertex 98.725 -89.075 0.2
    endloop
  endfacet
  facet normal -0.194736 -0.980856 -0
    outer loop
      vertex 98.8207 -89.094 0.2
      vertex 98.725 -89.075 0
      vertex 98.8207 -89.094 0
    endloop
  endfacet
  facet normal -0.831419 0.555646 0
    outer loop
      vertex 98.9018 -90.0268 0
      vertex 98.956 -89.9457 0.2
      vertex 98.956 -89.9457 0
    endloop
  endfacet
  facet normal -0.831419 0.555646 0
    outer loop
      vertex 98.956 -89.9457 0.2
      vertex 98.9018 -90.0268 0
      vertex 98.9018 -90.0268 0.2
    endloop
  endfacet
  facet normal 0.980856 -0.194736 0
    outer loop
      vertex 97.575 -89.325 0.2
      vertex 97.594 -89.2293 0
      vertex 97.594 -89.2293 0.2
    endloop
  endfacet
  facet normal 0.980856 -0.194736 0
    outer loop
      vertex 97.594 -89.2293 0
      vertex 97.575 -89.325 0.2
      vertex 97.575 -89.325 0
    endloop
  endfacet
  facet normal -0.980856 0.194736 0
    outer loop
      vertex 98.956 -89.9457 0
      vertex 98.975 -89.85 0.2
      vertex 98.975 -89.85 0
    endloop
  endfacet
  facet normal -0.980856 0.194736 0
    outer loop
      vertex 98.975 -89.85 0.2
      vertex 98.956 -89.9457 0
      vertex 98.956 -89.9457 0.2
    endloop
  endfacet
  facet normal -0.555646 0.831419 0
    outer loop
      vertex 98.9018 -90.0268 0
      vertex 98.8207 -90.081 0.2
      vertex 98.9018 -90.0268 0.2
    endloop
  endfacet
  facet normal -0.555646 0.831419 0
    outer loop
      vertex 98.8207 -90.081 0.2
      vertex 98.9018 -90.0268 0
      vertex 98.8207 -90.081 0
    endloop
  endfacet
  facet normal 0.194736 0.980856 -0
    outer loop
      vertex 97.825 -91.925 0
      vertex 97.7293 -91.906 0.2
      vertex 97.825 -91.925 0.2
    endloop
  endfacet
  facet normal 0.194736 0.980856 0
    outer loop
      vertex 97.7293 -91.906 0.2
      vertex 97.825 -91.925 0
      vertex 97.7293 -91.906 0
    endloop
  endfacet
  facet normal -0.194736 0.980856 0
    outer loop
      vertex 98.8207 -91.906 0
      vertex 98.725 -91.925 0.2
      vertex 98.8207 -91.906 0.2
    endloop
  endfacet
  facet normal -0.194736 0.980856 0
    outer loop
      vertex 98.725 -91.925 0.2
      vertex 98.8207 -91.906 0
      vertex 98.725 -91.925 0
    endloop
  endfacet
  facet normal -1 0 0
    outer loop
      vertex 98.975 -91.675 0
      vertex 98.975 -91.15 0.2
      vertex 98.975 -91.15 0
    endloop
  endfacet
  facet normal -1 -0 0
    outer loop
      vertex 98.975 -91.15 0.2
      vertex 98.975 -91.675 0
      vertex 98.975 -91.675 0.2
    endloop
  endfacet
  facet normal 0 1 -0
    outer loop
      vertex 98.725 -91.925 0
      vertex 97.825 -91.925 0.2
      vertex 98.725 -91.925 0.2
    endloop
  endfacet
  facet normal 0 1 0
    outer loop
      vertex 97.825 -91.925 0.2
      vertex 98.725 -91.925 0
      vertex 97.825 -91.925 0
    endloop
  endfacet
  facet normal -0.555646 -0.831419 0
    outer loop
      vertex 98.8207 -90.919 0
      vertex 98.9018 -90.9732 0.2
      vertex 98.8207 -90.919 0.2
    endloop
  endfacet
  facet normal -0.555646 -0.831419 -0
    outer loop
      vertex 98.9018 -90.9732 0.2
      vertex 98.8207 -90.919 0
      vertex 98.9018 -90.9732 0
    endloop
  endfacet
  facet normal -0.831419 0.555646 0
    outer loop
      vertex 98.9018 -91.8518 0
      vertex 98.956 -91.7707 0.2
      vertex 98.956 -91.7707 0
    endloop
  endfacet
  facet normal -0.831419 0.555646 0
    outer loop
      vertex 98.956 -91.7707 0.2
      vertex 98.9018 -91.8518 0
      vertex 98.9018 -91.8518 0.2
    endloop
  endfacet
  facet normal -0.194736 -0.980856 0
    outer loop
      vertex 98.725 -90.9 0
      vertex 98.8207 -90.919 0.2
      vertex 98.725 -90.9 0.2
    endloop
  endfacet
  facet normal -0.194736 -0.980856 -0
    outer loop
      vertex 98.8207 -90.919 0.2
      vertex 98.725 -90.9 0
      vertex 98.8207 -90.919 0
    endloop
  endfacet
  facet normal 0.555646 0.831419 -0
    outer loop
      vertex 97.7293 -91.906 0
      vertex 97.6482 -91.8518 0.2
      vertex 97.7293 -91.906 0.2
    endloop
  endfacet
  facet normal 0.555646 0.831419 0
    outer loop
      vertex 97.6482 -91.8518 0.2
      vertex 97.7293 -91.906 0
      vertex 97.6482 -91.8518 0
    endloop
  endfacet
  facet normal 0.831419 0.555646 0
    outer loop
      vertex 97.6482 -91.8518 0.2
      vertex 97.594 -91.7707 0
      vertex 97.594 -91.7707 0.2
    endloop
  endfacet
  facet normal 0.831419 0.555646 0
    outer loop
      vertex 97.594 -91.7707 0
      vertex 97.6482 -91.8518 0.2
      vertex 97.6482 -91.8518 0
    endloop
  endfacet
  facet normal 0 -1 0
    outer loop
      vertex 97.825 -90.9 0
      vertex 98.725 -90.9 0.2
      vertex 97.825 -90.9 0.2
    endloop
  endfacet
  facet normal 0 -1 -0
    outer loop
      vertex 98.725 -90.9 0.2
      vertex 97.825 -90.9 0
      vertex 98.725 -90.9 0
    endloop
  endfacet
  facet normal 0.555646 -0.831419 0
    outer loop
      vertex 97.6482 -90.9732 0
      vertex 97.7293 -90.919 0.2
      vertex 97.6482 -90.9732 0.2
    endloop
  endfacet
  facet normal 0.555646 -0.831419 0
    outer loop
      vertex 97.7293 -90.919 0.2
      vertex 97.6482 -90.9732 0
      vertex 97.7293 -90.919 0
    endloop
  endfacet
  facet normal -0.831419 -0.555646 0
    outer loop
      vertex 98.956 -91.0543 0
      vertex 98.9018 -90.9732 0.2
      vertex 98.9018 -90.9732 0
    endloop
  endfacet
  facet normal -0.831419 -0.555646 0
    outer loop
      vertex 98.9018 -90.9732 0.2
      vertex 98.956 -91.0543 0
      vertex 98.956 -91.0543 0.2
    endloop
  endfacet
  facet normal 0.194736 -0.980856 0
    outer loop
      vertex 97.7293 -90.919 0
      vertex 97.825 -90.9 0.2
      vertex 97.7293 -90.919 0.2
    endloop
  endfacet
  facet normal 0.194736 -0.980856 0
    outer loop
      vertex 97.825 -90.9 0.2
      vertex 97.7293 -90.919 0
      vertex 97.825 -90.9 0
    endloop
  endfacet
  facet normal 0.980856 -0.194736 0
    outer loop
      vertex 97.575 -91.15 0.2
      vertex 97.594 -91.0543 0
      vertex 97.594 -91.0543 0.2
    endloop
  endfacet
  facet normal 0.980856 -0.194736 0
    outer loop
      vertex 97.594 -91.0543 0
      vertex 97.575 -91.15 0.2
      vertex 97.575 -91.15 0
    endloop
  endfacet
  facet normal -0.555646 0.831419 0
    outer loop
      vertex 98.9018 -91.8518 0
      vertex 98.8207 -91.906 0.2
      vertex 98.9018 -91.8518 0.2
    endloop
  endfacet
  facet normal -0.555646 0.831419 0
    outer loop
      vertex 98.8207 -91.906 0.2
      vertex 98.9018 -91.8518 0
      vertex 98.8207 -91.906 0
    endloop
  endfacet
  facet normal 0.831419 -0.555646 0
    outer loop
      vertex 97.594 -91.0543 0.2
      vertex 97.6482 -90.9732 0
      vertex 97.6482 -90.9732 0.2
    endloop
  endfacet
  facet normal 0.831419 -0.555646 0
    outer loop
      vertex 97.6482 -90.9732 0
      vertex 97.594 -91.0543 0.2
      vertex 97.594 -91.0543 0
    endloop
  endfacet
  facet normal -0.980856 -0.194736 0
    outer loop
      vertex 98.975 -91.15 0
      vertex 98.956 -91.0543 0.2
      vertex 98.956 -91.0543 0
    endloop
  endfacet
  facet normal -0.980856 -0.194736 0
    outer loop
      vertex 98.956 -91.0543 0.2
      vertex 98.975 -91.15 0
      vertex 98.975 -91.15 0.2
    endloop
  endfacet
  facet normal 1 -0 0
    outer loop
      vertex 97.575 -91.675 0.2
      vertex 97.575 -91.15 0
      vertex 97.575 -91.15 0.2
    endloop
  endfacet
  facet normal 1 0 0
    outer loop
      vertex 97.575 -91.15 0
      vertex 97.575 -91.675 0.2
      vertex 97.575 -91.675 0
    endloop
  endfacet
  facet normal -0.980856 0.194736 0
    outer loop
      vertex 98.956 -91.7707 0
      vertex 98.975 -91.675 0.2
      vertex 98.975 -91.675 0
    endloop
  endfacet
  facet normal -0.980856 0.194736 0
    outer loop
      vertex 98.975 -91.675 0.2
      vertex 98.956 -91.7707 0
      vertex 98.956 -91.7707 0.2
    endloop
  endfacet
  facet normal 0.980856 0.194736 0
    outer loop
      vertex 97.594 -91.7707 0.2
      vertex 97.575 -91.675 0
      vertex 97.575 -91.675 0.2
    endloop
  endfacet
  facet normal 0.980856 0.194736 0
    outer loop
      vertex 97.575 -91.675 0
      vertex 97.594 -91.7707 0.2
      vertex 97.594 -91.7707 0
    endloop
  endfacet
endsolid OpenSCAD_Model
