solid OpenSCAD_Model
  facet normal 0.062938 -0.998017 0
    outer loop
      vertex 160.899 -145.147 0
      vertex 161.121 -145.133 2.6
      vertex 160.899 -145.147 2.6
    endloop
  endfacet
  facet normal 0.062938 -0.998017 0
    outer loop
      vertex 161.121 -145.133 2.6
      vertex 160.899 -145.147 0
      vertex 161.121 -145.133 0
    endloop
  endfacet
  facet normal -0.999979 -0.00645148 0
    outer loop
      vertex 88.8502 -140.031 0
      vertex 88.85 -140 2.6
      vertex 88.85 -140 0
    endloop
  endfacet
  facet normal -0.999979 -0.00645148 0
    outer loop
      vertex 88.85 -140 2.6
      vertex 88.8502 -140.031 0
      vertex 88.8502 -140.031 2.6
    endloop
  endfacet
  facet normal 0.0169467 -0.999856 0
    outer loop
      vertex 160.722 -145.15 0
      vertex 160.899 -145.147 2.6
      vertex 160.722 -145.15 2.6
    endloop
  endfacet
  facet normal 0.0169467 -0.999856 0
    outer loop
      vertex 160.899 -145.147 2.6
      vertex 160.722 -145.15 0
      vertex 160.899 -145.147 0
    endloop
  endfacet
  facet normal 0.00689639 0.999976 -0
    outer loop
      vertex 156.786 -75.3436 0
      vertex 156.757 -75.3434 2.6
      vertex 156.786 -75.3436 2.6
    endloop
  endfacet
  facet normal 0.00689639 0.999976 0
    outer loop
      vertex 156.757 -75.3434 2.6
      vertex 156.786 -75.3436 0
      vertex 156.757 -75.3434 0
    endloop
  endfacet
  facet normal 0 1 -0
    outer loop
      vertex 156.757 -75.3434 0
      vertex 94 -75.3434 2.6
      vertex 156.757 -75.3434 2.6
    endloop
  endfacet
  facet normal 0 1 0
    outer loop
      vertex 94 -75.3434 2.6
      vertex 156.757 -75.3434 0
      vertex 94 -75.3434 0
    endloop
  endfacet
  facet normal 0 -1 0
    outer loop
      vertex 160.692 -145.15 0
      vertex 160.722 -145.15 2.6
      vertex 160.692 -145.15 2.6
    endloop
  endfacet
  facet normal 0 -1 -0
    outer loop
      vertex 160.722 -145.15 2.6
      vertex 160.692 -145.15 0
      vertex 160.722 -145.15 0
    endloop
  endfacet
  facet normal 0.400611 -0.916248 0
    outer loop
      vertex 162.634 -144.77 0
      vertex 162.865 -144.669 2.6
      vertex 162.634 -144.77 2.6
    endloop
  endfacet
  facet normal 0.400611 -0.916248 0
    outer loop
      vertex 162.865 -144.669 2.6
      vertex 162.634 -144.77 0
      vertex 162.865 -144.669 0
    endloop
  endfacet
  facet normal 0 -1 0
    outer loop
      vertex 94 -145.15 0
      vertex 160.692 -145.15 2.6
      vertex 94 -145.15 2.6
    endloop
  endfacet
  facet normal 0 -1 -0
    outer loop
      vertex 160.692 -145.15 2.6
      vertex 94 -145.15 0
      vertex 160.692 -145.15 0
    endloop
  endfacet
  facet normal 0.718027 0.696016 0
    outer loop
      vertex 169.281 -85.7437 2.6
      vertex 169.164 -85.623 0
      vertex 169.164 -85.623 2.6
    endloop
  endfacet
  facet normal 0.718027 0.696016 0
    outer loop
      vertex 169.164 -85.623 0
      vertex 169.281 -85.7437 2.6
      vertex 169.281 -85.7437 0
    endloop
  endfacet
  facet normal -0.166014 -0.986123 0
    outer loop
      vertex 93.0188 -145.056 0
      vertex 93.2564 -145.096 2.6
      vertex 93.0188 -145.056 2.6
    endloop
  endfacet
  facet normal -0.166014 -0.986123 -0
    outer loop
      vertex 93.2564 -145.096 2.6
      vertex 93.0188 -145.056 0
      vertex 93.2564 -145.096 0
    endloop
  endfacet
  facet normal -0.276638 0.960974 0
    outer loop
      vertex 92.6905 -75.5123 0
      vertex 92.4588 -75.579 2.6
      vertex 92.6905 -75.5123 2.6
    endloop
  endfacet
  facet normal -0.276638 0.960974 0
    outer loop
      vertex 92.4588 -75.579 2.6
      vertex 92.6905 -75.5123 0
      vertex 92.4588 -75.579 0
    endloop
  endfacet
  facet normal -0.993727 -0.111831 0
    outer loop
      vertex 88.9036 -140.744 0
      vertex 88.8659 -140.409 2.6
      vertex 88.8659 -140.409 0
    endloop
  endfacet
  facet normal -0.993727 -0.111831 0
    outer loop
      vertex 88.8659 -140.409 2.6
      vertex 88.9036 -140.744 0
      vertex 88.9036 -140.744 2.6
    endloop
  endfacet
  facet normal 0.77962 -0.626252 0
    outer loop
      vertex 169.422 -138.163 2.6
      vertex 169.569 -137.98 0
      vertex 169.569 -137.98 2.6
    endloop
  endfacet
  facet normal 0.77962 -0.626252 0
    outer loop
      vertex 169.569 -137.98 0
      vertex 169.422 -138.163 2.6
      vertex 169.422 -138.163 0
    endloop
  endfacet
  facet normal -0.0618158 -0.998088 0
    outer loop
      vertex 93.591 -145.134 0
      vertex 93.8009 -145.147 2.6
      vertex 93.591 -145.134 2.6
    endloop
  endfacet
  facet normal -0.0618158 -0.998088 -0
    outer loop
      vertex 93.8009 -145.147 2.6
      vertex 93.591 -145.134 0
      vertex 93.8009 -145.147 0
    endloop
  endfacet
  facet normal -0.999898 -0.0142843 0
    outer loop
      vertex 88.8526 -140.199 0
      vertex 88.8502 -140.031 2.6
      vertex 88.8502 -140.031 0
    endloop
  endfacet
  facet normal -0.999898 -0.0142843 0
    outer loop
      vertex 88.8502 -140.031 2.6
      vertex 88.8526 -140.199 0
      vertex 88.8526 -140.199 2.6
    endloop
  endfacet
  facet normal 0.450611 -0.89272 0
    outer loop
      vertex 162.865 -144.669 0
      vertex 163.18 -144.51 2.6
      vertex 162.865 -144.669 2.6
    endloop
  endfacet
  facet normal 0.450611 -0.89272 0
    outer loop
      vertex 163.18 -144.51 2.6
      vertex 162.865 -144.669 0
      vertex 163.18 -144.51 0
    endloop
  endfacet
  facet normal -0.167696 0.985839 0
    outer loop
      vertex 93.2563 -75.397 0
      vertex 93.0188 -75.4374 2.6
      vertex 93.2563 -75.397 2.6
    endloop
  endfacet
  facet normal -0.167696 0.985839 0
    outer loop
      vertex 93.0188 -75.4374 2.6
      vertex 93.2563 -75.397 0
      vertex 93.0188 -75.4374 0
    endloop
  endfacet
  facet normal -0.0631767 0.998002 0
    outer loop
      vertex 93.8011 -75.346 0
      vertex 93.591 -75.3593 2.6
      vertex 93.8011 -75.346 2.6
    endloop
  endfacet
  facet normal -0.0631767 0.998002 0
    outer loop
      vertex 93.591 -75.3593 2.6
      vertex 93.8011 -75.346 0
      vertex 93.591 -75.3593 0
    endloop
  endfacet
  facet normal 0 -1 0
    outer loop
      vertex 93.9692 -145.15 0
      vertex 94 -145.15 2.6
      vertex 93.9692 -145.15 2.6
    endloop
  endfacet
  facet normal 0 -1 -0
    outer loop
      vertex 94 -145.15 2.6
      vertex 93.9692 -145.15 0
      vertex 94 -145.15 0
    endloop
  endfacet
  facet normal -0.707107 0.707107 0
    outer loop
      vertex 90.2409 -76.9725 0
      vertex 90.479 -76.7344 2.6
      vertex 90.479 -76.7344 0
    endloop
  endfacet
  facet normal -0.707107 0.707107 0
    outer loop
      vertex 90.479 -76.7344 2.6
      vertex 90.2409 -76.9725 0
      vertex 90.2409 -76.9725 2.6
    endloop
  endfacet
  facet normal 0.993934 0.109975 0
    outer loop
      vertex 170.634 -88.8336 2.6
      vertex 170.597 -88.4992 0
      vertex 170.597 -88.4992 2.6
    endloop
  endfacet
  facet normal 0.993934 0.109975 0
    outer loop
      vertex 170.597 -88.4992 0
      vertex 170.634 -88.8336 2.6
      vertex 170.634 -88.8336 0
    endloop
  endfacet
  facet normal -0.11193 0.993716 0
    outer loop
      vertex 93.591 -75.3593 0
      vertex 93.2563 -75.397 2.6
      vertex 93.591 -75.3593 2.6
    endloop
  endfacet
  facet normal -0.11193 0.993716 0
    outer loop
      vertex 93.2563 -75.397 2.6
      vertex 93.591 -75.3593 0
      vertex 93.2563 -75.397 0
    endloop
  endfacet
  facet normal -0.62368 -0.781679 0
    outer loop
      vertex 90.6589 -143.92 0
      vertex 90.9221 -144.13 2.6
      vertex 90.6589 -143.92 2.6
    endloop
  endfacet
  facet normal -0.62368 -0.781679 -0
    outer loop
      vertex 90.9221 -144.13 2.6
      vertex 90.6589 -143.92 0
      vertex 90.9221 -144.13 0
    endloop
  endfacet
  facet normal -0.576716 -0.816945 0
    outer loop
      vertex 90.9221 -144.13 0
      vertex 91.119 -144.269 2.6
      vertex 90.9221 -144.13 2.6
    endloop
  endfacet
  facet normal -0.576716 -0.816945 -0
    outer loop
      vertex 91.119 -144.269 2.6
      vertex 90.9221 -144.13 0
      vertex 91.119 -144.269 0
    endloop
  endfacet
  facet normal -0.381375 -0.92442 0
    outer loop
      vertex 91.9179 -144.711 0
      vertex 92.1409 -144.803 2.6
      vertex 91.9179 -144.711 2.6
    endloop
  endfacet
  facet normal -0.381375 -0.92442 -0
    outer loop
      vertex 92.1409 -144.803 2.6
      vertex 91.9179 -144.711 0
      vertex 92.1409 -144.803 0
    endloop
  endfacet
  facet normal 0.816114 0.57789 0
    outer loop
      vertex 169.77 -86.3618 2.6
      vertex 169.631 -86.1655 0
      vertex 169.631 -86.1655 2.6
    endloop
  endfacet
  facet normal 0.816114 0.57789 0
    outer loop
      vertex 169.631 -86.1655 0
      vertex 169.77 -86.3618 2.6
      vertex 169.77 -86.3618 0
    endloop
  endfacet
  facet normal -0.433735 -0.90104 0
    outer loop
      vertex 91.6146 -144.565 0
      vertex 91.9179 -144.711 2.6
      vertex 91.6146 -144.565 2.6
    endloop
  endfacet
  facet normal -0.433735 -0.90104 -0
    outer loop
      vertex 91.9179 -144.711 2.6
      vertex 91.6146 -144.565 0
      vertex 91.9179 -144.711 0
    endloop
  endfacet
  facet normal -0.0178225 -0.999841 0
    outer loop
      vertex 93.8009 -145.147 0
      vertex 93.9692 -145.15 2.6
      vertex 93.8009 -145.147 2.6
    endloop
  endfacet
  facet normal -0.0178225 -0.999841 -0
    outer loop
      vertex 93.9692 -145.15 2.6
      vertex 93.8009 -145.147 0
      vertex 93.9692 -145.15 0
    endloop
  endfacet
  facet normal 0.905325 -0.42472 0
    outer loop
      vertex 170.109 -137.12 2.6
      vertex 170.223 -136.877 0
      vertex 170.223 -136.877 2.6
    endloop
  endfacet
  facet normal 0.905325 -0.42472 0
    outer loop
      vertex 170.223 -136.877 0
      vertex 170.109 -137.12 2.6
      vertex 170.109 -137.12 0
    endloop
  endfacet
  facet normal -0.846694 -0.53208 0
    outer loop
      vertex 89.7308 -142.881 0
      vertex 89.5517 -142.596 2.6
      vertex 89.5517 -142.596 0
    endloop
  endfacet
  facet normal -0.846694 -0.53208 0
    outer loop
      vertex 89.5517 -142.596 2.6
      vertex 89.7308 -142.881 0
      vertex 89.7308 -142.881 2.6
    endloop
  endfacet
  facet normal -0.00653581 0.999979 0
    outer loop
      vertex 94 -75.3434 0
      vertex 93.9694 -75.3436 2.6
      vertex 94 -75.3434 2.6
    endloop
  endfacet
  facet normal -0.00653581 0.999979 0
    outer loop
      vertex 93.9694 -75.3436 2.6
      vertex 94 -75.3434 0
      vertex 93.9694 -75.3436 0
    endloop
  endfacet
  facet normal -0.531733 -0.846912 0
    outer loop
      vertex 91.119 -144.269 0
      vertex 91.4041 -144.448 2.6
      vertex 91.119 -144.269 2.6
    endloop
  endfacet
  facet normal -0.531733 -0.846912 -0
    outer loop
      vertex 91.4041 -144.448 2.6
      vertex 91.119 -144.269 0
      vertex 91.4041 -144.448 0
    endloop
  endfacet
  facet normal -0.960942 0.276748 0
    outer loop
      vertex 89.0188 -79.1839 0
      vertex 89.0855 -78.9523 2.6
      vertex 89.0855 -78.9523 0
    endloop
  endfacet
  facet normal -0.960942 0.276748 0
    outer loop
      vertex 89.0855 -78.9523 2.6
      vertex 89.0188 -79.1839 0
      vertex 89.0188 -79.1839 2.6
    endloop
  endfacet
  facet normal -0.98585 0.167628 0
    outer loop
      vertex 88.9035 -79.7497 0
      vertex 88.9439 -79.5121 2.6
      vertex 88.9439 -79.5121 0
    endloop
  endfacet
  facet normal -0.98585 0.167628 0
    outer loop
      vertex 88.9439 -79.5121 2.6
      vertex 88.9035 -79.7497 0
      vertex 88.9035 -79.7497 2.6
    endloop
  endfacet
  facet normal 1 -0 0
    outer loop
      vertex 170.65 -134.855 2.6
      vertex 170.65 -134.822 0
      vertex 170.65 -134.822 2.6
    endloop
  endfacet
  facet normal 1 0 0
    outer loop
      vertex 170.65 -134.822 0
      vertex 170.65 -134.855 2.6
      vertex 170.65 -134.855 0
    endloop
  endfacet
  facet normal 0.992441 -0.122721 0
    outer loop
      vertex 170.584 -135.648 2.6
      vertex 170.63 -135.276 0
      vertex 170.63 -135.276 2.6
    endloop
  endfacet
  facet normal 0.992441 -0.122721 0
    outer loop
      vertex 170.63 -135.276 0
      vertex 170.584 -135.648 2.6
      vertex 170.584 -135.648 0
    endloop
  endfacet
  facet normal -0.485819 -0.874059 0
    outer loop
      vertex 91.4041 -144.448 0
      vertex 91.6146 -144.565 2.6
      vertex 91.4041 -144.448 2.6
    endloop
  endfacet
  facet normal -0.485819 -0.874059 -0
    outer loop
      vertex 91.6146 -144.565 2.6
      vertex 91.4041 -144.448 0
      vertex 91.6146 -144.565 0
    endloop
  endfacet
  facet normal 0.0629083 0.998019 -0
    outer loop
      vertex 157.166 -75.3592 0
      vertex 156.955 -75.3459 2.6
      vertex 157.166 -75.3592 2.6
    endloop
  endfacet
  facet normal 0.0629083 0.998019 0
    outer loop
      vertex 156.955 -75.3459 2.6
      vertex 157.166 -75.3592 0
      vertex 156.955 -75.3459 0
    endloop
  endfacet
  facet normal -0.781824 0.623499 0
    outer loop
      vertex 89.8704 -77.4154 0
      vertex 90.0803 -77.1522 2.6
      vertex 90.0803 -77.1522 0
    endloop
  endfacet
  facet normal -0.781824 0.623499 0
    outer loop
      vertex 90.0803 -77.1522 2.6
      vertex 89.8704 -77.4154 0
      vertex 89.8704 -77.4154 2.6
    endloop
  endfacet
  facet normal 0.112162 0.99369 -0
    outer loop
      vertex 157.5 -75.3969 0
      vertex 157.166 -75.3592 2.6
      vertex 157.5 -75.3969 2.6
    endloop
  endfacet
  facet normal 0.112162 0.99369 0
    outer loop
      vertex 157.166 -75.3592 2.6
      vertex 157.5 -75.3969 0
      vertex 157.166 -75.3592 0
    endloop
  endfacet
  facet normal 0.532506 0.846426 -0
    outer loop
      vertex 159.639 -76.2252 0
      vertex 159.354 -76.0459 2.6
      vertex 159.639 -76.2252 2.6
    endloop
  endfacet
  facet normal 0.532506 0.846426 0
    outer loop
      vertex 159.354 -76.0459 2.6
      vertex 159.639 -76.2252 0
      vertex 159.354 -76.0459 0
    endloop
  endfacet
  facet normal -0.745621 0.66637 0
    outer loop
      vertex 90.0803 -77.1522 0
      vertex 90.2409 -76.9725 2.6
      vertex 90.2409 -76.9725 0
    endloop
  endfacet
  facet normal -0.745621 0.66637 0
    outer loop
      vertex 90.2409 -76.9725 2.6
      vertex 90.0803 -77.1522 0
      vertex 90.0803 -77.1522 2.6
    endloop
  endfacet
  facet normal -0.532159 0.846644 0
    outer loop
      vertex 91.4035 -76.0453 0
      vertex 91.1184 -76.2245 2.6
      vertex 91.4035 -76.0453 2.6
    endloop
  endfacet
  facet normal -0.532159 0.846644 0
    outer loop
      vertex 91.1184 -76.2245 2.6
      vertex 91.4035 -76.0453 0
      vertex 91.1184 -76.2245 0
    endloop
  endfacet
  facet normal -0.999977 0.00684915 0
    outer loop
      vertex 88.85 -80.4934 0
      vertex 88.8502 -80.4642 2.6
      vertex 88.8502 -80.4642 0
    endloop
  endfacet
  facet normal -0.999977 0.00684915 0
    outer loop
      vertex 88.8502 -80.4642 2.6
      vertex 88.85 -80.4934 0
      vertex 88.85 -80.4934 2.6
    endloop
  endfacet
  facet normal -0.329742 -0.944071 0
    outer loop
      vertex 92.1409 -144.803 0
      vertex 92.4587 -144.914 2.6
      vertex 92.1409 -144.803 2.6
    endloop
  endfacet
  facet normal -0.329742 -0.944071 -0
    outer loop
      vertex 92.4587 -144.914 2.6
      vertex 92.1409 -144.803 0
      vertex 92.4587 -144.914 0
    endloop
  endfacet
  facet normal -0.0142588 0.999898 0
    outer loop
      vertex 93.9694 -75.3436 0
      vertex 93.8011 -75.346 2.6
      vertex 93.9694 -75.3436 2.6
    endloop
  endfacet
  facet normal -0.0142588 0.999898 0
    outer loop
      vertex 93.8011 -75.346 2.6
      vertex 93.9694 -75.3436 0
      vertex 93.8011 -75.346 0
    endloop
  endfacet
  facet normal 1 -0 0
    outer loop
      vertex 170.65 -134.822 2.6
      vertex 170.65 -89.2421 0
      vertex 170.65 -89.2421 2.6
    endloop
  endfacet
  facet normal 1 0 0
    outer loop
      vertex 170.65 -89.2421 0
      vertex 170.65 -134.822 2.6
      vertex 170.65 -134.822 0
    endloop
  endfacet
  facet normal -0.974934 0.222494 0
    outer loop
      vertex 88.9439 -79.5121 0
      vertex 89.0188 -79.1839 2.6
      vertex 89.0188 -79.1839 0
    endloop
  endfacet
  facet normal -0.974934 0.222494 0
    outer loop
      vertex 89.0188 -79.1839 2.6
      vertex 88.9439 -79.5121 0
      vertex 88.9439 -79.5121 2.6
    endloop
  endfacet
  facet normal 0.27669 0.960959 -0
    outer loop
      vertex 158.299 -75.5792 0
      vertex 158.067 -75.5124 2.6
      vertex 158.299 -75.5792 2.6
    endloop
  endfacet
  facet normal 0.27669 0.960959 0
    outer loop
      vertex 158.067 -75.5124 2.6
      vertex 158.299 -75.5792 0
      vertex 158.067 -75.5124 0
    endloop
  endfacet
  facet normal 0.90104 0.433735 0
    outer loop
      vertex 170.211 -87.1611 2.6
      vertex 170.065 -86.8578 0
      vertex 170.065 -86.8578 2.6
    endloop
  endfacet
  facet normal 0.90104 0.433735 0
    outer loop
      vertex 170.065 -86.8578 0
      vertex 170.211 -87.1611 2.6
      vertex 170.211 -87.1611 0
    endloop
  endfacet
  facet normal 0 0 1
    outer loop
      vertex 170.65 -89.2421 2.6
      vertex 168.65 -89.2399 2.6
      vertex 168.65 -134.822 2.6
    endloop
  endfacet
  facet normal 0 0 1
    outer loop
      vertex 169.164 -85.623 2.6
      vertex 168.648 -89.0716 2.6
      vertex 168.65 -89.2399 2.6
    endloop
  endfacet
  facet normal 0 0 1
    outer loop
      vertex 169.164 -85.623 2.6
      vertex 168.647 -89.057 2.6
      vertex 168.648 -89.0716 2.6
    endloop
  endfacet
  facet normal 0 0 1
    outer loop
      vertex 169.164 -85.623 2.6
      vertex 168.609 -88.7226 2.6
      vertex 168.647 -89.057 2.6
    endloop
  endfacet
  facet normal 0 0 1
    outer loop
      vertex 169.164 -85.623 2.6
      vertex 168.606 -88.706 2.6
      vertex 168.609 -88.7226 2.6
    endloop
  endfacet
  facet normal 0 0 1
    outer loop
      vertex 169.164 -85.623 2.6
      vertex 168.531 -88.3779 2.6
      vertex 168.606 -88.706 2.6
    endloop
  endfacet
  facet normal 0 0 1
    outer loop
      vertex 169.164 -85.623 2.6
      vertex 168.527 -88.3618 2.6
      vertex 168.531 -88.3779 2.6
    endloop
  endfacet
  facet normal 0 0 1
    outer loop
      vertex 169.164 -85.623 2.6
      vertex 168.416 -88.0441 2.6
      vertex 168.527 -88.3618 2.6
    endloop
  endfacet
  facet normal 0 0 1
    outer loop
      vertex 169.164 -85.623 2.6
      vertex 168.409 -88.0285 2.6
      vertex 168.416 -88.0441 2.6
    endloop
  endfacet
  facet normal 0 0 1
    outer loop
      vertex 169.164 -85.623 2.6
      vertex 168.263 -87.7252 2.6
      vertex 168.409 -88.0285 2.6
    endloop
  endfacet
  facet normal 0 0 1
    outer loop
      vertex 169.164 -85.623 2.6
      vertex 168.255 -87.7105 2.6
      vertex 168.263 -87.7252 2.6
    endloop
  endfacet
  facet normal 0 0 1
    outer loop
      vertex 169.164 -85.623 2.6
      vertex 168.076 -87.4255 2.6
      vertex 168.255 -87.7105 2.6
    endloop
  endfacet
  facet normal 0 0 1
    outer loop
      vertex 169.164 -85.623 2.6
      vertex 168.066 -87.4118 2.6
      vertex 168.076 -87.4255 2.6
    endloop
  endfacet
  facet normal 0 0 1
    outer loop
      vertex 169.164 -85.623 2.6
      vertex 167.857 -87.1486 2.6
      vertex 168.066 -87.4118 2.6
    endloop
  endfacet
  facet normal 0 0 1
    outer loop
      vertex 169.164 -85.623 2.6
      vertex 167.847 -87.1376 2.6
      vertex 167.857 -87.1486 2.6
    endloop
  endfacet
  facet normal 0 0 1
    outer loop
      vertex 169.164 -85.623 2.6
      vertex 167.728 -87.0154 2.6
      vertex 167.847 -87.1376 2.6
    endloop
  endfacet
  facet normal 0 0 1
    outer loop
      vertex 160.4 -76.853 2.6
      vertex 167.728 -87.0154 2.6
      vertex 169.143 -85.6016 2.6
    endloop
  endfacet
  facet normal 0 0 1
    outer loop
      vertex 158.983 -78.2653 2.6
      vertex 160.4 -76.853 2.6
      vertex 160.378 -76.8321 2.6
    endloop
  endfacet
  facet normal 0 0 1
    outer loop
      vertex 158.983 -78.2653 2.6
      vertex 160.378 -76.8321 2.6
      vertex 160.258 -76.7146 2.6
    endloop
  endfacet
  facet normal 0 0 1
    outer loop
      vertex 158.863 -78.1478 2.6
      vertex 160.258 -76.7146 2.6
      vertex 160.099 -76.5748 2.6
    endloop
  endfacet
  facet normal 0 0 1
    outer loop
      vertex 158.852 -78.138 2.6
      vertex 160.099 -76.5748 2.6
      vertex 159.836 -76.3647 2.6
    endloop
  endfacet
  facet normal 0 0 1
    outer loop
      vertex 158.588 -77.9279 2.6
      vertex 159.836 -76.3647 2.6
      vertex 159.639 -76.2252 2.6
    endloop
  endfacet
  facet normal 0 0 1
    outer loop
      vertex 158.575 -77.9182 2.6
      vertex 159.639 -76.2252 2.6
      vertex 159.354 -76.0459 2.6
    endloop
  endfacet
  facet normal 0 0 1
    outer loop
      vertex 158.29 -77.7389 2.6
      vertex 159.354 -76.0459 2.6
      vertex 159.143 -75.9289 2.6
    endloop
  endfacet
  facet normal 0 0 1
    outer loop
      vertex 160.4 -76.853 2.6
      vertex 158.983 -78.2653 2.6
      vertex 167.728 -87.0154 2.6
    endloop
  endfacet
  facet normal 0 0 1
    outer loop
      vertex 160.258 -76.7146 2.6
      vertex 158.863 -78.1478 2.6
      vertex 158.983 -78.2653 2.6
    endloop
  endfacet
  facet normal 0 0 1
    outer loop
      vertex 160.099 -76.5748 2.6
      vertex 158.852 -78.138 2.6
      vertex 158.863 -78.1478 2.6
    endloop
  endfacet
  facet normal 0 0 1
    outer loop
      vertex 158.275 -77.7308 2.6
      vertex 159.143 -75.9289 2.6
      vertex 158.839 -75.7827 2.6
    endloop
  endfacet
  facet normal 0 0 1
    outer loop
      vertex 157.971 -77.5846 2.6
      vertex 158.839 -75.7827 2.6
      vertex 158.617 -75.6905 2.6
    endloop
  endfacet
  facet normal 0 0 1
    outer loop
      vertex 159.836 -76.3647 2.6
      vertex 158.588 -77.9279 2.6
      vertex 158.852 -78.138 2.6
    endloop
  endfacet
  facet normal 0 0 1
    outer loop
      vertex 159.639 -76.2252 2.6
      vertex 158.575 -77.9182 2.6
      vertex 158.588 -77.9279 2.6
    endloop
  endfacet
  facet normal 0 0 1
    outer loop
      vertex 157.956 -77.5781 2.6
      vertex 158.617 -75.6905 2.6
      vertex 158.299 -75.5792 2.6
    endloop
  endfacet
  facet normal 0 0 1
    outer loop
      vertex 159.354 -76.0459 2.6
      vertex 158.29 -77.7389 2.6
      vertex 158.575 -77.9182 2.6
    endloop
  endfacet
  facet normal 0 0 1
    outer loop
      vertex 159.143 -75.9289 2.6
      vertex 158.275 -77.7308 2.6
      vertex 158.29 -77.7389 2.6
    endloop
  endfacet
  facet normal 0 0 1
    outer loop
      vertex 157.638 -77.4668 2.6
      vertex 158.299 -75.5792 2.6
      vertex 158.067 -75.5124 2.6
    endloop
  endfacet
  facet normal 0 0 1
    outer loop
      vertex 158.839 -75.7827 2.6
      vertex 157.971 -77.5846 2.6
      vertex 158.275 -77.7308 2.6
    endloop
  endfacet
  facet normal 0 0 1
    outer loop
      vertex 158.617 -75.6905 2.6
      vertex 157.956 -77.5781 2.6
      vertex 157.971 -77.5846 2.6
    endloop
  endfacet
  facet normal 0 0 1
    outer loop
      vertex 157.622 -77.4622 2.6
      vertex 158.067 -75.5124 2.6
      vertex 157.739 -75.4374 2.6
    endloop
  endfacet
  facet normal 0 0 1
    outer loop
      vertex 158.299 -75.5792 2.6
      vertex 157.638 -77.4668 2.6
      vertex 157.956 -77.5781 2.6
    endloop
  endfacet
  facet normal 0 0 1
    outer loop
      vertex 158.067 -75.5124 2.6
      vertex 157.622 -77.4622 2.6
      vertex 157.638 -77.4668 2.6
    endloop
  endfacet
  facet normal 0 0 1
    outer loop
      vertex 157.293 -77.3871 2.6
      vertex 157.739 -75.4374 2.6
      vertex 157.5 -75.3969 2.6
    endloop
  endfacet
  facet normal 0 0 1
    outer loop
      vertex 157.739 -75.4374 2.6
      vertex 157.293 -77.3871 2.6
      vertex 157.622 -77.4622 2.6
    endloop
  endfacet
  facet normal 0 0 1
    outer loop
      vertex 157.5 -75.3969 2.6
      vertex 157.277 -77.3843 2.6
      vertex 157.293 -77.3871 2.6
    endloop
  endfacet
  facet normal 0 0 1
    outer loop
      vertex 157.166 -75.3592 2.6
      vertex 157.277 -77.3843 2.6
      vertex 157.5 -75.3969 2.6
    endloop
  endfacet
  facet normal 0 0 1
    outer loop
      vertex 156.942 -77.3466 2.6
      vertex 157.166 -75.3592 2.6
      vertex 156.955 -75.3459 2.6
    endloop
  endfacet
  facet normal 0 0 1
    outer loop
      vertex 157.166 -75.3592 2.6
      vertex 156.942 -77.3466 2.6
      vertex 157.277 -77.3843 2.6
    endloop
  endfacet
  facet normal 0 0 1
    outer loop
      vertex 156.955 -75.3459 2.6
      vertex 156.927 -77.3457 2.6
      vertex 156.942 -77.3466 2.6
    endloop
  endfacet
  facet normal 0 0 1
    outer loop
      vertex 156.786 -75.3436 2.6
      vertex 156.927 -77.3457 2.6
      vertex 156.955 -75.3459 2.6
    endloop
  endfacet
  facet normal 0 0 1
    outer loop
      vertex 156.757 -77.3434 2.6
      vertex 156.786 -75.3436 2.6
      vertex 156.757 -75.3434 2.6
    endloop
  endfacet
  facet normal 0 0 1
    outer loop
      vertex 156.786 -75.3436 2.6
      vertex 156.757 -77.3434 2.6
      vertex 156.927 -77.3457 2.6
    endloop
  endfacet
  facet normal -0 0 1
    outer loop
      vertex 94 -75.3434 2.6
      vertex 156.757 -77.3434 2.6
      vertex 156.757 -75.3434 2.6
    endloop
  endfacet
  facet normal 0 0 1
    outer loop
      vertex 94 -75.3434 2.6
      vertex 93.9979 -77.3434 2.6
      vertex 156.757 -77.3434 2.6
    endloop
  endfacet
  facet normal -0 0 1
    outer loop
      vertex 93.9694 -75.3436 2.6
      vertex 93.9979 -77.3434 2.6
      vertex 94 -75.3434 2.6
    endloop
  endfacet
  facet normal 0 0 1
    outer loop
      vertex 93.9694 -75.3436 2.6
      vertex 93.8296 -77.3458 2.6
      vertex 93.9979 -77.3434 2.6
    endloop
  endfacet
  facet normal -0 0 1
    outer loop
      vertex 93.8011 -75.346 2.6
      vertex 93.8296 -77.3458 2.6
      vertex 93.9694 -75.3436 2.6
    endloop
  endfacet
  facet normal 0 0 1
    outer loop
      vertex 93.8296 -77.3458 2.6
      vertex 93.8011 -75.346 2.6
      vertex 93.8149 -77.3467 2.6
    endloop
  endfacet
  facet normal -0 0 1
    outer loop
      vertex 93.591 -75.3593 2.6
      vertex 93.8149 -77.3467 2.6
      vertex 93.8011 -75.346 2.6
    endloop
  endfacet
  facet normal 0 0 1
    outer loop
      vertex 93.591 -75.3593 2.6
      vertex 93.4803 -77.3844 2.6
      vertex 93.8149 -77.3467 2.6
    endloop
  endfacet
  facet normal -0 0 1
    outer loop
      vertex 93.2563 -75.397 2.6
      vertex 93.4803 -77.3844 2.6
      vertex 93.591 -75.3593 2.6
    endloop
  endfacet
  facet normal 0 0 1
    outer loop
      vertex 93.4803 -77.3844 2.6
      vertex 93.2563 -75.397 2.6
      vertex 93.4637 -77.3873 2.6
    endloop
  endfacet
  facet normal -0 0 1
    outer loop
      vertex 93.0188 -75.4374 2.6
      vertex 93.4637 -77.3873 2.6
      vertex 93.2563 -75.397 2.6
    endloop
  endfacet
  facet normal 0 0 1
    outer loop
      vertex 93.4637 -77.3873 2.6
      vertex 93.0188 -75.4374 2.6
      vertex 93.1354 -77.4622 2.6
    endloop
  endfacet
  facet normal -0 0 1
    outer loop
      vertex 92.6905 -75.5123 2.6
      vertex 93.1354 -77.4622 2.6
      vertex 93.0188 -75.4374 2.6
    endloop
  endfacet
  facet normal 0 0 1
    outer loop
      vertex 93.1354 -77.4622 2.6
      vertex 92.6905 -75.5123 2.6
      vertex 93.1192 -77.4668 2.6
    endloop
  endfacet
  facet normal -0 0 1
    outer loop
      vertex 92.4588 -75.579 2.6
      vertex 93.1192 -77.4668 2.6
      vertex 92.6905 -75.5123 2.6
    endloop
  endfacet
  facet normal 0 0 1
    outer loop
      vertex 93.1192 -77.4668 2.6
      vertex 92.4588 -75.579 2.6
      vertex 92.8015 -77.578 2.6
    endloop
  endfacet
  facet normal -0 0 1
    outer loop
      vertex 92.141 -75.6902 2.6
      vertex 92.8015 -77.578 2.6
      vertex 92.4588 -75.579 2.6
    endloop
  endfacet
  facet normal 0 0 1
    outer loop
      vertex 92.8015 -77.578 2.6
      vertex 92.141 -75.6902 2.6
      vertex 92.7859 -77.5844 2.6
    endloop
  endfacet
  facet normal -0 0 1
    outer loop
      vertex 91.9185 -75.7823 2.6
      vertex 92.7859 -77.5844 2.6
      vertex 92.141 -75.6902 2.6
    endloop
  endfacet
  facet normal 0 0 1
    outer loop
      vertex 92.7859 -77.5844 2.6
      vertex 91.9185 -75.7823 2.6
      vertex 92.4826 -77.7304 2.6
    endloop
  endfacet
  facet normal -0 0 1
    outer loop
      vertex 91.6152 -75.9283 2.6
      vertex 92.4826 -77.7304 2.6
      vertex 91.9185 -75.7823 2.6
    endloop
  endfacet
  facet normal 0 0 1
    outer loop
      vertex 92.4826 -77.7304 2.6
      vertex 91.6152 -75.9283 2.6
      vertex 92.4679 -77.7386 2.6
    endloop
  endfacet
  facet normal -0 0 1
    outer loop
      vertex 91.4035 -76.0453 2.6
      vertex 92.4679 -77.7386 2.6
      vertex 91.6152 -75.9283 2.6
    endloop
  endfacet
  facet normal 0 0 1
    outer loop
      vertex 92.4679 -77.7386 2.6
      vertex 91.4035 -76.0453 2.6
      vertex 92.1828 -77.9178 2.6
    endloop
  endfacet
  facet normal -0 0 1
    outer loop
      vertex 91.1184 -76.2245 2.6
      vertex 92.1828 -77.9178 2.6
      vertex 91.4035 -76.0453 2.6
    endloop
  endfacet
  facet normal 0 0 1
    outer loop
      vertex 92.1828 -77.9178 2.6
      vertex 91.1184 -76.2245 2.6
      vertex 92.1691 -77.9275 2.6
    endloop
  endfacet
  facet normal -0 0 1
    outer loop
      vertex 90.9223 -76.3636 2.6
      vertex 92.1691 -77.9275 2.6
      vertex 91.1184 -76.2245 2.6
    endloop
  endfacet
  facet normal 0 0 1
    outer loop
      vertex 92.1691 -77.9275 2.6
      vertex 90.9223 -76.3636 2.6
      vertex 91.9058 -78.1374 2.6
    endloop
  endfacet
  facet normal -0 0 1
    outer loop
      vertex 90.6591 -76.5735 2.6
      vertex 91.9058 -78.1374 2.6
      vertex 90.9223 -76.3636 2.6
    endloop
  endfacet
  facet normal 0 0 1
    outer loop
      vertex 91.9058 -78.1374 2.6
      vertex 90.6591 -76.5735 2.6
      vertex 91.8932 -78.1486 2.6
    endloop
  endfacet
  facet normal -0 0 1
    outer loop
      vertex 90.479 -76.7344 2.6
      vertex 91.8932 -78.1486 2.6
      vertex 90.6591 -76.5735 2.6
    endloop
  endfacet
  facet normal 0 0 1
    outer loop
      vertex 91.8932 -78.1486 2.6
      vertex 90.479 -76.7344 2.6
      vertex 91.6551 -78.3867 2.6
    endloop
  endfacet
  facet normal -0 0 1
    outer loop
      vertex 90.2409 -76.9725 2.6
      vertex 91.6551 -78.3867 2.6
      vertex 90.479 -76.7344 2.6
    endloop
  endfacet
  facet normal 0 0 1
    outer loop
      vertex 91.6551 -78.3867 2.6
      vertex 90.2409 -76.9725 2.6
      vertex 91.6439 -78.3993 2.6
    endloop
  endfacet
  facet normal -0 0 1
    outer loop
      vertex 90.0803 -77.1522 2.6
      vertex 91.6439 -78.3993 2.6
      vertex 90.2409 -76.9725 2.6
    endloop
  endfacet
  facet normal 0 0 1
    outer loop
      vertex 91.6439 -78.3993 2.6
      vertex 90.0803 -77.1522 2.6
      vertex 91.434 -78.6625 2.6
    endloop
  endfacet
  facet normal -0 0 1
    outer loop
      vertex 89.8704 -77.4154 2.6
      vertex 91.434 -78.6625 2.6
      vertex 90.0803 -77.1522 2.6
    endloop
  endfacet
  facet normal 0 0 1
    outer loop
      vertex 91.434 -78.6625 2.6
      vertex 89.8704 -77.4154 2.6
      vertex 91.4243 -78.6762 2.6
    endloop
  endfacet
  facet normal -0 0 1
    outer loop
      vertex 89.7307 -77.6123 2.6
      vertex 91.4243 -78.6762 2.6
      vertex 89.8704 -77.4154 2.6
    endloop
  endfacet
  facet normal 0 0 1
    outer loop
      vertex 91.4243 -78.6762 2.6
      vertex 89.7307 -77.6123 2.6
      vertex 91.2452 -78.9613 2.6
    endloop
  endfacet
  facet normal -0 0 1
    outer loop
      vertex 89.5516 -77.8974 2.6
      vertex 91.2452 -78.9613 2.6
      vertex 89.7307 -77.6123 2.6
    endloop
  endfacet
  facet normal 0 0 1
    outer loop
      vertex 91.2452 -78.9613 2.6
      vertex 89.5516 -77.8974 2.6
      vertex 91.237 -78.976 2.6
    endloop
  endfacet
  facet normal -0 0 1
    outer loop
      vertex 89.4351 -78.1083 2.6
      vertex 91.237 -78.976 2.6
      vertex 89.5516 -77.8974 2.6
    endloop
  endfacet
  facet normal -0 0 1
    outer loop
      vertex 89.289 -78.4117 2.6
      vertex 91.0909 -79.2794 2.6
      vertex 89.4351 -78.1083 2.6
    endloop
  endfacet
  facet normal 0 0 1
    outer loop
      vertex 91.237 -78.976 2.6
      vertex 89.4351 -78.1083 2.6
      vertex 91.0909 -79.2794 2.6
    endloop
  endfacet
  facet normal 0 0 1
    outer loop
      vertex 170.647 -89.043 2.6
      vertex 168.65 -89.2399 2.6
      vertex 170.65 -89.2113 2.6
    endloop
  endfacet
  facet normal 0 0 1
    outer loop
      vertex 170.65 -89.2421 2.6
      vertex 168.65 -134.822 2.6
      vertex 170.65 -134.822 2.6
    endloop
  endfacet
  facet normal 0 0 1
    outer loop
      vertex 168.65 -89.2399 2.6
      vertex 170.647 -89.043 2.6
      vertex 170.634 -88.8336 2.6
    endloop
  endfacet
  facet normal 0 0 1
    outer loop
      vertex 170.65 -134.822 2.6
      vertex 168.65 -134.822 2.6
      vertex 170.65 -134.855 2.6
    endloop
  endfacet
  facet normal 0 0 1
    outer loop
      vertex 170.597 -88.4992 2.6
      vertex 168.65 -89.2399 2.6
      vertex 170.634 -88.8336 2.6
    endloop
  endfacet
  facet normal 0 0 1
    outer loop
      vertex 170.65 -134.855 2.6
      vertex 168.65 -134.822 2.6
      vertex 170.647 -135.043 2.6
    endloop
  endfacet
  facet normal 0 0 1
    outer loop
      vertex 170.556 -88.2609 2.6
      vertex 168.65 -89.2399 2.6
      vertex 170.597 -88.4992 2.6
    endloop
  endfacet
  facet normal -0 0 1
    outer loop
      vertex 168.647 -135.011 2.6
      vertex 170.647 -135.043 2.6
      vertex 168.65 -134.822 2.6
    endloop
  endfacet
  facet normal 0 0 1
    outer loop
      vertex 170.481 -87.9328 2.6
      vertex 168.65 -89.2399 2.6
      vertex 170.556 -88.2609 2.6
    endloop
  endfacet
  facet normal 0 0 1
    outer loop
      vertex 170.647 -135.043 2.6
      vertex 168.647 -135.011 2.6
      vertex 170.63 -135.276 2.6
    endloop
  endfacet
  facet normal 0 0 1
    outer loop
      vertex 170.415 -87.7016 2.6
      vertex 168.65 -89.2399 2.6
      vertex 170.481 -87.9328 2.6
    endloop
  endfacet
  facet normal -0 0 1
    outer loop
      vertex 168.646 -135.028 2.6
      vertex 170.63 -135.276 2.6
      vertex 168.647 -135.011 2.6
    endloop
  endfacet
  facet normal 0 0 1
    outer loop
      vertex 170.303 -87.3839 2.6
      vertex 168.65 -89.2399 2.6
      vertex 170.415 -87.7016 2.6
    endloop
  endfacet
  facet normal 0 0 1
    outer loop
      vertex 170.63 -135.276 2.6
      vertex 168.646 -135.028 2.6
      vertex 170.584 -135.648 2.6
    endloop
  endfacet
  facet normal 0 0 1
    outer loop
      vertex 170.211 -87.1611 2.6
      vertex 168.65 -89.2399 2.6
      vertex 170.303 -87.3839 2.6
    endloop
  endfacet
  facet normal -0 0 1
    outer loop
      vertex 168.599 -135.399 2.6
      vertex 170.584 -135.648 2.6
      vertex 168.646 -135.028 2.6
    endloop
  endfacet
  facet normal 0 0 1
    outer loop
      vertex 170.065 -86.8578 2.6
      vertex 168.65 -89.2399 2.6
      vertex 170.211 -87.1611 2.6
    endloop
  endfacet
  facet normal 0 0 1
    outer loop
      vertex 170.584 -135.648 2.6
      vertex 168.599 -135.399 2.6
      vertex 170.534 -135.912 2.6
    endloop
  endfacet
  facet normal 0 0 1
    outer loop
      vertex 169.949 -86.6468 2.6
      vertex 168.65 -89.2399 2.6
      vertex 170.065 -86.8578 2.6
    endloop
  endfacet
  facet normal 0 0 1
    outer loop
      vertex 169.77 -86.3618 2.6
      vertex 168.65 -89.2399 2.6
      vertex 169.949 -86.6468 2.6
    endloop
  endfacet
  facet normal -0 0 1
    outer loop
      vertex 168.596 -135.418 2.6
      vertex 170.534 -135.912 2.6
      vertex 168.599 -135.399 2.6
    endloop
  endfacet
  facet normal 0 0 1
    outer loop
      vertex 170.534 -135.912 2.6
      vertex 168.596 -135.418 2.6
      vertex 170.441 -136.274 2.6
    endloop
  endfacet
  facet normal 0 0 1
    outer loop
      vertex 169.631 -86.1655 2.6
      vertex 168.65 -89.2399 2.6
      vertex 169.77 -86.3618 2.6
    endloop
  endfacet
  facet normal 0 0 1
    outer loop
      vertex 169.421 -85.9023 2.6
      vertex 168.65 -89.2399 2.6
      vertex 169.631 -86.1655 2.6
    endloop
  endfacet
  facet normal -0 0 1
    outer loop
      vertex 168.503 -135.78 2.6
      vertex 170.441 -136.274 2.6
      vertex 168.596 -135.418 2.6
    endloop
  endfacet
  facet normal 0 0 1
    outer loop
      vertex 170.441 -136.274 2.6
      vertex 168.503 -135.78 2.6
      vertex 170.359 -136.529 2.6
    endloop
  endfacet
  facet normal 0 0 1
    outer loop
      vertex 169.281 -85.7437 2.6
      vertex 168.65 -89.2399 2.6
      vertex 169.421 -85.9023 2.6
    endloop
  endfacet
  facet normal -0 0 1
    outer loop
      vertex 168.498 -135.798 2.6
      vertex 170.359 -136.529 2.6
      vertex 168.503 -135.78 2.6
    endloop
  endfacet
  facet normal 0 0 1
    outer loop
      vertex 168.65 -89.2399 2.6
      vertex 169.281 -85.7437 2.6
      vertex 169.164 -85.623 2.6
    endloop
  endfacet
  facet normal 0 0 1
    outer loop
      vertex 170.359 -136.529 2.6
      vertex 168.498 -135.798 2.6
      vertex 170.223 -136.877 2.6
    endloop
  endfacet
  facet normal 0 0 1
    outer loop
      vertex 167.728 -87.0154 2.6
      vertex 169.164 -85.623 2.6
      vertex 169.143 -85.6016 2.6
    endloop
  endfacet
  facet normal 0 0 1
    outer loop
      vertex 170.65 -89.2113 2.6
      vertex 168.65 -89.2399 2.6
      vertex 170.65 -89.2421 2.6
    endloop
  endfacet
  facet normal -0 0 1
    outer loop
      vertex 168.361 -136.146 2.6
      vertex 170.223 -136.877 2.6
      vertex 168.498 -135.798 2.6
    endloop
  endfacet
  facet normal 0 0 1
    outer loop
      vertex 170.223 -136.877 2.6
      vertex 168.361 -136.146 2.6
      vertex 170.109 -137.12 2.6
    endloop
  endfacet
  facet normal -0 0 1
    outer loop
      vertex 168.353 -136.163 2.6
      vertex 170.109 -137.12 2.6
      vertex 168.361 -136.146 2.6
    endloop
  endfacet
  facet normal 0 0 1
    outer loop
      vertex 170.109 -137.12 2.6
      vertex 168.353 -136.163 2.6
      vertex 169.93 -137.449 2.6
    endloop
  endfacet
  facet normal -0 0 1
    outer loop
      vertex 168.174 -136.492 2.6
      vertex 169.93 -137.449 2.6
      vertex 168.353 -136.163 2.6
    endloop
  endfacet
  facet normal 0 0 1
    outer loop
      vertex 169.93 -137.449 2.6
      vertex 168.174 -136.492 2.6
      vertex 169.788 -137.676 2.6
    endloop
  endfacet
  facet normal -0 0 1
    outer loop
      vertex 168.164 -136.508 2.6
      vertex 169.788 -137.676 2.6
      vertex 168.174 -136.492 2.6
    endloop
  endfacet
  facet normal 0 0 1
    outer loop
      vertex 169.788 -137.676 2.6
      vertex 168.164 -136.508 2.6
      vertex 169.569 -137.98 2.6
    endloop
  endfacet
  facet normal -0 0 1
    outer loop
      vertex 167.945 -136.812 2.6
      vertex 169.569 -137.98 2.6
      vertex 168.164 -136.508 2.6
    endloop
  endfacet
  facet normal 0 0 1
    outer loop
      vertex 169.569 -137.98 2.6
      vertex 167.945 -136.812 2.6
      vertex 169.422 -138.163 2.6
    endloop
  endfacet
  facet normal -0 0 1
    outer loop
      vertex 167.935 -136.825 2.6
      vertex 169.422 -138.163 2.6
      vertex 167.945 -136.812 2.6
    endloop
  endfacet
  facet normal 0 0 1
    outer loop
      vertex 169.422 -138.163 2.6
      vertex 167.935 -136.825 2.6
      vertex 169.296 -138.302 2.6
    endloop
  endfacet
  facet normal -0 0 1
    outer loop
      vertex 167.81 -136.964 2.6
      vertex 169.296 -138.302 2.6
      vertex 167.935 -136.825 2.6
    endloop
  endfacet
  facet normal 0 0 1
    outer loop
      vertex 169.296 -138.302 2.6
      vertex 167.81 -136.964 2.6
      vertex 169.274 -138.326 2.6
    endloop
  endfacet
  facet normal 0 0 1
    outer loop
      vertex 167.81 -136.964 2.6
      vertex 164.466 -143.504 2.6
      vertex 169.274 -138.326 2.6
    endloop
  endfacet
  facet normal -0 0 1
    outer loop
      vertex 163 -142.143 2.6
      vertex 164.466 -143.504 2.6
      vertex 167.81 -136.964 2.6
    endloop
  endfacet
  facet normal 0 0 1
    outer loop
      vertex 164.466 -143.504 2.6
      vertex 163 -142.143 2.6
      vertex 164.444 -143.527 2.6
    endloop
  endfacet
  facet normal 0 0 1
    outer loop
      vertex 164.444 -143.527 2.6
      vertex 163 -142.143 2.6
      vertex 164.322 -143.655 2.6
    endloop
  endfacet
  facet normal -0 0 1
    outer loop
      vertex 162.877 -142.272 2.6
      vertex 164.322 -143.655 2.6
      vertex 163 -142.143 2.6
    endloop
  endfacet
  facet normal 0 0 1
    outer loop
      vertex 164.322 -143.655 2.6
      vertex 162.877 -142.272 2.6
      vertex 164.161 -143.806 2.6
    endloop
  endfacet
  facet normal -0 0 1
    outer loop
      vertex 162.866 -142.283 2.6
      vertex 164.161 -143.806 2.6
      vertex 162.877 -142.272 2.6
    endloop
  endfacet
  facet normal 0 0 1
    outer loop
      vertex 164.161 -143.806 2.6
      vertex 162.866 -142.283 2.6
      vertex 163.893 -144.035 2.6
    endloop
  endfacet
  facet normal -0 0 1
    outer loop
      vertex 162.597 -142.512 2.6
      vertex 163.893 -144.035 2.6
      vertex 162.866 -142.283 2.6
    endloop
  endfacet
  facet normal 0 0 1
    outer loop
      vertex 163.893 -144.035 2.6
      vertex 162.597 -142.512 2.6
      vertex 163.691 -144.187 2.6
    endloop
  endfacet
  facet normal -0 0 1
    outer loop
      vertex 162.583 -142.522 2.6
      vertex 163.691 -144.187 2.6
      vertex 162.597 -142.512 2.6
    endloop
  endfacet
  facet normal 0 0 1
    outer loop
      vertex 163.691 -144.187 2.6
      vertex 162.583 -142.522 2.6
      vertex 163.398 -144.382 2.6
    endloop
  endfacet
  facet normal -0 0 1
    outer loop
      vertex 162.289 -142.718 2.6
      vertex 163.398 -144.382 2.6
      vertex 162.583 -142.522 2.6
    endloop
  endfacet
  facet normal 0 0 1
    outer loop
      vertex 163.398 -144.382 2.6
      vertex 162.289 -142.718 2.6
      vertex 163.18 -144.51 2.6
    endloop
  endfacet
  facet normal -0 0 1
    outer loop
      vertex 162.274 -142.726 2.6
      vertex 163.18 -144.51 2.6
      vertex 162.289 -142.718 2.6
    endloop
  endfacet
  facet normal 0 0 1
    outer loop
      vertex 163.18 -144.51 2.6
      vertex 162.274 -142.726 2.6
      vertex 162.865 -144.669 2.6
    endloop
  endfacet
  facet normal -0 0 1
    outer loop
      vertex 161.96 -142.886 2.6
      vertex 162.865 -144.669 2.6
      vertex 162.274 -142.726 2.6
    endloop
  endfacet
  facet normal 0 0 1
    outer loop
      vertex 162.865 -144.669 2.6
      vertex 161.96 -142.886 2.6
      vertex 162.634 -144.77 2.6
    endloop
  endfacet
  facet normal -0 0 1
    outer loop
      vertex 161.944 -142.893 2.6
      vertex 162.634 -144.77 2.6
      vertex 161.96 -142.886 2.6
    endloop
  endfacet
  facet normal 0 0 1
    outer loop
      vertex 162.634 -144.77 2.6
      vertex 161.944 -142.893 2.6
      vertex 162.303 -144.892 2.6
    endloop
  endfacet
  facet normal -0 0 1
    outer loop
      vertex 161.613 -143.015 2.6
      vertex 162.303 -144.892 2.6
      vertex 161.944 -142.893 2.6
    endloop
  endfacet
  facet normal 0 0 1
    outer loop
      vertex 162.303 -144.892 2.6
      vertex 161.613 -143.015 2.6
      vertex 162.062 -144.965 2.6
    endloop
  endfacet
  facet normal -0 0 1
    outer loop
      vertex 161.596 -143.02 2.6
      vertex 162.062 -144.965 2.6
      vertex 161.613 -143.015 2.6
    endloop
  endfacet
  facet normal 0 0 1
    outer loop
      vertex 162.062 -144.965 2.6
      vertex 161.596 -143.02 2.6
      vertex 161.719 -145.047 2.6
    endloop
  endfacet
  facet normal -0 0 1
    outer loop
      vertex 161.253 -143.102 2.6
      vertex 161.719 -145.047 2.6
      vertex 161.596 -143.02 2.6
    endloop
  endfacet
  facet normal 0 0 1
    outer loop
      vertex 161.719 -145.047 2.6
      vertex 161.253 -143.102 2.6
      vertex 161.471 -145.091 2.6
    endloop
  endfacet
  facet normal -0 0 1
    outer loop
      vertex 161.236 -143.105 2.6
      vertex 161.471 -145.091 2.6
      vertex 161.253 -143.102 2.6
    endloop
  endfacet
  facet normal 0 0 1
    outer loop
      vertex 161.236 -143.105 2.6
      vertex 161.121 -145.133 2.6
      vertex 161.471 -145.091 2.6
    endloop
  endfacet
  facet normal -0 0 1
    outer loop
      vertex 160.886 -143.146 2.6
      vertex 161.121 -145.133 2.6
      vertex 161.236 -143.105 2.6
    endloop
  endfacet
  facet normal 0 0 1
    outer loop
      vertex 161.121 -145.133 2.6
      vertex 160.886 -143.146 2.6
      vertex 160.899 -145.147 2.6
    endloop
  endfacet
  facet normal -0 0 1
    outer loop
      vertex 160.87 -143.147 2.6
      vertex 160.899 -145.147 2.6
      vertex 160.886 -143.146 2.6
    endloop
  endfacet
  facet normal 0 0 1
    outer loop
      vertex 160.87 -143.147 2.6
      vertex 160.722 -145.15 2.6
      vertex 160.899 -145.147 2.6
    endloop
  endfacet
  facet normal -0 0 1
    outer loop
      vertex 160.692 -143.15 2.6
      vertex 160.722 -145.15 2.6
      vertex 160.87 -143.147 2.6
    endloop
  endfacet
  facet normal 0 0 1
    outer loop
      vertex 160.692 -143.15 2.6
      vertex 160.692 -145.15 2.6
      vertex 160.722 -145.15 2.6
    endloop
  endfacet
  facet normal -0 0 1
    outer loop
      vertex 94 -143.15 2.6
      vertex 160.692 -145.15 2.6
      vertex 160.692 -143.15 2.6
    endloop
  endfacet
  facet normal 0 0 1
    outer loop
      vertex 94 -143.15 2.6
      vertex 94 -145.15 2.6
      vertex 160.692 -145.15 2.6
    endloop
  endfacet
  facet normal 0 0 1
    outer loop
      vertex 94 -143.15 2.6
      vertex 93.9692 -145.15 2.6
      vertex 94 -145.15 2.6
    endloop
  endfacet
  facet normal 0 0 1
    outer loop
      vertex 93.8295 -143.148 2.6
      vertex 93.9692 -145.15 2.6
      vertex 94 -143.15 2.6
    endloop
  endfacet
  facet normal 0 0 1
    outer loop
      vertex 93.8009 -145.147 2.6
      vertex 93.8295 -143.148 2.6
      vertex 93.8149 -143.147 2.6
    endloop
  endfacet
  facet normal 0 0 1
    outer loop
      vertex 93.8295 -143.148 2.6
      vertex 93.8009 -145.147 2.6
      vertex 93.9692 -145.15 2.6
    endloop
  endfacet
  facet normal 0 0 1
    outer loop
      vertex 93.8149 -143.147 2.6
      vertex 93.591 -145.134 2.6
      vertex 93.8009 -145.147 2.6
    endloop
  endfacet
  facet normal 0 0 1
    outer loop
      vertex 93.4803 -143.109 2.6
      vertex 93.591 -145.134 2.6
      vertex 93.8149 -143.147 2.6
    endloop
  endfacet
  facet normal 0 0 1
    outer loop
      vertex 93.2564 -145.096 2.6
      vertex 93.4803 -143.109 2.6
      vertex 93.4637 -143.106 2.6
    endloop
  endfacet
  facet normal 0 0 1
    outer loop
      vertex 93.4803 -143.109 2.6
      vertex 93.2564 -145.096 2.6
      vertex 93.591 -145.134 2.6
    endloop
  endfacet
  facet normal 0 0 1
    outer loop
      vertex 93.0188 -145.056 2.6
      vertex 93.4637 -143.106 2.6
      vertex 93.1354 -143.031 2.6
    endloop
  endfacet
  facet normal 0 0 1
    outer loop
      vertex 92.6905 -144.981 2.6
      vertex 93.1354 -143.031 2.6
      vertex 93.1192 -143.027 2.6
    endloop
  endfacet
  facet normal 0 0 1
    outer loop
      vertex 93.4637 -143.106 2.6
      vertex 93.0188 -145.056 2.6
      vertex 93.2564 -145.096 2.6
    endloop
  endfacet
  facet normal 0 0 1
    outer loop
      vertex 92.4587 -144.914 2.6
      vertex 93.1192 -143.027 2.6
      vertex 92.8015 -142.915 2.6
    endloop
  endfacet
  facet normal 0 0 1
    outer loop
      vertex 92.1409 -144.803 2.6
      vertex 92.8015 -142.915 2.6
      vertex 92.7859 -142.909 2.6
    endloop
  endfacet
  facet normal 0 0 1
    outer loop
      vertex 93.1354 -143.031 2.6
      vertex 92.6905 -144.981 2.6
      vertex 93.0188 -145.056 2.6
    endloop
  endfacet
  facet normal 0 0 1
    outer loop
      vertex 91.9179 -144.711 2.6
      vertex 92.7859 -142.909 2.6
      vertex 92.4826 -142.763 2.6
    endloop
  endfacet
  facet normal 0 0 1
    outer loop
      vertex 91.6146 -144.565 2.6
      vertex 92.4826 -142.763 2.6
      vertex 92.4679 -142.755 2.6
    endloop
  endfacet
  facet normal 0 0 1
    outer loop
      vertex 93.1192 -143.027 2.6
      vertex 92.4587 -144.914 2.6
      vertex 92.6905 -144.981 2.6
    endloop
  endfacet
  facet normal 0 0 1
    outer loop
      vertex 91.4041 -144.448 2.6
      vertex 92.4679 -142.755 2.6
      vertex 92.1828 -142.576 2.6
    endloop
  endfacet
  facet normal 0 0 1
    outer loop
      vertex 91.119 -144.269 2.6
      vertex 92.1828 -142.576 2.6
      vertex 92.1691 -142.566 2.6
    endloop
  endfacet
  facet normal 0 0 1
    outer loop
      vertex 92.8015 -142.915 2.6
      vertex 92.1409 -144.803 2.6
      vertex 92.4587 -144.914 2.6
    endloop
  endfacet
  facet normal 0 0 1
    outer loop
      vertex 92.7859 -142.909 2.6
      vertex 91.9179 -144.711 2.6
      vertex 92.1409 -144.803 2.6
    endloop
  endfacet
  facet normal 0 0 1
    outer loop
      vertex 90.9221 -144.13 2.6
      vertex 92.1691 -142.566 2.6
      vertex 91.9059 -142.356 2.6
    endloop
  endfacet
  facet normal 0 0 1
    outer loop
      vertex 90.6589 -143.92 2.6
      vertex 91.9059 -142.356 2.6
      vertex 91.8933 -142.345 2.6
    endloop
  endfacet
  facet normal 0 0 1
    outer loop
      vertex 90.4791 -143.759 2.6
      vertex 91.8933 -142.345 2.6
      vertex 91.6552 -142.107 2.6
    endloop
  endfacet
  facet normal 0 0 1
    outer loop
      vertex 90.241 -143.521 2.6
      vertex 91.6552 -142.107 2.6
      vertex 91.644 -142.094 2.6
    endloop
  endfacet
  facet normal 0 0 1
    outer loop
      vertex 92.4826 -142.763 2.6
      vertex 91.6146 -144.565 2.6
      vertex 91.9179 -144.711 2.6
    endloop
  endfacet
  facet normal 0 0 1
    outer loop
      vertex 90.0804 -143.341 2.6
      vertex 91.644 -142.094 2.6
      vertex 91.4341 -141.831 2.6
    endloop
  endfacet
  facet normal 0 0 1
    outer loop
      vertex 89.8705 -143.078 2.6
      vertex 91.4341 -141.831 2.6
      vertex 91.4244 -141.817 2.6
    endloop
  endfacet
  facet normal 0 0 1
    outer loop
      vertex 92.4679 -142.755 2.6
      vertex 91.4041 -144.448 2.6
      vertex 91.6146 -144.565 2.6
    endloop
  endfacet
  facet normal 0 0 1
    outer loop
      vertex 89.7308 -142.881 2.6
      vertex 91.4244 -141.817 2.6
      vertex 91.2453 -141.532 2.6
    endloop
  endfacet
  facet normal 0 0 1
    outer loop
      vertex 89.5517 -142.596 2.6
      vertex 91.2453 -141.532 2.6
      vertex 91.2372 -141.517 2.6
    endloop
  endfacet
  facet normal 0 0 1
    outer loop
      vertex 92.1828 -142.576 2.6
      vertex 91.119 -144.269 2.6
      vertex 91.4041 -144.448 2.6
    endloop
  endfacet
  facet normal 0 0 1
    outer loop
      vertex 89.4353 -142.385 2.6
      vertex 91.2372 -141.517 2.6
      vertex 91.0911 -141.214 2.6
    endloop
  endfacet
  facet normal 0 0 1
    outer loop
      vertex 89.2892 -142.082 2.6
      vertex 91.0911 -141.214 2.6
      vertex 91.0846 -141.199 2.6
    endloop
  endfacet
  facet normal 0 0 1
    outer loop
      vertex 89.1969 -141.859 2.6
      vertex 91.0846 -141.199 2.6
      vertex 90.9734 -140.881 2.6
    endloop
  endfacet
  facet normal 0 0 1
    outer loop
      vertex 89.0856 -141.541 2.6
      vertex 90.9734 -140.881 2.6
      vertex 90.9688 -140.865 2.6
    endloop
  endfacet
  facet normal 0 0 1
    outer loop
      vertex 92.1691 -142.566 2.6
      vertex 90.9221 -144.13 2.6
      vertex 91.119 -144.269 2.6
    endloop
  endfacet
  facet normal 0 0 1
    outer loop
      vertex 89.0189 -141.309 2.6
      vertex 90.9688 -140.865 2.6
      vertex 90.8938 -140.536 2.6
    endloop
  endfacet
  facet normal 0 0 1
    outer loop
      vertex 88.944 -140.981 2.6
      vertex 90.8938 -140.536 2.6
      vertex 90.891 -140.52 2.6
    endloop
  endfacet
  facet normal 0 0 1
    outer loop
      vertex 88.9036 -140.744 2.6
      vertex 90.891 -140.52 2.6
      vertex 90.8533 -140.185 2.6
    endloop
  endfacet
  facet normal 0 0 1
    outer loop
      vertex 88.8659 -140.409 2.6
      vertex 90.8533 -140.185 2.6
      vertex 90.8524 -140.17 2.6
    endloop
  endfacet
  facet normal 0 0 1
    outer loop
      vertex 91.0909 -79.2794 2.6
      vertex 89.289 -78.4117 2.6
      vertex 91.0845 -79.295 2.6
    endloop
  endfacet
  facet normal 0 0 1
    outer loop
      vertex 91.9059 -142.356 2.6
      vertex 90.6589 -143.92 2.6
      vertex 90.9221 -144.13 2.6
    endloop
  endfacet
  facet normal 0 0 1
    outer loop
      vertex 88.8526 -140.199 2.6
      vertex 90.8524 -140.17 2.6
      vertex 90.85 -140.002 2.6
    endloop
  endfacet
  facet normal 0 0 1
    outer loop
      vertex 90.85 -80.4934 2.6
      vertex 88.85 -80.4934 2.6
      vertex 90.85 -140.002 2.6
    endloop
  endfacet
  facet normal 0 -0 1
    outer loop
      vertex 88.8502 -140.031 2.6
      vertex 90.85 -140.002 2.6
      vertex 88.85 -140 2.6
    endloop
  endfacet
  facet normal -0 0 1
    outer loop
      vertex 89.1967 -78.6345 2.6
      vertex 91.0845 -79.295 2.6
      vertex 89.289 -78.4117 2.6
    endloop
  endfacet
  facet normal 0 0 1
    outer loop
      vertex 91.8933 -142.345 2.6
      vertex 90.4791 -143.759 2.6
      vertex 90.6589 -143.92 2.6
    endloop
  endfacet
  facet normal 0 0 1
    outer loop
      vertex 91.0845 -79.295 2.6
      vertex 89.1967 -78.6345 2.6
      vertex 90.9733 -79.6127 2.6
    endloop
  endfacet
  facet normal 0 0 1
    outer loop
      vertex 91.6552 -142.107 2.6
      vertex 90.241 -143.521 2.6
      vertex 90.4791 -143.759 2.6
    endloop
  endfacet
  facet normal -0 0 1
    outer loop
      vertex 89.0855 -78.9523 2.6
      vertex 90.9733 -79.6127 2.6
      vertex 89.1967 -78.6345 2.6
    endloop
  endfacet
  facet normal 0 0 1
    outer loop
      vertex 91.644 -142.094 2.6
      vertex 90.0804 -143.341 2.6
      vertex 90.241 -143.521 2.6
    endloop
  endfacet
  facet normal 0 0 1
    outer loop
      vertex 90.9733 -79.6127 2.6
      vertex 89.0855 -78.9523 2.6
      vertex 90.9687 -79.6289 2.6
    endloop
  endfacet
  facet normal 0 0 1
    outer loop
      vertex 91.4341 -141.831 2.6
      vertex 89.8705 -143.078 2.6
      vertex 90.0804 -143.341 2.6
    endloop
  endfacet
  facet normal -0 0 1
    outer loop
      vertex 89.0188 -79.1839 2.6
      vertex 90.9687 -79.6289 2.6
      vertex 89.0855 -78.9523 2.6
    endloop
  endfacet
  facet normal 0 0 1
    outer loop
      vertex 91.4244 -141.817 2.6
      vertex 89.7308 -142.881 2.6
      vertex 89.8705 -143.078 2.6
    endloop
  endfacet
  facet normal 0 0 1
    outer loop
      vertex 90.9687 -79.6289 2.6
      vertex 89.0188 -79.1839 2.6
      vertex 90.8938 -79.9571 2.6
    endloop
  endfacet
  facet normal 0 0 1
    outer loop
      vertex 91.2453 -141.532 2.6
      vertex 89.5517 -142.596 2.6
      vertex 89.7308 -142.881 2.6
    endloop
  endfacet
  facet normal -0 0 1
    outer loop
      vertex 88.9439 -79.5121 2.6
      vertex 90.8938 -79.9571 2.6
      vertex 89.0188 -79.1839 2.6
    endloop
  endfacet
  facet normal 0 0 1
    outer loop
      vertex 91.2372 -141.517 2.6
      vertex 89.4353 -142.385 2.6
      vertex 89.5517 -142.596 2.6
    endloop
  endfacet
  facet normal 0 0 1
    outer loop
      vertex 90.8938 -79.9571 2.6
      vertex 88.9439 -79.5121 2.6
      vertex 90.8909 -79.9737 2.6
    endloop
  endfacet
  facet normal 0 0 1
    outer loop
      vertex 91.0911 -141.214 2.6
      vertex 89.2892 -142.082 2.6
      vertex 89.4353 -142.385 2.6
    endloop
  endfacet
  facet normal -0 0 1
    outer loop
      vertex 88.9035 -79.7497 2.6
      vertex 90.8909 -79.9737 2.6
      vertex 88.9439 -79.5121 2.6
    endloop
  endfacet
  facet normal 0 0 1
    outer loop
      vertex 91.0846 -141.199 2.6
      vertex 89.1969 -141.859 2.6
      vertex 89.2892 -142.082 2.6
    endloop
  endfacet
  facet normal 0 0 1
    outer loop
      vertex 90.8909 -79.9737 2.6
      vertex 88.9035 -79.7497 2.6
      vertex 90.8532 -80.3083 2.6
    endloop
  endfacet
  facet normal 0 0 1
    outer loop
      vertex 90.9734 -140.881 2.6
      vertex 89.0856 -141.541 2.6
      vertex 89.1969 -141.859 2.6
    endloop
  endfacet
  facet normal -0 0 1
    outer loop
      vertex 88.8658 -80.0843 2.6
      vertex 90.8532 -80.3083 2.6
      vertex 88.9035 -79.7497 2.6
    endloop
  endfacet
  facet normal 0 0 1
    outer loop
      vertex 90.9688 -140.865 2.6
      vertex 89.0189 -141.309 2.6
      vertex 89.0856 -141.541 2.6
    endloop
  endfacet
  facet normal 0 0 1
    outer loop
      vertex 90.8532 -80.3083 2.6
      vertex 88.8658 -80.0843 2.6
      vertex 90.8523 -80.323 2.6
    endloop
  endfacet
  facet normal 0 0 1
    outer loop
      vertex 90.8938 -140.536 2.6
      vertex 88.944 -140.981 2.6
      vertex 89.0189 -141.309 2.6
    endloop
  endfacet
  facet normal -0 0 1
    outer loop
      vertex 88.8525 -80.2959 2.6
      vertex 90.8523 -80.323 2.6
      vertex 88.8658 -80.0843 2.6
    endloop
  endfacet
  facet normal 0 0 1
    outer loop
      vertex 90.891 -140.52 2.6
      vertex 88.9036 -140.744 2.6
      vertex 88.944 -140.981 2.6
    endloop
  endfacet
  facet normal 0 0 1
    outer loop
      vertex 90.8523 -80.323 2.6
      vertex 88.8525 -80.2959 2.6
      vertex 90.85 -80.4934 2.6
    endloop
  endfacet
  facet normal 0 0 1
    outer loop
      vertex 90.8533 -140.185 2.6
      vertex 88.8659 -140.409 2.6
      vertex 88.9036 -140.744 2.6
    endloop
  endfacet
  facet normal 0 0 1
    outer loop
      vertex 90.85 -80.4934 2.6
      vertex 88.8525 -80.2959 2.6
      vertex 88.8502 -80.4642 2.6
    endloop
  endfacet
  facet normal 0 0 1
    outer loop
      vertex 90.8524 -140.17 2.6
      vertex 88.8526 -140.199 2.6
      vertex 88.8659 -140.409 2.6
    endloop
  endfacet
  facet normal 0 0 1
    outer loop
      vertex 90.85 -80.4934 2.6
      vertex 88.8502 -80.4642 2.6
      vertex 88.85 -80.4934 2.6
    endloop
  endfacet
  facet normal 0 0 1
    outer loop
      vertex 90.85 -140.002 2.6
      vertex 88.85 -80.4934 2.6
      vertex 88.85 -140 2.6
    endloop
  endfacet
  facet normal 0 -0 1
    outer loop
      vertex 88.8526 -140.199 2.6
      vertex 90.85 -140.002 2.6
      vertex 88.8502 -140.031 2.6
    endloop
  endfacet
  facet normal -0.706958 -0.707255 0
    outer loop
      vertex 90.4791 -143.759 0
      vertex 90.241 -143.521 2.6
      vertex 90.241 -143.521 0
    endloop
  endfacet
  facet normal -0.706958 -0.707255 0
    outer loop
      vertex 90.241 -143.521 2.6
      vertex 90.4791 -143.759 0
      vertex 90.4791 -143.759 2.6
    endloop
  endfacet
  facet normal -0.667085 -0.744981 0
    outer loop
      vertex 90.4791 -143.759 0
      vertex 90.6589 -143.92 2.6
      vertex 90.4791 -143.759 2.6
    endloop
  endfacet
  facet normal -0.667085 -0.744981 -0
    outer loop
      vertex 90.6589 -143.92 2.6
      vertex 90.4791 -143.759 0
      vertex 90.6589 -143.92 0
    endloop
  endfacet
  facet normal -1 0 0
    outer loop
      vertex 88.85 -140 0
      vertex 88.85 -80.4934 2.6
      vertex 88.85 -80.4934 0
    endloop
  endfacet
  facet normal -1 -0 0
    outer loop
      vertex 88.85 -80.4934 2.6
      vertex 88.85 -140 0
      vertex 88.85 -140 2.6
    endloop
  endfacet
  facet normal 0.999873 -0.0159554 0
    outer loop
      vertex 170.647 -135.043 2.6
      vertex 170.65 -134.855 0
      vertex 170.65 -134.855 2.6
    endloop
  endfacet
  facet normal 0.999873 -0.0159554 0
    outer loop
      vertex 170.65 -134.855 0
      vertex 170.647 -135.043 2.6
      vertex 170.647 -135.043 0
    endloop
  endfacet
  facet normal -0.98578 -0.16804 0
    outer loop
      vertex 88.944 -140.981 0
      vertex 88.9036 -140.744 2.6
      vertex 88.9036 -140.744 0
    endloop
  endfacet
  facet normal -0.98578 -0.16804 0
    outer loop
      vertex 88.9036 -140.744 2.6
      vertex 88.944 -140.981 0
      vertex 88.944 -140.981 2.6
    endloop
  endfacet
  facet normal -0.22243 0.974949 0
    outer loop
      vertex 93.0188 -75.4374 0
      vertex 92.6905 -75.5123 2.6
      vertex 93.0188 -75.4374 2.6
    endloop
  endfacet
  facet normal -0.22243 0.974949 0
    outer loop
      vertex 92.6905 -75.5123 2.6
      vertex 93.0188 -75.4374 0
      vertex 92.6905 -75.5123 0
    endloop
  endfacet
  facet normal 0.707333 0.70688 0
    outer loop
      vertex 169.143 -85.6016 2.6
      vertex 160.4 -76.853 0
      vertex 160.4 -76.853 2.6
    endloop
  endfacet
  facet normal 0.707333 0.70688 0
    outer loop
      vertex 160.4 -76.853 0
      vertex 169.143 -85.6016 2.6
      vertex 169.143 -85.6016 0
    endloop
  endfacet
  facet normal -0.875329 0.483527 0
    outer loop
      vertex 89.4351 -78.1083 0
      vertex 89.5516 -77.8974 2.6
      vertex 89.5516 -77.8974 0
    endloop
  endfacet
  facet normal -0.875329 0.483527 0
    outer loop
      vertex 89.5516 -77.8974 2.6
      vertex 89.4351 -78.1083 0
      vertex 89.4351 -78.1083 2.6
    endloop
  endfacet
  facet normal 0.931401 -0.363996 0
    outer loop
      vertex 170.223 -136.877 2.6
      vertex 170.359 -136.529 0
      vertex 170.359 -136.529 2.6
    endloop
  endfacet
  facet normal 0.931401 -0.363996 0
    outer loop
      vertex 170.359 -136.529 0
      vertex 170.223 -136.877 2.6
      vertex 170.223 -136.877 0
    endloop
  endfacet
  facet normal -0.974905 -0.222623 0
    outer loop
      vertex 89.0189 -141.309 0
      vertex 88.944 -140.981 2.6
      vertex 88.944 -140.981 0
    endloop
  endfacet
  facet normal -0.974905 -0.222623 0
    outer loop
      vertex 88.944 -140.981 2.6
      vertex 89.0189 -141.309 0
      vertex 89.0189 -141.309 2.6
    endloop
  endfacet
  facet normal -0.846778 0.531946 0
    outer loop
      vertex 89.5516 -77.8974 0
      vertex 89.7307 -77.6123 2.6
      vertex 89.7307 -77.6123 0
    endloop
  endfacet
  facet normal -0.846778 0.531946 0
    outer loop
      vertex 89.7307 -77.6123 2.6
      vertex 89.5516 -77.8974 0
      vertex 89.5516 -77.8974 2.6
    endloop
  endfacet
  facet normal 0.506328 -0.862341 0
    outer loop
      vertex 163.18 -144.51 0
      vertex 163.398 -144.382 2.6
      vertex 163.18 -144.51 2.6
    endloop
  endfacet
  facet normal 0.506328 -0.862341 0
    outer loop
      vertex 163.398 -144.382 2.6
      vertex 163.18 -144.51 0
      vertex 163.398 -144.382 0
    endloop
  endfacet
  facet normal 0.7497 0.661778 0
    outer loop
      vertex 169.421 -85.9023 2.6
      vertex 169.281 -85.7437 0
      vertex 169.281 -85.7437 2.6
    endloop
  endfacet
  facet normal 0.7497 0.661778 0
    outer loop
      vertex 169.281 -85.7437 0
      vertex 169.421 -85.9023 2.6
      vertex 169.421 -85.9023 0
    endloop
  endfacet
  facet normal 0.119145 -0.992877 0
    outer loop
      vertex 161.121 -145.133 0
      vertex 161.471 -145.091 2.6
      vertex 161.121 -145.133 2.6
    endloop
  endfacet
  facet normal 0.119145 -0.992877 0
    outer loop
      vertex 161.471 -145.091 2.6
      vertex 161.121 -145.133 0
      vertex 161.471 -145.091 0
    endloop
  endfacet
  facet normal -0.999907 0.0136648 0
    outer loop
      vertex 88.8502 -80.4642 0
      vertex 88.8525 -80.2959 2.6
      vertex 88.8525 -80.2959 0
    endloop
  endfacet
  facet normal -0.999907 0.0136648 0
    outer loop
      vertex 88.8525 -80.2959 2.6
      vertex 88.8502 -80.4642 0
      vertex 88.8502 -80.4642 2.6
    endloop
  endfacet
  facet normal 0.289897 -0.957058 0
    outer loop
      vertex 162.062 -144.965 0
      vertex 162.303 -144.892 2.6
      vertex 162.062 -144.965 2.6
    endloop
  endfacet
  facet normal 0.289897 -0.957058 0
    outer loop
      vertex 162.303 -144.892 2.6
      vertex 162.062 -144.965 0
      vertex 162.303 -144.892 0
    endloop
  endfacet
  facet normal -0.815577 0.578649 0
    outer loop
      vertex 89.7307 -77.6123 0
      vertex 89.8704 -77.4154 2.6
      vertex 89.8704 -77.4154 0
    endloop
  endfacet
  facet normal -0.815577 0.578649 0
    outer loop
      vertex 89.8704 -77.4154 2.6
      vertex 89.7307 -77.6123 0
      vertex 89.7307 -77.6123 2.6
    endloop
  endfacet
  facet normal -0.815715 -0.578454 0
    outer loop
      vertex 89.8705 -143.078 0
      vertex 89.7308 -142.881 2.6
      vertex 89.7308 -142.881 0
    endloop
  endfacet
  facet normal -0.815715 -0.578454 0
    outer loop
      vertex 89.7308 -142.881 2.6
      vertex 89.8705 -143.078 0
      vertex 89.8705 -143.078 2.6
    endloop
  endfacet
  facet normal -0.112843 -0.993613 0
    outer loop
      vertex 93.2564 -145.096 0
      vertex 93.591 -145.134 2.6
      vertex 93.2564 -145.096 2.6
    endloop
  endfacet
  facet normal -0.112843 -0.993613 -0
    outer loop
      vertex 93.591 -145.134 2.6
      vertex 93.2564 -145.096 0
      vertex 93.591 -145.134 0
    endloop
  endfacet
  facet normal 0.660308 0.750995 -0
    outer loop
      vertex 160.258 -76.7146 0
      vertex 160.099 -76.5748 2.6
      vertex 160.258 -76.7146 2.6
    endloop
  endfacet
  facet normal 0.660308 0.750995 0
    outer loop
      vertex 160.099 -76.5748 2.6
      vertex 160.258 -76.7146 0
      vertex 160.099 -76.5748 0
    endloop
  endfacet
  facet normal 0.998078 0.0619628 0
    outer loop
      vertex 170.647 -89.043 2.6
      vertex 170.634 -88.8336 0
      vertex 170.634 -88.8336 2.6
    endloop
  endfacet
  facet normal 0.998078 0.0619628 0
    outer loop
      vertex 170.634 -88.8336 0
      vertex 170.647 -89.043 2.6
      vertex 170.647 -89.043 0
    endloop
  endfacet
  facet normal 0.781679 0.62368 0
    outer loop
      vertex 169.631 -86.1655 2.6
      vertex 169.421 -85.9023 0
      vertex 169.421 -85.9023 2.6
    endloop
  endfacet
  facet normal 0.781679 0.62368 0
    outer loop
      vertex 169.421 -85.9023 0
      vertex 169.631 -86.1655 2.6
      vertex 169.631 -86.1655 0
    endloop
  endfacet
  facet normal 0.554044 -0.832487 0
    outer loop
      vertex 163.398 -144.382 0
      vertex 163.691 -144.187 2.6
      vertex 163.398 -144.382 2.6
    endloop
  endfacet
  facet normal 0.554044 -0.832487 0
    outer loop
      vertex 163.691 -144.187 2.6
      vertex 163.398 -144.382 0
      vertex 163.691 -144.187 0
    endloop
  endfacet
  facet normal 0.811382 -0.584516 0
    outer loop
      vertex 169.569 -137.98 2.6
      vertex 169.788 -137.676 0
      vertex 169.788 -137.676 2.6
    endloop
  endfacet
  facet normal 0.811382 -0.584516 0
    outer loop
      vertex 169.788 -137.676 0
      vertex 169.569 -137.98 2.6
      vertex 169.569 -137.98 0
    endloop
  endfacet
  facet normal -0.277676 -0.960675 0
    outer loop
      vertex 92.4587 -144.914 0
      vertex 92.6905 -144.981 2.6
      vertex 92.4587 -144.914 2.6
    endloop
  endfacet
  facet normal -0.277676 -0.960675 -0
    outer loop
      vertex 92.6905 -144.981 2.6
      vertex 92.4587 -144.914 0
      vertex 92.6905 -144.981 0
    endloop
  endfacet
  facet normal -0.666238 0.745739 0
    outer loop
      vertex 90.6591 -76.5735 0
      vertex 90.479 -76.7344 2.6
      vertex 90.6591 -76.5735 2.6
    endloop
  endfacet
  facet normal -0.666238 0.745739 0
    outer loop
      vertex 90.479 -76.7344 2.6
      vertex 90.6591 -76.5735 0
      vertex 90.479 -76.7344 0
    endloop
  endfacet
  facet normal 0.846828 0.531867 0
    outer loop
      vertex 169.949 -86.6468 2.6
      vertex 169.77 -86.3618 0
      vertex 169.77 -86.3618 2.6
    endloop
  endfacet
  facet normal 0.846828 0.531867 0
    outer loop
      vertex 169.77 -86.3618 0
      vertex 169.949 -86.6468 2.6
      vertex 169.949 -86.6468 0
    endloop
  endfacet
  facet normal 0.999841 0.0178225 0
    outer loop
      vertex 170.65 -89.2113 2.6
      vertex 170.647 -89.043 0
      vertex 170.647 -89.043 2.6
    endloop
  endfacet
  facet normal 0.999841 0.0178225 0
    outer loop
      vertex 170.647 -89.043 0
      vertex 170.65 -89.2113 2.6
      vertex 170.65 -89.2113 0
    endloop
  endfacet
  facet normal -0.92386 0.38273 0
    outer loop
      vertex 89.1967 -78.6345 0
      vertex 89.289 -78.4117 2.6
      vertex 89.289 -78.4117 0
    endloop
  endfacet
  facet normal -0.92386 0.38273 0
    outer loop
      vertex 89.289 -78.4117 2.6
      vertex 89.1967 -78.6345 0
      vertex 89.1967 -78.6345 2.6
    endloop
  endfacet
  facet normal 0.722642 -0.691223 0
    outer loop
      vertex 164.444 -143.527 2.6
      vertex 164.466 -143.504 0
      vertex 164.466 -143.504 2.6
    endloop
  endfacet
  facet normal 0.722642 -0.691223 0
    outer loop
      vertex 164.466 -143.504 0
      vertex 164.444 -143.527 2.6
      vertex 164.444 -143.527 0
    endloop
  endfacet
  facet normal 0.723869 -0.689938 0
    outer loop
      vertex 164.322 -143.655 2.6
      vertex 164.444 -143.527 0
      vertex 164.444 -143.527 2.6
    endloop
  endfacet
  facet normal 0.723869 -0.689938 0
    outer loop
      vertex 164.444 -143.527 0
      vertex 164.322 -143.655 2.6
      vertex 164.322 -143.655 0
    endloop
  endfacet
  facet normal 0.943111 0.332478 0
    outer loop
      vertex 170.415 -87.7016 2.6
      vertex 170.303 -87.3839 0
      vertex 170.303 -87.3839 2.6
    endloop
  endfacet
  facet normal 0.943111 0.332478 0
    outer loop
      vertex 170.303 -87.3839 0
      vertex 170.415 -87.7016 2.6
      vertex 170.415 -87.7016 0
    endloop
  endfacet
  facet normal -0.90098 0.43386 0
    outer loop
      vertex 89.289 -78.4117 0
      vertex 89.4351 -78.1083 2.6
      vertex 89.4351 -78.1083 0
    endloop
  endfacet
  facet normal -0.90098 0.43386 0
    outer loop
      vertex 89.4351 -78.1083 2.6
      vertex 89.289 -78.4117 0
      vertex 89.289 -78.4117 2.6
    endloop
  endfacet
  facet normal -0.875602 -0.483033 0
    outer loop
      vertex 89.5517 -142.596 0
      vertex 89.4353 -142.385 2.6
      vertex 89.4353 -142.385 0
    endloop
  endfacet
  facet normal -0.875602 -0.483033 0
    outer loop
      vertex 89.4353 -142.385 2.6
      vertex 89.5517 -142.596 0
      vertex 89.5517 -142.596 2.6
    endloop
  endfacet
  facet normal -0.483711 0.875228 0
    outer loop
      vertex 91.6152 -75.9283 0
      vertex 91.4035 -76.0453 2.6
      vertex 91.6152 -75.9283 2.6
    endloop
  endfacet
  facet normal -0.483711 0.875228 0
    outer loop
      vertex 91.4035 -76.0453 2.6
      vertex 91.6152 -75.9283 0
      vertex 91.4035 -76.0453 0
    endloop
  endfacet
  facet normal -0.222712 -0.974884 0
    outer loop
      vertex 92.6905 -144.981 0
      vertex 93.0188 -145.056 2.6
      vertex 92.6905 -144.981 2.6
    endloop
  endfacet
  facet normal -0.222712 -0.974884 -0
    outer loop
      vertex 93.0188 -145.056 2.6
      vertex 92.6905 -144.981 0
      vertex 93.0188 -145.056 0
    endloop
  endfacet
  facet normal -0.623499 0.781824 0
    outer loop
      vertex 90.9223 -76.3636 0
      vertex 90.6591 -76.5735 2.6
      vertex 90.9223 -76.3636 2.6
    endloop
  endfacet
  facet normal -0.623499 0.781824 0
    outer loop
      vertex 90.6591 -76.5735 2.6
      vertex 90.9223 -76.3636 0
      vertex 90.6591 -76.5735 0
    endloop
  endfacet
  facet normal 0.876304 0.481759 0
    outer loop
      vertex 170.065 -86.8578 2.6
      vertex 169.949 -86.6468 0
      vertex 169.949 -86.6468 2.6
    endloop
  endfacet
  facet normal 0.876304 0.481759 0
    outer loop
      vertex 169.949 -86.6468 0
      vertex 170.065 -86.8578 2.6
      vertex 170.065 -86.8578 0
    endloop
  endfacet
  facet normal 0.688749 0.724999 -0
    outer loop
      vertex 160.4 -76.853 0
      vertex 160.378 -76.8321 2.6
      vertex 160.4 -76.853 2.6
    endloop
  endfacet
  facet normal 0.688749 0.724999 0
    outer loop
      vertex 160.378 -76.8321 2.6
      vertex 160.4 -76.853 0
      vertex 160.378 -76.8321 0
    endloop
  endfacet
  facet normal -0.433735 0.90104 0
    outer loop
      vertex 91.9185 -75.7823 0
      vertex 91.6152 -75.9283 2.6
      vertex 91.9185 -75.7823 2.6
    endloop
  endfacet
  facet normal -0.433735 0.90104 0
    outer loop
      vertex 91.6152 -75.9283 2.6
      vertex 91.9185 -75.7823 0
      vertex 91.6152 -75.9283 0
    endloop
  endfacet
  facet normal -0.998 -0.0632067 0
    outer loop
      vertex 88.8659 -140.409 0
      vertex 88.8526 -140.199 2.6
      vertex 88.8526 -140.199 0
    endloop
  endfacet
  facet normal -0.998 -0.0632067 0
    outer loop
      vertex 88.8526 -140.199 2.6
      vertex 88.8659 -140.409 0
      vertex 88.8659 -140.409 2.6
    endloop
  endfacet
  facet normal 0.98552 0.169561 0
    outer loop
      vertex 170.597 -88.4992 2.6
      vertex 170.556 -88.2609 0
      vertex 170.556 -88.2609 2.6
    endloop
  endfacet
  facet normal 0.98552 0.169561 0
    outer loop
      vertex 170.556 -88.2609 0
      vertex 170.597 -88.4992 2.6
      vertex 170.597 -88.4992 0
    endloop
  endfacet
  facet normal 0.713746 0.700405 0
    outer loop
      vertex 169.164 -85.623 2.6
      vertex 169.143 -85.6016 0
      vertex 169.143 -85.6016 2.6
    endloop
  endfacet
  facet normal 0.713746 0.700405 0
    outer loop
      vertex 169.143 -85.6016 0
      vertex 169.164 -85.623 2.6
      vertex 169.164 -85.623 0
    endloop
  endfacet
  facet normal -0.781593 -0.623789 0
    outer loop
      vertex 90.0804 -143.341 0
      vertex 89.8705 -143.078 2.6
      vertex 89.8705 -143.078 0
    endloop
  endfacet
  facet normal -0.781593 -0.623789 0
    outer loop
      vertex 89.8705 -143.078 2.6
      vertex 90.0804 -143.341 0
      vertex 90.0804 -143.341 2.6
    endloop
  endfacet
  facet normal 0.740904 -0.671611 0
    outer loop
      vertex 169.296 -138.302 2.6
      vertex 169.422 -138.163 0
      vertex 169.422 -138.163 2.6
    endloop
  endfacet
  facet normal 0.740904 -0.671611 0
    outer loop
      vertex 169.422 -138.163 0
      vertex 169.296 -138.302 2.6
      vertex 169.296 -138.302 0
    endloop
  endfacet
  facet normal 0.961587 0.274501 0
    outer loop
      vertex 170.481 -87.9328 2.6
      vertex 170.415 -87.7016 0
      vertex 170.415 -87.7016 2.6
    endloop
  endfacet
  facet normal 0.961587 0.274501 0
    outer loop
      vertex 170.415 -87.7016 0
      vertex 170.481 -87.9328 2.6
      vertex 170.481 -87.9328 0
    endloop
  endfacet
  facet normal 0.699625 0.71451 -0
    outer loop
      vertex 160.378 -76.8321 0
      vertex 160.258 -76.7146 2.6
      vertex 160.378 -76.8321 2.6
    endloop
  endfacet
  facet normal 0.699625 0.71451 0
    outer loop
      vertex 160.258 -76.7146 2.6
      vertex 160.378 -76.8321 0
      vertex 160.258 -76.7146 0
    endloop
  endfacet
  facet normal 0.601265 -0.79905 0
    outer loop
      vertex 163.691 -144.187 0
      vertex 163.893 -144.035 2.6
      vertex 163.691 -144.187 2.6
    endloop
  endfacet
  facet normal 0.601265 -0.79905 0
    outer loop
      vertex 163.893 -144.035 2.6
      vertex 163.691 -144.187 0
      vertex 163.893 -144.035 0
    endloop
  endfacet
  facet normal -0.923981 -0.382437 0
    outer loop
      vertex 89.2892 -142.082 0
      vertex 89.1969 -141.859 2.6
      vertex 89.1969 -141.859 0
    endloop
  endfacet
  facet normal -0.923981 -0.382437 0
    outer loop
      vertex 89.1969 -141.859 2.6
      vertex 89.2892 -142.082 0
      vertex 89.2892 -142.082 2.6
    endloop
  endfacet
  facet normal 0.982533 -0.186086 0
    outer loop
      vertex 170.534 -135.912 2.6
      vertex 170.584 -135.648 0
      vertex 170.584 -135.648 2.6
    endloop
  endfacet
  facet normal 0.982533 -0.186086 0
    outer loop
      vertex 170.584 -135.648 0
      vertex 170.534 -135.912 2.6
      vertex 170.534 -135.912 0
    endloop
  endfacet
  facet normal -0.993712 0.111963 0
    outer loop
      vertex 88.8658 -80.0843 0
      vertex 88.9035 -79.7497 2.6
      vertex 88.9035 -79.7497 0
    endloop
  endfacet
  facet normal -0.993712 0.111963 0
    outer loop
      vertex 88.9035 -79.7497 2.6
      vertex 88.8658 -80.0843 0
      vertex 88.8658 -80.0843 2.6
    endloop
  endfacet
  facet normal 0.974855 0.222841 0
    outer loop
      vertex 170.556 -88.2609 2.6
      vertex 170.481 -87.9328 0
      vertex 170.481 -87.9328 2.6
    endloop
  endfacet
  facet normal 0.974855 0.222841 0
    outer loop
      vertex 170.481 -87.9328 0
      vertex 170.556 -88.2609 2.6
      vertex 170.556 -88.2609 0
    endloop
  endfacet
  facet normal -0.900756 -0.434325 0
    outer loop
      vertex 89.4353 -142.385 0
      vertex 89.2892 -142.082 2.6
      vertex 89.2892 -142.082 0
    endloop
  endfacet
  facet normal -0.900756 -0.434325 0
    outer loop
      vertex 89.2892 -142.082 2.6
      vertex 89.4353 -142.385 0
      vertex 89.4353 -142.385 2.6
    endloop
  endfacet
  facet normal 0.9243 0.381668 0
    outer loop
      vertex 170.303 -87.3839 2.6
      vertex 170.211 -87.1611 0
      vertex 170.211 -87.1611 2.6
    endloop
  endfacet
  facet normal 0.9243 0.381668 0
    outer loop
      vertex 170.211 -87.1611 0
      vertex 170.303 -87.3839 2.6
      vertex 170.303 -87.3839 0
    endloop
  endfacet
  facet normal 0.997349 -0.0727679 0
    outer loop
      vertex 170.63 -135.276 2.6
      vertex 170.647 -135.043 0
      vertex 170.647 -135.043 2.6
    endloop
  endfacet
  facet normal 0.997349 -0.0727679 0
    outer loop
      vertex 170.647 -135.043 0
      vertex 170.63 -135.276 2.6
      vertex 170.63 -135.276 0
    endloop
  endfacet
  facet normal -0.99803 0.0627307 0
    outer loop
      vertex 88.8525 -80.2959 0
      vertex 88.8658 -80.0843 2.6
      vertex 88.8658 -80.0843 0
    endloop
  endfacet
  facet normal -0.99803 0.0627307 0
    outer loop
      vertex 88.8658 -80.0843 2.6
      vertex 88.8525 -80.2959 0
      vertex 88.8525 -80.2959 2.6
    endloop
  endfacet
  facet normal 0.737154 -0.675725 0
    outer loop
      vertex 169.274 -138.326 2.6
      vertex 169.296 -138.302 0
      vertex 169.296 -138.302 2.6
    endloop
  endfacet
  facet normal 0.737154 -0.675725 0
    outer loop
      vertex 169.296 -138.302 0
      vertex 169.274 -138.326 2.6
      vertex 169.274 -138.326 0
    endloop
  endfacet
  facet normal -0.330271 0.943886 0
    outer loop
      vertex 92.4588 -75.579 0
      vertex 92.141 -75.6902 2.6
      vertex 92.4588 -75.579 2.6
    endloop
  endfacet
  facet normal -0.330271 0.943886 0
    outer loop
      vertex 92.141 -75.6902 2.6
      vertex 92.4588 -75.579 0
      vertex 92.141 -75.6902 0
    endloop
  endfacet
  facet normal -0.382462 0.923971 0
    outer loop
      vertex 92.141 -75.6902 0
      vertex 91.9185 -75.7823 2.6
      vertex 92.141 -75.6902 2.6
    endloop
  endfacet
  facet normal -0.382462 0.923971 0
    outer loop
      vertex 91.9185 -75.7823 2.6
      vertex 92.141 -75.6902 0
      vertex 91.9185 -75.7823 0
    endloop
  endfacet
  facet normal -0.746173 -0.665752 0
    outer loop
      vertex 90.241 -143.521 0
      vertex 90.0804 -143.341 2.6
      vertex 90.0804 -143.341 0
    endloop
  endfacet
  facet normal -0.746173 -0.665752 0
    outer loop
      vertex 90.0804 -143.341 2.6
      vertex 90.241 -143.521 0
      vertex 90.241 -143.521 2.6
    endloop
  endfacet
  facet normal 0.649623 -0.760257 0
    outer loop
      vertex 163.893 -144.035 0
      vertex 164.161 -143.806 2.6
      vertex 163.893 -144.035 2.6
    endloop
  endfacet
  facet normal 0.649623 -0.760257 0
    outer loop
      vertex 164.161 -143.806 2.6
      vertex 163.893 -144.035 0
      vertex 164.161 -143.806 0
    endloop
  endfacet
  facet normal -0.943858 -0.33035 0
    outer loop
      vertex 89.1969 -141.859 0
      vertex 89.0856 -141.541 2.6
      vertex 89.0856 -141.541 0
    endloop
  endfacet
  facet normal -0.943858 -0.33035 0
    outer loop
      vertex 89.0856 -141.541 2.6
      vertex 89.1969 -141.859 0
      vertex 89.1969 -141.859 2.6
    endloop
  endfacet
  facet normal 0.0136082 0.999907 -0
    outer loop
      vertex 156.955 -75.3459 0
      vertex 156.786 -75.3436 2.6
      vertex 156.955 -75.3459 2.6
    endloop
  endfacet
  facet normal 0.0136082 0.999907 0
    outer loop
      vertex 156.786 -75.3436 2.6
      vertex 156.955 -75.3459 0
      vertex 156.786 -75.3436 0
    endloop
  endfacet
  facet normal 0.95199 -0.30613 0
    outer loop
      vertex 170.359 -136.529 2.6
      vertex 170.441 -136.274 0
      vertex 170.441 -136.274 2.6
    endloop
  endfacet
  facet normal 0.95199 -0.30613 0
    outer loop
      vertex 170.441 -136.274 0
      vertex 170.359 -136.529 2.6
      vertex 170.359 -136.529 0
    endloop
  endfacet
  facet normal 0.968548 -0.248826 0
    outer loop
      vertex 170.441 -136.274 2.6
      vertex 170.534 -135.912 0
      vertex 170.534 -135.912 2.6
    endloop
  endfacet
  facet normal 0.968548 -0.248826 0
    outer loop
      vertex 170.534 -135.912 0
      vertex 170.441 -136.274 2.6
      vertex 170.441 -136.274 0
    endloop
  endfacet
  facet normal 0.222906 0.97484 -0
    outer loop
      vertex 158.067 -75.5124 0
      vertex 157.739 -75.4374 2.6
      vertex 158.067 -75.5124 2.6
    endloop
  endfacet
  facet normal 0.222906 0.97484 0
    outer loop
      vertex 157.739 -75.4374 2.6
      vertex 158.067 -75.5124 0
      vertex 157.739 -75.4374 0
    endloop
  endfacet
  facet normal 0.167074 0.985944 -0
    outer loop
      vertex 157.739 -75.4374 0
      vertex 157.5 -75.3969 2.6
      vertex 157.739 -75.4374 2.6
    endloop
  endfacet
  facet normal 0.167074 0.985944 0
    outer loop
      vertex 157.5 -75.3969 2.6
      vertex 157.739 -75.4374 0
      vertex 157.5 -75.3969 0
    endloop
  endfacet
  facet normal 0.577902 0.816106 -0
    outer loop
      vertex 159.836 -76.3647 0
      vertex 159.639 -76.2252 2.6
      vertex 159.836 -76.3647 2.6
    endloop
  endfacet
  facet normal 0.577902 0.816106 0
    outer loop
      vertex 159.639 -76.2252 2.6
      vertex 159.836 -76.3647 0
      vertex 159.639 -76.2252 0
    endloop
  endfacet
  facet normal 1 -0 0
    outer loop
      vertex 170.65 -89.2421 2.6
      vertex 170.65 -89.2113 0
      vertex 170.65 -89.2113 2.6
    endloop
  endfacet
  facet normal 1 0 0
    outer loop
      vertex 170.65 -89.2113 0
      vertex 170.65 -89.2421 2.6
      vertex 170.65 -89.2421 0
    endloop
  endfacet
  facet normal 0.433406 0.901199 -0
    outer loop
      vertex 159.143 -75.9289 0
      vertex 158.839 -75.7827 2.6
      vertex 159.143 -75.9289 2.6
    endloop
  endfacet
  facet normal 0.433406 0.901199 0
    outer loop
      vertex 158.839 -75.7827 2.6
      vertex 159.143 -75.9289 0
      vertex 158.839 -75.7827 0
    endloop
  endfacet
  facet normal -0.57856 0.81564 0
    outer loop
      vertex 91.1184 -76.2245 0
      vertex 90.9223 -76.3636 2.6
      vertex 91.1184 -76.2245 2.6
    endloop
  endfacet
  facet normal -0.57856 0.81564 0
    outer loop
      vertex 90.9223 -76.3636 2.6
      vertex 91.1184 -76.2245 0
      vertex 90.9223 -76.3636 0
    endloop
  endfacet
  facet normal 0.33035 0.943858 -0
    outer loop
      vertex 158.617 -75.6905 0
      vertex 158.299 -75.5792 2.6
      vertex 158.617 -75.6905 2.6
    endloop
  endfacet
  facet normal 0.33035 0.943858 0
    outer loop
      vertex 158.299 -75.5792 2.6
      vertex 158.617 -75.6905 0
      vertex 158.299 -75.5792 0
    endloop
  endfacet
  facet normal 0 0 -1
    outer loop
      vertex 166 -89.2598 0
      vertex 170.65 -89.2421 0
      vertex 170.65 -134.822 0
    endloop
  endfacet
  facet normal 0 0 -1
    outer loop
      vertex 166 -134.803 0
      vertex 170.65 -134.822 0
      vertex 170.65 -134.855 0
    endloop
  endfacet
  facet normal -0 0 -1
    outer loop
      vertex 170.65 -89.2421 0
      vertex 166 -89.2598 0
      vertex 170.65 -89.2113 0
    endloop
  endfacet
  facet normal 0 0 -1
    outer loop
      vertex 166 -134.834 0
      vertex 170.65 -134.855 0
      vertex 170.647 -135.043 0
    endloop
  endfacet
  facet normal 0 0 -1
    outer loop
      vertex 166 -89.2318 0
      vertex 170.65 -89.2113 0
      vertex 166 -89.2598 0
    endloop
  endfacet
  facet normal 0 0 -1
    outer loop
      vertex 166 -134.834 0
      vertex 170.647 -135.043 0
      vertex 170.63 -135.276 0
    endloop
  endfacet
  facet normal 0 0 -1
    outer loop
      vertex 170.65 -134.822 0
      vertex 166 -134.803 0
      vertex 166 -89.2598 0
    endloop
  endfacet
  facet normal 0 0 -1
    outer loop
      vertex 166 -134.834 0
      vertex 170.63 -135.276 0
      vertex 170.584 -135.648 0
    endloop
  endfacet
  facet normal -0 0 -1
    outer loop
      vertex 170.65 -89.2113 0
      vertex 166 -89.2318 0
      vertex 170.647 -89.043 0
    endloop
  endfacet
  facet normal 0 0 -1
    outer loop
      vertex 165.989 -134.914 0
      vertex 170.584 -135.648 0
      vertex 170.534 -135.912 0
    endloop
  endfacet
  facet normal -0 0 -1
    outer loop
      vertex 170.647 -89.043 0
      vertex 166 -89.2318 0
      vertex 170.634 -88.8336 0
    endloop
  endfacet
  facet normal 0 0 -1
    outer loop
      vertex 165.989 -134.914 0
      vertex 170.534 -135.912 0
      vertex 170.441 -136.274 0
    endloop
  endfacet
  facet normal -0 0 -1
    outer loop
      vertex 170.634 -88.8336 0
      vertex 166 -89.2318 0
      vertex 170.597 -88.4992 0
    endloop
  endfacet
  facet normal 0 0 -1
    outer loop
      vertex 165.974 -134.975 0
      vertex 170.441 -136.274 0
      vertex 170.359 -136.529 0
    endloop
  endfacet
  facet normal 0 0 -1
    outer loop
      vertex 165.991 -89.1585 0
      vertex 170.597 -88.4992 0
      vertex 166 -89.2318 0
    endloop
  endfacet
  facet normal 0 0 -1
    outer loop
      vertex 165.974 -134.975 0
      vertex 170.359 -136.529 0
      vertex 170.223 -136.877 0
    endloop
  endfacet
  facet normal -0 0 -1
    outer loop
      vertex 170.597 -88.4992 0
      vertex 165.991 -89.1585 0
      vertex 170.556 -88.2609 0
    endloop
  endfacet
  facet normal 0 0 -1
    outer loop
      vertex 165.951 -135.033 0
      vertex 170.223 -136.877 0
      vertex 170.109 -137.12 0
    endloop
  endfacet
  facet normal -0 0 -1
    outer loop
      vertex 170.556 -88.2609 0
      vertex 165.991 -89.1585 0
      vertex 170.481 -87.9328 0
    endloop
  endfacet
  facet normal -0 0 -1
    outer loop
      vertex 170.481 -87.9328 0
      vertex 165.979 -89.1044 0
      vertex 170.415 -87.7016 0
    endloop
  endfacet
  facet normal 0 0 -1
    outer loop
      vertex 165.951 -135.033 0
      vertex 170.109 -137.12 0
      vertex 169.93 -137.449 0
    endloop
  endfacet
  facet normal 0 0 -1
    outer loop
      vertex 165.922 -135.087 0
      vertex 169.93 -137.449 0
      vertex 169.788 -137.676 0
    endloop
  endfacet
  facet normal 0 0 -1
    outer loop
      vertex 165.979 -89.1044 0
      vertex 170.481 -87.9328 0
      vertex 165.991 -89.1585 0
    endloop
  endfacet
  facet normal 0 0 -1
    outer loop
      vertex 165.96 -89.0514 0
      vertex 170.303 -87.3839 0
      vertex 165.979 -89.1044 0
    endloop
  endfacet
  facet normal 0 0 -1
    outer loop
      vertex 165.922 -135.087 0
      vertex 169.788 -137.676 0
      vertex 169.569 -137.98 0
    endloop
  endfacet
  facet normal 0 0 -1
    outer loop
      vertex 165.874 -135.153 0
      vertex 169.569 -137.98 0
      vertex 169.422 -138.163 0
    endloop
  endfacet
  facet normal -0 0 -1
    outer loop
      vertex 170.415 -87.7016 0
      vertex 165.979 -89.1044 0
      vertex 170.303 -87.3839 0
    endloop
  endfacet
  facet normal 0 0 -1
    outer loop
      vertex 165.874 -135.153 0
      vertex 169.422 -138.163 0
      vertex 169.296 -138.302 0
    endloop
  endfacet
  facet normal -0 0 -1
    outer loop
      vertex 170.303 -87.3839 0
      vertex 165.96 -89.0514 0
      vertex 170.211 -87.1611 0
    endloop
  endfacet
  facet normal 0 0 -1
    outer loop
      vertex 165.853 -135.176 0
      vertex 169.296 -138.302 0
      vertex 169.274 -138.326 0
    endloop
  endfacet
  facet normal 0 0 -1
    outer loop
      vertex 165.936 -89.0012 0
      vertex 170.065 -86.8578 0
      vertex 165.96 -89.0514 0
    endloop
  endfacet
  facet normal -0 0 -1
    outer loop
      vertex 170.065 -86.8578 0
      vertex 165.936 -89.0012 0
      vertex 169.949 -86.6468 0
    endloop
  endfacet
  facet normal -0 0 -1
    outer loop
      vertex 170.211 -87.1611 0
      vertex 165.96 -89.0514 0
      vertex 170.065 -86.8578 0
    endloop
  endfacet
  facet normal 0 0 -1
    outer loop
      vertex 170.65 -134.855 0
      vertex 166 -134.834 0
      vertex 166 -134.803 0
    endloop
  endfacet
  facet normal 0 0 -1
    outer loop
      vertex 170.584 -135.648 0
      vertex 165.989 -134.914 0
      vertex 166 -134.834 0
    endloop
  endfacet
  facet normal 0 0 -1
    outer loop
      vertex 170.441 -136.274 0
      vertex 165.974 -134.975 0
      vertex 165.989 -134.914 0
    endloop
  endfacet
  facet normal 0 0 -1
    outer loop
      vertex 170.223 -136.877 0
      vertex 165.951 -135.033 0
      vertex 165.974 -134.975 0
    endloop
  endfacet
  facet normal 0 0 -1
    outer loop
      vertex 169.93 -137.449 0
      vertex 165.922 -135.087 0
      vertex 165.951 -135.033 0
    endloop
  endfacet
  facet normal 0 0 -1
    outer loop
      vertex 169.569 -137.98 0
      vertex 165.874 -135.153 0
      vertex 165.922 -135.087 0
    endloop
  endfacet
  facet normal 0 0 -1
    outer loop
      vertex 169.296 -138.302 0
      vertex 165.853 -135.176 0
      vertex 165.874 -135.153 0
    endloop
  endfacet
  facet normal 0 0 -1
    outer loop
      vertex 164.466 -143.504 0
      vertex 165.853 -135.176 0
      vertex 169.274 -138.326 0
    endloop
  endfacet
  facet normal 0 0 -1
    outer loop
      vertex 161.071 -140.327 0
      vertex 164.466 -143.504 0
      vertex 164.444 -143.527 0
    endloop
  endfacet
  facet normal 0 0 -1
    outer loop
      vertex 161.05 -140.348 0
      vertex 164.444 -143.527 0
      vertex 164.322 -143.655 0
    endloop
  endfacet
  facet normal 0 0 -1
    outer loop
      vertex 161.05 -140.348 0
      vertex 164.322 -143.655 0
      vertex 164.161 -143.806 0
    endloop
  endfacet
  facet normal 0 0 -1
    outer loop
      vertex 161.05 -140.348 0
      vertex 164.161 -143.806 0
      vertex 163.893 -144.035 0
    endloop
  endfacet
  facet normal 0 0 -1
    outer loop
      vertex 160.992 -140.398 0
      vertex 163.893 -144.035 0
      vertex 163.691 -144.187 0
    endloop
  endfacet
  facet normal 0 0 -1
    outer loop
      vertex 160.992 -140.398 0
      vertex 163.691 -144.187 0
      vertex 163.398 -144.382 0
    endloop
  endfacet
  facet normal 0 0 -1
    outer loop
      vertex 160.943 -140.43 0
      vertex 163.398 -144.382 0
      vertex 163.18 -144.51 0
    endloop
  endfacet
  facet normal 0 0 -1
    outer loop
      vertex 160.943 -140.43 0
      vertex 163.18 -144.51 0
      vertex 162.865 -144.669 0
    endloop
  endfacet
  facet normal 0 0 -1
    outer loop
      vertex 160.891 -140.457 0
      vertex 162.865 -144.669 0
      vertex 162.634 -144.77 0
    endloop
  endfacet
  facet normal 0 0 -1
    outer loop
      vertex 160.891 -140.457 0
      vertex 162.634 -144.77 0
      vertex 162.303 -144.892 0
    endloop
  endfacet
  facet normal 0 0 -1
    outer loop
      vertex 160.836 -140.477 0
      vertex 162.303 -144.892 0
      vertex 162.062 -144.965 0
    endloop
  endfacet
  facet normal 0 0 -1
    outer loop
      vertex 160.836 -140.477 0
      vertex 162.062 -144.965 0
      vertex 161.719 -145.047 0
    endloop
  endfacet
  facet normal 0 0 -1
    outer loop
      vertex 160.779 -140.491 0
      vertex 161.719 -145.047 0
      vertex 161.471 -145.091 0
    endloop
  endfacet
  facet normal 0 0 -1
    outer loop
      vertex 160.779 -140.491 0
      vertex 161.471 -145.091 0
      vertex 161.121 -145.133 0
    endloop
  endfacet
  facet normal 0 0 -1
    outer loop
      vertex 164.466 -143.504 0
      vertex 161.071 -140.327 0
      vertex 165.853 -135.176 0
    endloop
  endfacet
  facet normal 0 0 -1
    outer loop
      vertex 164.444 -143.527 0
      vertex 161.05 -140.348 0
      vertex 161.071 -140.327 0
    endloop
  endfacet
  facet normal 0 0 -1
    outer loop
      vertex 163.893 -144.035 0
      vertex 160.992 -140.398 0
      vertex 161.05 -140.348 0
    endloop
  endfacet
  facet normal 0 0 -1
    outer loop
      vertex 163.398 -144.382 0
      vertex 160.943 -140.43 0
      vertex 160.992 -140.398 0
    endloop
  endfacet
  facet normal 0 0 -1
    outer loop
      vertex 160.703 -140.5 0
      vertex 161.121 -145.133 0
      vertex 160.899 -145.147 0
    endloop
  endfacet
  facet normal 0 0 -1
    outer loop
      vertex 162.865 -144.669 0
      vertex 160.891 -140.457 0
      vertex 160.943 -140.43 0
    endloop
  endfacet
  facet normal 0 0 -1
    outer loop
      vertex 162.303 -144.892 0
      vertex 160.836 -140.477 0
      vertex 160.891 -140.457 0
    endloop
  endfacet
  facet normal 0 0 -1
    outer loop
      vertex 161.719 -145.047 0
      vertex 160.779 -140.491 0
      vertex 160.836 -140.477 0
    endloop
  endfacet
  facet normal 0 0 -1
    outer loop
      vertex 160.703 -140.5 0
      vertex 160.899 -145.147 0
      vertex 160.722 -145.15 0
    endloop
  endfacet
  facet normal 0 0 -1
    outer loop
      vertex 161.121 -145.133 0
      vertex 160.703 -140.5 0
      vertex 160.779 -140.491 0
    endloop
  endfacet
  facet normal 0 0 -1
    outer loop
      vertex 160.675 -140.5 0
      vertex 160.722 -145.15 0
      vertex 160.692 -145.15 0
    endloop
  endfacet
  facet normal 0 0 -1
    outer loop
      vertex 160.722 -145.15 0
      vertex 160.675 -140.5 0
      vertex 160.703 -140.5 0
    endloop
  endfacet
  facet normal 0 0 -1
    outer loop
      vertex 160.692 -145.15 0
      vertex 94.0177 -140.5 0
      vertex 160.675 -140.5 0
    endloop
  endfacet
  facet normal 0 0 -1
    outer loop
      vertex 94 -145.15 0
      vertex 94.0177 -140.5 0
      vertex 160.692 -145.15 0
    endloop
  endfacet
  facet normal 0 0 -1
    outer loop
      vertex 93.9692 -145.15 0
      vertex 94.0177 -140.5 0
      vertex 94 -145.15 0
    endloop
  endfacet
  facet normal -0 0 -1
    outer loop
      vertex 94.0177 -140.5 0
      vertex 93.9692 -145.15 0
      vertex 93.9898 -140.5 0
    endloop
  endfacet
  facet normal 0 0 -1
    outer loop
      vertex 93.8009 -145.147 0
      vertex 93.9898 -140.5 0
      vertex 93.9692 -145.15 0
    endloop
  endfacet
  facet normal 0 0 -1
    outer loop
      vertex 93.591 -145.134 0
      vertex 93.9898 -140.5 0
      vertex 93.8009 -145.147 0
    endloop
  endfacet
  facet normal -0 0 -1
    outer loop
      vertex 93.9898 -140.5 0
      vertex 93.591 -145.134 0
      vertex 93.9165 -140.491 0
    endloop
  endfacet
  facet normal 0 0 -1
    outer loop
      vertex 93.2564 -145.096 0
      vertex 93.9165 -140.491 0
      vertex 93.591 -145.134 0
    endloop
  endfacet
  facet normal 0 0 -1
    outer loop
      vertex 93.0188 -145.056 0
      vertex 93.9165 -140.491 0
      vertex 93.2564 -145.096 0
    endloop
  endfacet
  facet normal -0 0 -1
    outer loop
      vertex 93.9165 -140.491 0
      vertex 93.0188 -145.056 0
      vertex 93.8619 -140.479 0
    endloop
  endfacet
  facet normal 0 0 -1
    outer loop
      vertex 92.6905 -144.981 0
      vertex 93.8619 -140.479 0
      vertex 93.0188 -145.056 0
    endloop
  endfacet
  facet normal 0 0 -1
    outer loop
      vertex 92.4587 -144.914 0
      vertex 93.8619 -140.479 0
      vertex 92.6905 -144.981 0
    endloop
  endfacet
  facet normal -0 0 -1
    outer loop
      vertex 93.8619 -140.479 0
      vertex 92.4587 -144.914 0
      vertex 93.8094 -140.461 0
    endloop
  endfacet
  facet normal 0 0 -1
    outer loop
      vertex 92.1409 -144.803 0
      vertex 93.8094 -140.461 0
      vertex 92.4587 -144.914 0
    endloop
  endfacet
  facet normal 0 0 -1
    outer loop
      vertex 91.9179 -144.711 0
      vertex 93.8094 -140.461 0
      vertex 92.1409 -144.803 0
    endloop
  endfacet
  facet normal -0 0 -1
    outer loop
      vertex 93.8094 -140.461 0
      vertex 91.9179 -144.711 0
      vertex 93.7588 -140.436 0
    endloop
  endfacet
  facet normal 0 0 -1
    outer loop
      vertex 91.6146 -144.565 0
      vertex 93.7588 -140.436 0
      vertex 91.9179 -144.711 0
    endloop
  endfacet
  facet normal 0 0 -1
    outer loop
      vertex 91.4041 -144.448 0
      vertex 93.7588 -140.436 0
      vertex 91.6146 -144.565 0
    endloop
  endfacet
  facet normal -0 0 -1
    outer loop
      vertex 93.7588 -140.436 0
      vertex 91.4041 -144.448 0
      vertex 93.7114 -140.406 0
    endloop
  endfacet
  facet normal -0 0 -1
    outer loop
      vertex 93.7114 -140.406 0
      vertex 90.9221 -144.13 0
      vertex 93.6678 -140.372 0
    endloop
  endfacet
  facet normal 0 0 -1
    outer loop
      vertex 90.9221 -144.13 0
      vertex 93.7114 -140.406 0
      vertex 91.119 -144.269 0
    endloop
  endfacet
  facet normal 0 0 -1
    outer loop
      vertex 91.119 -144.269 0
      vertex 93.7114 -140.406 0
      vertex 91.4041 -144.448 0
    endloop
  endfacet
  facet normal -0 0 -1
    outer loop
      vertex 169.949 -86.6468 0
      vertex 165.936 -89.0012 0
      vertex 169.77 -86.3618 0
    endloop
  endfacet
  facet normal 0 0 -1
    outer loop
      vertex 165.906 -88.9535 0
      vertex 169.77 -86.3618 0
      vertex 165.936 -89.0012 0
    endloop
  endfacet
  facet normal -0 0 -1
    outer loop
      vertex 169.77 -86.3618 0
      vertex 165.906 -88.9535 0
      vertex 169.631 -86.1655 0
    endloop
  endfacet
  facet normal -0 0 -1
    outer loop
      vertex 169.631 -86.1655 0
      vertex 165.906 -88.9535 0
      vertex 169.421 -85.9023 0
    endloop
  endfacet
  facet normal 0 0 -1
    outer loop
      vertex 165.861 -88.8962 0
      vertex 169.421 -85.9023 0
      vertex 165.906 -88.9535 0
    endloop
  endfacet
  facet normal -0 0 -1
    outer loop
      vertex 169.421 -85.9023 0
      vertex 165.861 -88.8962 0
      vertex 169.281 -85.7437 0
    endloop
  endfacet
  facet normal -0 0 -1
    outer loop
      vertex 169.281 -85.7437 0
      vertex 165.861 -88.8962 0
      vertex 169.164 -85.623 0
    endloop
  endfacet
  facet normal 0 0 -1
    outer loop
      vertex 165.841 -88.8759 0
      vertex 169.164 -85.623 0
      vertex 165.861 -88.8962 0
    endloop
  endfacet
  facet normal -0 0 -1
    outer loop
      vertex 169.164 -85.623 0
      vertex 165.841 -88.8759 0
      vertex 169.143 -85.6016 0
    endloop
  endfacet
  facet normal 0 0 -1
    outer loop
      vertex 165.841 -88.8759 0
      vertex 160.4 -76.853 0
      vertex 169.143 -85.6016 0
    endloop
  endfacet
  facet normal 0 0 -1
    outer loop
      vertex 157.123 -80.1529 0
      vertex 160.4 -76.853 0
      vertex 165.841 -88.8759 0
    endloop
  endfacet
  facet normal -0 0 -1
    outer loop
      vertex 160.4 -76.853 0
      vertex 157.123 -80.1529 0
      vertex 160.378 -76.8321 0
    endloop
  endfacet
  facet normal 0 0 -1
    outer loop
      vertex 157.103 -80.1326 0
      vertex 160.378 -76.8321 0
      vertex 157.123 -80.1529 0
    endloop
  endfacet
  facet normal -0 0 -1
    outer loop
      vertex 160.378 -76.8321 0
      vertex 157.103 -80.1326 0
      vertex 160.258 -76.7146 0
    endloop
  endfacet
  facet normal -0 0 -1
    outer loop
      vertex 160.258 -76.7146 0
      vertex 157.103 -80.1326 0
      vertex 160.099 -76.5748 0
    endloop
  endfacet
  facet normal -0 0 -1
    outer loop
      vertex 160.099 -76.5748 0
      vertex 157.103 -80.1326 0
      vertex 159.836 -76.3647 0
    endloop
  endfacet
  facet normal 0 0 -1
    outer loop
      vertex 157.045 -80.0868 0
      vertex 159.836 -76.3647 0
      vertex 157.103 -80.1326 0
    endloop
  endfacet
  facet normal -0 0 -1
    outer loop
      vertex 159.836 -76.3647 0
      vertex 157.045 -80.0868 0
      vertex 159.639 -76.2252 0
    endloop
  endfacet
  facet normal -0 0 -1
    outer loop
      vertex 159.639 -76.2252 0
      vertex 157.045 -80.0868 0
      vertex 159.354 -76.0459 0
    endloop
  endfacet
  facet normal 0 0 -1
    outer loop
      vertex 156.998 -80.0571 0
      vertex 159.354 -76.0459 0
      vertex 157.045 -80.0868 0
    endloop
  endfacet
  facet normal -0 0 -1
    outer loop
      vertex 159.354 -76.0459 0
      vertex 156.998 -80.0571 0
      vertex 159.143 -75.9289 0
    endloop
  endfacet
  facet normal -0 0 -1
    outer loop
      vertex 159.143 -75.9289 0
      vertex 156.998 -80.0571 0
      vertex 158.839 -75.7827 0
    endloop
  endfacet
  facet normal 0 0 -1
    outer loop
      vertex 156.948 -80.0329 0
      vertex 158.839 -75.7827 0
      vertex 156.998 -80.0571 0
    endloop
  endfacet
  facet normal -0 0 -1
    outer loop
      vertex 158.839 -75.7827 0
      vertex 156.948 -80.0329 0
      vertex 158.617 -75.6905 0
    endloop
  endfacet
  facet normal -0 0 -1
    outer loop
      vertex 158.617 -75.6905 0
      vertex 156.948 -80.0329 0
      vertex 158.299 -75.5792 0
    endloop
  endfacet
  facet normal 0 0 -1
    outer loop
      vertex 156.895 -80.0144 0
      vertex 158.299 -75.5792 0
      vertex 156.948 -80.0329 0
    endloop
  endfacet
  facet normal -0 0 -1
    outer loop
      vertex 158.299 -75.5792 0
      vertex 156.895 -80.0144 0
      vertex 158.067 -75.5124 0
    endloop
  endfacet
  facet normal -0 0 -1
    outer loop
      vertex 158.067 -75.5124 0
      vertex 156.895 -80.0144 0
      vertex 157.739 -75.4374 0
    endloop
  endfacet
  facet normal 0 0 -1
    outer loop
      vertex 156.84 -80.0019 0
      vertex 157.739 -75.4374 0
      vertex 156.895 -80.0144 0
    endloop
  endfacet
  facet normal -0 0 -1
    outer loop
      vertex 157.739 -75.4374 0
      vertex 156.84 -80.0019 0
      vertex 157.5 -75.3969 0
    endloop
  endfacet
  facet normal -0 0 -1
    outer loop
      vertex 157.5 -75.3969 0
      vertex 156.84 -80.0019 0
      vertex 157.166 -75.3592 0
    endloop
  endfacet
  facet normal 0 0 -1
    outer loop
      vertex 156.768 -79.9938 0
      vertex 157.166 -75.3592 0
      vertex 156.84 -80.0019 0
    endloop
  endfacet
  facet normal -0 0 -1
    outer loop
      vertex 157.166 -75.3592 0
      vertex 156.768 -79.9938 0
      vertex 156.955 -75.3459 0
    endloop
  endfacet
  facet normal -0 0 -1
    outer loop
      vertex 156.955 -75.3459 0
      vertex 156.768 -79.9938 0
      vertex 156.786 -75.3436 0
    endloop
  endfacet
  facet normal 0 0 -1
    outer loop
      vertex 156.739 -79.9934 0
      vertex 156.786 -75.3436 0
      vertex 156.768 -79.9938 0
    endloop
  endfacet
  facet normal -0 0 -1
    outer loop
      vertex 156.786 -75.3436 0
      vertex 156.739 -79.9934 0
      vertex 156.757 -75.3434 0
    endloop
  endfacet
  facet normal 0 0 -1
    outer loop
      vertex 94.0174 -79.9934 0
      vertex 156.757 -75.3434 0
      vertex 156.739 -79.9934 0
    endloop
  endfacet
  facet normal 0 0 -1
    outer loop
      vertex 94.0174 -79.9934 0
      vertex 94 -75.3434 0
      vertex 156.757 -75.3434 0
    endloop
  endfacet
  facet normal 0 0 -1
    outer loop
      vertex 93.9694 -75.3436 0
      vertex 94.0174 -79.9934 0
      vertex 93.99 -79.9938 0
    endloop
  endfacet
  facet normal 0 0 -1
    outer loop
      vertex 94.0174 -79.9934 0
      vertex 93.9694 -75.3436 0
      vertex 94 -75.3434 0
    endloop
  endfacet
  facet normal 0 0 -1
    outer loop
      vertex 93.591 -75.3593 0
      vertex 93.99 -79.9938 0
      vertex 93.9164 -80.0021 0
    endloop
  endfacet
  facet normal 0 0 -1
    outer loop
      vertex 93.0188 -75.4374 0
      vertex 93.9164 -80.0021 0
      vertex 93.8618 -80.0145 0
    endloop
  endfacet
  facet normal 0 0 -1
    outer loop
      vertex 92.4588 -75.579 0
      vertex 93.8618 -80.0145 0
      vertex 93.809 -80.033 0
    endloop
  endfacet
  facet normal 0 0 -1
    outer loop
      vertex 93.99 -79.9938 0
      vertex 93.8011 -75.346 0
      vertex 93.9694 -75.3436 0
    endloop
  endfacet
  facet normal 0 0 -1
    outer loop
      vertex 91.9185 -75.7823 0
      vertex 93.809 -80.033 0
      vertex 93.7589 -80.0571 0
    endloop
  endfacet
  facet normal 0 0 -1
    outer loop
      vertex 91.4035 -76.0453 0
      vertex 93.7589 -80.0571 0
      vertex 93.7116 -80.0869 0
    endloop
  endfacet
  facet normal 0 0 -1
    outer loop
      vertex 90.9223 -76.3636 0
      vertex 93.7116 -80.0869 0
      vertex 93.6676 -80.1219 0
    endloop
  endfacet
  facet normal 0 0 -1
    outer loop
      vertex 90.479 -76.7344 0
      vertex 93.6676 -80.1219 0
      vertex 93.6282 -80.1613 0
    endloop
  endfacet
  facet normal 0 0 -1
    outer loop
      vertex 90.0803 -77.1522 0
      vertex 93.6282 -80.1613 0
      vertex 93.5935 -80.2049 0
    endloop
  endfacet
  facet normal 0 0 -1
    outer loop
      vertex 93.99 -79.9938 0
      vertex 93.591 -75.3593 0
      vertex 93.8011 -75.346 0
    endloop
  endfacet
  facet normal 0 0 -1
    outer loop
      vertex 89.7307 -77.6123 0
      vertex 93.5935 -80.2049 0
      vertex 93.5638 -80.2521 0
    endloop
  endfacet
  facet normal 0 0 -1
    outer loop
      vertex 89.4351 -78.1083 0
      vertex 93.5638 -80.2521 0
      vertex 93.5394 -80.3028 0
    endloop
  endfacet
  facet normal 0 0 -1
    outer loop
      vertex 89.1967 -78.6345 0
      vertex 93.5394 -80.3028 0
      vertex 93.521 -80.3553 0
    endloop
  endfacet
  facet normal 0 0 -1
    outer loop
      vertex 89.0188 -79.1839 0
      vertex 93.521 -80.3553 0
      vertex 93.5086 -80.4099 0
    endloop
  endfacet
  facet normal 0 0 -1
    outer loop
      vertex 88.9035 -79.7497 0
      vertex 93.5086 -80.4099 0
      vertex 93.5004 -80.4825 0
    endloop
  endfacet
  facet normal 0 0 -1
    outer loop
      vertex 93.9164 -80.0021 0
      vertex 93.2563 -75.397 0
      vertex 93.591 -75.3593 0
    endloop
  endfacet
  facet normal 0 0 -1
    outer loop
      vertex 88.8502 -80.4642 0
      vertex 93.5004 -80.4825 0
      vertex 93.5 -80.5106 0
    endloop
  endfacet
  facet normal -0 0 -1
    outer loop
      vertex 93.5 -139.983 0
      vertex 88.85 -140 0
      vertex 93.5 -80.5106 0
    endloop
  endfacet
  facet normal 0 0 -1
    outer loop
      vertex 90.6589 -143.92 0
      vertex 93.6678 -140.372 0
      vertex 90.9221 -144.13 0
    endloop
  endfacet
  facet normal 0 0 -1
    outer loop
      vertex 88.85 -80.4934 0
      vertex 93.5 -80.5106 0
      vertex 88.85 -140 0
    endloop
  endfacet
  facet normal 0 0 -1
    outer loop
      vertex 90.4791 -143.759 0
      vertex 93.6678 -140.372 0
      vertex 90.6589 -143.92 0
    endloop
  endfacet
  facet normal 0 -0 -1
    outer loop
      vertex 88.8502 -80.4642 0
      vertex 93.5 -80.5106 0
      vertex 88.85 -80.4934 0
    endloop
  endfacet
  facet normal 0 0 -1
    outer loop
      vertex 93.8618 -80.0145 0
      vertex 92.6905 -75.5123 0
      vertex 93.0188 -75.4374 0
    endloop
  endfacet
  facet normal -0 0 -1
    outer loop
      vertex 93.6678 -140.372 0
      vertex 90.4791 -143.759 0
      vertex 93.6284 -140.332 0
    endloop
  endfacet
  facet normal 0 0 -1
    outer loop
      vertex 93.8618 -80.0145 0
      vertex 92.4588 -75.579 0
      vertex 92.6905 -75.5123 0
    endloop
  endfacet
  facet normal 0 0 -1
    outer loop
      vertex 90.241 -143.521 0
      vertex 93.6284 -140.332 0
      vertex 90.4791 -143.759 0
    endloop
  endfacet
  facet normal 0 0 -1
    outer loop
      vertex 93.809 -80.033 0
      vertex 92.141 -75.6902 0
      vertex 92.4588 -75.579 0
    endloop
  endfacet
  facet normal 0 0 -1
    outer loop
      vertex 90.0804 -143.341 0
      vertex 93.6284 -140.332 0
      vertex 90.241 -143.521 0
    endloop
  endfacet
  facet normal 0 0 -1
    outer loop
      vertex 93.809 -80.033 0
      vertex 91.9185 -75.7823 0
      vertex 92.141 -75.6902 0
    endloop
  endfacet
  facet normal -0 0 -1
    outer loop
      vertex 93.6284 -140.332 0
      vertex 90.0804 -143.341 0
      vertex 93.5936 -140.289 0
    endloop
  endfacet
  facet normal 0 0 -1
    outer loop
      vertex 89.8705 -143.078 0
      vertex 93.5936 -140.289 0
      vertex 90.0804 -143.341 0
    endloop
  endfacet
  facet normal 0 0 -1
    outer loop
      vertex 93.9164 -80.0021 0
      vertex 93.0188 -75.4374 0
      vertex 93.2563 -75.397 0
    endloop
  endfacet
  facet normal 0 0 -1
    outer loop
      vertex 89.7308 -142.881 0
      vertex 93.5936 -140.289 0
      vertex 89.8705 -143.078 0
    endloop
  endfacet
  facet normal 0 0 -1
    outer loop
      vertex 93.7589 -80.0571 0
      vertex 91.6152 -75.9283 0
      vertex 91.9185 -75.7823 0
    endloop
  endfacet
  facet normal 0 0 -1
    outer loop
      vertex 93.7116 -80.0869 0
      vertex 91.1184 -76.2245 0
      vertex 91.4035 -76.0453 0
    endloop
  endfacet
  facet normal -0 0 -1
    outer loop
      vertex 93.5936 -140.289 0
      vertex 89.7308 -142.881 0
      vertex 93.5638 -140.241 0
    endloop
  endfacet
  facet normal 0 0 -1
    outer loop
      vertex 93.7116 -80.0869 0
      vertex 90.9223 -76.3636 0
      vertex 91.1184 -76.2245 0
    endloop
  endfacet
  facet normal 0 0 -1
    outer loop
      vertex 89.5517 -142.596 0
      vertex 93.5638 -140.241 0
      vertex 89.7308 -142.881 0
    endloop
  endfacet
  facet normal 0 0 -1
    outer loop
      vertex 89.4353 -142.385 0
      vertex 93.5638 -140.241 0
      vertex 89.5517 -142.596 0
    endloop
  endfacet
  facet normal 0 0 -1
    outer loop
      vertex 93.7589 -80.0571 0
      vertex 91.4035 -76.0453 0
      vertex 91.6152 -75.9283 0
    endloop
  endfacet
  facet normal -0 0 -1
    outer loop
      vertex 93.5638 -140.241 0
      vertex 89.4353 -142.385 0
      vertex 93.5395 -140.191 0
    endloop
  endfacet
  facet normal 0 0 -1
    outer loop
      vertex 93.6676 -80.1219 0
      vertex 90.6591 -76.5735 0
      vertex 90.9223 -76.3636 0
    endloop
  endfacet
  facet normal 0 0 -1
    outer loop
      vertex 89.2892 -142.082 0
      vertex 93.5395 -140.191 0
      vertex 89.4353 -142.385 0
    endloop
  endfacet
  facet normal 0 0 -1
    outer loop
      vertex 93.6676 -80.1219 0
      vertex 90.479 -76.7344 0
      vertex 90.6591 -76.5735 0
    endloop
  endfacet
  facet normal 0 0 -1
    outer loop
      vertex 89.1969 -141.859 0
      vertex 93.5395 -140.191 0
      vertex 89.2892 -142.082 0
    endloop
  endfacet
  facet normal 0 0 -1
    outer loop
      vertex 93.6282 -80.1613 0
      vertex 90.2409 -76.9725 0
      vertex 90.479 -76.7344 0
    endloop
  endfacet
  facet normal -0 0 -1
    outer loop
      vertex 93.5395 -140.191 0
      vertex 89.1969 -141.859 0
      vertex 93.5211 -140.138 0
    endloop
  endfacet
  facet normal 0 0 -1
    outer loop
      vertex 93.6282 -80.1613 0
      vertex 90.0803 -77.1522 0
      vertex 90.2409 -76.9725 0
    endloop
  endfacet
  facet normal 0 0 -1
    outer loop
      vertex 89.0856 -141.541 0
      vertex 93.5211 -140.138 0
      vertex 89.1969 -141.859 0
    endloop
  endfacet
  facet normal 0 0 -1
    outer loop
      vertex 93.5935 -80.2049 0
      vertex 89.8704 -77.4154 0
      vertex 90.0803 -77.1522 0
    endloop
  endfacet
  facet normal 0 0 -1
    outer loop
      vertex 89.0189 -141.309 0
      vertex 93.5211 -140.138 0
      vertex 89.0856 -141.541 0
    endloop
  endfacet
  facet normal 0 0 -1
    outer loop
      vertex 93.5935 -80.2049 0
      vertex 89.7307 -77.6123 0
      vertex 89.8704 -77.4154 0
    endloop
  endfacet
  facet normal -0 0 -1
    outer loop
      vertex 93.5211 -140.138 0
      vertex 89.0189 -141.309 0
      vertex 93.5087 -140.084 0
    endloop
  endfacet
  facet normal 0 0 -1
    outer loop
      vertex 93.5638 -80.2521 0
      vertex 89.5516 -77.8974 0
      vertex 89.7307 -77.6123 0
    endloop
  endfacet
  facet normal 0 0 -1
    outer loop
      vertex 88.944 -140.981 0
      vertex 93.5087 -140.084 0
      vertex 89.0189 -141.309 0
    endloop
  endfacet
  facet normal 0 0 -1
    outer loop
      vertex 93.5638 -80.2521 0
      vertex 89.4351 -78.1083 0
      vertex 89.5516 -77.8974 0
    endloop
  endfacet
  facet normal 0 0 -1
    outer loop
      vertex 88.9036 -140.744 0
      vertex 93.5087 -140.084 0
      vertex 88.944 -140.981 0
    endloop
  endfacet
  facet normal 0 0 -1
    outer loop
      vertex 93.5394 -80.3028 0
      vertex 89.289 -78.4117 0
      vertex 89.4351 -78.1083 0
    endloop
  endfacet
  facet normal -0 0 -1
    outer loop
      vertex 93.5087 -140.084 0
      vertex 88.9036 -140.744 0
      vertex 93.5004 -140.01 0
    endloop
  endfacet
  facet normal 0 0 -1
    outer loop
      vertex 93.5394 -80.3028 0
      vertex 89.1967 -78.6345 0
      vertex 89.289 -78.4117 0
    endloop
  endfacet
  facet normal 0 0 -1
    outer loop
      vertex 88.8659 -140.409 0
      vertex 93.5004 -140.01 0
      vertex 88.9036 -140.744 0
    endloop
  endfacet
  facet normal 0 0 -1
    outer loop
      vertex 93.521 -80.3553 0
      vertex 89.0855 -78.9523 0
      vertex 89.1967 -78.6345 0
    endloop
  endfacet
  facet normal 0 0 -1
    outer loop
      vertex 88.8526 -140.199 0
      vertex 93.5004 -140.01 0
      vertex 88.8659 -140.409 0
    endloop
  endfacet
  facet normal 0 0 -1
    outer loop
      vertex 93.521 -80.3553 0
      vertex 89.0188 -79.1839 0
      vertex 89.0855 -78.9523 0
    endloop
  endfacet
  facet normal 0 0 -1
    outer loop
      vertex 88.8502 -140.031 0
      vertex 93.5004 -140.01 0
      vertex 88.8526 -140.199 0
    endloop
  endfacet
  facet normal 0 0 -1
    outer loop
      vertex 93.5086 -80.4099 0
      vertex 88.9439 -79.5121 0
      vertex 89.0188 -79.1839 0
    endloop
  endfacet
  facet normal -0 0 -1
    outer loop
      vertex 93.5004 -140.01 0
      vertex 88.8502 -140.031 0
      vertex 93.5 -139.983 0
    endloop
  endfacet
  facet normal 0 0 -1
    outer loop
      vertex 93.5 -139.983 0
      vertex 88.8502 -140.031 0
      vertex 88.85 -140 0
    endloop
  endfacet
  facet normal 0 0 -1
    outer loop
      vertex 93.5086 -80.4099 0
      vertex 88.9035 -79.7497 0
      vertex 88.9439 -79.5121 0
    endloop
  endfacet
  facet normal 0 0 -1
    outer loop
      vertex 93.5004 -80.4825 0
      vertex 88.8525 -80.2959 0
      vertex 88.8658 -80.0843 0
    endloop
  endfacet
  facet normal 0 0 -1
    outer loop
      vertex 93.5004 -80.4825 0
      vertex 88.8658 -80.0843 0
      vertex 88.9035 -79.7497 0
    endloop
  endfacet
  facet normal 0 0 -1
    outer loop
      vertex 93.5004 -80.4825 0
      vertex 88.8502 -80.4642 0
      vertex 88.8525 -80.2959 0
    endloop
  endfacet
  facet normal 0.624151 0.781303 -0
    outer loop
      vertex 160.099 -76.5748 0
      vertex 159.836 -76.3647 2.6
      vertex 160.099 -76.5748 2.6
    endloop
  endfacet
  facet normal 0.624151 0.781303 0
    outer loop
      vertex 159.836 -76.3647 2.6
      vertex 160.099 -76.5748 0
      vertex 159.836 -76.3647 0
    endloop
  endfacet
  facet normal 0.484939 0.874548 -0
    outer loop
      vertex 159.354 -76.0459 0
      vertex 159.143 -75.9289 2.6
      vertex 159.354 -76.0459 2.6
    endloop
  endfacet
  facet normal 0.484939 0.874548 0
    outer loop
      vertex 159.143 -75.9289 2.6
      vertex 159.354 -76.0459 0
      vertex 159.143 -75.9289 0
    endloop
  endfacet
  facet normal 0.732804 -0.68044 0
    outer loop
      vertex 164.466 -143.504 2.6
      vertex 169.274 -138.326 0
      vertex 169.274 -138.326 2.6
    endloop
  endfacet
  facet normal 0.732804 -0.68044 0
    outer loop
      vertex 169.274 -138.326 0
      vertex 164.466 -143.504 2.6
      vertex 164.466 -143.504 0
    endloop
  endfacet
  facet normal 0.383552 0.923519 -0
    outer loop
      vertex 158.839 -75.7827 0
      vertex 158.617 -75.6905 2.6
      vertex 158.839 -75.7827 2.6
    endloop
  endfacet
  facet normal 0.383552 0.923519 0
    outer loop
      vertex 158.617 -75.6905 2.6
      vertex 158.839 -75.7827 0
      vertex 158.617 -75.6905 0
    endloop
  endfacet
  facet normal 0.174691 -0.984623 0
    outer loop
      vertex 161.471 -145.091 0
      vertex 161.719 -145.047 2.6
      vertex 161.471 -145.091 2.6
    endloop
  endfacet
  facet normal 0.174691 -0.984623 0
    outer loop
      vertex 161.719 -145.047 2.6
      vertex 161.471 -145.091 0
      vertex 161.719 -145.047 0
    endloop
  endfacet
  facet normal 0.847788 -0.530335 0
    outer loop
      vertex 169.788 -137.676 2.6
      vertex 169.93 -137.449 0
      vertex 169.93 -137.449 2.6
    endloop
  endfacet
  facet normal 0.847788 -0.530335 0
    outer loop
      vertex 169.93 -137.449 0
      vertex 169.788 -137.676 2.6
      vertex 169.788 -137.676 0
    endloop
  endfacet
  facet normal 0.878405 -0.477917 0
    outer loop
      vertex 169.93 -137.449 2.6
      vertex 170.109 -137.12 0
      vertex 170.109 -137.12 2.6
    endloop
  endfacet
  facet normal 0.878405 -0.477917 0
    outer loop
      vertex 170.109 -137.12 0
      vertex 169.93 -137.449 2.6
      vertex 169.93 -137.449 0
    endloop
  endfacet
  facet normal 0.684092 -0.729396 0
    outer loop
      vertex 164.161 -143.806 0
      vertex 164.322 -143.655 2.6
      vertex 164.161 -143.806 2.6
    endloop
  endfacet
  facet normal 0.684092 -0.729396 0
    outer loop
      vertex 164.322 -143.655 2.6
      vertex 164.161 -143.806 0
      vertex 164.322 -143.655 0
    endloop
  endfacet
  facet normal 0.232515 -0.972593 0
    outer loop
      vertex 161.719 -145.047 0
      vertex 162.062 -144.965 2.6
      vertex 161.719 -145.047 2.6
    endloop
  endfacet
  facet normal 0.232515 -0.972593 0
    outer loop
      vertex 162.062 -144.965 2.6
      vertex 161.719 -145.047 0
      vertex 162.062 -144.965 0
    endloop
  endfacet
  facet normal 0.345837 -0.938295 0
    outer loop
      vertex 162.303 -144.892 0
      vertex 162.634 -144.77 2.6
      vertex 162.303 -144.892 2.6
    endloop
  endfacet
  facet normal 0.345837 -0.938295 0
    outer loop
      vertex 162.634 -144.77 2.6
      vertex 162.303 -144.892 0
      vertex 162.634 -144.77 0
    endloop
  endfacet
  facet normal -0.943886 0.330271 0
    outer loop
      vertex 89.0855 -78.9523 0
      vertex 89.1967 -78.6345 2.6
      vertex 89.1967 -78.6345 0
    endloop
  endfacet
  facet normal -0.943886 0.330271 0
    outer loop
      vertex 89.1967 -78.6345 2.6
      vertex 89.0855 -78.9523 0
      vertex 89.0855 -78.9523 2.6
    endloop
  endfacet
  facet normal -0.961069 -0.276307 0
    outer loop
      vertex 89.0856 -141.541 0
      vertex 89.0189 -141.309 2.6
      vertex 89.0189 -141.309 0
    endloop
  endfacet
  facet normal -0.961069 -0.276307 0
    outer loop
      vertex 89.0189 -141.309 2.6
      vertex 89.0856 -141.541 0
      vertex 89.0856 -141.541 2.6
    endloop
  endfacet
  facet normal 0.999909 -0.0134964 0
    outer loop
      vertex 90.85 -80.4934 2.6
      vertex 90.8523 -80.323 2
      vertex 90.8523 -80.323 2.6
    endloop
  endfacet
  facet normal 0.999909 -0.0134964 0
    outer loop
      vertex 90.8523 -80.323 2
      vertex 90.85 -80.4934 2.6
      vertex 90.85 -80.4934 2
    endloop
  endfacet
  facet normal -0.0623783 0.998053 0
    outer loop
      vertex 160.886 -143.146 2
      vertex 160.87 -143.147 2.6
      vertex 160.886 -143.146 2.6
    endloop
  endfacet
  facet normal -0.0623783 0.998053 0
    outer loop
      vertex 160.87 -143.147 2.6
      vertex 160.886 -143.146 2
      vertex 160.87 -143.147 2
    endloop
  endfacet
  facet normal -0.17238 -0.98503 0
    outer loop
      vertex 157.277 -77.3843 2
      vertex 157.293 -77.3871 2.6
      vertex 157.277 -77.3843 2.6
    endloop
  endfacet
  facet normal -0.17238 -0.98503 -0
    outer loop
      vertex 157.293 -77.3871 2.6
      vertex 157.277 -77.3843 2
      vertex 157.293 -77.3871 2
    endloop
  endfacet
  facet normal 0.706958 0.707255 0
    outer loop
      vertex 91.8933 -142.345 2.6
      vertex 91.6552 -142.107 2
      vertex 91.6552 -142.107 2.6
    endloop
  endfacet
  facet normal 0.706958 0.707255 0
    outer loop
      vertex 91.6552 -142.107 2
      vertex 91.8933 -142.345 2.6
      vertex 91.8933 -142.345 2
    endloop
  endfacet
  facet normal -0.0168515 0.999858 0
    outer loop
      vertex 160.87 -143.147 2
      vertex 160.692 -143.15 2.6
      vertex 160.87 -143.147 2.6
    endloop
  endfacet
  facet normal -0.0168515 0.999858 0
    outer loop
      vertex 160.692 -143.15 2.6
      vertex 160.87 -143.147 2
      vertex 160.692 -143.15 2
    endloop
  endfacet
  facet normal 0.943951 0.330086 0
    outer loop
      vertex 91.0846 -141.199 2.6
      vertex 90.9734 -140.881 2
      vertex 90.9734 -140.881 2.6
    endloop
  endfacet
  facet normal 0.943951 0.330086 0
    outer loop
      vertex 90.9734 -140.881 2
      vertex 91.0846 -141.199 2.6
      vertex 91.0846 -141.199 2
    endloop
  endfacet
  facet normal -0.974855 -0.222841 0
    outer loop
      vertex 168.606 -88.706 2
      vertex 168.531 -88.3779 2.6
      vertex 168.531 -88.3779 2
    endloop
  endfacet
  facet normal -0.974855 -0.222841 0
    outer loop
      vertex 168.531 -88.3779 2.6
      vertex 168.606 -88.706 2
      vertex 168.606 -88.706 2.6
    endloop
  endfacet
  facet normal 0.985081 -0.172092 0
    outer loop
      vertex 90.8909 -79.9737 2.6
      vertex 90.8938 -79.9571 2
      vertex 90.8938 -79.9571 2.6
    endloop
  endfacet
  facet normal 0.985081 -0.172092 0
    outer loop
      vertex 90.8938 -79.9571 2
      vertex 90.8909 -79.9737 2.6
      vertex 90.8909 -79.9737 2
    endloop
  endfacet
  facet normal -0.73994 -0.672673 0
    outer loop
      vertex 167.857 -87.1486 2
      vertex 167.847 -87.1376 2.6
      vertex 167.847 -87.1376 2
    endloop
  endfacet
  facet normal -0.73994 -0.672673 0
    outer loop
      vertex 167.847 -87.1376 2.6
      vertex 167.857 -87.1486 2
      vertex 167.857 -87.1486 2.6
    endloop
  endfacet
  facet normal 0.531733 0.846912 -0
    outer loop
      vertex 92.4679 -142.755 2
      vertex 92.1828 -142.576 2.6
      vertex 92.4679 -142.755 2.6
    endloop
  endfacet
  facet normal 0.531733 0.846912 0
    outer loop
      vertex 92.1828 -142.576 2.6
      vertex 92.4679 -142.755 2
      vertex 92.1828 -142.576 2
    endloop
  endfacet
  facet normal -0.475149 -0.879905 0
    outer loop
      vertex 158.275 -77.7308 2
      vertex 158.29 -77.7389 2.6
      vertex 158.275 -77.7308 2.6
    endloop
  endfacet
  facet normal -0.475149 -0.879905 -0
    outer loop
      vertex 158.29 -77.7389 2.6
      vertex 158.275 -77.7308 2
      vertex 158.29 -77.7389 2
    endloop
  endfacet
  facet normal 0.62368 0.781679 -0
    outer loop
      vertex 92.1691 -142.566 2
      vertex 91.9059 -142.356 2.6
      vertex 92.1691 -142.566 2.6
    endloop
  endfacet
  facet normal 0.62368 0.781679 0
    outer loop
      vertex 91.9059 -142.356 2.6
      vertex 92.1691 -142.566 2
      vertex 91.9059 -142.356 2
    endloop
  endfacet
  facet normal 0 1 -0
    outer loop
      vertex 160.692 -143.15 2
      vertex 94 -143.15 2.6
      vertex 160.692 -143.15 2.6
    endloop
  endfacet
  facet normal 0 1 0
    outer loop
      vertex 94 -143.15 2.6
      vertex 160.692 -143.15 2
      vertex 94 -143.15 2
    endloop
  endfacet
  facet normal -0.665206 -0.74666 0
    outer loop
      vertex 158.852 -78.138 2
      vertex 158.863 -78.1478 2.6
      vertex 158.852 -78.138 2.6
    endloop
  endfacet
  facet normal -0.665206 -0.74666 -0
    outer loop
      vertex 158.863 -78.1478 2.6
      vertex 158.852 -78.138 2
      vertex 158.863 -78.1478 2
    endloop
  endfacet
  facet normal 0.433735 -0.90104 0
    outer loop
      vertex 92.4826 -77.7304 2
      vertex 92.7859 -77.5844 2.6
      vertex 92.4826 -77.7304 2.6
    endloop
  endfacet
  facet normal 0.433735 -0.90104 0
    outer loop
      vertex 92.7859 -77.5844 2.6
      vertex 92.4826 -77.7304 2
      vertex 92.7859 -77.5844 2
    endloop
  endfacet
  facet normal 0.111963 -0.993712 0
    outer loop
      vertex 93.4803 -77.3844 2
      vertex 93.8149 -77.3467 2.6
      vertex 93.4803 -77.3844 2.6
    endloop
  endfacet
  facet normal 0.111963 -0.993712 0
    outer loop
      vertex 93.8149 -77.3467 2.6
      vertex 93.4803 -77.3844 2
      vertex 93.8149 -77.3467 2
    endloop
  endfacet
  facet normal 0.0611101 -0.998131 0
    outer loop
      vertex 93.8149 -77.3467 2
      vertex 93.8296 -77.3458 2.6
      vertex 93.8149 -77.3467 2.6
    endloop
  endfacet
  facet normal 0.0611101 -0.998131 0
    outer loop
      vertex 93.8296 -77.3458 2.6
      vertex 93.8149 -77.3467 2
      vertex 93.8296 -77.3458 2
    endloop
  endfacet
  facet normal -0.716425 -0.697664 0
    outer loop
      vertex 167.847 -87.1376 2
      vertex 167.728 -87.0154 2.6
      vertex 167.728 -87.0154 2
    endloop
  endfacet
  facet normal -0.716425 -0.697664 0
    outer loop
      vertex 167.728 -87.0154 2.6
      vertex 167.847 -87.1376 2
      vertex 167.847 -87.1376 2.6
    endloop
  endfacet
  facet normal 0.532159 -0.846644 0
    outer loop
      vertex 92.1828 -77.9178 2
      vertex 92.4679 -77.7386 2.6
      vertex 92.1828 -77.9178 2.6
    endloop
  endfacet
  facet normal 0.532159 -0.846644 0
    outer loop
      vertex 92.4679 -77.7386 2.6
      vertex 92.1828 -77.9178 2
      vertex 92.4679 -77.7386 2
    endloop
  endfacet
  facet normal -0.276307 -0.961069 0
    outer loop
      vertex 157.622 -77.4622 2
      vertex 157.638 -77.4668 2.6
      vertex 157.622 -77.4622 2.6
    endloop
  endfacet
  facet normal -0.276307 -0.961069 -0
    outer loop
      vertex 157.638 -77.4668 2.6
      vertex 157.622 -77.4622 2
      vertex 157.638 -77.4668 2
    endloop
  endfacet
  facet normal 0.332478 0.943111 -0
    outer loop
      vertex 93.1192 -143.027 2
      vertex 92.8015 -142.915 2.6
      vertex 93.1192 -143.027 2.6
    endloop
  endfacet
  facet normal 0.332478 0.943111 0
    outer loop
      vertex 92.8015 -142.915 2.6
      vertex 93.1192 -143.027 2
      vertex 92.8015 -142.915 2
    endloop
  endfacet
  facet normal 0.781824 -0.623499 0
    outer loop
      vertex 91.434 -78.6625 2.6
      vertex 91.6439 -78.3993 2
      vertex 91.6439 -78.3993 2.6
    endloop
  endfacet
  facet normal 0.781824 -0.623499 0
    outer loop
      vertex 91.6439 -78.3993 2
      vertex 91.434 -78.6625 2.6
      vertex 91.434 -78.6625 2
    endloop
  endfacet
  facet normal -0.433406 -0.901199 0
    outer loop
      vertex 157.971 -77.5846 2
      vertex 158.275 -77.7308 2.6
      vertex 157.971 -77.5846 2.6
    endloop
  endfacet
  facet normal -0.433406 -0.901199 -0
    outer loop
      vertex 158.275 -77.7308 2.6
      vertex 157.971 -77.5846 2
      vertex 158.275 -77.7308 2
    endloop
  endfacet
  facet normal 0.0142588 -0.999898 0
    outer loop
      vertex 93.8296 -77.3458 2
      vertex 93.9979 -77.3434 2.6
      vertex 93.8296 -77.3458 2.6
    endloop
  endfacet
  facet normal 0.0142588 -0.999898 0
    outer loop
      vertex 93.9979 -77.3434 2.6
      vertex 93.8296 -77.3458 2
      vertex 93.9979 -77.3434 2
    endloop
  endfacet
  facet normal 0.999898 0.0142843 0
    outer loop
      vertex 90.8524 -140.17 2.6
      vertex 90.85 -140.002 2
      vertex 90.85 -140.002 2.6
    endloop
  endfacet
  facet normal 0.999898 0.0142843 0
    outer loop
      vertex 90.85 -140.002 2
      vertex 90.8524 -140.17 2.6
      vertex 90.8524 -140.17 2
    endloop
  endfacet
  facet normal 0.846694 0.53208 0
    outer loop
      vertex 91.4244 -141.817 2.6
      vertex 91.2453 -141.532 2
      vertex 91.2453 -141.532 2.6
    endloop
  endfacet
  facet normal 0.846694 0.53208 0
    outer loop
      vertex 91.2453 -141.532 2
      vertex 91.4244 -141.817 2.6
      vertex 91.4244 -141.817 2
    endloop
  endfacet
  facet normal 0.589573 0.807715 -0
    outer loop
      vertex 92.1828 -142.576 2
      vertex 92.1691 -142.566 2.6
      vertex 92.1828 -142.576 2.6
    endloop
  endfacet
  facet normal 0.589573 0.807715 0
    outer loop
      vertex 92.1691 -142.566 2.6
      vertex 92.1828 -142.576 2
      vertex 92.1691 -142.566 2
    endloop
  endfacet
  facet normal 0.22243 -0.974949 0
    outer loop
      vertex 93.1354 -77.4622 2
      vertex 93.4637 -77.3873 2.6
      vertex 93.1354 -77.4622 2.6
    endloop
  endfacet
  facet normal 0.22243 -0.974949 0
    outer loop
      vertex 93.4637 -77.3873 2.6
      vertex 93.1354 -77.4622 2
      vertex 93.4637 -77.3873 2
    endloop
  endfacet
  facet normal 0 -1 0
    outer loop
      vertex 93.9979 -77.3434 2
      vertex 156.757 -77.3434 2.6
      vertex 93.9979 -77.3434 2.6
    endloop
  endfacet
  facet normal 0 -1 -0
    outer loop
      vertex 156.757 -77.3434 2.6
      vertex 93.9979 -77.3434 2
      vertex 156.757 -77.3434 2
    endloop
  endfacet
  facet normal -0.723738 0.690075 0
    outer loop
      vertex 162.877 -142.272 2
      vertex 163 -142.143 2.6
      vertex 163 -142.143 2
    endloop
  endfacet
  facet normal -0.723738 0.690075 0
    outer loop
      vertex 163 -142.143 2.6
      vertex 162.877 -142.272 2
      vertex 162.877 -142.272 2.6
    endloop
  endfacet
  facet normal -0.397607 -0.917556 0
    outer loop
      vertex 157.956 -77.5781 2
      vertex 157.971 -77.5846 2.6
      vertex 157.956 -77.5781 2.6
    endloop
  endfacet
  facet normal -0.397607 -0.917556 -0
    outer loop
      vertex 157.971 -77.5846 2.6
      vertex 157.956 -77.5781 2
      vertex 157.971 -77.5846 2
    endloop
  endfacet
  facet normal -0.699625 -0.71451 0
    outer loop
      vertex 158.863 -78.1478 2
      vertex 158.983 -78.2653 2.6
      vertex 158.863 -78.1478 2.6
    endloop
  endfacet
  facet normal -0.699625 -0.71451 -0
    outer loop
      vertex 158.983 -78.2653 2.6
      vertex 158.863 -78.1478 2
      vertex 158.983 -78.2653 2
    endloop
  endfacet
  facet normal -0.0135282 -0.999908 0
    outer loop
      vertex 156.757 -77.3434 2
      vertex 156.927 -77.3457 2.6
      vertex 156.757 -77.3434 2.6
    endloop
  endfacet
  facet normal -0.0135282 -0.999908 -0
    outer loop
      vertex 156.927 -77.3457 2.6
      vertex 156.757 -77.3434 2
      vertex 156.927 -77.3457 2
    endloop
  endfacet
  facet normal 0.961069 0.276307 0
    outer loop
      vertex 90.9734 -140.881 2.6
      vertex 90.9688 -140.865 2
      vertex 90.9688 -140.865 2.6
    endloop
  endfacet
  facet normal 0.961069 0.276307 0
    outer loop
      vertex 90.9688 -140.865 2
      vertex 90.9734 -140.881 2.6
      vertex 90.9734 -140.881 2
    endloop
  endfacet
  facet normal 0.90098 -0.43386 0
    outer loop
      vertex 91.0909 -79.2794 2.6
      vertex 91.237 -78.976 2
      vertex 91.237 -78.976 2.6
    endloop
  endfacet
  facet normal 0.90098 -0.43386 0
    outer loop
      vertex 91.237 -78.976 2
      vertex 91.0909 -79.2794 2.6
      vertex 91.0909 -79.2794 2
    endloop
  endfacet
  facet normal 1 -0 0
    outer loop
      vertex 90.85 -140.002 2.6
      vertex 90.85 -80.4934 2
      vertex 90.85 -80.4934 2.6
    endloop
  endfacet
  facet normal 1 0 0
    outer loop
      vertex 90.85 -80.4934 2
      vertex 90.85 -140.002 2.6
      vertex 90.85 -140.002 2
    endloop
  endfacet
  facet normal -0.111831 -0.993727 0
    outer loop
      vertex 156.942 -77.3466 2
      vertex 157.277 -77.3843 2.6
      vertex 156.942 -77.3466 2.6
    endloop
  endfacet
  facet normal -0.111831 -0.993727 -0
    outer loop
      vertex 157.277 -77.3843 2.6
      vertex 156.942 -77.3466 2
      vertex 157.277 -77.3843 2
    endloop
  endfacet
  facet normal -0.707313 -0.706901 0
    outer loop
      vertex 167.728 -87.0154 2
      vertex 158.983 -78.2653 2.6
      vertex 158.983 -78.2653 2
    endloop
  endfacet
  facet normal -0.707313 -0.706901 0
    outer loop
      vertex 158.983 -78.2653 2.6
      vertex 167.728 -87.0154 2
      vertex 167.728 -87.0154 2.6
    endloop
  endfacet
  facet normal -0.532506 -0.846426 0
    outer loop
      vertex 158.29 -77.7389 2
      vertex 158.575 -77.9182 2.6
      vertex 158.29 -77.7389 2.6
    endloop
  endfacet
  facet normal -0.532506 -0.846426 -0
    outer loop
      vertex 158.575 -77.9182 2.6
      vertex 158.29 -77.7389 2
      vertex 158.575 -77.9182 2
    endloop
  endfacet
  facet normal 0.657658 0.753317 -0
    outer loop
      vertex 91.9059 -142.356 2
      vertex 91.8933 -142.345 2.6
      vertex 91.9059 -142.356 2.6
    endloop
  endfacet
  facet normal 0.657658 0.753317 0
    outer loop
      vertex 91.8933 -142.345 2.6
      vertex 91.9059 -142.356 2
      vertex 91.8933 -142.345 2
    endloop
  endfacet
  facet normal 0.747409 -0.664364 0
    outer loop
      vertex 91.6439 -78.3993 2.6
      vertex 91.6551 -78.3867 2
      vertex 91.6551 -78.3867 2.6
    endloop
  endfacet
  facet normal 0.747409 -0.664364 0
    outer loop
      vertex 91.6551 -78.3867 2
      vertex 91.6439 -78.3993 2.6
      vertex 91.6439 -78.3993 2
    endloop
  endfacet
  facet normal 0.273152 -0.961971 0
    outer loop
      vertex 93.1192 -77.4668 2
      vertex 93.1354 -77.4622 2.6
      vertex 93.1192 -77.4668 2.6
    endloop
  endfacet
  facet normal 0.273152 -0.961971 0
    outer loop
      vertex 93.1354 -77.4622 2.6
      vertex 93.1192 -77.4668 2
      vertex 93.1354 -77.4622 2
    endloop
  endfacet
  facet normal -0.581238 0.813733 0
    outer loop
      vertex 162.597 -142.512 2
      vertex 162.583 -142.522 2.6
      vertex 162.597 -142.512 2.6
    endloop
  endfacet
  facet normal -0.581238 0.813733 0
    outer loop
      vertex 162.583 -142.522 2.6
      vertex 162.597 -142.512 2
      vertex 162.583 -142.522 2
    endloop
  endfacet
  facet normal 0.177842 0.984059 -0
    outer loop
      vertex 93.4803 -143.109 2
      vertex 93.4637 -143.106 2.6
      vertex 93.4803 -143.109 2.6
    endloop
  endfacet
  facet normal 0.177842 0.984059 0
    outer loop
      vertex 93.4637 -143.106 2.6
      vertex 93.4803 -143.109 2
      vertex 93.4637 -143.106 2
    endloop
  endfacet
  facet normal 0.98503 0.17238 0
    outer loop
      vertex 90.8938 -140.536 2.6
      vertex 90.891 -140.52 2
      vertex 90.891 -140.52 2.6
    endloop
  endfacet
  facet normal 0.98503 0.17238 0
    outer loop
      vertex 90.891 -140.52 2
      vertex 90.8938 -140.536 2.6
      vertex 90.8938 -140.536 2
    endloop
  endfacet
  facet normal -0.74356 0.668669 0
    outer loop
      vertex 167.81 -136.964 2
      vertex 167.935 -136.825 2.6
      vertex 167.935 -136.825 2
    endloop
  endfacet
  facet normal -0.74356 0.668669 0
    outer loop
      vertex 167.935 -136.825 2.6
      vertex 167.81 -136.964 2
      vertex 167.81 -136.964 2.6
    endloop
  endfacet
  facet normal 0.487155 -0.873315 0
    outer loop
      vertex 92.4679 -77.7386 2
      vertex 92.4826 -77.7304 2.6
      vertex 92.4679 -77.7386 2.6
    endloop
  endfacet
  facet normal 0.487155 -0.873315 0
    outer loop
      vertex 92.4826 -77.7304 2.6
      vertex 92.4679 -77.7386 2
      vertex 92.4826 -77.7304 2
    endloop
  endfacet
  facet normal -0.811382 0.584516 0
    outer loop
      vertex 167.945 -136.812 2
      vertex 168.164 -136.508 2.6
      vertex 168.164 -136.508 2
    endloop
  endfacet
  facet normal -0.811382 0.584516 0
    outer loop
      vertex 168.164 -136.508 2.6
      vertex 167.945 -136.812 2
      vertex 167.945 -136.812 2.6
    endloop
  endfacet
  facet normal -0.807715 -0.589573 0
    outer loop
      vertex 168.076 -87.4255 2
      vertex 168.066 -87.4118 2.6
      vertex 168.066 -87.4118 2
    endloop
  endfacet
  facet normal -0.807715 -0.589573 0
    outer loop
      vertex 168.066 -87.4118 2.6
      vertex 168.076 -87.4255 2
      vertex 168.076 -87.4255 2.6
    endloop
  endfacet
  facet normal 0.664364 -0.747409 0
    outer loop
      vertex 91.8932 -78.1486 2
      vertex 91.9058 -78.1374 2.6
      vertex 91.8932 -78.1486 2.6
    endloop
  endfacet
  facet normal 0.664364 -0.747409 0
    outer loop
      vertex 91.9058 -78.1374 2.6
      vertex 91.8932 -78.1486 2
      vertex 91.9058 -78.1374 2
    endloop
  endfacet
  facet normal -0.846828 -0.531867 0
    outer loop
      vertex 168.255 -87.7105 2
      vertex 168.076 -87.4255 2.6
      vertex 168.076 -87.4255 2
    endloop
  endfacet
  facet normal -0.846828 -0.531867 0
    outer loop
      vertex 168.076 -87.4255 2.6
      vertex 168.255 -87.7105 2
      vertex 168.255 -87.7105 2.6
    endloop
  endfacet
  facet normal 0.757609 0.652709 0
    outer loop
      vertex 91.6552 -142.107 2.6
      vertex 91.644 -142.094 2
      vertex 91.644 -142.094 2.6
    endloop
  endfacet
  facet normal 0.757609 0.652709 0
    outer loop
      vertex 91.644 -142.094 2
      vertex 91.6552 -142.107 2.6
      vertex 91.6552 -142.107 2
    endloop
  endfacet
  facet normal -0.648223 0.76145 0
    outer loop
      vertex 162.866 -142.283 2
      vertex 162.597 -142.512 2.6
      vertex 162.866 -142.283 2.6
    endloop
  endfacet
  facet normal -0.648223 0.76145 0
    outer loop
      vertex 162.597 -142.512 2.6
      vertex 162.866 -142.283 2
      vertex 162.597 -142.512 2
    endloop
  endfacet
  facet normal 0.993712 -0.111963 0
    outer loop
      vertex 90.8532 -80.3083 2.6
      vertex 90.8909 -79.9737 2
      vertex 90.8909 -79.9737 2.6
    endloop
  endfacet
  facet normal 0.993712 -0.111963 0
    outer loop
      vertex 90.8909 -79.9737 2
      vertex 90.8532 -80.3083 2.6
      vertex 90.8532 -80.3083 2
    endloop
  endfacet
  facet normal 0.0683331 0.997663 -0
    outer loop
      vertex 93.8295 -143.148 2
      vertex 93.8149 -143.147 2.6
      vertex 93.8295 -143.148 2.6
    endloop
  endfacet
  facet normal 0.0683331 0.997663 0
    outer loop
      vertex 93.8149 -143.147 2.6
      vertex 93.8295 -143.148 2
      vertex 93.8149 -143.147 2
    endloop
  endfacet
  facet normal -0.33035 -0.943858 0
    outer loop
      vertex 157.638 -77.4668 2
      vertex 157.956 -77.5781 2.6
      vertex 157.638 -77.4668 2.6
    endloop
  endfacet
  facet normal -0.33035 -0.943858 -0
    outer loop
      vertex 157.956 -77.5781 2.6
      vertex 157.638 -77.4668 2
      vertex 157.956 -77.5781 2
    endloop
  endfacet
  facet normal 0.707107 -0.707107 0
    outer loop
      vertex 91.6551 -78.3867 2.6
      vertex 91.8932 -78.1486 2
      vertex 91.8932 -78.1486 2.6
    endloop
  endfacet
  facet normal 0.707107 -0.707107 0
    outer loop
      vertex 91.8932 -78.1486 2
      vertex 91.6551 -78.3867 2.6
      vertex 91.6551 -78.3867 2
    endloop
  endfacet
  facet normal -0.993605 -0.11291 0
    outer loop
      vertex 168.647 -89.057 2
      vertex 168.609 -88.7226 2.6
      vertex 168.609 -88.7226 2
    endloop
  endfacet
  facet normal -0.993605 -0.11291 0
    outer loop
      vertex 168.609 -88.7226 2.6
      vertex 168.647 -89.057 2
      vertex 168.647 -89.057 2.6
    endloop
  endfacet
  facet normal 0.925169 -0.379556 0
    outer loop
      vertex 91.0845 -79.295 2.6
      vertex 91.0909 -79.2794 2
      vertex 91.0909 -79.2794 2.6
    endloop
  endfacet
  facet normal 0.925169 -0.379556 0
    outer loop
      vertex 91.0909 -79.2794 2
      vertex 91.0845 -79.295 2.6
      vertex 91.0845 -79.295 2
    endloop
  endfacet
  facet normal 0.478015 0.878352 -0
    outer loop
      vertex 92.4826 -142.763 2
      vertex 92.4679 -142.755 2.6
      vertex 92.4826 -142.763 2.6
    endloop
  endfacet
  facet normal 0.478015 0.878352 0
    outer loop
      vertex 92.4679 -142.755 2.6
      vertex 92.4826 -142.763 2
      vertex 92.4679 -142.755 2
    endloop
  endfacet
  facet normal 0.781593 0.623789 0
    outer loop
      vertex 91.644 -142.094 2.6
      vertex 91.4341 -141.831 2
      vertex 91.4341 -141.831 2.6
    endloop
  endfacet
  facet normal 0.781593 0.623789 0
    outer loop
      vertex 91.4341 -141.831 2
      vertex 91.644 -142.094 2.6
      vertex 91.644 -142.094 2
    endloop
  endfacet
  facet normal 0.379556 -0.925169 0
    outer loop
      vertex 92.7859 -77.5844 2
      vertex 92.8015 -77.578 2.6
      vertex 92.7859 -77.5844 2.6
    endloop
  endfacet
  facet normal 0.379556 -0.925169 0
    outer loop
      vertex 92.8015 -77.578 2.6
      vertex 92.7859 -77.5844 2
      vertex 92.8015 -77.578 2
    endloop
  endfacet
  facet normal 0.239714 0.970843 -0
    outer loop
      vertex 93.1354 -143.031 2
      vertex 93.1192 -143.027 2.6
      vertex 93.1354 -143.031 2.6
    endloop
  endfacet
  facet normal 0.239714 0.970843 0
    outer loop
      vertex 93.1192 -143.027 2.6
      vertex 93.1354 -143.031 2
      vertex 93.1192 -143.027 2
    endloop
  endfacet
  facet normal 0.222712 0.974884 -0
    outer loop
      vertex 93.4637 -143.106 2
      vertex 93.1354 -143.031 2.6
      vertex 93.4637 -143.106 2.6
    endloop
  endfacet
  facet normal 0.222712 0.974884 0
    outer loop
      vertex 93.1354 -143.031 2.6
      vertex 93.4637 -143.106 2
      vertex 93.1354 -143.031 2
    endloop
  endfacet
  facet normal 0.172092 -0.985081 0
    outer loop
      vertex 93.4637 -77.3873 2
      vertex 93.4803 -77.3844 2.6
      vertex 93.4637 -77.3873 2.6
    endloop
  endfacet
  facet normal 0.172092 -0.985081 0
    outer loop
      vertex 93.4803 -77.3844 2.6
      vertex 93.4637 -77.3873 2
      vertex 93.4803 -77.3844 2
    endloop
  endfacet
  facet normal 0.993727 0.111831 0
    outer loop
      vertex 90.891 -140.52 2.6
      vertex 90.8533 -140.185 2
      vertex 90.8533 -140.185 2.6
    endloop
  endfacet
  facet normal 0.993727 0.111831 0
    outer loop
      vertex 90.8533 -140.185 2
      vertex 90.891 -140.52 2.6
      vertex 90.891 -140.52 2
    endloop
  endfacet
  facet normal 0.873315 -0.487155 0
    outer loop
      vertex 91.237 -78.976 2.6
      vertex 91.2452 -78.9613 2
      vertex 91.2452 -78.9613 2.6
    endloop
  endfacet
  facet normal 0.873315 -0.487155 0
    outer loop
      vertex 91.2452 -78.9613 2
      vertex 91.237 -78.976 2.6
      vertex 91.237 -78.976 2
    endloop
  endfacet
  facet normal -0.998274 0.058722 0
    outer loop
      vertex 168.646 -135.028 2
      vertex 168.647 -135.011 2.6
      vertex 168.647 -135.011 2
    endloop
  endfacet
  facet normal -0.998274 0.058722 0
    outer loop
      vertex 168.647 -135.011 2.6
      vertex 168.646 -135.028 2
      vertex 168.646 -135.028 2.6
    endloop
  endfacet
  facet normal 0.816142 -0.577852 0
    outer loop
      vertex 91.4243 -78.6762 2.6
      vertex 91.434 -78.6625 2
      vertex 91.434 -78.6625 2.6
    endloop
  endfacet
  facet normal 0.816142 -0.577852 0
    outer loop
      vertex 91.434 -78.6625 2
      vertex 91.4243 -78.6762 2.6
      vertex 91.4243 -78.6762 2
    endloop
  endfacet
  facet normal -0.598025 -0.801477 0
    outer loop
      vertex 158.575 -77.9182 2
      vertex 158.588 -77.9279 2.6
      vertex 158.575 -77.9182 2.6
    endloop
  endfacet
  facet normal -0.598025 -0.801477 -0
    outer loop
      vertex 158.588 -77.9279 2.6
      vertex 158.575 -77.9182 2
      vertex 158.588 -77.9279 2
    endloop
  endfacet
  facet normal 0.112843 0.993613 -0
    outer loop
      vertex 93.8149 -143.147 2
      vertex 93.4803 -143.109 2.6
      vertex 93.8149 -143.147 2.6
    endloop
  endfacet
  facet normal 0.112843 0.993613 0
    outer loop
      vertex 93.4803 -143.109 2.6
      vertex 93.8149 -143.147 2
      vertex 93.4803 -143.109 2
    endloop
  endfacet
  facet normal 0.433735 0.90104 -0
    outer loop
      vertex 92.7859 -142.909 2
      vertex 92.4826 -142.763 2.6
      vertex 92.7859 -142.909 2.6
    endloop
  endfacet
  facet normal 0.433735 0.90104 0
    outer loop
      vertex 92.4826 -142.763 2.6
      vertex 92.7859 -142.909 2
      vertex 92.4826 -142.763 2
    endloop
  endfacet
  facet normal 0.358979 0.933346 -0
    outer loop
      vertex 92.8015 -142.915 2
      vertex 92.7859 -142.909 2.6
      vertex 92.8015 -142.915 2.6
    endloop
  endfacet
  facet normal 0.358979 0.933346 0
    outer loop
      vertex 92.7859 -142.909 2.6
      vertex 92.8015 -142.915 2
      vertex 92.7859 -142.909 2
    endloop
  endfacet
  facet normal -0.963518 0.267644 0
    outer loop
      vertex 168.498 -135.798 2
      vertex 168.503 -135.78 2.6
      vertex 168.503 -135.78 2
    endloop
  endfacet
  facet normal -0.963518 0.267644 0
    outer loop
      vertex 168.503 -135.78 2.6
      vertex 168.498 -135.798 2
      vertex 168.498 -135.798 2.6
    endloop
  endfacet
  facet normal -0.90104 -0.433735 0
    outer loop
      vertex 168.409 -88.0285 2
      vertex 168.263 -87.7252 2.6
      vertex 168.263 -87.7252 2
    endloop
  endfacet
  facet normal -0.90104 -0.433735 0
    outer loop
      vertex 168.263 -87.7252 2.6
      vertex 168.409 -88.0285 2
      vertex 168.409 -88.0285 2.6
    endloop
  endfacet
  facet normal -0.912359 -0.409392 0
    outer loop
      vertex 168.416 -88.0441 2
      vertex 168.409 -88.0285 2.6
      vertex 168.409 -88.0285 2
    endloop
  endfacet
  facet normal -0.912359 -0.409392 0
    outer loop
      vertex 168.409 -88.0285 2.6
      vertex 168.416 -88.0441 2
      vertex 168.416 -88.0441 2.6
    endloop
  endfacet
  facet normal 0.961971 -0.273152 0
    outer loop
      vertex 90.9687 -79.6289 2.6
      vertex 90.9733 -79.6127 2
      vertex 90.9733 -79.6127 2.6
    endloop
  endfacet
  facet normal 0.961971 -0.273152 0
    outer loop
      vertex 90.9733 -79.6127 2
      vertex 90.9687 -79.6289 2.6
      vertex 90.9687 -79.6289 2
    endloop
  endfacet
  facet normal 0 0 1
    outer loop
      vertex 168.65 -89.2399 2
      vertex 166 -89.2318 2
      vertex 166 -89.2598 2
    endloop
  endfacet
  facet normal 0 0 1
    outer loop
      vertex 167.847 -87.1376 2
      vertex 165.991 -89.1585 2
      vertex 166 -89.2318 2
    endloop
  endfacet
  facet normal 0 0 1
    outer loop
      vertex 167.847 -87.1376 2
      vertex 165.979 -89.1044 2
      vertex 165.991 -89.1585 2
    endloop
  endfacet
  facet normal 0 0 1
    outer loop
      vertex 167.847 -87.1376 2
      vertex 165.96 -89.0514 2
      vertex 165.979 -89.1044 2
    endloop
  endfacet
  facet normal 0 0 1
    outer loop
      vertex 167.847 -87.1376 2
      vertex 165.936 -89.0012 2
      vertex 165.96 -89.0514 2
    endloop
  endfacet
  facet normal 0 0 1
    outer loop
      vertex 167.847 -87.1376 2
      vertex 165.906 -88.9535 2
      vertex 165.936 -89.0012 2
    endloop
  endfacet
  facet normal 0 0 1
    outer loop
      vertex 167.847 -87.1376 2
      vertex 165.861 -88.8962 2
      vertex 165.906 -88.9535 2
    endloop
  endfacet
  facet normal 0 0 1
    outer loop
      vertex 167.728 -87.0154 2
      vertex 165.841 -88.8759 2
      vertex 165.861 -88.8962 2
    endloop
  endfacet
  facet normal 0 0 1
    outer loop
      vertex 158.983 -78.2653 2
      vertex 165.841 -88.8759 2
      vertex 167.728 -87.0154 2
    endloop
  endfacet
  facet normal 0 0 1
    outer loop
      vertex 157.103 -80.1326 2
      vertex 158.983 -78.2653 2
      vertex 158.863 -78.1478 2
    endloop
  endfacet
  facet normal 0 0 1
    outer loop
      vertex 157.103 -80.1326 2
      vertex 158.863 -78.1478 2
      vertex 158.852 -78.138 2
    endloop
  endfacet
  facet normal 0 0 1
    outer loop
      vertex 157.103 -80.1326 2
      vertex 158.852 -78.138 2
      vertex 158.588 -77.9279 2
    endloop
  endfacet
  facet normal 0 0 1
    outer loop
      vertex 157.045 -80.0868 2
      vertex 158.588 -77.9279 2
      vertex 158.575 -77.9182 2
    endloop
  endfacet
  facet normal 0 0 1
    outer loop
      vertex 157.045 -80.0868 2
      vertex 158.575 -77.9182 2
      vertex 158.29 -77.7389 2
    endloop
  endfacet
  facet normal 0 0 1
    outer loop
      vertex 156.998 -80.0571 2
      vertex 158.29 -77.7389 2
      vertex 158.275 -77.7308 2
    endloop
  endfacet
  facet normal 0 0 1
    outer loop
      vertex 156.998 -80.0571 2
      vertex 158.275 -77.7308 2
      vertex 157.971 -77.5846 2
    endloop
  endfacet
  facet normal 0 0 1
    outer loop
      vertex 156.948 -80.0329 2
      vertex 157.971 -77.5846 2
      vertex 157.956 -77.5781 2
    endloop
  endfacet
  facet normal 0 0 1
    outer loop
      vertex 156.948 -80.0329 2
      vertex 157.956 -77.5781 2
      vertex 157.638 -77.4668 2
    endloop
  endfacet
  facet normal 0 0 1
    outer loop
      vertex 156.895 -80.0144 2
      vertex 157.638 -77.4668 2
      vertex 157.622 -77.4622 2
    endloop
  endfacet
  facet normal 0 0 1
    outer loop
      vertex 156.895 -80.0144 2
      vertex 157.622 -77.4622 2
      vertex 157.293 -77.3871 2
    endloop
  endfacet
  facet normal 0 0 1
    outer loop
      vertex 156.84 -80.0019 2
      vertex 157.293 -77.3871 2
      vertex 157.277 -77.3843 2
    endloop
  endfacet
  facet normal 0 0 1
    outer loop
      vertex 158.983 -78.2653 2
      vertex 157.123 -80.1529 2
      vertex 165.841 -88.8759 2
    endloop
  endfacet
  facet normal 0 0 1
    outer loop
      vertex 158.983 -78.2653 2
      vertex 157.103 -80.1326 2
      vertex 157.123 -80.1529 2
    endloop
  endfacet
  facet normal 0 0 1
    outer loop
      vertex 158.588 -77.9279 2
      vertex 157.045 -80.0868 2
      vertex 157.103 -80.1326 2
    endloop
  endfacet
  facet normal 0 0 1
    outer loop
      vertex 158.29 -77.7389 2
      vertex 156.998 -80.0571 2
      vertex 157.045 -80.0868 2
    endloop
  endfacet
  facet normal 0 0 1
    outer loop
      vertex 157.971 -77.5846 2
      vertex 156.948 -80.0329 2
      vertex 156.998 -80.0571 2
    endloop
  endfacet
  facet normal 0 0 1
    outer loop
      vertex 156.84 -80.0019 2
      vertex 157.277 -77.3843 2
      vertex 156.942 -77.3466 2
    endloop
  endfacet
  facet normal 0 0 1
    outer loop
      vertex 156.768 -79.9938 2
      vertex 156.942 -77.3466 2
      vertex 156.927 -77.3457 2
    endloop
  endfacet
  facet normal 0 0 1
    outer loop
      vertex 157.638 -77.4668 2
      vertex 156.895 -80.0144 2
      vertex 156.948 -80.0329 2
    endloop
  endfacet
  facet normal 0 0 1
    outer loop
      vertex 157.293 -77.3871 2
      vertex 156.84 -80.0019 2
      vertex 156.895 -80.0144 2
    endloop
  endfacet
  facet normal 0 0 1
    outer loop
      vertex 156.942 -77.3466 2
      vertex 156.768 -79.9938 2
      vertex 156.84 -80.0019 2
    endloop
  endfacet
  facet normal 0 0 1
    outer loop
      vertex 156.757 -77.3434 2
      vertex 156.768 -79.9938 2
      vertex 156.927 -77.3457 2
    endloop
  endfacet
  facet normal 0 0 1
    outer loop
      vertex 156.757 -77.3434 2
      vertex 156.739 -79.9934 2
      vertex 156.768 -79.9938 2
    endloop
  endfacet
  facet normal 0 0 1
    outer loop
      vertex 156.757 -77.3434 2
      vertex 94.0174 -79.9934 2
      vertex 156.739 -79.9934 2
    endloop
  endfacet
  facet normal -0 0 1
    outer loop
      vertex 93.9979 -77.3434 2
      vertex 94.0174 -79.9934 2
      vertex 156.757 -77.3434 2
    endloop
  endfacet
  facet normal 0 0 1
    outer loop
      vertex 93.9979 -77.3434 2
      vertex 93.99 -79.9938 2
      vertex 94.0174 -79.9934 2
    endloop
  endfacet
  facet normal -0 0 1
    outer loop
      vertex 93.8296 -77.3458 2
      vertex 93.99 -79.9938 2
      vertex 93.9979 -77.3434 2
    endloop
  endfacet
  facet normal -0 0 1
    outer loop
      vertex 93.8149 -77.3467 2
      vertex 93.99 -79.9938 2
      vertex 93.8296 -77.3458 2
    endloop
  endfacet
  facet normal 0 0 1
    outer loop
      vertex 93.99 -79.9938 2
      vertex 93.8149 -77.3467 2
      vertex 93.9164 -80.0021 2
    endloop
  endfacet
  facet normal -0 0 1
    outer loop
      vertex 93.4803 -77.3844 2
      vertex 93.9164 -80.0021 2
      vertex 93.8149 -77.3467 2
    endloop
  endfacet
  facet normal -0 0 1
    outer loop
      vertex 93.4637 -77.3873 2
      vertex 93.9164 -80.0021 2
      vertex 93.4803 -77.3844 2
    endloop
  endfacet
  facet normal 0 0 1
    outer loop
      vertex 93.9164 -80.0021 2
      vertex 93.4637 -77.3873 2
      vertex 93.8618 -80.0145 2
    endloop
  endfacet
  facet normal -0 0 1
    outer loop
      vertex 93.1354 -77.4622 2
      vertex 93.8618 -80.0145 2
      vertex 93.4637 -77.3873 2
    endloop
  endfacet
  facet normal -0 0 1
    outer loop
      vertex 93.1192 -77.4668 2
      vertex 93.8618 -80.0145 2
      vertex 93.1354 -77.4622 2
    endloop
  endfacet
  facet normal 0 0 1
    outer loop
      vertex 93.8618 -80.0145 2
      vertex 93.1192 -77.4668 2
      vertex 93.809 -80.033 2
    endloop
  endfacet
  facet normal -0 0 1
    outer loop
      vertex 92.8015 -77.578 2
      vertex 93.809 -80.033 2
      vertex 93.1192 -77.4668 2
    endloop
  endfacet
  facet normal -0 0 1
    outer loop
      vertex 92.7859 -77.5844 2
      vertex 93.809 -80.033 2
      vertex 92.8015 -77.578 2
    endloop
  endfacet
  facet normal 0 0 1
    outer loop
      vertex 93.809 -80.033 2
      vertex 92.7859 -77.5844 2
      vertex 93.7589 -80.0571 2
    endloop
  endfacet
  facet normal -0 0 1
    outer loop
      vertex 92.4826 -77.7304 2
      vertex 93.7589 -80.0571 2
      vertex 92.7859 -77.5844 2
    endloop
  endfacet
  facet normal -0 0 1
    outer loop
      vertex 92.4679 -77.7386 2
      vertex 93.7589 -80.0571 2
      vertex 92.4826 -77.7304 2
    endloop
  endfacet
  facet normal 0 0 1
    outer loop
      vertex 93.7589 -80.0571 2
      vertex 92.4679 -77.7386 2
      vertex 93.7116 -80.0869 2
    endloop
  endfacet
  facet normal 0 0 1
    outer loop
      vertex 90.85 -140.002 2
      vertex 93.5 -139.983 2
      vertex 93.5 -80.5106 2
    endloop
  endfacet
  facet normal -0 0 1
    outer loop
      vertex 92.1828 -77.9178 2
      vertex 93.7116 -80.0869 2
      vertex 92.4679 -77.7386 2
    endloop
  endfacet
  facet normal -0 0 1
    outer loop
      vertex 92.1691 -77.9275 2
      vertex 93.7116 -80.0869 2
      vertex 92.1828 -77.9178 2
    endloop
  endfacet
  facet normal 0 0 1
    outer loop
      vertex 93.7116 -80.0869 2
      vertex 92.1691 -77.9275 2
      vertex 93.6676 -80.1219 2
    endloop
  endfacet
  facet normal -0 0 1
    outer loop
      vertex 91.9058 -78.1374 2
      vertex 93.6676 -80.1219 2
      vertex 92.1691 -77.9275 2
    endloop
  endfacet
  facet normal 0 0 1
    outer loop
      vertex 90.85 -140.002 2
      vertex 93.5 -80.5106 2
      vertex 90.85 -80.4934 2
    endloop
  endfacet
  facet normal -0 0 1
    outer loop
      vertex 91.8932 -78.1486 2
      vertex 93.6676 -80.1219 2
      vertex 91.9058 -78.1374 2
    endloop
  endfacet
  facet normal 0 -0 1
    outer loop
      vertex 90.8524 -140.17 2
      vertex 93.5 -139.983 2
      vertex 90.85 -140.002 2
    endloop
  endfacet
  facet normal 0 0 1
    outer loop
      vertex 93.6676 -80.1219 2
      vertex 91.8932 -78.1486 2
      vertex 93.6282 -80.1613 2
    endloop
  endfacet
  facet normal 0 0 1
    outer loop
      vertex 93.5 -139.983 2
      vertex 93.4637 -143.106 2
      vertex 93.4803 -143.109 2
    endloop
  endfacet
  facet normal -0 0 1
    outer loop
      vertex 91.6551 -78.3867 2
      vertex 93.6282 -80.1613 2
      vertex 91.8932 -78.1486 2
    endloop
  endfacet
  facet normal 0 0 1
    outer loop
      vertex 93.5 -139.983 2
      vertex 93.1354 -143.031 2
      vertex 93.4637 -143.106 2
    endloop
  endfacet
  facet normal -0 0 1
    outer loop
      vertex 91.6439 -78.3993 2
      vertex 93.6282 -80.1613 2
      vertex 91.6551 -78.3867 2
    endloop
  endfacet
  facet normal 0 0 1
    outer loop
      vertex 93.5 -139.983 2
      vertex 93.1192 -143.027 2
      vertex 93.1354 -143.031 2
    endloop
  endfacet
  facet normal 0 0 1
    outer loop
      vertex 93.6282 -80.1613 2
      vertex 91.6439 -78.3993 2
      vertex 93.5935 -80.2049 2
    endloop
  endfacet
  facet normal 0 0 1
    outer loop
      vertex 93.5 -139.983 2
      vertex 92.8015 -142.915 2
      vertex 93.1192 -143.027 2
    endloop
  endfacet
  facet normal 0 0 1
    outer loop
      vertex 93.5 -139.983 2
      vertex 92.4826 -142.763 2
      vertex 92.7859 -142.909 2
    endloop
  endfacet
  facet normal -0 0 1
    outer loop
      vertex 91.434 -78.6625 2
      vertex 93.5935 -80.2049 2
      vertex 91.6439 -78.3993 2
    endloop
  endfacet
  facet normal 0 0 1
    outer loop
      vertex 93.5 -139.983 2
      vertex 92.4679 -142.755 2
      vertex 92.4826 -142.763 2
    endloop
  endfacet
  facet normal -0 0 1
    outer loop
      vertex 91.4243 -78.6762 2
      vertex 93.5935 -80.2049 2
      vertex 91.434 -78.6625 2
    endloop
  endfacet
  facet normal 0 0 1
    outer loop
      vertex 93.5935 -80.2049 2
      vertex 91.4243 -78.6762 2
      vertex 93.5638 -80.2521 2
    endloop
  endfacet
  facet normal 0 0 1
    outer loop
      vertex 93.5 -139.983 2
      vertex 92.1828 -142.576 2
      vertex 92.4679 -142.755 2
    endloop
  endfacet
  facet normal 0 0 1
    outer loop
      vertex 93.5 -139.983 2
      vertex 92.1691 -142.566 2
      vertex 92.1828 -142.576 2
    endloop
  endfacet
  facet normal -0 0 1
    outer loop
      vertex 91.2452 -78.9613 2
      vertex 93.5638 -80.2521 2
      vertex 91.4243 -78.6762 2
    endloop
  endfacet
  facet normal 0 0 1
    outer loop
      vertex 93.5 -139.983 2
      vertex 91.9059 -142.356 2
      vertex 92.1691 -142.566 2
    endloop
  endfacet
  facet normal -0 0 1
    outer loop
      vertex 91.237 -78.976 2
      vertex 93.5638 -80.2521 2
      vertex 91.2452 -78.9613 2
    endloop
  endfacet
  facet normal 0 0 1
    outer loop
      vertex 93.5 -139.983 2
      vertex 91.8933 -142.345 2
      vertex 91.9059 -142.356 2
    endloop
  endfacet
  facet normal 0 0 1
    outer loop
      vertex 93.5638 -80.2521 2
      vertex 91.237 -78.976 2
      vertex 93.5394 -80.3028 2
    endloop
  endfacet
  facet normal 0 0 1
    outer loop
      vertex 93.5 -139.983 2
      vertex 91.6552 -142.107 2
      vertex 91.8933 -142.345 2
    endloop
  endfacet
  facet normal -0 0 1
    outer loop
      vertex 91.0909 -79.2794 2
      vertex 93.5394 -80.3028 2
      vertex 91.237 -78.976 2
    endloop
  endfacet
  facet normal 0 0 1
    outer loop
      vertex 93.5 -139.983 2
      vertex 91.644 -142.094 2
      vertex 91.6552 -142.107 2
    endloop
  endfacet
  facet normal -0 0 1
    outer loop
      vertex 91.0845 -79.295 2
      vertex 93.5394 -80.3028 2
      vertex 91.0909 -79.2794 2
    endloop
  endfacet
  facet normal 0 0 1
    outer loop
      vertex 93.5 -139.983 2
      vertex 91.4341 -141.831 2
      vertex 91.644 -142.094 2
    endloop
  endfacet
  facet normal 0 0 1
    outer loop
      vertex 93.5394 -80.3028 2
      vertex 91.0845 -79.295 2
      vertex 93.521 -80.3553 2
    endloop
  endfacet
  facet normal 0 0 1
    outer loop
      vertex 93.5 -139.983 2
      vertex 91.4244 -141.817 2
      vertex 91.4341 -141.831 2
    endloop
  endfacet
  facet normal -0 0 1
    outer loop
      vertex 90.9733 -79.6127 2
      vertex 93.521 -80.3553 2
      vertex 91.0845 -79.295 2
    endloop
  endfacet
  facet normal 0 0 1
    outer loop
      vertex 93.5 -139.983 2
      vertex 91.2453 -141.532 2
      vertex 91.4244 -141.817 2
    endloop
  endfacet
  facet normal -0 0 1
    outer loop
      vertex 90.9687 -79.6289 2
      vertex 93.521 -80.3553 2
      vertex 90.9733 -79.6127 2
    endloop
  endfacet
  facet normal 0 0 1
    outer loop
      vertex 93.5 -139.983 2
      vertex 91.2372 -141.517 2
      vertex 91.2453 -141.532 2
    endloop
  endfacet
  facet normal 0 0 1
    outer loop
      vertex 93.521 -80.3553 2
      vertex 90.9687 -79.6289 2
      vertex 93.5086 -80.4099 2
    endloop
  endfacet
  facet normal 0 0 1
    outer loop
      vertex 93.5 -139.983 2
      vertex 91.0911 -141.214 2
      vertex 91.2372 -141.517 2
    endloop
  endfacet
  facet normal -0 0 1
    outer loop
      vertex 90.8938 -79.9571 2
      vertex 93.5086 -80.4099 2
      vertex 90.9687 -79.6289 2
    endloop
  endfacet
  facet normal 0 0 1
    outer loop
      vertex 93.5 -139.983 2
      vertex 91.0846 -141.199 2
      vertex 91.0911 -141.214 2
    endloop
  endfacet
  facet normal -0 0 1
    outer loop
      vertex 90.8909 -79.9737 2
      vertex 93.5086 -80.4099 2
      vertex 90.8938 -79.9571 2
    endloop
  endfacet
  facet normal 0 0 1
    outer loop
      vertex 93.5 -139.983 2
      vertex 90.9734 -140.881 2
      vertex 91.0846 -141.199 2
    endloop
  endfacet
  facet normal 0 0 1
    outer loop
      vertex 93.5086 -80.4099 2
      vertex 90.8909 -79.9737 2
      vertex 93.5004 -80.4825 2
    endloop
  endfacet
  facet normal 0 0 1
    outer loop
      vertex 93.5 -139.983 2
      vertex 90.9688 -140.865 2
      vertex 90.9734 -140.881 2
    endloop
  endfacet
  facet normal -0 0 1
    outer loop
      vertex 90.8532 -80.3083 2
      vertex 93.5004 -80.4825 2
      vertex 90.8909 -79.9737 2
    endloop
  endfacet
  facet normal 0 0 1
    outer loop
      vertex 93.5 -139.983 2
      vertex 90.8938 -140.536 2
      vertex 90.9688 -140.865 2
    endloop
  endfacet
  facet normal -0 0 1
    outer loop
      vertex 90.8523 -80.323 2
      vertex 93.5004 -80.4825 2
      vertex 90.8532 -80.3083 2
    endloop
  endfacet
  facet normal 0 0 1
    outer loop
      vertex 93.5 -139.983 2
      vertex 90.891 -140.52 2
      vertex 90.8938 -140.536 2
    endloop
  endfacet
  facet normal 0 0 1
    outer loop
      vertex 90.85 -80.4934 2
      vertex 93.5004 -80.4825 2
      vertex 90.8523 -80.323 2
    endloop
  endfacet
  facet normal 0 0 1
    outer loop
      vertex 93.5 -139.983 2
      vertex 90.8533 -140.185 2
      vertex 90.891 -140.52 2
    endloop
  endfacet
  facet normal 0 0 1
    outer loop
      vertex 93.5004 -80.4825 2
      vertex 90.85 -80.4934 2
      vertex 93.5 -80.5106 2
    endloop
  endfacet
  facet normal 0 0 1
    outer loop
      vertex 93.5 -139.983 2
      vertex 90.8524 -140.17 2
      vertex 90.8533 -140.185 2
    endloop
  endfacet
  facet normal 0 0 1
    outer loop
      vertex 93.5 -139.983 2
      vertex 92.7859 -142.909 2
      vertex 92.8015 -142.915 2
    endloop
  endfacet
  facet normal -0 0 1
    outer loop
      vertex 166 -89.2318 2
      vertex 168.65 -89.2399 2
      vertex 168.648 -89.0716 2
    endloop
  endfacet
  facet normal 0 0 1
    outer loop
      vertex 168.65 -89.2399 2
      vertex 166 -89.2598 2
      vertex 168.65 -134.822 2
    endloop
  endfacet
  facet normal 0 0 1
    outer loop
      vertex 166 -89.2318 2
      vertex 168.648 -89.0716 2
      vertex 168.647 -89.057 2
    endloop
  endfacet
  facet normal -0 0 1
    outer loop
      vertex 166 -134.803 2
      vertex 168.65 -134.822 2
      vertex 166 -89.2598 2
    endloop
  endfacet
  facet normal 0 0 1
    outer loop
      vertex 166 -89.2318 2
      vertex 168.647 -89.057 2
      vertex 168.609 -88.7226 2
    endloop
  endfacet
  facet normal 0 0 1
    outer loop
      vertex 166 -89.2318 2
      vertex 168.609 -88.7226 2
      vertex 168.606 -88.706 2
    endloop
  endfacet
  facet normal 0 0 1
    outer loop
      vertex 166 -134.834 2
      vertex 168.65 -134.822 2
      vertex 166 -134.803 2
    endloop
  endfacet
  facet normal 0 0 1
    outer loop
      vertex 168.647 -135.011 2
      vertex 166 -134.834 2
      vertex 168.646 -135.028 2
    endloop
  endfacet
  facet normal 0 0 1
    outer loop
      vertex 166 -89.2318 2
      vertex 168.606 -88.706 2
      vertex 168.531 -88.3779 2
    endloop
  endfacet
  facet normal 0 0 1
    outer loop
      vertex 166 -89.2318 2
      vertex 168.531 -88.3779 2
      vertex 168.527 -88.3618 2
    endloop
  endfacet
  facet normal 0 0 1
    outer loop
      vertex 168.65 -134.822 2
      vertex 166 -134.834 2
      vertex 168.647 -135.011 2
    endloop
  endfacet
  facet normal -0 0 1
    outer loop
      vertex 165.989 -134.914 2
      vertex 168.599 -135.399 2
      vertex 166 -134.834 2
    endloop
  endfacet
  facet normal 0 0 1
    outer loop
      vertex 166 -89.2318 2
      vertex 168.527 -88.3618 2
      vertex 168.416 -88.0441 2
    endloop
  endfacet
  facet normal 0 0 1
    outer loop
      vertex 166 -89.2318 2
      vertex 168.416 -88.0441 2
      vertex 168.409 -88.0285 2
    endloop
  endfacet
  facet normal 0 0 1
    outer loop
      vertex 168.646 -135.028 2
      vertex 166 -134.834 2
      vertex 168.599 -135.399 2
    endloop
  endfacet
  facet normal 0 0 1
    outer loop
      vertex 168.596 -135.418 2
      vertex 165.989 -134.914 2
      vertex 168.503 -135.78 2
    endloop
  endfacet
  facet normal 0 0 1
    outer loop
      vertex 166 -89.2318 2
      vertex 168.409 -88.0285 2
      vertex 168.263 -87.7252 2
    endloop
  endfacet
  facet normal 0 0 1
    outer loop
      vertex 166 -89.2318 2
      vertex 168.263 -87.7252 2
      vertex 168.255 -87.7105 2
    endloop
  endfacet
  facet normal 0 0 1
    outer loop
      vertex 168.599 -135.399 2
      vertex 165.989 -134.914 2
      vertex 168.596 -135.418 2
    endloop
  endfacet
  facet normal 0 0 1
    outer loop
      vertex 168.503 -135.78 2
      vertex 165.974 -134.975 2
      vertex 168.498 -135.798 2
    endloop
  endfacet
  facet normal 0 0 1
    outer loop
      vertex 166 -89.2318 2
      vertex 168.255 -87.7105 2
      vertex 168.076 -87.4255 2
    endloop
  endfacet
  facet normal 0 0 1
    outer loop
      vertex 166 -89.2318 2
      vertex 168.076 -87.4255 2
      vertex 168.066 -87.4118 2
    endloop
  endfacet
  facet normal -0 0 1
    outer loop
      vertex 165.974 -134.975 2
      vertex 168.503 -135.78 2
      vertex 165.989 -134.914 2
    endloop
  endfacet
  facet normal -0 0 1
    outer loop
      vertex 165.951 -135.033 2
      vertex 168.361 -136.146 2
      vertex 165.974 -134.975 2
    endloop
  endfacet
  facet normal 0 0 1
    outer loop
      vertex 166 -89.2318 2
      vertex 168.066 -87.4118 2
      vertex 167.857 -87.1486 2
    endloop
  endfacet
  facet normal 0 0 1
    outer loop
      vertex 166 -89.2318 2
      vertex 167.857 -87.1486 2
      vertex 167.847 -87.1376 2
    endloop
  endfacet
  facet normal 0 0 1
    outer loop
      vertex 168.498 -135.798 2
      vertex 165.974 -134.975 2
      vertex 168.361 -136.146 2
    endloop
  endfacet
  facet normal 0 0 1
    outer loop
      vertex 165.861 -88.8962 2
      vertex 167.847 -87.1376 2
      vertex 167.728 -87.0154 2
    endloop
  endfacet
  facet normal 0 0 1
    outer loop
      vertex 168.361 -136.146 2
      vertex 165.951 -135.033 2
      vertex 168.353 -136.163 2
    endloop
  endfacet
  facet normal 0 0 1
    outer loop
      vertex 168.353 -136.163 2
      vertex 165.951 -135.033 2
      vertex 168.174 -136.492 2
    endloop
  endfacet
  facet normal -0 0 1
    outer loop
      vertex 165.922 -135.087 2
      vertex 168.174 -136.492 2
      vertex 165.951 -135.033 2
    endloop
  endfacet
  facet normal 0 0 1
    outer loop
      vertex 168.174 -136.492 2
      vertex 165.922 -135.087 2
      vertex 168.164 -136.508 2
    endloop
  endfacet
  facet normal 0 0 1
    outer loop
      vertex 168.164 -136.508 2
      vertex 165.922 -135.087 2
      vertex 167.945 -136.812 2
    endloop
  endfacet
  facet normal -0 0 1
    outer loop
      vertex 165.874 -135.153 2
      vertex 167.945 -136.812 2
      vertex 165.922 -135.087 2
    endloop
  endfacet
  facet normal 0 0 1
    outer loop
      vertex 167.945 -136.812 2
      vertex 165.874 -135.153 2
      vertex 167.935 -136.825 2
    endloop
  endfacet
  facet normal 0 0 1
    outer loop
      vertex 167.935 -136.825 2
      vertex 165.874 -135.153 2
      vertex 167.81 -136.964 2
    endloop
  endfacet
  facet normal -0 0 1
    outer loop
      vertex 165.853 -135.176 2
      vertex 167.81 -136.964 2
      vertex 165.874 -135.153 2
    endloop
  endfacet
  facet normal 0 0 1
    outer loop
      vertex 165.853 -135.176 2
      vertex 163 -142.143 2
      vertex 167.81 -136.964 2
    endloop
  endfacet
  facet normal -0 0 1
    outer loop
      vertex 161.071 -140.327 2
      vertex 163 -142.143 2
      vertex 165.853 -135.176 2
    endloop
  endfacet
  facet normal -0 0 1
    outer loop
      vertex 161.05 -140.348 2
      vertex 163 -142.143 2
      vertex 161.071 -140.327 2
    endloop
  endfacet
  facet normal 0 0 1
    outer loop
      vertex 163 -142.143 2
      vertex 161.05 -140.348 2
      vertex 162.877 -142.272 2
    endloop
  endfacet
  facet normal 0 0 1
    outer loop
      vertex 162.877 -142.272 2
      vertex 161.05 -140.348 2
      vertex 162.866 -142.283 2
    endloop
  endfacet
  facet normal 0 0 1
    outer loop
      vertex 162.866 -142.283 2
      vertex 161.05 -140.348 2
      vertex 162.597 -142.512 2
    endloop
  endfacet
  facet normal -0 0 1
    outer loop
      vertex 160.992 -140.398 2
      vertex 162.597 -142.512 2
      vertex 161.05 -140.348 2
    endloop
  endfacet
  facet normal 0 0 1
    outer loop
      vertex 162.597 -142.512 2
      vertex 160.992 -140.398 2
      vertex 162.583 -142.522 2
    endloop
  endfacet
  facet normal 0 0 1
    outer loop
      vertex 162.583 -142.522 2
      vertex 160.992 -140.398 2
      vertex 162.289 -142.718 2
    endloop
  endfacet
  facet normal -0 0 1
    outer loop
      vertex 160.943 -140.43 2
      vertex 162.289 -142.718 2
      vertex 160.992 -140.398 2
    endloop
  endfacet
  facet normal 0 0 1
    outer loop
      vertex 162.289 -142.718 2
      vertex 160.943 -140.43 2
      vertex 162.274 -142.726 2
    endloop
  endfacet
  facet normal 0 0 1
    outer loop
      vertex 162.274 -142.726 2
      vertex 160.943 -140.43 2
      vertex 161.96 -142.886 2
    endloop
  endfacet
  facet normal -0 0 1
    outer loop
      vertex 160.891 -140.457 2
      vertex 161.96 -142.886 2
      vertex 160.943 -140.43 2
    endloop
  endfacet
  facet normal 0 0 1
    outer loop
      vertex 161.96 -142.886 2
      vertex 160.891 -140.457 2
      vertex 161.944 -142.893 2
    endloop
  endfacet
  facet normal 0 0 1
    outer loop
      vertex 161.944 -142.893 2
      vertex 160.891 -140.457 2
      vertex 161.613 -143.015 2
    endloop
  endfacet
  facet normal -0 0 1
    outer loop
      vertex 160.836 -140.477 2
      vertex 161.613 -143.015 2
      vertex 160.891 -140.457 2
    endloop
  endfacet
  facet normal 0 0 1
    outer loop
      vertex 161.613 -143.015 2
      vertex 160.836 -140.477 2
      vertex 161.596 -143.02 2
    endloop
  endfacet
  facet normal 0 0 1
    outer loop
      vertex 161.596 -143.02 2
      vertex 160.836 -140.477 2
      vertex 161.253 -143.102 2
    endloop
  endfacet
  facet normal -0 0 1
    outer loop
      vertex 160.779 -140.491 2
      vertex 161.253 -143.102 2
      vertex 160.836 -140.477 2
    endloop
  endfacet
  facet normal 0 0 1
    outer loop
      vertex 161.253 -143.102 2
      vertex 160.779 -140.491 2
      vertex 161.236 -143.105 2
    endloop
  endfacet
  facet normal 0 0 1
    outer loop
      vertex 161.236 -143.105 2
      vertex 160.779 -140.491 2
      vertex 160.886 -143.146 2
    endloop
  endfacet
  facet normal -0 0 1
    outer loop
      vertex 160.703 -140.5 2
      vertex 160.886 -143.146 2
      vertex 160.779 -140.491 2
    endloop
  endfacet
  facet normal 0 0 1
    outer loop
      vertex 160.886 -143.146 2
      vertex 160.703 -140.5 2
      vertex 160.87 -143.147 2
    endloop
  endfacet
  facet normal 0 0 1
    outer loop
      vertex 160.703 -140.5 2
      vertex 160.692 -143.15 2
      vertex 160.87 -143.147 2
    endloop
  endfacet
  facet normal -0 0 1
    outer loop
      vertex 160.675 -140.5 2
      vertex 160.692 -143.15 2
      vertex 160.703 -140.5 2
    endloop
  endfacet
  facet normal -0 0 1
    outer loop
      vertex 94.0177 -140.5 2
      vertex 160.692 -143.15 2
      vertex 160.675 -140.5 2
    endloop
  endfacet
  facet normal 0 0 1
    outer loop
      vertex 94.0177 -140.5 2
      vertex 94 -143.15 2
      vertex 160.692 -143.15 2
    endloop
  endfacet
  facet normal -0 0 1
    outer loop
      vertex 93.9898 -140.5 2
      vertex 94 -143.15 2
      vertex 94.0177 -140.5 2
    endloop
  endfacet
  facet normal 0 0 1
    outer loop
      vertex 93.8149 -143.147 2
      vertex 93.9898 -140.5 2
      vertex 93.9165 -140.491 2
    endloop
  endfacet
  facet normal 0 0 1
    outer loop
      vertex 93.4803 -143.109 2
      vertex 93.9165 -140.491 2
      vertex 93.8619 -140.479 2
    endloop
  endfacet
  facet normal 0 0 1
    outer loop
      vertex 93.9898 -140.5 2
      vertex 93.8295 -143.148 2
      vertex 94 -143.15 2
    endloop
  endfacet
  facet normal 0 0 1
    outer loop
      vertex 93.9898 -140.5 2
      vertex 93.8149 -143.147 2
      vertex 93.8295 -143.148 2
    endloop
  endfacet
  facet normal 0 0 1
    outer loop
      vertex 93.4803 -143.109 2
      vertex 93.8619 -140.479 2
      vertex 93.8094 -140.461 2
    endloop
  endfacet
  facet normal 0 0 1
    outer loop
      vertex 93.4803 -143.109 2
      vertex 93.8094 -140.461 2
      vertex 93.7588 -140.436 2
    endloop
  endfacet
  facet normal 0 0 1
    outer loop
      vertex 93.4803 -143.109 2
      vertex 93.7588 -140.436 2
      vertex 93.7114 -140.406 2
    endloop
  endfacet
  facet normal 0 0 1
    outer loop
      vertex 93.4803 -143.109 2
      vertex 93.7114 -140.406 2
      vertex 93.6678 -140.372 2
    endloop
  endfacet
  facet normal 0 0 1
    outer loop
      vertex 93.4803 -143.109 2
      vertex 93.6678 -140.372 2
      vertex 93.6284 -140.332 2
    endloop
  endfacet
  facet normal 0 0 1
    outer loop
      vertex 93.4803 -143.109 2
      vertex 93.6284 -140.332 2
      vertex 93.5936 -140.289 2
    endloop
  endfacet
  facet normal 0 0 1
    outer loop
      vertex 93.4803 -143.109 2
      vertex 93.5936 -140.289 2
      vertex 93.5638 -140.241 2
    endloop
  endfacet
  facet normal 0 0 1
    outer loop
      vertex 93.4803 -143.109 2
      vertex 93.5638 -140.241 2
      vertex 93.5395 -140.191 2
    endloop
  endfacet
  facet normal 0 0 1
    outer loop
      vertex 93.4803 -143.109 2
      vertex 93.5395 -140.191 2
      vertex 93.5211 -140.138 2
    endloop
  endfacet
  facet normal 0 0 1
    outer loop
      vertex 93.4803 -143.109 2
      vertex 93.5211 -140.138 2
      vertex 93.5087 -140.084 2
    endloop
  endfacet
  facet normal 0 0 1
    outer loop
      vertex 93.4803 -143.109 2
      vertex 93.5087 -140.084 2
      vertex 93.5004 -140.01 2
    endloop
  endfacet
  facet normal 0 0 1
    outer loop
      vertex 93.9165 -140.491 2
      vertex 93.4803 -143.109 2
      vertex 93.8149 -143.147 2
    endloop
  endfacet
  facet normal 0 0 1
    outer loop
      vertex 93.4803 -143.109 2
      vertex 93.5004 -140.01 2
      vertex 93.5 -139.983 2
    endloop
  endfacet
  facet normal -0.984059 -0.177842 0
    outer loop
      vertex 168.609 -88.7226 2
      vertex 168.606 -88.706 2.6
      vertex 168.606 -88.706 2
    endloop
  endfacet
  facet normal -0.984059 -0.177842 0
    outer loop
      vertex 168.606 -88.706 2.6
      vertex 168.609 -88.7226 2
      vertex 168.609 -88.7226 2.6
    endloop
  endfacet
  facet normal 0.0117294 0.999931 -0
    outer loop
      vertex 94 -143.15 2
      vertex 93.8295 -143.148 2.6
      vertex 94 -143.15 2.6
    endloop
  endfacet
  facet normal 0.0117294 0.999931 0
    outer loop
      vertex 93.8295 -143.148 2.6
      vertex 94 -143.15 2
      vertex 93.8295 -143.148 2
    endloop
  endfacet
  facet normal -0.878352 -0.478015 0
    outer loop
      vertex 168.263 -87.7252 2
      vertex 168.255 -87.7105 2.6
      vertex 168.255 -87.7105 2
    endloop
  endfacet
  facet normal -0.878352 -0.478015 0
    outer loop
      vertex 168.255 -87.7105 2.6
      vertex 168.263 -87.7252 2
      vertex 168.263 -87.7252 2.6
    endloop
  endfacet
  facet normal -0.968548 0.248826 0
    outer loop
      vertex 168.503 -135.78 2
      vertex 168.596 -135.418 2.6
      vertex 168.596 -135.418 2
    endloop
  endfacet
  facet normal -0.968548 0.248826 0
    outer loop
      vertex 168.596 -135.418 2.6
      vertex 168.503 -135.78 2
      vertex 168.503 -135.78 2.6
    endloop
  endfacet
  facet normal -1 0 0
    outer loop
      vertex 168.65 -134.822 2
      vertex 168.65 -89.2399 2.6
      vertex 168.65 -89.2399 2
    endloop
  endfacet
  facet normal -1 -0 0
    outer loop
      vertex 168.65 -89.2399 2.6
      vertex 168.65 -134.822 2
      vertex 168.65 -134.822 2.6
    endloop
  endfacet
  facet normal 0.974934 -0.222494 0
    outer loop
      vertex 90.8938 -79.9571 2.6
      vertex 90.9687 -79.6289 2
      vertex 90.9687 -79.6289 2.6
    endloop
  endfacet
  facet normal 0.974934 -0.222494 0
    outer loop
      vertex 90.9687 -79.6289 2
      vertex 90.8938 -79.9571 2.6
      vertex 90.8938 -79.9571 2
    endloop
  endfacet
  facet normal -0.944039 -0.329834 0
    outer loop
      vertex 168.527 -88.3618 2
      vertex 168.416 -88.0441 2.6
      vertex 168.416 -88.0441 2
    endloop
  endfacet
  facet normal -0.944039 -0.329834 0
    outer loop
      vertex 168.416 -88.0441 2.6
      vertex 168.527 -88.3618 2
      vertex 168.527 -88.3618 2.6
    endloop
  endfacet
  facet normal 0.900756 0.434325 0
    outer loop
      vertex 91.2372 -141.517 2.6
      vertex 91.0911 -141.214 2
      vertex 91.0911 -141.214 2.6
    endloop
  endfacet
  facet normal 0.900756 0.434325 0
    outer loop
      vertex 91.0911 -141.214 2
      vertex 91.2372 -141.517 2.6
      vertex 91.2372 -141.517 2
    endloop
  endfacet
  facet normal 0.879905 0.475149 0
    outer loop
      vertex 91.2453 -141.532 2.6
      vertex 91.2372 -141.517 2
      vertex 91.2372 -141.517 2.6
    endloop
  endfacet
  facet normal 0.879905 0.475149 0
    outer loop
      vertex 91.2372 -141.517 2
      vertex 91.2453 -141.532 2.6
      vertex 91.2453 -141.532 2
    endloop
  endfacet
  facet normal -0.999874 0.015871 0
    outer loop
      vertex 168.647 -135.011 2
      vertex 168.65 -134.822 2.6
      vertex 168.65 -134.822 2
    endloop
  endfacet
  facet normal -0.999874 0.015871 0
    outer loop
      vertex 168.65 -134.822 2.6
      vertex 168.647 -135.011 2
      vertex 168.647 -135.011 2.6
    endloop
  endfacet
  facet normal -0.622705 -0.782457 0
    outer loop
      vertex 158.588 -77.9279 2
      vertex 158.852 -78.138 2.6
      vertex 158.588 -77.9279 2.6
    endloop
  endfacet
  facet normal -0.622705 -0.782457 -0
    outer loop
      vertex 158.852 -78.138 2.6
      vertex 158.588 -77.9279 2
      vertex 158.852 -78.138 2
    endloop
  endfacet
  facet normal -0.904819 0.425797 0
    outer loop
      vertex 168.353 -136.163 2
      vertex 168.361 -136.146 2.6
      vertex 168.361 -136.146 2
    endloop
  endfacet
  facet normal -0.904819 0.425797 0
    outer loop
      vertex 168.361 -136.146 2.6
      vertex 168.353 -136.163 2
      vertex 168.353 -136.163 2.6
    endloop
  endfacet
  facet normal 0.943854 -0.330364 0
    outer loop
      vertex 90.9733 -79.6127 2.6
      vertex 91.0845 -79.295 2
      vertex 91.0845 -79.295 2.6
    endloop
  endfacet
  facet normal 0.943854 -0.330364 0
    outer loop
      vertex 91.0845 -79.295 2
      vertex 90.9733 -79.6127 2.6
      vertex 90.9733 -79.6127 2
    endloop
  endfacet
  facet normal -0.783128 -0.621861 0
    outer loop
      vertex 168.066 -87.4118 2
      vertex 167.857 -87.1486 2.6
      vertex 167.857 -87.1486 2
    endloop
  endfacet
  facet normal -0.783128 -0.621861 0
    outer loop
      vertex 167.857 -87.1486 2.6
      vertex 168.066 -87.4118 2
      vertex 168.066 -87.4118 2.6
    endloop
  endfacet
  facet normal 0.998205 0.0598923 0
    outer loop
      vertex 90.8533 -140.185 2.6
      vertex 90.8524 -140.17 2
      vertex 90.8524 -140.17 2.6
    endloop
  endfacet
  facet normal 0.998205 0.0598923 0
    outer loop
      vertex 90.8524 -140.17 2
      vertex 90.8533 -140.185 2.6
      vertex 90.8533 -140.185 2
    endloop
  endfacet
  facet normal -0.999929 -0.0118827 0
    outer loop
      vertex 168.65 -89.2399 2
      vertex 168.648 -89.0716 2.6
      vertex 168.648 -89.0716 2
    endloop
  endfacet
  facet normal -0.999929 -0.0118827 0
    outer loop
      vertex 168.648 -89.0716 2.6
      vertex 168.65 -89.2399 2
      vertex 168.65 -89.2399 2.6
    endloop
  endfacet
  facet normal -0.792624 0.609711 0
    outer loop
      vertex 167.935 -136.825 2
      vertex 167.945 -136.812 2.6
      vertex 167.945 -136.812 2
    endloop
  endfacet
  facet normal -0.792624 0.609711 0
    outer loop
      vertex 167.945 -136.812 2.6
      vertex 167.935 -136.825 2
      vertex 167.935 -136.825 2.6
    endloop
  endfacet
  facet normal -0.970496 -0.241117 0
    outer loop
      vertex 168.531 -88.3779 2
      vertex 168.527 -88.3618 2.6
      vertex 168.527 -88.3618 2
    endloop
  endfacet
  facet normal -0.970496 -0.241117 0
    outer loop
      vertex 168.527 -88.3618 2.6
      vertex 168.531 -88.3779 2
      vertex 168.531 -88.3779 2.6
    endloop
  endfacet
  facet normal -0.997663 -0.0683331 0
    outer loop
      vertex 168.648 -89.0716 2
      vertex 168.647 -89.057 2.6
      vertex 168.647 -89.057 2
    endloop
  endfacet
  facet normal -0.997663 -0.0683331 0
    outer loop
      vertex 168.647 -89.057 2.6
      vertex 168.648 -89.0716 2
      vertex 168.648 -89.0716 2.6
    endloop
  endfacet
  facet normal 0.577852 -0.816142 0
    outer loop
      vertex 92.1691 -77.9275 2
      vertex 92.1828 -77.9178 2.6
      vertex 92.1691 -77.9275 2.6
    endloop
  endfacet
  facet normal 0.577852 -0.816142 0
    outer loop
      vertex 92.1828 -77.9178 2.6
      vertex 92.1691 -77.9275 2
      vertex 92.1828 -77.9178 2
    endloop
  endfacet
  facet normal 0.974987 0.222261 0
    outer loop
      vertex 90.9688 -140.865 2.6
      vertex 90.8938 -140.536 2
      vertex 90.8938 -140.536 2.6
    endloop
  endfacet
  facet normal 0.974987 0.222261 0
    outer loop
      vertex 90.8938 -140.536 2
      vertex 90.9688 -140.865 2.6
      vertex 90.9688 -140.865 2
    endloop
  endfacet
  facet normal 0.917556 0.397607 0
    outer loop
      vertex 91.0911 -141.214 2.6
      vertex 91.0846 -141.199 2
      vertex 91.0846 -141.199 2.6
    endloop
  endfacet
  facet normal 0.917556 0.397607 0
    outer loop
      vertex 91.0846 -141.199 2
      vertex 91.0911 -141.214 2.6
      vertex 91.0911 -141.214 2
    endloop
  endfacet
  facet normal 0.846778 -0.531946 0
    outer loop
      vertex 91.2452 -78.9613 2.6
      vertex 91.4243 -78.6762 2
      vertex 91.4243 -78.6762 2.6
    endloop
  endfacet
  facet normal 0.846778 -0.531946 0
    outer loop
      vertex 91.4243 -78.6762 2
      vertex 91.2452 -78.9613 2.6
      vertex 91.2452 -78.9613 2
    endloop
  endfacet
  facet normal 0.330364 -0.943854 0
    outer loop
      vertex 92.8015 -77.578 2
      vertex 93.1192 -77.4668 2.6
      vertex 92.8015 -77.578 2.6
    endloop
  endfacet
  facet normal 0.330364 -0.943854 0
    outer loop
      vertex 93.1192 -77.4668 2.6
      vertex 92.8015 -77.578 2
      vertex 93.1192 -77.4668 2
    endloop
  endfacet
  facet normal -0.987763 0.155963 0
    outer loop
      vertex 168.596 -135.418 2
      vertex 168.599 -135.399 2.6
      vertex 168.599 -135.399 2
    endloop
  endfacet
  facet normal -0.987763 0.155963 0
    outer loop
      vertex 168.599 -135.399 2.6
      vertex 168.596 -135.418 2
      vertex 168.596 -135.418 2.6
    endloop
  endfacet
  facet normal 0.821981 0.569515 0
    outer loop
      vertex 91.4341 -141.831 2.6
      vertex 91.4244 -141.817 2
      vertex 91.4244 -141.817 2.6
    endloop
  endfacet
  facet normal 0.821981 0.569515 0
    outer loop
      vertex 91.4244 -141.817 2
      vertex 91.4341 -141.831 2.6
      vertex 91.4341 -141.831 2
    endloop
  endfacet
  facet normal 0.998131 -0.0611101 0
    outer loop
      vertex 90.8523 -80.323 2.6
      vertex 90.8532 -80.3083 2
      vertex 90.8532 -80.3083 2.6
    endloop
  endfacet
  facet normal 0.998131 -0.0611101 0
    outer loop
      vertex 90.8532 -80.3083 2
      vertex 90.8523 -80.323 2.6
      vertex 90.8523 -80.323 2
    endloop
  endfacet
  facet normal -0.732728 0.680522 0
    outer loop
      vertex 163 -142.143 2
      vertex 167.81 -136.964 2.6
      vertex 167.81 -136.964 2
    endloop
  endfacet
  facet normal -0.732728 0.680522 0
    outer loop
      vertex 167.81 -136.964 2.6
      vertex 163 -142.143 2
      vertex 163 -142.143 2.6
    endloop
  endfacet
  facet normal -0.222543 -0.974923 0
    outer loop
      vertex 157.293 -77.3871 2
      vertex 157.622 -77.4622 2.6
      vertex 157.293 -77.3871 2.6
    endloop
  endfacet
  facet normal -0.222543 -0.974923 -0
    outer loop
      vertex 157.622 -77.4622 2.6
      vertex 157.293 -77.3871 2
      vertex 157.622 -77.4622 2
    endloop
  endfacet
  facet normal -0.0598923 -0.998205 0
    outer loop
      vertex 156.927 -77.3457 2
      vertex 156.942 -77.3466 2.6
      vertex 156.927 -77.3457 2.6
    endloop
  endfacet
  facet normal -0.0598923 -0.998205 -0
    outer loop
      vertex 156.942 -77.3466 2.6
      vertex 156.927 -77.3457 2
      vertex 156.942 -77.3466 2
    endloop
  endfacet
  facet normal -0.992071 0.12568 0
    outer loop
      vertex 168.599 -135.399 2
      vertex 168.646 -135.028 2.6
      vertex 168.646 -135.028 2
    endloop
  endfacet
  facet normal -0.992071 0.12568 0
    outer loop
      vertex 168.646 -135.028 2.6
      vertex 168.599 -135.399 2
      vertex 168.599 -135.399 2.6
    endloop
  endfacet
  facet normal -0.470588 0.882353 0
    outer loop
      vertex 162.289 -142.718 2
      vertex 162.274 -142.726 2.6
      vertex 162.289 -142.718 2.6
    endloop
  endfacet
  facet normal -0.470588 0.882353 0
    outer loop
      vertex 162.274 -142.726 2.6
      vertex 162.289 -142.718 2
      vertex 162.274 -142.726 2
    endloop
  endfacet
  facet normal -0.116347 0.993209 0
    outer loop
      vertex 161.236 -143.105 2
      vertex 160.886 -143.146 2.6
      vertex 161.236 -143.105 2.6
    endloop
  endfacet
  facet normal -0.116347 0.993209 0
    outer loop
      vertex 160.886 -143.146 2.6
      vertex 161.236 -143.105 2
      vertex 160.886 -143.146 2
    endloop
  endfacet
  facet normal 0.623354 -0.78194 0
    outer loop
      vertex 91.9058 -78.1374 2
      vertex 92.1691 -77.9275 2.6
      vertex 91.9058 -78.1374 2.6
    endloop
  endfacet
  facet normal 0.623354 -0.78194 0
    outer loop
      vertex 92.1691 -77.9275 2.6
      vertex 91.9058 -78.1374 2
      vertex 92.1691 -77.9275 2
    endloop
  endfacet
  facet normal -0.345837 0.938295 0
    outer loop
      vertex 161.944 -142.893 2
      vertex 161.613 -143.015 2.6
      vertex 161.944 -142.893 2.6
    endloop
  endfacet
  facet normal -0.345837 0.938295 0
    outer loop
      vertex 161.613 -143.015 2.6
      vertex 161.944 -142.893 2
      vertex 161.613 -143.015 2
    endloop
  endfacet
  facet normal -0.232515 0.972593 0
    outer loop
      vertex 161.596 -143.02 2
      vertex 161.253 -143.102 2.6
      vertex 161.596 -143.02 2.6
    endloop
  endfacet
  facet normal -0.232515 0.972593 0
    outer loop
      vertex 161.253 -143.102 2.6
      vertex 161.596 -143.02 2
      vertex 161.253 -143.102 2
    endloop
  endfacet
  facet normal -0.282166 0.959366 0
    outer loop
      vertex 161.613 -143.015 2
      vertex 161.596 -143.02 2.6
      vertex 161.613 -143.015 2.6
    endloop
  endfacet
  facet normal -0.282166 0.959366 0
    outer loop
      vertex 161.596 -143.02 2.6
      vertex 161.613 -143.015 2
      vertex 161.596 -143.02 2
    endloop
  endfacet
  facet normal -0.878405 0.477917 0
    outer loop
      vertex 168.174 -136.492 2
      vertex 168.353 -136.163 2.6
      vertex 168.353 -136.163 2
    endloop
  endfacet
  facet normal -0.878405 0.477917 0
    outer loop
      vertex 168.353 -136.163 2.6
      vertex 168.174 -136.492 2
      vertex 168.174 -136.492 2.6
    endloop
  endfacet
  facet normal -0.930491 0.366314 0
    outer loop
      vertex 168.361 -136.146 2
      vertex 168.498 -135.798 2.6
      vertex 168.498 -135.798 2
    endloop
  endfacet
  facet normal -0.930491 0.366314 0
    outer loop
      vertex 168.498 -135.798 2.6
      vertex 168.361 -136.146 2
      vertex 168.361 -136.146 2.6
    endloop
  endfacet
  facet normal -0.847998 0.529999 0
    outer loop
      vertex 168.164 -136.508 2
      vertex 168.174 -136.492 2.6
      vertex 168.174 -136.492 2
    endloop
  endfacet
  facet normal -0.847998 0.529999 0
    outer loop
      vertex 168.174 -136.492 2.6
      vertex 168.164 -136.508 2
      vertex 168.164 -136.508 2.6
    endloop
  endfacet
  facet normal -0.400819 0.916157 0
    outer loop
      vertex 161.96 -142.886 2
      vertex 161.944 -142.893 2.6
      vertex 161.96 -142.886 2.6
    endloop
  endfacet
  facet normal -0.400819 0.916157 0
    outer loop
      vertex 161.944 -142.893 2.6
      vertex 161.96 -142.886 2
      vertex 161.944 -142.893 2
    endloop
  endfacet
  facet normal -0.5547 0.83205 0
    outer loop
      vertex 162.583 -142.522 2
      vertex 162.289 -142.718 2.6
      vertex 162.583 -142.522 2.6
    endloop
  endfacet
  facet normal -0.5547 0.83205 0
    outer loop
      vertex 162.289 -142.718 2.6
      vertex 162.583 -142.522 2
      vertex 162.289 -142.718 2
    endloop
  endfacet
  facet normal -0.707107 0.707107 0
    outer loop
      vertex 162.877 -142.272 2
      vertex 162.866 -142.283 2.6
      vertex 162.877 -142.272 2.6
    endloop
  endfacet
  facet normal -0.707107 0.707107 0
    outer loop
      vertex 162.866 -142.283 2.6
      vertex 162.877 -142.272 2
      vertex 162.866 -142.283 2
    endloop
  endfacet
  facet normal -0.454011 0.890996 0
    outer loop
      vertex 162.274 -142.726 2
      vertex 161.96 -142.886 2.6
      vertex 162.274 -142.726 2.6
    endloop
  endfacet
  facet normal -0.454011 0.890996 0
    outer loop
      vertex 161.96 -142.886 2.6
      vertex 162.274 -142.726 2
      vertex 161.96 -142.886 2
    endloop
  endfacet
  facet normal -0.173785 0.984784 0
    outer loop
      vertex 161.253 -143.102 2
      vertex 161.236 -143.105 2.6
      vertex 161.253 -143.102 2.6
    endloop
  endfacet
  facet normal -0.173785 0.984784 0
    outer loop
      vertex 161.236 -143.105 2.6
      vertex 161.253 -143.102 2
      vertex 161.236 -143.105 2
    endloop
  endfacet
  facet normal 0 1 -0
    outer loop
      vertex 160.703 -140.5 0
      vertex 160.675 -140.5 2
      vertex 160.703 -140.5 2
    endloop
  endfacet
  facet normal 0 1 0
    outer loop
      vertex 160.675 -140.5 2
      vertex 160.703 -140.5 0
      vertex 160.675 -140.5 0
    endloop
  endfacet
  facet normal 0 1 -0
    outer loop
      vertex 160.675 -140.5 0
      vertex 94.0177 -140.5 2
      vertex 160.675 -140.5 2
    endloop
  endfacet
  facet normal 0 1 0
    outer loop
      vertex 94.0177 -140.5 2
      vertex 160.675 -140.5 0
      vertex 94.0177 -140.5 0
    endloop
  endfacet
  facet normal -0.707309 -0.706904 0
    outer loop
      vertex 165.841 -88.8759 0
      vertex 157.123 -80.1529 2
      vertex 157.123 -80.1529 0
    endloop
  endfacet
  facet normal -0.707309 -0.706904 0
    outer loop
      vertex 157.123 -80.1529 2
      vertex 165.841 -88.8759 0
      vertex 165.841 -88.8759 2
    endloop
  endfacet
  facet normal -0.534196 -0.845361 0
    outer loop
      vertex 156.998 -80.0571 0
      vertex 157.045 -80.0868 2
      vertex 156.998 -80.0571 2
    endloop
  endfacet
  facet normal -0.534196 -0.845361 -0
    outer loop
      vertex 157.045 -80.0868 2
      vertex 156.998 -80.0571 0
      vertex 157.045 -80.0868 0
    endloop
  endfacet
  facet normal 0.112061 -0.993701 0
    outer loop
      vertex 93.9164 -80.0021 0
      vertex 93.99 -79.9938 2
      vertex 93.9164 -80.0021 2
    endloop
  endfacet
  facet normal 0.112061 -0.993701 0
    outer loop
      vertex 93.99 -79.9938 2
      vertex 93.9164 -80.0021 0
      vertex 93.99 -79.9938 0
    endloop
  endfacet
  facet normal -0.786461 -0.61764 0
    outer loop
      vertex 165.906 -88.9535 0
      vertex 165.861 -88.8962 2
      vertex 165.861 -88.8962 0
    endloop
  endfacet
  facet normal -0.786461 -0.61764 0
    outer loop
      vertex 165.861 -88.8962 2
      vertex 165.906 -88.9535 0
      vertex 165.906 -88.9535 2
    endloop
  endfacet
  facet normal -1 0 0
    outer loop
      vertex 166 -134.803 0
      vertex 166 -89.2598 2
      vertex 166 -89.2598 0
    endloop
  endfacet
  facet normal -1 -0 0
    outer loop
      vertex 166 -89.2598 2
      vertex 166 -134.803 0
      vertex 166 -134.803 2
    endloop
  endfacet
  facet normal 0.014597 -0.999893 0
    outer loop
      vertex 93.99 -79.9938 0
      vertex 94.0174 -79.9934 2
      vertex 93.99 -79.9938 2
    endloop
  endfacet
  facet normal 0.014597 -0.999893 0
    outer loop
      vertex 94.0174 -79.9934 2
      vertex 93.99 -79.9938 0
      vertex 94.0174 -79.9934 0
    endloop
  endfacet
  facet normal -0.808736 0.588172 0
    outer loop
      vertex 165.874 -135.153 0
      vertex 165.922 -135.087 2
      vertex 165.922 -135.087 0
    endloop
  endfacet
  facet normal -0.808736 0.588172 0
    outer loop
      vertex 165.922 -135.087 2
      vertex 165.874 -135.153 0
      vertex 165.874 -135.153 2
    endloop
  endfacet
  facet normal 0.442956 0.896543 -0
    outer loop
      vertex 93.8094 -140.461 0
      vertex 93.7588 -140.436 2
      vertex 93.8094 -140.461 2
    endloop
  endfacet
  facet normal 0.442956 0.896543 0
    outer loop
      vertex 93.7588 -140.436 2
      vertex 93.8094 -140.461 0
      vertex 93.7588 -140.436 0
    endloop
  endfacet
  facet normal 0.777329 0.629094 0
    outer loop
      vertex 93.6284 -140.332 2
      vertex 93.5936 -140.289 0
      vertex 93.5936 -140.289 2
    endloop
  endfacet
  facet normal 0.777329 0.629094 0
    outer loop
      vertex 93.5936 -140.289 0
      vertex 93.6284 -140.332 2
      vertex 93.6284 -140.332 0
    endloop
  endfacet
  facet normal 0 -1 0
    outer loop
      vertex 94.0174 -79.9934 0
      vertex 156.739 -79.9934 2
      vertex 94.0174 -79.9934 2
    endloop
  endfacet
  facet normal 0 -1 -0
    outer loop
      vertex 156.739 -79.9934 2
      vertex 94.0174 -79.9934 0
      vertex 156.739 -79.9934 0
    endloop
  endfacet
  facet normal 0.944689 0.327968 0
    outer loop
      vertex 93.5395 -140.191 2
      vertex 93.5211 -140.138 0
      vertex 93.5211 -140.138 2
    endloop
  endfacet
  facet normal 0.944689 0.327968 0
    outer loop
      vertex 93.5211 -140.138 0
      vertex 93.5395 -140.191 2
      vertex 93.5395 -140.191 0
    endloop
  endfacet
  facet normal -0.707107 0.707107 0
    outer loop
      vertex 161.05 -140.348 0
      vertex 161.071 -140.327 2
      vertex 161.071 -140.327 0
    endloop
  endfacet
  facet normal -0.707107 0.707107 0
    outer loop
      vertex 161.071 -140.327 2
      vertex 161.05 -140.348 0
      vertex 161.05 -140.348 2
    endloop
  endfacet
  facet normal 1 -0 0
    outer loop
      vertex 93.5 -139.983 2
      vertex 93.5 -80.5106 0
      vertex 93.5 -80.5106 2
    endloop
  endfacet
  facet normal 1 0 0
    outer loop
      vertex 93.5 -80.5106 0
      vertex 93.5 -139.983 2
      vertex 93.5 -139.983 0
    endloop
  endfacet
  facet normal -0.238525 0.971136 0
    outer loop
      vertex 160.836 -140.477 0
      vertex 160.779 -140.491 2
      vertex 160.836 -140.477 2
    endloop
  endfacet
  facet normal -0.238525 0.971136 0
    outer loop
      vertex 160.779 -140.491 2
      vertex 160.836 -140.477 0
      vertex 160.779 -140.491 0
    endloop
  endfacet
  facet normal -0.846499 -0.53239 0
    outer loop
      vertex 165.936 -89.0012 0
      vertex 165.906 -88.9535 2
      vertex 165.906 -88.9535 0
    endloop
  endfacet
  facet normal -0.846499 -0.53239 0
    outer loop
      vertex 165.906 -88.9535 2
      vertex 165.936 -89.0012 0
      vertex 165.936 -89.0012 2
    endloop
  endfacet
  facet normal 0.993769 0.111463 0
    outer loop
      vertex 93.5087 -140.084 2
      vertex 93.5004 -140.01 0
      vertex 93.5004 -140.01 2
    endloop
  endfacet
  facet normal 0.993769 0.111463 0
    outer loop
      vertex 93.5004 -140.01 0
      vertex 93.5087 -140.084 2
      vertex 93.5087 -140.084 0
    endloop
  endfacet
  facet normal 0.993682 -0.112234 0
    outer loop
      vertex 93.5004 -80.4825 2
      vertex 93.5086 -80.4099 0
      vertex 93.5086 -80.4099 2
    endloop
  endfacet
  facet normal 0.993682 -0.112234 0
    outer loop
      vertex 93.5086 -80.4099 0
      vertex 93.5004 -80.4825 2
      vertex 93.5004 -80.4825 0
    endloop
  endfacet
  facet normal -0.712351 -0.701824 0
    outer loop
      vertex 157.103 -80.1326 0
      vertex 157.123 -80.1529 2
      vertex 157.103 -80.1326 2
    endloop
  endfacet
  facet normal -0.712351 -0.701824 -0
    outer loop
      vertex 157.123 -80.1529 2
      vertex 157.103 -80.1326 0
      vertex 157.123 -80.1529 0
    endloop
  endfacet
  facet normal -0.971072 0.238788 0
    outer loop
      vertex 165.974 -134.975 0
      vertex 165.989 -134.914 2
      vertex 165.989 -134.914 0
    endloop
  endfacet
  facet normal -0.971072 0.238788 0
    outer loop
      vertex 165.989 -134.914 2
      vertex 165.974 -134.975 0
      vertex 165.974 -134.975 2
    endloop
  endfacet
  facet normal 0.622524 -0.782601 0
    outer loop
      vertex 93.6676 -80.1219 0
      vertex 93.7116 -80.0869 2
      vertex 93.6676 -80.1219 2
    endloop
  endfacet
  facet normal 0.622524 -0.782601 0
    outer loop
      vertex 93.7116 -80.0869 2
      vertex 93.6676 -80.1219 0
      vertex 93.7116 -80.0869 0
    endloop
  endfacet
  facet normal 0.330669 -0.943747 0
    outer loop
      vertex 93.809 -80.033 0
      vertex 93.8618 -80.0145 2
      vertex 93.809 -80.033 2
    endloop
  endfacet
  facet normal 0.330669 -0.943747 0
    outer loop
      vertex 93.8618 -80.0145 2
      vertex 93.809 -80.033 0
      vertex 93.8618 -80.0145 0
    endloop
  endfacet
  facet normal 0.974634 0.223805 0
    outer loop
      vertex 93.5211 -140.138 2
      vertex 93.5087 -140.084 0
      vertex 93.5087 -140.084 2
    endloop
  endfacet
  facet normal 0.974634 0.223805 0
    outer loop
      vertex 93.5087 -140.084 0
      vertex 93.5211 -140.138 2
      vertex 93.5211 -140.138 0
    endloop
  endfacet
  facet normal -0.990679 0.136218 0
    outer loop
      vertex 165.989 -134.914 0
      vertex 166 -134.834 2
      vertex 166 -134.834 0
    endloop
  endfacet
  facet normal -0.990679 0.136218 0
    outer loop
      vertex 166 -134.834 2
      vertex 165.989 -134.914 0
      vertex 165.989 -134.914 2
    endloop
  endfacet
  facet normal 0.221467 -0.975168 0
    outer loop
      vertex 93.8618 -80.0145 0
      vertex 93.9164 -80.0021 2
      vertex 93.8618 -80.0145 2
    endloop
  endfacet
  facet normal 0.221467 -0.975168 0
    outer loop
      vertex 93.9164 -80.0021 2
      vertex 93.8618 -80.0145 0
      vertex 93.9164 -80.0021 0
    endloop
  endfacet
  facet normal -0.992546 -0.121868 0
    outer loop
      vertex 166 -89.2318 0
      vertex 165.991 -89.1585 2
      vertex 165.991 -89.1585 0
    endloop
  endfacet
  facet normal -0.992546 -0.121868 0
    outer loop
      vertex 165.991 -89.1585 2
      vertex 166 -89.2318 0
      vertex 166 -89.2318 2
    endloop
  endfacet
  facet normal 0.324324 0.945946 -0
    outer loop
      vertex 93.8619 -140.479 0
      vertex 93.8094 -140.461 2
      vertex 93.8619 -140.479 2
    endloop
  endfacet
  facet normal 0.324324 0.945946 0
    outer loop
      vertex 93.8094 -140.461 2
      vertex 93.8619 -140.479 0
      vertex 93.8094 -140.461 0
    endloop
  endfacet
  facet normal -0.619732 -0.784813 0
    outer loop
      vertex 157.045 -80.0868 0
      vertex 157.103 -80.1326 2
      vertex 157.045 -80.0868 2
    endloop
  endfacet
  facet normal -0.619732 -0.784813 -0
    outer loop
      vertex 157.103 -80.1326 2
      vertex 157.045 -80.0868 0
      vertex 157.103 -80.1326 0
    endloop
  endfacet
  facet normal 0.846383 -0.532575 0
    outer loop
      vertex 93.5638 -80.2521 2
      vertex 93.5935 -80.2049 0
      vertex 93.5935 -80.2049 2
    endloop
  endfacet
  facet normal 0.846383 -0.532575 0
    outer loop
      vertex 93.5935 -80.2049 0
      vertex 93.5638 -80.2521 2
      vertex 93.5638 -80.2521 0
    endloop
  endfacet
  facet normal 0.534798 0.84498 -0
    outer loop
      vertex 93.7588 -140.436 0
      vertex 93.7114 -140.406 2
      vertex 93.7588 -140.436 2
    endloop
  endfacet
  facet normal 0.534798 0.84498 0
    outer loop
      vertex 93.7114 -140.406 2
      vertex 93.7588 -140.436 0
      vertex 93.7114 -140.406 0
    endloop
  endfacet
  facet normal 0.53305 -0.846083 0
    outer loop
      vertex 93.7116 -80.0869 0
      vertex 93.7589 -80.0571 2
      vertex 93.7116 -80.0869 2
    endloop
  endfacet
  facet normal 0.53305 -0.846083 0
    outer loop
      vertex 93.7589 -80.0571 2
      vertex 93.7116 -80.0869 0
      vertex 93.7589 -80.0571 0
    endloop
  endfacet
  facet normal 0.99989 0.0148132 0
    outer loop
      vertex 93.5004 -140.01 2
      vertex 93.5 -139.983 0
      vertex 93.5 -139.983 2
    endloop
  endfacet
  facet normal 0.99989 0.0148132 0
    outer loop
      vertex 93.5 -139.983 0
      vertex 93.5004 -140.01 2
      vertex 93.5004 -140.01 0
    endloop
  endfacet
  facet normal 0.214657 0.976689 -0
    outer loop
      vertex 93.9165 -140.491 0
      vertex 93.8619 -140.479 2
      vertex 93.9165 -140.491 2
    endloop
  endfacet
  facet normal 0.214657 0.976689 0
    outer loop
      vertex 93.8619 -140.479 2
      vertex 93.9165 -140.491 0
      vertex 93.8619 -140.479 0
    endloop
  endfacet
  facet normal -0.329557 -0.944136 0
    outer loop
      vertex 156.895 -80.0144 0
      vertex 156.948 -80.0329 2
      vertex 156.895 -80.0144 2
    endloop
  endfacet
  facet normal -0.329557 -0.944136 -0
    outer loop
      vertex 156.948 -80.0329 2
      vertex 156.895 -80.0144 0
      vertex 156.948 -80.0329 0
    endloop
  endfacet
  facet normal 0.901079 -0.433655 0
    outer loop
      vertex 93.5394 -80.3028 2
      vertex 93.5638 -80.2521 0
      vertex 93.5638 -80.2521 2
    endloop
  endfacet
  facet normal 0.901079 -0.433655 0
    outer loop
      vertex 93.5638 -80.2521 0
      vertex 93.5394 -80.3028 2
      vertex 93.5394 -80.3028 0
    endloop
  endfacet
  facet normal 0 1 -0
    outer loop
      vertex 94.0177 -140.5 0
      vertex 93.9898 -140.5 2
      vertex 94.0177 -140.5 2
    endloop
  endfacet
  facet normal 0 1 0
    outer loop
      vertex 93.9898 -140.5 2
      vertex 94.0177 -140.5 0
      vertex 93.9898 -140.5 0
    endloop
  endfacet
  facet normal -0.117599 0.993061 0
    outer loop
      vertex 160.779 -140.491 0
      vertex 160.703 -140.5 2
      vertex 160.779 -140.491 2
    endloop
  endfacet
  facet normal -0.117599 0.993061 0
    outer loop
      vertex 160.703 -140.5 2
      vertex 160.779 -140.491 0
      vertex 160.703 -140.5 0
    endloop
  endfacet
  facet normal -0.221621 -0.975133 0
    outer loop
      vertex 156.84 -80.0019 0
      vertex 156.895 -80.0144 2
      vertex 156.84 -80.0019 2
    endloop
  endfacet
  facet normal -0.221621 -0.975133 -0
    outer loop
      vertex 156.895 -80.0144 2
      vertex 156.84 -80.0019 0
      vertex 156.895 -80.0144 0
    endloop
  endfacet
  facet normal -1 0 0
    outer loop
      vertex 166 -134.834 0
      vertex 166 -134.803 2
      vertex 166 -134.803 0
    endloop
  endfacet
  facet normal -1 -0 0
    outer loop
      vertex 166 -134.803 2
      vertex 166 -134.834 0
      vertex 166 -134.834 2
    endloop
  endfacet
  facet normal 0.782442 -0.622723 0
    outer loop
      vertex 93.5935 -80.2049 2
      vertex 93.6282 -80.1613 0
      vertex 93.6282 -80.1613 2
    endloop
  endfacet
  facet normal 0.782442 -0.622723 0
    outer loop
      vertex 93.6282 -80.1613 0
      vertex 93.5935 -80.2049 2
      vertex 93.5935 -80.2049 0
    endloop
  endfacet
  facet normal 0.707107 -0.707107 0
    outer loop
      vertex 93.6282 -80.1613 2
      vertex 93.6676 -80.1219 0
      vertex 93.6676 -80.1219 2
    endloop
  endfacet
  facet normal 0.707107 -0.707107 0
    outer loop
      vertex 93.6676 -80.1219 0
      vertex 93.6282 -80.1613 2
      vertex 93.6282 -80.1613 0
    endloop
  endfacet
  facet normal -0.435655 -0.900114 0
    outer loop
      vertex 156.948 -80.0329 0
      vertex 156.998 -80.0571 2
      vertex 156.948 -80.0329 2
    endloop
  endfacet
  facet normal -0.435655 -0.900114 -0
    outer loop
      vertex 156.998 -80.0571 2
      vertex 156.948 -80.0329 0
      vertex 156.998 -80.0571 0
    endloop
  endfacet
  facet normal -0.546789 0.837271 0
    outer loop
      vertex 160.992 -140.398 0
      vertex 160.943 -140.43 2
      vertex 160.992 -140.398 2
    endloop
  endfacet
  facet normal -0.546789 0.837271 0
    outer loop
      vertex 160.943 -140.43 2
      vertex 160.992 -140.398 0
      vertex 160.943 -140.43 0
    endloop
  endfacet
  facet normal 0.614942 0.788572 -0
    outer loop
      vertex 93.7114 -140.406 0
      vertex 93.6678 -140.372 2
      vertex 93.7114 -140.406 2
    endloop
  endfacet
  facet normal 0.614942 0.788572 0
    outer loop
      vertex 93.6678 -140.372 2
      vertex 93.7114 -140.406 0
      vertex 93.6678 -140.372 0
    endloop
  endfacet
  facet normal 0.121868 0.992546 -0
    outer loop
      vertex 93.9898 -140.5 0
      vertex 93.9165 -140.491 2
      vertex 93.9898 -140.5 2
    endloop
  endfacet
  facet normal 0.121868 0.992546 0
    outer loop
      vertex 93.9165 -140.491 2
      vertex 93.9898 -140.5 0
      vertex 93.9165 -140.491 0
    endloop
  endfacet
  facet normal -0.111795 -0.993731 0
    outer loop
      vertex 156.768 -79.9938 0
      vertex 156.84 -80.0019 2
      vertex 156.768 -79.9938 2
    endloop
  endfacet
  facet normal -0.111795 -0.993731 -0
    outer loop
      vertex 156.84 -80.0019 2
      vertex 156.768 -79.9938 0
      vertex 156.84 -80.0019 0
    endloop
  endfacet
  facet normal 0.433491 -0.901158 0
    outer loop
      vertex 93.7589 -80.0571 0
      vertex 93.809 -80.033 2
      vertex 93.7589 -80.0571 2
    endloop
  endfacet
  facet normal 0.433491 -0.901158 0
    outer loop
      vertex 93.809 -80.033 2
      vertex 93.7589 -80.0571 0
      vertex 93.809 -80.033 0
    endloop
  endfacet
  facet normal -0.460815 0.887496 0
    outer loop
      vertex 160.943 -140.43 0
      vertex 160.891 -140.457 2
      vertex 160.943 -140.43 2
    endloop
  endfacet
  facet normal -0.460815 0.887496 0
    outer loop
      vertex 160.891 -140.457 2
      vertex 160.943 -140.43 0
      vertex 160.891 -140.457 0
    endloop
  endfacet
  facet normal -1 0 0
    outer loop
      vertex 166 -89.2598 0
      vertex 166 -89.2318 2
      vertex 166 -89.2318 0
    endloop
  endfacet
  facet normal -1 -0 0
    outer loop
      vertex 166 -89.2318 2
      vertex 166 -89.2598 0
      vertex 166 -89.2598 2
    endloop
  endfacet
  facet normal -0.65294 0.75741 0
    outer loop
      vertex 161.05 -140.348 0
      vertex 160.992 -140.398 2
      vertex 161.05 -140.348 2
    endloop
  endfacet
  facet normal -0.65294 0.75741 0
    outer loop
      vertex 160.992 -140.398 2
      vertex 161.05 -140.348 0
      vertex 160.992 -140.398 0
    endloop
  endfacet
  facet normal 0.849585 0.527451 0
    outer loop
      vertex 93.5936 -140.289 2
      vertex 93.5638 -140.241 0
      vertex 93.5638 -140.241 2
    endloop
  endfacet
  facet normal 0.849585 0.527451 0
    outer loop
      vertex 93.5638 -140.241 0
      vertex 93.5936 -140.289 2
      vertex 93.5936 -140.289 0
    endloop
  endfacet
  facet normal 0.975168 -0.221467 0
    outer loop
      vertex 93.5086 -80.4099 2
      vertex 93.521 -80.3553 0
      vertex 93.521 -80.3553 2
    endloop
  endfacet
  facet normal 0.975168 -0.221467 0
    outer loop
      vertex 93.521 -80.3553 0
      vertex 93.5086 -80.4099 2
      vertex 93.5086 -80.4099 0
    endloop
  endfacet
  facet normal 0.999899 -0.0142334 0
    outer loop
      vertex 93.5 -80.5106 2
      vertex 93.5004 -80.4825 0
      vertex 93.5004 -80.4825 2
    endloop
  endfacet
  facet normal 0.999899 -0.0142334 0
    outer loop
      vertex 93.5004 -80.4825 0
      vertex 93.5 -80.5106 2
      vertex 93.5 -80.5106 0
    endloop
  endfacet
  facet normal -0.929578 0.368626 0
    outer loop
      vertex 165.951 -135.033 0
      vertex 165.974 -134.975 2
      vertex 165.974 -134.975 0
    endloop
  endfacet
  facet normal -0.929578 0.368626 0
    outer loop
      vertex 165.974 -134.975 2
      vertex 165.951 -135.033 0
      vertex 165.951 -135.033 2
    endloop
  endfacet
  facet normal -0.0137918 -0.999905 0
    outer loop
      vertex 156.739 -79.9934 0
      vertex 156.768 -79.9938 2
      vertex 156.739 -79.9934 2
    endloop
  endfacet
  facet normal -0.0137918 -0.999905 -0
    outer loop
      vertex 156.768 -79.9938 2
      vertex 156.739 -79.9934 0
      vertex 156.768 -79.9938 0
    endloop
  endfacet
  facet normal 0.71243 0.701743 0
    outer loop
      vertex 93.6678 -140.372 2
      vertex 93.6284 -140.332 0
      vertex 93.6284 -140.332 2
    endloop
  endfacet
  facet normal 0.71243 0.701743 0
    outer loop
      vertex 93.6284 -140.332 0
      vertex 93.6678 -140.372 2
      vertex 93.6678 -140.372 0
    endloop
  endfacet
  facet normal 0.943718 -0.330751 0
    outer loop
      vertex 93.521 -80.3553 2
      vertex 93.5394 -80.3028 0
      vertex 93.5394 -80.3028 2
    endloop
  endfacet
  facet normal 0.943718 -0.330751 0
    outer loop
      vertex 93.5394 -80.3028 0
      vertex 93.521 -80.3553 2
      vertex 93.521 -80.3553 0
    endloop
  endfacet
  facet normal -0.941339 -0.337461 0
    outer loop
      vertex 165.979 -89.1044 0
      vertex 165.96 -89.0514 2
      vertex 165.96 -89.0514 0
    endloop
  endfacet
  facet normal -0.941339 -0.337461 0
    outer loop
      vertex 165.96 -89.0514 2
      vertex 165.979 -89.1044 0
      vertex 165.979 -89.1044 2
    endloop
  endfacet
  facet normal -0.341743 0.939793 0
    outer loop
      vertex 160.891 -140.457 0
      vertex 160.836 -140.477 2
      vertex 160.891 -140.457 2
    endloop
  endfacet
  facet normal -0.341743 0.939793 0
    outer loop
      vertex 160.836 -140.477 2
      vertex 160.891 -140.457 0
      vertex 160.836 -140.477 0
    endloop
  endfacet
  facet normal -0.712351 -0.701824 0
    outer loop
      vertex 165.861 -88.8962 0
      vertex 165.841 -88.8759 2
      vertex 165.841 -88.8759 0
    endloop
  endfacet
  facet normal -0.712351 -0.701824 0
    outer loop
      vertex 165.841 -88.8759 2
      vertex 165.861 -88.8962 0
      vertex 165.861 -88.8962 2
    endloop
  endfacet
  facet normal 0.899407 0.437112 0
    outer loop
      vertex 93.5638 -140.241 2
      vertex 93.5395 -140.191 0
      vertex 93.5395 -140.191 2
    endloop
  endfacet
  facet normal 0.899407 0.437112 0
    outer loop
      vertex 93.5395 -140.191 0
      vertex 93.5638 -140.241 2
      vertex 93.5638 -140.241 0
    endloop
  endfacet
  facet normal -0.880994 0.473127 0
    outer loop
      vertex 165.922 -135.087 0
      vertex 165.951 -135.033 2
      vertex 165.951 -135.033 0
    endloop
  endfacet
  facet normal -0.880994 0.473127 0
    outer loop
      vertex 165.951 -135.033 2
      vertex 165.922 -135.087 0
      vertex 165.922 -135.087 2
    endloop
  endfacet
  facet normal -0.732869 0.680369 0
    outer loop
      vertex 161.071 -140.327 0
      vertex 165.853 -135.176 2
      vertex 165.853 -135.176 0
    endloop
  endfacet
  facet normal -0.732869 0.680369 0
    outer loop
      vertex 165.853 -135.176 2
      vertex 161.071 -140.327 0
      vertex 161.071 -140.327 2
    endloop
  endfacet
  facet normal -0.976272 -0.216548 0
    outer loop
      vertex 165.991 -89.1585 0
      vertex 165.979 -89.1044 2
      vertex 165.979 -89.1044 0
    endloop
  endfacet
  facet normal -0.976272 -0.216548 0
    outer loop
      vertex 165.979 -89.1044 2
      vertex 165.991 -89.1585 0
      vertex 165.991 -89.1585 2
    endloop
  endfacet
  facet normal -0.738485 0.674269 0
    outer loop
      vertex 165.853 -135.176 0
      vertex 165.874 -135.153 2
      vertex 165.874 -135.153 0
    endloop
  endfacet
  facet normal -0.738485 0.674269 0
    outer loop
      vertex 165.874 -135.153 2
      vertex 165.853 -135.176 0
      vertex 165.853 -135.176 2
    endloop
  endfacet
  facet normal -0.902195 -0.431328 0
    outer loop
      vertex 165.96 -89.0514 0
      vertex 165.936 -89.0012 2
      vertex 165.936 -89.0012 0
    endloop
  endfacet
  facet normal -0.902195 -0.431328 0
    outer loop
      vertex 165.936 -89.0012 2
      vertex 165.96 -89.0514 0
      vertex 165.96 -89.0514 2
    endloop
  endfacet
endsolid OpenSCAD_Model
